:100000000000012099170000C1170000C31700006D
:10001000C5170000C7170000C91700000000000046
:10002000000000000000000000000000C10400000B
:10003000CD17000000000000E1040000D11700000F
:100040002D190000D3170000D3170000B1140000D1
:10005000D3170000D31700004D1E0000D317000077
:10006000D3170000D3170000D3170000D3170000E8
:10007000D3170000D3170000D3170000D3170000D8
:10008000D317000041050000D3170000D31700006C
:10009000D3170000D3170000D3170000D3170000B8
:1000A000D3170000D3170000D3170000D3170000A8
:1000B000D3170000D317000000000000000000006C
:1000C000D3170000D3170000D3170000D317000088
:1000D000D3170000D3170000D31700000000000062
:1000E0000000000000000000000000000000000010
:1000F0000000000000000000000000000000000000
:1001000000000000000000000000000000000000EF
:1001100000000000000000000000000000000000DF
:1001200000000000000000000000000000000000CF
:1001300000000000000000000000000000000000BF
:1001400000000000000000000000000000000000AF
:10015000000000000000000000000000000000009F
:10016000000000000000000000000000000000008F
:10017000000000000000000000000000000000007F
:10018000000000000000000000000000000000006F
:10019000000000000000000000000000000000005F
:1001A000000000000000000000000000000000004F
:1001B000000000000000000000000000000000003F
:1001C000000000000000000000000000000000002F
:1001D000000000000000000000000000000000001F
:1001E000000000000000000000000000000000000F
:1001F00000000000000000000000000000000000FF
:100200000348044B834202D0034B03B118477047A5
:100210001800002018000020000000000548064BD0
:100220001B1AD90F01EBA301491002D0034B03B1F4
:100230001847704718000020180000200000000038
:1002400010B5064C237843B9FFF7DAFF044B13B11E
:100250000448AFF300800123237010BD1800002074
:1002600000000000F8E6020008B5054B1BB1054987
:100270000548AFF30080BDE80840FFF7CFBF00BFDF
:10028000000000001C000020F8E60200A3F5803A00
:10029000704700BF174B002B08BF134B9D46FFF75D
:1002A000F5FF00218B460F461348144A121A03F03B
:1002B000BBF90E4B002B00D098470D4B002B00D004
:1002C00098470020002104000D000D48002802D0AE
:1002D0000C48AFF3008003F0AFF92000290001F0D3
:1002E00005FA03F08FF900BF0000080000000000CD
:1002F0000000000000000120180000206804002019
:10030000000000000000000010B5104B1A461B68EA
:100310008342FBD354681119884201BF41681046DB
:1003200009195160446801198B420DD108490968C7
:100330008B4204D05B6823444360136819680160F2
:10034000904218BF106010BD1946F8E74800002021
:10035000440000202DE9F041044602F09FFA35499F
:10036000354D0B68F3B9354B354A3648D21A026021
:10037000580718BF0733344A18BF23F0070300207B
:1003800013605060314A22F00702C2E90000D01A1F
:10039000C3E900202E4B0A6018602E4B18604FF006
:1003A00000432B602F68274207D002F003FB01F0C7
:1003B0008DF900263046BDE8F081002CF5D004F11F
:1003C000080362071CBF23F007030833002BECD09F
:1003D000DFF88080D8F800509D42E6D31A4A1468AE
:1003E0006068984201D2206800BB0968A142DCD055
:1003F0002168166811606268D21A102A06F1080690
:1004000004D9E01842606360FFF77EFF104962681C
:100410000868AD1A17430023854267602360C8F857
:10042000005038BF0D6002F0C5FAC3E7224604460B
:10043000D6E700BF440000203800002068040020F8
:1004400000FC00203400002048000020F8FB0020C1
:100450003C0000204000002010B50446E0B10F4AE7
:1004600050F8043C1268134216D050F8081C99B991
:1004700023EA020340F8043C02F010FA084A54F858
:10048000043C1168A4F108000B441360FFF73CFF23
:10049000BDE8104002F08EBA10BD00BF3800002049
:1004A000400000200548006880F3088862B661B605
:1004B000BFF34F8FBFF36F8F00DF00BF000000005E
:1004C000064B19680868B0E8F04F80F30988BFF35D
:1004D0006F8F4FF0000080F31188704714040020E4
:1004E000EFF30980BFF36F8F144B1A681EF0100FE3
:1004F00008BF20ED108A20E9F04F10604DF8043D50
:100500004FF0400080F31188BFF34F8FBFF36F8F20
:1005100002F016FB4FF0000080F3118808BC196848
:100520000868B0E8F04F1EF0100F08BFB0EC108A5A
:1005300080F30988BFF36F8F704700BF1404002059
:10054000F7B51B4D0027C5F84071D5F84031019330
:10055000019B00F0F9F8D5F80445C5F80071D5F80D
:1005600000310093009B064602F0A0F9241A24F003
:100570007F4323F0010383B924F07F440025013C2D
:1005800011D225B10B4B4FF080525A6040BF30461C
:1005900003B0BDE8F04000F0DBB802F0BDFB02287C
:1005A000EAD00124EAE702F08FF90543E7E700BF4C
:1005B0000010014000ED00E008B5002001F042F914
:1005C000094B1F22C3F808250122C3F804239A60AF
:1005D0001A600222C3F84423044BE02283F811235B
:1005E0004FF400321A6008BD0010014000E100E045
:1005F0007FB5054672B62C4CD4F8046502F072FB48
:1006000000284DD0294A954294BF7319B31823F09E
:100610007F430122C4F80823C4F840350023C4F8FE
:100620004031D4F840310193019B4FF48033C4F83A
:100630000433BFF34F8F95B1F1EE103A23F09F03CF
:10064000E1EE103AF1EE103A194B4022C3F8842142
:1006500020BFD3F80021D3F804110A43F8D04FF497
:100660008033C4F808330023C4F84031D4F8402163
:100670000392039AC4F80031D4F800310293029B2C
:100680000123C4F80433D4F80405094B801B4FF44C
:10069000003230F07F40C3F8802101D002F00CF925
:1006A00062B604B070BD00BF00100140FDFFFF0046
:1006B00000E100E072B6FEE74FF0807340E90213FC
:1006C000054B40F80C3C6FF0020340F8202C40F83A
:1006D000243C4438704700BFB50600000E4C08B5F6
:1006E000E02384F82230FFF767FF0C4B00221A60EA
:1006F000D4F888300A4A43F47003C4F88830536B46
:1007000043F040435363236943F010032361FFF731
:10071000C9FE72B6FEE700BF00ED00E05000002009
:1007200000EF00E072B6024A1368013313607047AD
:1007300050000020034A1368013B136003B962B6FE
:10074000704700BF50000020EFF3108072B6704772
:1007500080F310887047002201600271427182713B
:10076000704710B586B09F238DF80F300323009398
:10077000002404AB01220DF10F010068ADF8104018
:100780008DF8124000F02FFB049B2046DAB262F392
:100790000700C3F3072262F30F20C3F3074363F399
:1007A000174006B010BD10B50446FFF7DAFFC0F3DE
:1007B00007232071C0F307406371A07110BD0000D2
:1007C0001FB50D4B039300238DF80B3001230093CD
:1007D00004460DF10B03042203A9006800F003FB9B
:1007E0002046FFF7BEFFC0F307232071C0F3074088
:1007F0006371A07104B010BDAB0102031FB50122EB
:10080000009205238DF80E300DF10E010DF10F034E
:10081000006800F0E8FA9DF80F0005B05DF804FBF1
:1008200008B5FFF7EBFF00F0010008BD08B5FFF7C2
:10083000E5FFC0F3400008BD1FB506238DF80F305B
:100840000023009301220DF10F01006800F0CBFAA4
:1008500005B05DF804FB1FB520238DF80C300B0CA0
:1008600049BA04468DF80D30ADF80E10FFF7E4FFDD
:100870002046FFF7DBFF60B10023009320680422CD
:1008800003A900F0B0FA2046FFF7CAFF28B904B068
:1008900010BD012002F0FAF8EAE7012002F0F6F8B4
:1008A000F1E72DE9F043074685B00D4690461E4618
:1008B0004FF0020916B905B0BDE8F08325F0FF043A
:1008C000641B04F580742B0CB4428DF80D3038464F
:1008D0006BBA28BF34468DF80C90ADF80E30FFF798
:1008E000ABFF3846FFF7A2FF70B10094386843466B
:1008F000042203A900F083FA3846FFF791FF38B9C4
:100900002544A044361BD5E7012002F0BFF8E8E7F4
:10091000012002F0BBF8EFE7417111689288428133
:100920000022C260C0F80610026142610276704780
:1009300010B54169044621B90322012001F002FCEF
:100940006061617A4FF0A043012202FA01F1C3F81D
:100950000815617A01F5E071032043F82100A17ABE
:100960008A40C3F80C25A27A02F5E072002143F810
:100970002200E27A02F5E07243F8221063791BB19B
:10098000012B22D0002010BD2A4B627A2360C3F8CD
:1009900008252368A27AC3F80C252368E27AC3F8F5
:1009A0001025237A002BEDD123684FF00042C3F8C5
:1009B0002425A3790BB1012BE4D1E1791A4603294F
:1009C000E0D8DFE801F0070531344FF04023DCE7E1
:1009D00043F002022368C3F8542522680023C2F8BA
:1009E00010312268C2F820312268C2F8183122681A
:1009F0004021C2F8041322680220C2F804032268CE
:100A00004FF40020C2F8040322680720C2F8000552
:100A1000094A82F803130821116060691A461946D1
:100A200001F0AAFB0120AEE743F00402D2E743F055
:100A30000602CFE70030004000E100E037B5036870
:100A4000D3F808551B4B1A88ADF80420027E9B781A
:100A50008DF806300446BAB901A9284601F0D2F84B
:100A600008B102F0C9FB0021284601F041F92846EF
:100A700001F0D8F923685A690F4BC3F81005C3F881
:100A800014250122C3F8042523680022C3F8182185
:100A900023684022C3F8082323680222C3F80823EE
:100AA00023684FF40022C3F808230123237603B000
:100AB00030BD00BFB836000000F0014010B504465C
:100AC0000368D3F80805237E2BB101F075F90B4BB1
:100AD0000122C3F8082522680023C2F818312268D1
:100AE0004021C2F8041322680221C2F804132268CC
:100AF0004FF40021C2F80413237610BD00F001402A
:100B000070470368C3F844150368C3F848250268B2
:100B10000023C2F850350268C2F834350268C2F8C2
:100B200038350268C2F840350268C2F8183170479B
:100B300037B5C3688BB105698DB1FF2D28BFFF257F
:100B40002A46C168FFF7DDFFC3682B44C360036911
:100B50005B1B0361036801221A6103B030BD017998
:100B600001238B404FF0A041C1F80835C56001A9B1
:100B70004069019501F0B1FB019B002BEDD0054BC5
:100B80004FF080525A6040BFBFF34F8FBFF36F8F5B
:100B9000E3E700BF00ED00E010B504680023C4F8EF
:100BA00044350468C4F848350468C4F8503504680E
:100BB000C4F834150168C1F838250268C2F8403518
:100BC0000268C2F8183110BD2DE9F041069F0446B5
:100BD00088461E461546002A4BD040694FF0FF312B
:100BE00001F01EFC012E84F80480204626D1FFF778
:100BF00025FFBB6813B1FB68384698472379012766
:100C00004FF0A04207FA03F3C2F80C35E560266105
:100C10002569E168FF2D28BFFF252A462046FFF7FA
:100C200070FF23695B1B2361E3682B44E360236847
:100C3000BE421F6105D00120BDE8F081FFF73EFFF5
:100C4000D7E72268D2F81831002BFBD02279012394
:100C500093404FF0A0420025C2F808352046E560D9
:100C6000FFF72CFF60692B462A46294601F084FADB
:100C7000E1E71046E0E7F8B504460F4640694FF05B
:100C8000FF3115461E4601F0CBFB27712046FFF7CA
:100C900015FF23684022C3F8082323680222C3F803
:100CA000082323684FF40022C3F80823237901277F
:100CB0004FF0A04207FA03F3C2F80C350023E360BB
:100CC0003246236129462046FFF71BFF23681F6138
:100CD0002268D2F81831002BFBD0DDE9061220463D
:100CE000FFF75AFF236801221A612268D2F81831EF
:100CF000002BFBD0237901254FF0A04205FA03F326
:100D0000C2F80835002360691A46194601F034FA22
:100D10002846F8BDF8B504460F4640694FF0FF314C
:100D200015461E4601F07CFB27712046FFF7C6FEE4
:100D300023684022C3F8082323680222C3F808234B
:100D400023684FF40022C3F80823237901274FF0CA
:100D5000A04207FA03F3C2F80C350023E3603246E1
:100D6000236129462046FFF7CCFE23681F612268D5
:100D7000D2F81831002BFBD0DDE906122046FFF730
:100D8000C0FE236801221A612268D2F81831002BB4
:100D9000FBD0237901254FF0A04205FA03F3C2F8F6
:100DA0000835002360691A46194601F0E5F928461E
:100DB000F8BD10B5016002F5E0734FF0A0410324C7
:100DC000027141F8234001239340C1F8083510BD5A
:100DD00007B5009313460A4601790068FFF7F4FE51
:100DE00003B05DF804FB13B5049CCDE90034134651
:100DF0000A4601790068FFF73EFF02B010BD13B547
:100E0000049CCDE9003413460A4601790068FFF7D7
:100E100081FF02B010BD0000C0E9001203490022AA
:100E2000C0E90222C0E90412826170470000FFFF9E
:100E300030B5D0E90143A34227D205688469EB5C51
:100E40001B1BDBB2C48A4BB98361838AA34208BFF0
:100E5000438AC382836801338360EAE7058A240AF0
:100E60004C55048AC58A0C44013B6570048A856927
:100E70000234A4B2013594420482DBB28561E1D32D
:100E800000230382C3680133C36030BD012A02D14D
:100E9000016000207047022A05D0032AF9D0002AF9
:100EA000F7D10260F5E70B780370F2E7012A02D16F
:100EB000016000207047022A05D0032AF9D0002AD9
:100EC000F7D10260F5E70B780370F2E702780123AF
:100ED00093404FF0A042C2F80C35704702780123CE
:100EE00093404FF0A042C2F80835704710B58368B0
:100EF000044613B1032201469847204610BD10B5A1
:100F00004371002301600271837110BD0068FFF717
:100F10005FBF00001FB50023CDE90033074B0393EB
:100F2000074B047902936B468DF80040FFF7EEFF04
:100F30006846FFF7DBFF04B010BD00BFDD0E000008
:100F4000AD0E000007B501228DF807100DF1070165
:100F5000FFF7E0FF03B05DF804FB00001FB50023BE
:100F6000CDE90033074B0393074B047902936B469B
:100F70008DF80040FFF7CAFF6846FFF7B7FF04B0DF
:100F800010BD00BFCD0E00008D0E000007B5012280
:100F90008DF807100DF10701FFF7E0FF03B05DF8D2
:100FA00004FB000013B5DF210446FFF7EFFF042226
:100FB000044B01930DEB02012046FFF7ABFF02B09B
:100FC00010BD00BF5A69020110B5C379044653B180
:100FD0001121FFF7DBFF062001F058FD01F066FC50
:100FE0000023A060E37110BD10B5044601F05EFC63
:100FF000A368C21A7F2A05D88033BDE81040181AAA
:1010000001F044BD10BD10B50446FFF7EDFF2046CA
:101010000121FFF7BBFF0123E37101F047FCA06052
:10102000BDE81040802001F031BD10B53A210446E2
:10103000FFF7ACFF20465521BDE81040FFF782BF07
:1010400010B536210446FFF7A1FF20460021BDE878
:101050001040FFF777BF2121FFF798BF1321FFF75B
:1010600095BF000013B5B2210446FFF78FFF064B72
:10107000186800901B798DF80430052269462046D7
:10108000FFF748FF02B010BDBB36000010B5C62107
:101090000446FFF77BFF20460A21BDE81040FFF71A
:1010A00051BF000013B5B3210446FFF76FFF074B94
:1010B0001A88ADF804209B788DF80630032201A928
:1010C0002046FFF727FF02B010BD00BFD836000052
:1010D0002921FFF75BBF13B50446D021FFF756FF68
:1010E000A423022201A92046ADF80430FFF712FF25
:1010F0002046E821FFF74AFFB3212046FFF722FFF1
:1011000002B010BD10B5B7210446FFF73FFF2046DF
:101110000021BDE81040FFF715BFF7B504461E4695
:101120000F462A2115467FBAFFF730FF76BA042210
:1011300069462046ADF80070ADF80260FFF7EAFEA0
:1011400020462B21FFF722FF6DBABDF82030ADF805
:101150000450042204F10C055BBA0DEB0201284691
:10116000ADF8063002F08CFA042229462046FFF73B
:10117000D1FE03B0F0BD70B504460D4616462C21D5
:10118000FFF704FF324629462046BDE87040FFF7CE
:10119000C1BE10B5C4210446FFF7F8FE2046102159
:1011A000BDE81040FFF7CEBEF7B5BDF82040013CCA
:1011B0001444013B0B44A4B2DDE9096700949BB2DF
:1011C0000546FFF7AAFF3A463146284603B0BDE878
:1011D000F040FFF7D0BF70B5437901254FF0A0462E
:1011E000044605FA03F3C6F80C35284601F04EFC18
:1011F000637905FA03F3C6F80835E57101F056FB8B
:10120000A060BDE87040802001F040BC13B50279B9
:101210004FF0A04302F5E072032143F82210427917
:1012200002F5E072044643F82210417901228A4017
:10123000C3F80825FFF7CFFF2046FFF7E4FE20465E
:10124000FFF7B0FE2046FFF7BFFE2046FFF7EDFE9A
:101250002046FFF7F5FE00224FF4A07311460093DD
:101260002046F023FFF759FF2046FFF7F4FE204603
:10127000FFF7F8FE2046FFF709FF2046FFF712FFB1
:101280002046FFF7EBFE2046FFF783FF2046FFF7DF
:1012900022FF2046FFF736FF204602B0BDE810408F
:1012A000FFF716BFF7B54029037906460C4659D912
:1012B000A1F14004A4B21725202C60D0AB42584ABB
:1012C0004FF0010100F09380FF2B17D0554B516078
:1012D0000B434FF438609847534B0422C3F808255A
:1012E0000222C3F80825307900F022FC33794FF050
:1012F000A04203F5E073032142F823104B4B01A9F0
:101300001A889B78ADF8042028468DF8063000F046
:10131000B5FB08B101F070FF284600F03BFC284601
:1013200000F04AFC404F424BC7F82035C7F824056F
:10133000284600F041FC3F4BC7F81835A3F59E73D3
:10134000C7F81C05C7F814390423C7F8043502236D
:10135000C7F80435324B0122C3F840459A601A6041
:10136000357131E0202904D9A1F12004A4B2162559
:10137000A2E721F0200292B20E25002A9ED1FF2B77
:1013800019D0274B01225A60264B4FF43860134383
:101390009847254B0422C3F808250222C3F80825E4
:1013A000307900F0C5FB33794FF0A04203F5E073CC
:1013B000032142F82310FF2333710123AB404FF088
:1013C000A0428CB9C2F80835162D4FF0A0431AD0B0
:1013D000172D4FF480021FD14FF48041C3F80C1534
:1013E000C3F80C2503B0F0BDC2F80C35ECE70D4B8B
:1013F00051604FF4386043F00103984700212846BC
:1014000000F0E8FBA6E74FF48042C3F80C254FF448
:101410000002C3F80825E5E7C3F80825F7E700BF91
:1014200000400240E036000000F00140E6360000D7
:1014300040410240444102400160032903D8DFE8F3
:1014400001F00B0907056021FFF72CBF4021FBE7E6
:101450002021F9E70321F7E70021F5E74FF0A0434A
:101460000322C3F83827C3F85827C3F85C274FF482
:101470008042C3F80C254FF48002C3F80C254FF4CA
:101480000002C3F80C25084B0022C3F808252022CF
:10149000C3F844254FF44032C3F84023034AC3F84D
:1014A00008230168FFF7C8BF0040024003000F0097
:1014B00010B5154CD4F80433580609D5D4F81831B2
:1014C000012B05D100231148C4F81831FFF730FB78
:1014D000D4F80433190309D5D4F84C31012B05D1C4
:1014E00000230A48C4F84C31FFF70AFB064BD3F837
:1014F0000423920706D5D3F80421012A04BF002251
:10150000C3F8042110BD00BF003000409802002045
:10151000F0B58DB00F49104E104D40F2A55205A800
:10152000FFF77AFC00244FF4F0770B494FF4F07288
:1015300005A8FFF77DFC01230093A2B2CDE9016766
:10154000F023002128460134FFF72EFEF02CECD1C9
:101550000DB0F0BDE93600008C0000206C020020C8
:101560002DE9F0431B4A07EE100A85B040F2E11363
:101570001746013B2AD1DFED187A184EB8EE477AAC
:10158000DC2527EE277ADFED167AB4EEE77AF1EE66
:1015900010FAD8BFF0EE477AFCEEE77A4FF0010878
:1015A00017EE903A9CB24FEA44092A460135CDE93C
:1015B0000179CDF80080234600213046ADB2FFF717
:1015C000F3FDF02DF1D105B0BDE8F08302F8011B69
:1015D000CFE700BF8C0000209A9919406C020020D0
:1015E00000007043F0B52E4B2E4D2F49C3F8005626
:1015F000B5B0022001F03CFE08B101F0FDFD2B4822
:101600002B4F274EFFF794F92948FFF7CCF82848CD
:10161000FFF7D6F82748FFF721FF2748FFF7F6FD29
:10162000FFF776FF00242146384604F58054FFF783
:1016300012F9B4F52C3FC6F80056F4D11F4F1C4EDA
:1016400000243919C82202A802F01AF8C82321463A
:1016500002AA3046FFF725F907EE904A9FED187A67
:10166000F8EEE76A4FF6FF71C6EE877AC8349FED51
:10167000157A67EE877AFCEEE77ACDED017A9DF870
:101680000400FFF76DFF064BC3F800560E4B9C425B
:10169000D7D14EF207016420FFF762FF00BFFDE7DC
:1016A000000001403546526E5C0000209802002088
:1016B00088020020000000206C0200208E3C000008
:1016C00000992A480000C842D0AA0200024A1368C2
:1016D00001331360704700BF58000020024A1368AE
:1016E00001331360704700BF540000201FB50D4B3D
:1016F0000D4AC3F8002600F08DF803AB01930023D8
:101700000A490B4800934FF4007200F0C1FF012812
:1017100002D0042001F070FD01F092F80F2001F0DA
:101720006BFDFBE7000001403546526EC1360000FC
:10173000E515000037B5124B124C1868124D9B8806
:1017400000906A4600212046ADF80430FFF7E4F827
:10175000052221462846FFF72CFB29460B4D0C4855
:10176000FEF7F9FF214619222846FFF722FB094818
:101770001A231222294603B0BDE83040FFF7BFBB51
:10178000F2E6020098020020900200208002002071
:10179000880200206C0200200649074A074B9B1A6A
:1017A00003DD043BC858D050FBDC01F0BBFDFEF765
:1017B00071FD000004E70200000000201800002076
:1017C000FEE7FEE7FEE7FEE7FEE7FEE7FEE7FEE7F1
:1017D000FEE7FEE738B5074C051EA4F1080308BF75
:1017E0001C4623682BB11A6822605B68284698471C
:1017F000F7E738BDC402002020B9054B01225A701A
:10180000FFF7E8BF012802D1014A9070F8E770475E
:10181000B402002038B5094C23786BB908486360DE
:10182000A3602361E36000F037F8054600F040F85C
:1018300001232370284638BD8525FBE7B40200202C
:10184000F917000038B5134CA378054603F0FF00E4
:1018500073B115B16B6801209847002001F004FDB9
:10186000E3680133E360BDE83840002001F0FEBCCE
:1018700001F0FAFC25B1226913463BB92A602561C3
:10188000E368002BECD100F025F8E9E79D42F7D0A2
:101890001B68F2E7B4020020044B0246187918B91D
:1018A0001A6001229A80704785207047C802002084
:1018B000074B1A68D2075FBFC02283F800230122BA
:1018C0001A604FF080430122C3F81825704700BF0B
:1018D00000E100E037B54FF080430022C3F8042157
:1018E000D3F804210192019A0222C3F804230D4A7D
:1018F000D2F8FC0040F08073C2F8FC300A4B1C6840
:1019000044F0010119605D685968491BB1F50A5F2F
:10191000FAD31C604FF08043C2F8FC0001229A60A9
:1019200003B030BD00ED00E0001000E007B54FF05F
:101930008043D3F800217AB10022C3F80021D3F804
:1019400000210092009A0122C3F808230F4B587916
:1019500010B95A711B6898474FF08043D3F804219F
:1019600082B10022C3F80421D3F804210192019A24
:101970000222C3F80823054B1B68012003B05DF861
:1019800004EB184703B05DF804FB00BFC802002059
:1019900000F1804000F5C040002382B0036003687E
:1019A0000193019B02B07047800000F1A040D0F885
:1019B000003723F44033C0F80037D0F8003743EA4B
:1019C0000143C0F800377047C208012300F0070048
:1019D0008340885C03438B5470470000054B4FF0F5
:1019E000FF32072843F8202084BF1B1883F84820C3
:1019F000704700BFD002002010B5174C94F8583043
:101A000043BB04F12F032021FF22013911F0FF0114
:101A100003F8012FF9D1C8B20131FFF7DFFF0C291C
:101A2000F9D104220D48002101F0FEFD0C4BC0222B
:101A300083F8062340221A604FF4BE70FFF7A8FF18
:101A4000084B4FF00042C3F80423012384F85830B8
:101A5000002010BD0820FCE7D00200202403002055
:101A600000E100E000600040034B93F858000038AC
:101A700018BF0120704700BFD002002038B52A4BA4
:101A80001A1892F9304001344CD18C78002C45D092
:101A90001C46002254F8045B01353AD11C1884F826
:101AA0003020002443F82240920002F1804202F5E7
:101AB000C0420B78D2F810554C7825F498151B04C9
:101AC000240525F4F85504F4801403F44033C2F8D7
:101AD000105523430402D2F8105504F4F85423435C
:101AE0002B43C2F810354A780123012A4FF0A04257
:101AF00003FA00F30CBFC2F80835C2F80C3500F544
:101B0000E073032142F823100849FFF75DFF00202E
:101B100003E00132082ABDD1042038BDFE2382F83B
:101B20003030E0E70820F8E7D0020020240300204E
:101B300038B5154C2518014695F83000072809D806
:101B4000FFF74CFF95F93030104A03F5A2730020DF
:101B500042F823000C44FF2384F8303001F00702E0
:101B6000012393400A48CA08845C1C420AD001F54C
:101B7000E0714FF0A044022544F82150815C21EA35
:101B80000303835438BD00BFD00200200060004032
:101B900024030020074B034493F930309B0003F1EA
:101BA000804303F5C043D3F8102542F00302C3F885
:101BB00010257047D0020020054B034493F93000F4
:101BC0008000C0B200F1804000F5C040704700BF07
:101BD000D00200200A4B0344003993F930304FEA19
:101BE000830303F1804303F5C04318BF0121D3F8F9
:101BF000102522F4801242EA0152C3F810257047E2
:101C0000D00200202DE9F041DFF8E08008EB00036E
:101C1000044693F93030002B0F4663DA8978C1F31C
:101C2000400100290BBF082300230C260826B342DD
:101C300002D10420BDE8F08158F8230001304FEABA
:101C400083053AD108EB04005EB248F8232080F8FF
:101C5000306011B9434483F84840BB7859070ED42B
:101C6000DA072CD5A30003F1A043D3F8002722F014
:101C70000202C3F800271C492046FFF7A5FEBB78E7
:101C80003A789B0724D505F1804303F5C04324022D
:101C9000D3F8101521F4473121F44071C3F8101521
:101CA0001204D3F8101504F4F85402F4403214432B
:101CB0000C43C3F810450020BCE70133B7E77A783E
:101CC00004F5E0734FF0A041920041F82320D2E7E1
:101CD000083E48FA86F696F8503043EA821386F8B2
:101CE0005030E8E70820A5E724030020D0020020B8
:101CF00038B51E4C251895F93020072A16DD1444F6
:101D000094F848309B09032B0BD14FF0A043D3F834
:101D10001015C14001F001010231BDE83840FFF764
:101D200043BE012B0CBF02210321F6E7D3B2072BE0
:101D30001BD8930003F1804303F5C043D3F810058B
:101D400040F00100C3F8100502F14000800080B2AD
:101D5000FFF71EFE49B195F9303054F8233023B116
:101D600001239340024AC2F8043338BDD002002058
:101D7000006000400E4B034493F93020072A02DD37
:101D80000021FFF711BED3B2072B0FD8930003F148
:101D9000804303F5C043D3F8101521F00101C3F8C7
:101DA000101501239340034AC2F80833704700BF5F
:101DB000D002002000600040F8B50446FFF7DAFFCB
:101DC00015490A1992F9303092F83020072A9FBF3E
:101DD000124A03F5A273002042F8230004F0070220
:101DE000012393400E48E208855C1D420AD004F5A9
:101DF000E0754FF0A046022746F82570855C25EA7D
:101E000003038354214491F83000FFF7E7FDFF23DB
:101E100081F83030F8BD00BFD002002000600040E3
:101E200024030020084B034493F9300093F830302A
:101E3000072B9DBF4030800080B24FF4BE7000F190
:101E4000804000F5C0407047D00200202DE9F04FDF
:101E500087B00024584D03944FF48072012102F1A1
:101E6000804303F5C0431B68012B07D1D5F8043329
:101E7000194203D090B2FFF78BFD0C430432B2F548
:101E8000907F4FEA4101EAD14B4BD3F87C31012BD3
:101E90000AD14FF4BE70FFF77BFD4FF0A04344F032
:101EA0000044D3F810350393E3B2D3B1434F012676
:101EB0000025344210D0AB0003F1804303F5C0434A
:101EC000D3F81005D3F8101557F8253023B1C1F316
:101ED0000141C0F3042098470135082D4FEA46061A
:101EE000E7D1002C64DA00224FF0FF33CDE9042360
:101EF000DFF8C890DFF8C8800026374618F9014F90
:101F0000631C46D0C4F3C20318336B440122E5B20C
:101F100004F03F0A04F0070402FA04F413F8042C56
:101F2000224236D009EB0A02AD0992F9302059F865
:101F300022B0BBF1000F08D1032D2AD104A95046CD
:101F40000193FFF741FD019B01E0032DF6D00AF557
:101F5000E0714FF0A04213F80C3C52F821102342DC
:101F6000C1F3014105D0022913D1032D0BD129461C
:101F700004E003290DD1032D05D102215046FFF7BE
:101F800013FD0136F6B2BBF1000F02D029465046D0
:101F9000D8470137042FB1D156B14FF0A043039A6F
:101FA000D3F810359A4203D00393049B0593A1E71D
:101FB00007B0BDE8F08F00BF00600040D0020020F5
:101FC0001F03002010B50446FEF7ACFBA46BFEF720
:101FD000B1FBB4FA84F0400910BD70B51646026C2E
:101FE000856B044642B906689EB9406800F0F4FE6D
:101FF00066600135A56370BD6EB9806801F040FB75
:10200000A368226C13446268A360934224BF2368D0
:10201000A3600020EDE7C06801F032FB226CE368AA
:1020200051429B1A2268E36093423EBF63685B188B
:10203000E360022EEDD10DB1013DEAE72846D8E775
:10204000034610B41A6C08466AB1DC685968144437
:102050008C4228BF1968DC6028BFD960D9685DF858
:10206000044B01F00DBB5DF8044B704770B504469E
:10207000FEF758FB94F8455004F124066DB2002D8C
:1020800001DD636AB3B9FF2384F84530FEF752FBE4
:10209000FEF748FB94F8445004F110066DB2002D91
:1020A00001DD23697BB9FF2384F84430BDE870402B
:1020B000FEF740BB304600F0A1FD08B100F00CFE79
:1020C000013D6DB2DBE7304600F098FD08B100F04D
:1020D00003FE013D6DB2E2E738B504460D46FEF75A
:1020E00021FBD4E90F312268A2604B43D0185B1A60
:1020F0001A446060FF230020A063E26084F844304B
:1021000084F845309DB923696BB104F1100000F0EB
:1021100075FD40B10A4B4FF080525A6040BFBFF38B
:102120004F8FBFF36F8FFEF705FB012038BD04F121
:10213000100001F025FA04F1240001F021FAF2E781
:1021400000ED00E0F8B50646484350300D4617460E
:10215000FEF700F9044658B165B100F15003C4E937
:102160000F65236001212046FFF7B6FF84F84C700D
:102170002046F8BD0346F2E72DE9F04385B000277D
:10218000DFF8F090019204460E461D46B846FEF771
:10219000C9FAA26BE36B9A421AD22A46314620460C
:1021A000FFF71BFF636A1BB104F1240000F026FD5A
:1021B00040B1304B4FF080525A6040BFBFF34F8F59
:1021C000BFF36F8FFEF7B6FA012005B0BDE8F083CC
:1021D000022DE2D0019B1BB9FEF7ACFA0020F4E718
:1021E00017B902A800F044FDFEF7A4FA00F056FB70
:1021F000FEF798FA94F84430FF2B08BF84F8448027
:1022000094F84530FF2B08BF84F84580FEF792FA1A
:1022100001A902A800F038FD30BBFEF783FAA26BDB
:10222000E36B9A420ED1FEF785FA019904F1100092
:1022300000F0C0FC2046FFF719FF00F0BBFB48B1DF
:102240000127A4E7FEF776FA2046FFF70FFF00F01C
:10225000B1FBF5E74FF08053C9F8043040BFBFF33E
:102260004F8FBFF36F8FEBE72046FFF7FFFE00F0C5
:10227000A1FBB3E700ED00E02DE9F8430446164664
:102280001F468946FEF760FAA26BE36B9A428046CE
:1022900001D3022F1FD194F845503A466DB24946FA
:1022A0002046FFF79AFE6B1C10D1636A3BB104F124
:1022B000240000F0A3FC10B10EB10123336001240F
:1022C0004046FEF745FA2046BDE8F88301356DB279
:1022D00084F84550F3E70024F2E770B504460D4654
:1022E000FEF732FAA26BE36B934206461BD994F8D1
:1022F00045100132FF294BB2A2630FD1636A3BB193
:1023000004F1240000F07AFC10B10DB101232B6020
:1023100001243046FEF71CFA204670BD01335BB243
:1023200084F84530F4E70024F3E700002DE9F0439A
:1023300085B00027DFF8E490019204460E46B846C7
:10234000FEF7F0F9A56BDDB131462046013DFFF700
:1023500077FEA56323696BB104F1100000F04EFC19
:1023600040B12E4B4FF080525A6040BFBFF34F8FA9
:10237000BFF36F8FFEF7DEF9012005B0BDE8F083F3
:10238000019B1BB9FEF7D6F90020F6E717B902A8A2
:1023900000F06EFCFEF7CEF900F080FAFEF7C2F90D
:1023A00094F84430FF2B08BF84F8448094F84530FB
:1023B000FF2B08BF84F84580FEF7BCF901A902A8ED
:1023C00000F062FCF8B92046FFF7FCFDA8B10199C6
:1023D00004F1240000F0EEFB2046FFF747FE00F07A
:1023E000E9FA40B94FF08053C9F8043040BFBFF359
:1023F0004F8FBFF36F8F0127A2E72046FFF736FE0E
:1024000000F0D8FAF7E72046FFF730FE00F0D2FAE6
:102410002046FFF7D7FD0028EDD0B5E700ED00E03E
:102420002DE9FF410025DFF81881019104462F4670
:102430002E46FEF777F9A36BE3B1013BA363236854
:1024400013B900F041FD606023696BB104F1100025
:1024500000F0D4FB40B13A4B4FF080525A6040BF7D
:10246000BFF34F8FBFF36F8FFEF764F9012004B005
:10247000BDE8F081019B1BB9FEF75CF90020F6E78F
:1024800017B902A800F0F4FBFEF754F900F006FAC1
:10249000FEF748F994F84430FF2B08BF84F84460F5
:1024A00094F84530FF2B08BF84F84560FEF742F9E9
:1024B00001A902A800F0E8FB48BB2046FFF782FD17
:1024C000F8B123683BB9FEF72DF9606800F034FCE1
:1024D0000546FEF72FF9019904F1240000F06AFB8C
:1024E0002046FFF7C3FD00F065FA40B94FF0805376
:1024F000C8F8043040BFBFF34F8FBFF36F8F012781
:1025000097E72046FFF7B2FD00F054FAF7E72046C0
:10251000FFF7ACFD00F04EFA2046FFF753FD002810
:10252000EDD0002DAAD0FEF7FDF8616A19B1236B3A
:102530001968C1F10301606800F086FC9CE700BFE8
:1025400000ED00E0054B1A6812B19A682AB9012221
:1025500043F8321003EBC203586070472C0300208D
:1025600070B504460D461646FEF7DCF894F8443084
:10257000FF2B04BF002384F8443094F84530FF2B30
:1025800004BF002384F84530FEF7D4F8A36B2BB9C1
:102590003246294604F1240000F01CFB2046BDE829
:1025A0007040FFF763BD0000F8B51A4B1A4D1C6868
:1025B0000646286804300F4601F012F840B92A6830
:1025C0001649D06A0B680122824023EA02030B609D
:1025D000731C07D137B129681148BDE8F8400431B0
:1025E00000F0DCBF2B68A4195C6007D30D4B1868A2
:1025F0002968BDE8F840043100F0DBBF0A4B1868D9
:102600002968043100F0D5FF084B1A68A24288BF40
:102610001C60F8BD60030020140400205C0300204F
:1026200068030020A8030020AC030020440300201E
:10263000094B0A4A1B681268D06A50B9084A1268E6
:102640001343012B06D8074B1868074B1B68C01AA9
:1026500070470020704700BF5C0300201404002076
:10266000D80300204403002060030020064A1368BA
:102670001968064B19B94FF0FF321A60704712689B
:10268000D268D2685268F8E7AC0300204403002007
:102690002DE9F047950006462846DDF824808A4655
:1026A0001F46FDF757FE814618B94FF0FF30BDE8D1
:1026B000F0874820FDF74EFE0446002800F09C807D
:1026C000C0F830902A464846A52100F0ADFF236BA4
:1026D000043D2B4423F0070904F133020AF1FF33D0
:1026E0000AF1030A13F8011F02F8011F09B153454B
:1026F000F8D1089D022D28BF0225002304F1040A09
:10270000C4E9105384F83730E562504600F043FFC7
:10271000C5F1030504F1180000F03DFF2461A56137
:1027200064623A4631464846FDF7C6FF2060B8F17C
:10273000000F01D0C8F80040FDF7F4FF304B314DD9
:102740001A68314E01321A602A68002A4AD12C6078
:102750001B68012B1FD12D48DFF8E0802C4F00F0C3
:102760000FFF2C4800F00CFF2B4800F009FF4046FB
:1027700000F006FF384600F003FF284800F000FF95
:10278000274800F0FDFE274800F0FAFE264BC3F86C
:102790000080264B1F60264A2649136808680133CB
:1027A0001360E26AA3630123934003430B60174B5A
:1027B000142000FB0230514600F0F0FEFDF7BAFF96
:1027C00033686BB12B68DA6AE36A9A4208D21A4B13
:1027D0004FF080525A6040BFBFF34F8FBFF36F8FEF
:1027E000012064E73268E36A002AD4D12A68D26AF9
:1027F0009A4298BF2C60CEE74846FDF72DFE54E77D
:10280000640300201404002058030020D803002093
:10281000B0030020EC0300200004002094030020FB
:102820008003002068030020AC030020A8030020E0
:10283000480300205C03002000ED00E0C4030020FA
:1028400013B5104B019300240F4910480094234600
:102850007822FFF71DFF012811D100F08BFB012822
:102860000DD172B60A4B4FF0FF321A60094B186057
:10287000094B1C6002B0BDE81040FDF72FBF02B04D
:1028800010BD00BF40030020C6360000BD2A000076
:10289000440300205803002060030020024A13680C
:1028A00001331360704700BF3C030020014B1868E0
:1028B000704700BF60030020024A1368034413609E
:1028C000704700BF600300202DE9F84F2E4B1B68B6
:1028D000002B54D12D4B1D6801351D605DB92C4A6C
:1028E0002C4B1168186810602B4A1960136801336B
:1028F0001360FFF7BBFE294F3B68AB4208D90026A7
:10290000274B1B68002B0CBF30460120BDE8F88F19
:10291000DFF87CA0DFF89490DFF894B00026DAF8B6
:1029200000301B681BB94FF0FF333B60E8E7DAF873
:102930000030DB68DC6863689D42F6D304F104086C
:10294000404600F04DFEA36A1BB104F1180000F0F0
:1029500047FEE26AD9F800100123934014200B438C
:1029600000FB02B04146C9F8003000F017FE0D4BE5
:10297000E26A1B68DB6A9A4228BF0126CFE70A4A4F
:10298000136801331360BAE73C03002060030020A2
:10299000AC030020A80300204C03002044030020C7
:1029A0005003002014040020540300205C03002086
:1029B000D80300202DE9F843FDF7B4FE2A4B1A682E
:1029C000013A1A601C682CB10024FDF7B3FE2046C2
:1029D000BDE8F883254B1B68002BF5D0244D254E10
:1029E000DFF8A4801FE0EB68DC6804F1040904F15F
:1029F000180000F0F5FD484600F0F2FDE26A31688B
:102A0000012707FA02F314200B4300FB028049461A
:102A1000336000F0C3FD184BE26A1B68DB6A9A4220
:102A200001D3164B1F602B68002BDCD10CB1FFF7D4
:102A30001DFE134D2C6844B1104E0127FFF744FFD3
:102A400000B13760013CF9D12C600C4B1B68002BA6
:102A5000BAD00C4B4FF080525A6040BFBFF34F8F3B
:102A6000BFF36F8F0124B0E73C0300206403002014
:102A7000940300205C030020140400205003002075
:102A80005403002000ED00E0D803002008B548B949
:102A9000094B4FF080525A6040BFBFF34F8FBFF3D6
:102AA0006F8F08BD0021FFF7F9FEFFF77DFDFFF7EF
:102AB00081FF0028ECD0F4E700ED00E0F8B51B4CF6
:102AC0001B4F1C4E2368DBB91B4B1B68012B08D91D
:102AD0001A4B4FF080525A6040BFBFF34F8FBFF385
:102AE0006F8FFFF7A5FD0128EBD9FFF7D7FEFFF7A2
:102AF0009FFD012801D9FDF77BFDFFF75BFFE0E7B4
:102B0000FDF710FEFB68DD68281D00F069FD3368E5
:102B1000013B33602368013B2360FDF70BFE286B0C
:102B2000FDF79AFC2846FDF797FCCBE77C030020D5
:102B30008003002064030020D803002000ED00E0A3
:102B400070B5174B1A68174B12B101221A6070BD8D
:102B5000154C1A602268236812681B6B9A4204D8CD
:102B6000206821683431FEF7B9FD104B10491B680D
:102B7000B3FA83F3C3F11F03142606FB03F288188C
:102B8000083245686D6845600A44954204BF6A682A
:102B9000426006FB03114B68DB682360D7E700BF88
:102BA0003C03002050030020140400205C0300209C
:102BB000D803002010B5064B0C461968183100F0F8
:102BC000F8FC20460121BDE81040FFF7EDBC00BF36
:102BD0001404002038B5084B0D4619681446183106
:102BE00000F0DCFC002C21460CBF28464FF0FF30E3
:102BF000BDE83840FFF7D8BC1404002038B5C368DE
:102C0000DC6804F11805284600F0EAFC124B1B684A
:102C1000F3B9251D284600F0E3FC1049E26A086874
:102C20000123934003430B600D4B1420294600FB06
:102C3000023000F0B3FC0B4BE26A1B68DB6A9A427D
:102C400085BF094B012000201860FFF70FFD38BD3C
:102C500006482946EDE700BF3C0300205C03002046
:102C6000D803002014040020500300209403002007
:102C7000034B1B680360034B1B684360704700BF36
:102C80004C0300206003002070B50C460546FDF79C
:102C900049FD0F4B196823685A1C10D00D482E6847
:102CA00000686A68864201D08A420FD9881A834236
:102CB0000AD95B1A134423602846FFF7D9FF002482
:102CC000FDF738FD204670BD002323600124F7E79F
:102CD000600300204C030020014B01221A60704762
:102CE00050030020084B186860B9084B1B6853B9A3
:102CF000074B1868074B1B68013B98420CBF02202A
:102D000001207047002070479403002050030020EA
:102D10006803002064030020054B1B6833B1054B9A
:102D20001868B0FA80F040094000704701207047F1
:102D3000580300203C0300202DE9F0410446002800
:102D40002ED0224DC36A2A68D26A934236D2826953
:102D50001F4F002AA1BF2A68D26AC2F10302826112
:102D60001426426906FB03739A4215D100F1040848
:102D7000404600F035FC174AA0B12B681168D86AAC
:102D8000E062012383400B4313601423414603FB9D
:102D9000007000F003FC02E02B68DB6AC3620120D4
:102DA000BDE8F081E06A4643BB59002BE5D11368CA
:102DB0000121814023EA01031360DEE72B68006CE8
:102DC000DB6A98422CBF00200120E9E714040020B0
:102DD000D80300205C030020F8B5044608B90020A1
:102DE000F8BD436CC16A026C013B91424364F6D06A
:102DF000002BF4D1061D304600F0F2FB104F114AB3
:102E000050B9E16A14234B43FB582BB913680125D1
:102E10008D4023EA05031360236CE362C3F10301D1
:102E2000A1611168012404FA03F514200D4300FB8D
:102E300003703146156000F0B1FB2046D0E700BFBB
:102E4000D80300205C030020F8B50446002836D0E3
:102E5000036C994238BF1946C36A8B422FD0426C2B
:102E6000012A2CD18269164EC162002A4FF0140546
:102E70004269A8BFC1F1030105FB0363A8BF8161DB
:102E80009A421CD1071D384600F0AAFBE26A0D4C9D
:102E900040B9554373592BB923680121914023EA66
:102EA000010323602168012393400B432360142016
:102EB000394600FB0260BDE8F84000F06FBBF8BD8A
:102EC000D80300205C030020044B1A681AB119686B
:102ED0004A6C01324A641868704700BF140400202D
:102EE000914208B5416000610AD8D21A83699A42BA
:102EF0000DD2084B011D186800F05BFB002008BDD7
:102F00009A4201D2994202D2034B011DF3E70120FC
:102F1000F5E700BF2404002028040020F8B50F4C7A
:102F2000FDF700FC2568ADB90D4F0E4E384600F098
:102F300027FB304600F024FB0B4B1F600B4B2A464F
:102F4000102120201E60FFF7FDF8206010B1084915
:102F5000FFF7F8FABDE8F840FDF7ECBB20040020CD
:102F6000400400202C040020280400202404002019
:102F7000CB36000007B5FFF7D1FF084B186850B1FA
:102F8000074B0193012300930649074800234FF4A0
:102F90009672FFF77DFB03B05DF804FB2004002070
:102FA0001C040020D03600007D3000007FB50F4C9F
:102FB0000546206816461A4680B10529CDE9001657
:102FC00002950DDCFFF7A8FE0023022808BF089A2F
:102FD000206818BF1A466946FFF7CEF804B070BDE6
:102FE00000236946FFF748F9F8E700BF20040020F6
:102FF0002DE9F347DFF880800646FFF757FCD8F845
:1030000000308342054609D9194F3B681A686AB9EE
:10301000184A116839601360012300E00023284634
:103020003360C8F8005002B0BDE8F087DB68DC68A8
:10303000D3F8009004F1040A504600F0D1FA636A14
:1030400020469847E369012BDFD1A3694B4499459A
:1030500006D2386863602461514600F0AAFAD4E7CA
:10306000002300934A4619462046FFF79FFFCCE70E
:103070002804002024040020180400202DE9F04733
:10308000594E88B04FF0000833681D68002D5BD0A2
:10309000DB68D3F80090554FFFF700FC04A8FFF75A
:1030A000A7FF049C8246002C6AD1002D4ED04845D3
:1030B00052D3FFF77FFC3368DB68DD68281D00F022
:1030C0008FFAEB69012B0ED1A9694B465246494450
:1030D0002846FFF705FF30B1009423464A462146B3
:1030E0002846FFF763FF6B6A284698473868002236
:1030F00004A9FFF71BF90028C6D0049B0698002BF3
:1031000041DB069C6369002B44D103A8FFF770FFE5
:10311000049B0246092BE9D801A151F823F000BF16
:103120009D3100009D3100009D310000ED30000018
:10313000CF310000DF3100009D3100009D310000E3
:10314000ED300000CF310000A946A4E7284B1B68F2
:103150001C68B4FA84F4640938682246A9EB0A01B1
:10316000FFF7FEF9FFF726FC0028BFD1214B4FF0F7
:1031700080525A6040BFBFF34F8FBFF36F8FB5E7E8
:10318000FFF718FCB2E7059B07999847049B002BB3
:10319000ACDBB6E7201D00F023FAB6E7A169059B7A
:1031A00020461944FFF79CFE00289FD0636A204602
:1031B0009847E369012B99D1A2690599CDF8008060
:1031C00000230A4420461946FFF7F0FE8EE70599D2
:1031D000A161034601442046FFF782FE86E72046B0
:1031E000FDF73AF982E700BF280400202004002000
:1031F0002404002000ED00E01FB50021039001AA87
:1032000044F20100CDE9011100F004F805B05DF8C9
:1032100004FB000072B6094BD3F8F020D20700D5AA
:1032200000BEBFF34F8FD968054A01F4E0610A433D
:10323000DA60BFF34F8F00BFFDE700BF00ED00E095
:103240000400FA0572B6024A13680133136070472E
:1032500054040020034A1368013B136003B962B6AB
:10326000704700BF54040020FFF7ECBFFFF7F2BF28
:1032700070B5E1B111F0030419D10E4D0E4E0F4B94
:1032800029603070042221460D481C7000F0CCF9F2
:103290003278286802EB4202D200214600F0C4F9DD
:1032A000FEF7E2FB20B9BDE87040FEF7A5BB07249E
:1032B000204670BD5C0400206104002060040020F2
:1032C000580400204FF0704393F8E02F062A10D1E5
:1032D000D3F8E42F12070CD1D3F8E80F00F0F00375
:1032E000302B08D000F0E000A0F1400358425841D4
:1032F000704700207047012070474FF0704393F8EB
:10330000E02F062A0CD1D3F8E42F120708D1D3F806
:10331000E80F00F0F000A0F1300358425841704728
:103320000020704708B5FFF7CDFF40B14FF0805344
:10333000884AD3F82433C3F30423C2F84035FFF797
:10334000DCFF10B1844B854A5A67FFF7BBFF48B1D9
:103350004FF080534FF08042D3F84432C3F34233EE
:10336000C2F83C35FFF7C9FF30B17D4AD2F8FC30D6
:1033700023F08073C2F8FC30FFF7A4FF40B14FF098
:1033800080430022C3F80C21C3F81021C3F838256C
:10339000FFF7B3FF20B14FF080430322C3F8A0250D
:1033A000FFF7ABFF60B16F4B0522C3F81026012277
:1033B000C3F888260022C3F818263F22C3F8142633
:1033C0004FF0704393F8E02F062A50D1D3F8E42F42
:1033D00011074CD1D3F8E83F03F0F003502B46D14E
:1033E0004FF08052604BD2F80414C3F82015D2F885
:1033F0000814C3F82415D2F80C14C3F82815D2F811
:103400001014C3F82C15D2F81414C3F83015D2F8E0
:103410001814C3F83415D2F81C14C3F84015D2F8A8
:103420002014C3F84415D2F82414C3F84815D2F870
:103430002814C3F84C15D2F82C14C3F85015D2F840
:103440003014C3F85415D2F83414C3F86015D2F808
:103450003814C3F86415D2F83C14C3F86815D2F8D0
:103460004014C3F86C15D2F84424C3F87025FFF754
:1034700029FF48B14FF080534FF08042D3F85832C3
:1034800003F04F03C2F8E43EFFF71CFF48B14FF0D2
:103490008043D3F80024D20744BF6FF00102C3F881
:1034A00000244FF08053D3F83021062A0AD1D3F8F4
:1034B0003431062B01BF2D4AD2F83C3743F48063E8
:1034C000C2F83C37264AD2F8883043F47003C2F879
:1034D0008830BFF34F8FBFF36F8F4FF01023D3F8B7
:1034E0000022002A03DBD3F80432002B2EDA204B13
:1034F0000122C3F80425D3F80024002AFBD04FF0A2
:1035000010221521C2F80012D3F80024002AFBD0A3
:103510004FF010231522C3F80422154BD3F80024D2
:10352000002AFBD00022C3F80425D3F80024002A87
:10353000FBD0BFF34F8F0A490E4BCA6802F4E0621A
:103540001343CB60BFF34F8F00BFFDE70A4B0B4A1D
:103550001A6008BD0030014000C007400DF0ADBA50
:1035600000ED00E00050004000C0004000100040AE
:1035700000E001400400FA05080000200090D0039C
:1035800000F108034FF0FF32C0E9022343600361FA
:1035900000230360704700230361704743684B605A
:1035A0009A688A605160996008610368013303601A
:1035B000704730B50C68631C0AD103695A684A60C9
:1035C00091608B605960086103680133036030BD0E
:1035D00000F10802134652681568A542FAD9EDE7D2
:1035E000D0E9011203698A60416851605A688242D9
:1035F00004BF82685A60002202611A68013A1A60A8
:103600001868704708B5064B044613B10021AFF3A4
:103610000080044B1B6803B19847204600F03EF839
:10362000000000006404002002440346934200D1DD
:10363000704703F8011BF9E770B50D4D0D4C641B85
:10364000A4100026A64209D10B4D0C4C00F028F81E
:10365000641BA4100026A64205D170BD55F8043B9A
:1036600098470136EEE755F8043B98470136F2E7F4
:103670000C0000200C0000200C0000201400002092
:103680000A44914200F1FF3300D1704710B511F8A0
:10369000014B03F8014F9142F9D110BDFEE700BF85
:1036A000F8B500BFF8BC08BC9E467047F8B500BF2F
:1036B000F8BC08BC9E467047030006020301EDED0E
:1036C000004D41494E0049444C4500546D72510033
:1036D000546D722053766300000A0A000000000057
:1036E0000338FDD87047030001FF00FF00FF00FF13
:1036F00000FF00FF00FF00FF00FF00FF00FF00FFD2
:1037000000FF00FF00FF006602ED04EC05EA07E899
:1037100009E60AE50CE30EE110DF12DE12DD14DB30
:1037200016D918D71AD51BD41DD30D030ED10D05EC
:103730000ECF0E050FCD0F050FCC100510CA1105C9
:1037400011C8120512C6130513C5130513C41405B9
:1037500014C2150515C0170317BE33BC34BB36BAE7
:1037600037B839B63BB43CB33EB140AF09022E0185
:1037700008AD09042C0308AC08062A0507AB0906A6
:10378000290608A90B0529050AA70D032B030CA57B
:103790004CA34DA24FA0519F529D549B559A5798B0
:1037A00059965B945D935D925F90618E638C658AA0
:1037B000668968870802590205860704570405844C
:1037C0000805550605820906540605810A055505B2
:1037D000077F0C045603097D747B767977797877B7
:1037E0007A757C737E717F70816E836C856B866960
:1037F000876889668B648D628F609060915E935C50
:10380000955A0E0771070A580D0B6D0B08570E0CD1
:103810006C0C08550F0C6C0B0A53110A6D0B0B52F4
:103820009F50A04FA24DA44BA649A848A8FF00E373
:1038300044AD43AE41B040B13EB23EB33CB53AB701
:1038400039B837B936BB350E0166013C0109330E74
:103850000315050E0416150D0311050E04120309B8
:10386000310F0414060D0416150D0410050E041274
:103870000409300F0414060D0416150D0410060D6E
:10388000041204092F100414070C0416150D04105B
:10389000060D0412040A2D110414070C0416041E4C
:1038A0000410070C0412040B2C110414080B04164A
:1038B000041E0410070C0412040C2A120414080B32
:1038C0000416041E0410080B0412040D281304141B
:1038D0000401040A0416041E04100401030B04125C
:1038E000040D281304140401040A0416041E041011
:1038F0000401040A0412040E261404140402040928
:103900000416041E04100402030A0412040F2415F2
:103910000414040204090416041E04100402040919
:103920000412041023150414040304080416041ECE
:1039300004100402040904120411211604140403DF
:1039400004080416041E04100403040804120411DD
:1039500020170414040403080416041E04100403AE
:103960000408041204121F170414040404070416A4
:10397000041E041004040308041204131D18041484
:10398000040503070416130F0410040404070412AB
:1039900004141B1A03140405040604161310031060
:1039A00004050307041303151A1B01150406030677
:1039B000041613110111040504060414011619322A
:1039C000040604050416132304060306042C173307
:1039D000040703050416043204060405042D161D0D
:1039E000011504070404041604200111040703054B
:1039F00004140119141D0314040704040416041FFD
:103A000003100407040404130319121D041404080A
:103A100004030416041E0410040803040412041909
:103A2000121D0414040804030416041E04100408E0
:103A300004030412041A101E0414040903030416D8
:103A4000041E0410040804030412041B0E1F0414B3
:103A5000040904020416041E0410040904020412DA
:103A6000041C0D1F0414040A03020416041E04108F
:103A7000040904020412041D0B200414040A0401A6
:103A80000416041E0410040A03020412041D0B2071
:103A90000414040B03010416041E0410040A040198
:103AA0000412041E09210414040B0816041E041039
:103AB000040B03010412041F07220414040C07164C
:103AC000041E0410040B0812042006220414040C23
:103AD0000716041E0410040C071204210423041406
:103AE000040D0616041E0410040C071204210324FE
:103AF0000414040D0616041E0410040D06120422FC
:103B000002240414040D0616041E0410040D0612EB
:103B100004480315040E0516041E0311040D0612B5
:103B2000034A0166013C01FF00FF00FF00FF00FFA8
:103B300000FF00FF00FF0010110F090F0409040D22
:103B40000F8B110F090F0507050D0F8B110F090FB3
:103B50000507050D0F92031903120605060D039EB6
:103B6000031903120605060D039E03190312060529
:103B7000060D039E03190312030103030301030D42
:103B8000039E03190312030202030202030D039EA4
:103B900003190312030203010302030D039E031919
:103BA0000312030203010302030D039E0319031210
:103BB00003030503030D0D94031903120303050307
:103BC000030D0D940319031203040304030D0D9454
:103BD0000319031203040304030D039E03190312C4
:103BE00003050105030D039E0319031203050105D7
:103BF000030D039E03190312030B030D039E031908
:103C00000312030B030D039E03190312030B030D91
:103C1000039E03190312030B030D039E03190312E2
:103C2000030B030D039E03190312030B030D0F92E5
:103C30000316090F030B030D0F920316090F030B55
:103C4000030D0FFF00FF00FF00FF00FF00FF00FF5C
:103C500000FF00FF00FF00FF00FF00FF00FF00FF6C
:103C600000FF00FF00FF00FF00FF00FF00FF00FF5C
:103C700000FF00FF00FF00FF00FF00FF00FF00FF4C
:103C800000FF00FF00FF00FF00FF00FF00EC3DB859
:103C9000F39600000000200000001CAA02000000B3
:103CA0000000010000000000000000000000000013
:103CB000012009480200314802003348020035481B
:103CC00002003748020039480200000000000000EE
:103CD0000000000000000000000089E500003D48F1
:103CE000020000000000A9E50000414802005D4A12
:103CF00002003589000043480200D588000043488F
:103D0000020043480200F54D0200854F020043487F
:103D1000020043480200434802004D890000434826
:103D200002004189000043480200434802005989CB
:103D3000000009E6000043480200434802004348EF
:103D4000020043480200434802004348020043483F
:103D5000020043480200434802004348020043482F
:103D60000200434802000000000000000000434839
:103D7000020043480200434802004348020043480F
:103D80000200434802004348020000000000000017
:103D90000000000000000000000000000000000023
:103DA0000000000000000000000000000000000013
:103DB0000000000000000000000000000000000003
:103DC00000000000000000000000000000000000F3
:103DD00000000000000000000000000000000000E3
:103DE00000000000000000000000000000000000D3
:103DF00000000000000000000000000000000000C3
:103E000000000000000000000000000000000000B2
:103E100000000000000000000000000000000000A2
:103E20000000000000000000000000000000000092
:103E30000000000000000000000000000000000082
:103E40000000000000000000000000000000000072
:103E50000000000000000000000000000000000062
:103E60000000000000000000000000000000000052
:103E70000000000000000000000000000000000042
:103E80000000000000000000000000000000000032
:103E90000000000000000000000000000000000022
:103EA00000000000000000000000000000000348C7
:103EB000044B834202D0034B03B118477047000202
:103EC000002000020020000000000548064B1B1ADD
:103ED000D90F01EBA301491002D0034B03B11847DE
:103EE000704700020020000200200000000010B512
:103EF000064C237843B9FFF7DAFF044B13B10448AB
:103F0000AFF300800123237010BD000200200000E9
:103F10000000B827030008B5054B1BB1054905484B
:103F2000AFF30080BDE80840FFF7CFBF00BF00003F
:103F3000000004020020B8270300A3F5803A704770
:103F400000BF174B002B08BF134B9D46FFF7F5FF33
:103F500000218B460F461348144A121A22F081FDA5
:103F60000E4B002B00D098470D4B002B00D09847EC
:103F70000020002104000D000D48002802D00C484C
:103F8000AFF3008023F03FFC2000290000F091FBFC
:103F900022F0E7FB00BF0000080000000000000066
:103FA00000000000012000020020A04A00200000C4
:103FB00000000000000000F02EB8084600F02BB80A
:103FC00000F0ABB800F0CFB8000010B5104B1A46A7
:103FD0001B688342FBD354681119884201BF4168B2
:103FE000104609195160446801198B420DD10849E6
:103FF00009688B4204D05B682344436013681968E6
:104000000160904218BF106010BD1946F8E73002F9
:1040100000202C0200202DE9F04104461DF031FD66
:104020003549354D0B68F3B9354B354A3648D21A08
:104030000260580718BF0733344A18BF23F007033C
:10404000002013605060314A22F00702C2E90000EC
:10405000D01AC3E900202E4B0A6018602E4B18605E
:104060004FF000432B602F68274207D01DF09BFDC7
:1040700000F031FA00263046BDE8F081002CF5D082
:1040800004F1080362071CBF23F007030833002B69
:10409000ECD0DFF88080D8F800509D42E6D31A4A71
:1040A00014686068984201D2206800BB0968A14288
:1040B000DCD02168166811606268D21A102A06F1F5
:1040C000080604D9E01842606360FFF77EFF1049DC
:1040D00062680868AD1A1743002385426760236051
:1040E000C8F8005038BF0D601DF05DFDC3E72246E3
:1040F0000446D6E700BF2C02002020020020B04A70
:10410000002000FC00201C02002030020020F8FBF0
:104110000020240200202802002010B50446E0B14F
:104120000F4A50F8043C1268134216D050F8081C8D
:1041300099B923EA020340F8043C1DF0A2FC084AA6
:1041400054F8043C1168A4F108000B441360FFF715
:104150003CFFBDE810401DF026BD10BD00BF200291
:104160000020280200202DE9F04105460C4601B34D
:1041700008461DB9BDE8F041FFF74DBF0E4B55F89D
:10418000046CD3F8008016EA080FF3D0FFF743FF62
:10419000074658B126EA0802083AA24228BF22463A
:1041A000294623F0BCFB2846FFF7B7FF3846BDE899
:1041B000F0810F46FAE720020020014B9878704703
:1041C00000BF38020020014B5878704700BF38020A
:1041D0000020034B1868B0F5803F34BF0020012059
:1041E0007047380200200A4B07B518600246FFF7F7
:1041F000E4FF0146FFF7E7FFD2B2CDE900020B462C
:10420000054A05480C2122F0BEFA03B05DF804FB14
:1042100000BF38020020BCDB020004000020009A2E
:1042200041608260704713B50022044601210A20D4
:104230001CF0FBFF0023E06009490093094801944A
:1042400023464FF400721DF016FB012805D0042010
:1042500002B0BDE810401EF0FFB802B010BDC8DBD0
:104260000200498700002DE9F0418CB0002405468A
:104270000B460094104940F2A55205A806F021FE15
:1042800005F110064FF4F07801274FF4F072314633
:1042900005A806F020FECDE901680097A2B2686883
:1042A000F0230021013400F049FCF02CEDD10CB0DA
:1042B000BDE8F08100BF57E002004FF6FF71FFF745
:1042C000D2BF2DE9F04300F1100707EE101A85B0B8
:1042D000064600F5F8713B46994229D1DFED167A82
:1042E000B8EE477ADC2527EE277ADFED137AB4EEB5
:1042F000E77AF1EE10FAD8BFF0EE477AFCEEE77AF3
:104300004FF0010817EE903A9CB24FEA4409CDE90C
:104310000179CDF800802A460135706823460021D6
:10432000ADB200F00BFCF02DF1D105B0BDE8F0838B
:1043300003F8012BD0E79A991940000070431FB58C
:104340000446C822C0680DF10F011DF092F828B193
:104350009DF80F30032B26D00B2B30D0A3689A7812
:10436000FAB1D3ED026A93ED017ADB68022B29D012
:10437000032B2BD0012B14D1B8EE477AF8EE666AE6
:104380004FF6FF72C6EE877A9FED127A67EE877A54
:10439000FCEEE77ACDED017A9DF804102046FFF798
:1043A00090FF04B010BDA06801F075FF20B1FF219F
:1043B0002046FFF758FFD1E74FF6FF71F8E74FF4BB
:1043C000FC61F5E74EF207026421E7E7FF22FBE715
:1043D00000BF0000C84210B50446FFF76EFF20463C
:1043E000FFF7ADFFFBE71FB500238DF80710C0688E
:1043F000039303AA0DF107011CF0E2FF039B43B1F5
:10440000064B4FF080525A6040BFBFF34F8FBFF34F
:104410006F8F05B05DF804FB00BF00ED00E0704752
:104420007047704770470148092106F092BB580257
:10443000002007B5002300931A4603211DF0CFFE8C
:104440000348122103B05DF804EB06F082BB58026A
:1044500000200246034652F8080B904203D09968A8
:10446000013121F07DBA704710B58368044613B15D
:10447000032201469847204610BD10B5044600F5BA
:10448000F860FFF7E6FF04F5F560FFF7E2FF04F5DB
:10449000F260FFF7DEFF04F5B860FFF7DAFF04F51E
:1044A000B560FFF7D6FF04F5B260FFF7D2FF074B08
:1044B000C4F87C3304F56770FFF7D6FF054BC4F8EA
:1044C000E43204F53E70FFF7CFFF204610BDD8164A
:1044D0000300C4160300024A1368013313607047D7
:1044E00000BF50020020024A136801331360704776
:1044F00000BF4C02002030B51C2885B006D11448FE
:10450000082105B0BDE8304006F023BB0024132885
:10451000039419D1032915D10F4B1D681DF0BFFA63
:1045200003AB02460094062128461DF058FE039B6B
:1045300043B1094B4FF080525A6040BFBFF34F8FD9
:10454000BFF36F8F05B030BD0D28FBD1044BE4E7FE
:1045500000BF580200203018002000ED00E03418A1
:10456000002010B5154CD4F80433580609D5D4F8FA
:104570001831012B05D100231148C4F8183100F07F
:104580002CFDD4F80433190309D5D4F84C31012B90
:1045900005D100230A48C4F84C3100F006FD064B53
:1045A000D3F80423920706D5D3F80421012A04BFC7
:1045B0000022C3F8042110BD00BF00300040E818FD
:1045C0000020014B1B68184700BF48020020014B28
:1045D0001B68184700BF44020020014B1B681847A6
:1045E00000BF40020020054B002282B0C3F800212A
:1045F000D3F800310193019B02B0704700BF000067
:1046000001400B2808D00D2804D0012801D1034B0C
:1046100019607047034BFBE7034BF9E700BF480203
:1046200000204402002040020020EFF3108072B608
:1046300000F00100704700B962B670470000004802
:1046400070473C02002010B5044C4FF0FF3120466B
:1046500007F073FA43689847F7E73C02002008B573
:10466000FFF7F1FF000008B50022042120201CF014
:10467000DCFD0C4B186019F088FB07F0E8FD11F029
:10468000EEF90021052019F004FA4FF4004018F06B
:104690004EFC11F0CEFD11F086FABDE8084002484C
:1046A00007F01DBA00BF3C020020D189000011F0C4
:1046B00028BD73B54FF080440123C4F878351BF052
:1046C00028FF00201BF03DFF1BF0C1FFD4F8183479
:1046D000DB03FBD54FF0A04540F203632A4EC5F83B
:1046E0001C378023C5F80835102446F00106D5F89C
:1046F0000435DA4302F0800203F08003C5F8082590
:104700004FF4A070C5F80C35013CB04714F0FF041D
:10471000EDD10223C5F81C371C4B009322462346DB
:104720000A211A481B4D1B4E1DF03FFD1B4B186004
:104730001B4B009322462346C82119481DF035FD26
:10474000194B1860194BD3F84005FFF74CFD2B6847
:10475000B34210D1164B1648D3E9002301F055FEA1
:10476000154805F0FAFEFFF77EFF1DF05CF90F20FB
:104770001DF072FEFBE71048114A2146121A22F082
:1047800070F92E60ECE700E6020099870000D3DBA9
:104790000200A84A00200000ADDE34180020A587E2
:1047A0000000E1DB02003018002000A00040A04A19
:1047B00000201013002058020020A04A0020AC4A1C
:1047C00000202DE9F04F674B684C18689B8895B026
:1047D00012AA129000216548ADF84C3000F0F0FAB2
:1047E00063496348192200F056FD1A236149614864
:1047F000122200F022F905225D495F4800F04BFDCE
:104800005E495E4800F0B1F9072300934FF0C4629F
:1048100006234FF040215A4806F0CAF95949594831
:10482000152205F00CFC56495848182200F05BFE92
:1048300054495648442200F0ACFD554801F035FC7F
:10484000554B524955484FF480721A800025534AFF
:104850009D70C3E90155DD60DD6106F078FB4749D5
:10486000504806F0DAFF4E494F4805F0A8FA4D4986
:104870004E4801F01CFE23464FF0050A03F8045B86
:1048800018466522002122F0ECF8BAF1010A03462D
:10489000856680F86C5080F86D5003F17003EFD19D
:1048A000DFF80081414E414F424DDFF8289184F8F6
:1048B0003CA20423424631463846C4E98D3A05F00D
:1048C000DAFA3C49C5F80CA00123C5E901AA2B740A
:1048D000C9F800A0A9F808A0CDE9087137490791E7
:1048E0003749DFF898A0DFF8B4B006912E48344974
:1048F000059028480090CDE90161CDE90B8ACDE90A
:10490000034B234B204A1B490A952E48FFF787FC8F
:1049100022490D911D490991284908911C49294BAB
:1049200021480A90CDE9064126491A48164A0290C4
:10493000CDE90BB3174B0193CDE904710092104BF5
:104940000B49CDF83880524603961F48CDE90F59E0
:1049500005F0B5FD1E4A1E491C4815B0BDE8F04FD4
:1049600020F0F9BF00BF06E60200C8100020E818DA
:104970000020E0180020CC180020C4180020BC182B
:104980000020941800208C180020401800203818AF
:104990000020201800200018002070140020F017BC
:1049A0000020A413002068130020101300203010F2
:1049B00000201C1000201000002058100020601360
:1049C000002008130020200E0020580200200000C4
:1049D0000020ED87000010100020012A02D10160A4
:1049E00000207047022A05D0032AF9D0002AF7D107
:1049F0000260F5E70B780370F2E7012A02D101604B
:104A000000207047022A05D0032AF9D0002AF7D1E6
:104A10000260F5E70B780370F2E702780123934018
:104A20004FF0A042C2F80C35704702780123934042
:104A30004FF0A042C2F80835704710B5437100230B
:104A400001600271837110BD006800F033BC1FB5B6
:104A50000023CDE90033074B0393074B04790293FE
:104A60006B468DF80040FFF7EFFF6846FFF7FCFC50
:104A700004B010BD00BF9D8D00006D8D00001FB5FE
:104A80000023CDE90033074B0393074B04790293CE
:104A90006B468DF80040FFF7D7FF6846FFF7E4FC50
:104AA00004B010BD00BF8D8D00004D8D000007B516
:104AB00001228DF807100DF10701FFF7E0FF03B0A9
:104AC0005DF804FBF7B504461E460F462A2115463D
:104AD0007FBAFFF7ECFF76BA042269462046ADF8AC
:104AE0000070ADF80260FFF7B2FF20462B21FFF700
:104AF000DEFF6DBABDF82030ADF80450042204F199
:104B00000C055BBA0DEB02012846ADF8063022F029
:104B100006FF042229462046FFF799FF03B0F0BDA7
:104B200070B504460D4616462C21FFF7C0FF3246ED
:104B300029462046BDE87040FFF789BFF7B5BDF8AC
:104B40002040013C1444013B0B44A4B2DDE9096759
:104B500000949BB20546FFF7B5FF3A46314628461A
:104B600003B0BDE8F040FFF7DBBF00220160027137
:104B70004271827170477FB5B9238DF807300023E9
:104B8000CDE90233CDE90433006802AB01220DF117
:104B9000070100F08FFB049B1BB102A9032208460A
:104BA000984707B05DF804FB10B586B09F238DF8D9
:104BB0000F3003230093002404AB01220DF10F01F9
:104BC0000068ADF810408DF8124000F07EFB049BA9
:104BD0002046DAB262F30700C3F3072262F30F2024
:104BE000C3F3074363F3174006B010BD10B5044686
:104BF000FFF7DAFFC0F307232071C0F307406371AA
:104C0000A07110BD00001FB50D4B039300238DF85C
:104C10000B300123009304460DF10B03042203A97A
:104C2000006800F052FB2046FFF7BEFFC0F30723E9
:104C30002071C0F307406371A07104B010BDAB01D7
:104C400002031FB50122009205238DF80E300DF1ED
:104C50000E010DF10F03006800F037FB9DF80F0007
:104C600005B05DF804FB08B5FFF7EBFF00F00100AD
:104C700008BD08B5FFF7E5FFC0F3400008BD1FB54C
:104C8000032400938DF80C400C0C49BAADF80E10BB
:104C9000134603A9042200688DF80D4000F015FBAF
:104CA00004B010BD1FB506238DF80F30002300930C
:104CB00001220DF10F01006800F007FB05B05DF85F
:104CC00004FB1FB520238DF80C300B0C49BA0446A9
:104CD0008DF80D30ADF80E10FFF7E4FF2046FFF71A
:104CE000C8FF60B1002300932068042203A900F0EC
:104CF000ECFA2046FFF7B7FF28B904B010BD012039
:104D00001CF0BDFFEAE701201CF0B9FFF1E71FB579
:104D1000012200922B238DF80E300DF10E010DF1C2
:104D20000F03006800F0D1FA9DF80F0005B05DF8A0
:104D300004FB08B5FFF7EBFFC0F3401008BD08B552
:104D4000FFF7E5FFC0F3801008BD2DE9F0430746EB
:104D500085B00D4690461E464FF0020916B905B0C3
:104D6000BDE8F08325F0FF04641B04F580742B0C70
:104D7000B4428DF80D3038466BBA28BF34468DF8F2
:104D80000C90ADF80E30FFF78DFF3846FFF771FF3E
:104D900070B1009438684346042203A900F0A1FAD8
:104DA0003846FFF760FF38B92544A044361BD5E7E5
:104DB00001201CF064FFE8E701201CF060FFEFE732
:104DC00041711168928842810022C260C0F80610C9
:104DD0000261426102767047000010B541690446E5
:104DE00021B9032201201CF020FA6061617A4FF0A2
:104DF000A043012202FA01F1C3F80815617A01F516
:104E0000E071032043F82100A17A8A40C3F80C2501
:104E1000A27A02F5E072002143F82200E27A02F55C
:104E2000E07243F8221063791BB1012B22D00020DD
:104E300010BD2A4B627A2360C3F808252368A27A42
:104E4000C3F80C252368E27AC3F81025237A002BD7
:104E5000EDD123684FF00042C3F82425A3790BB1AC
:104E6000012BE4D1E1791A460329E0D8DFE801F00B
:104E7000070531344FF04023DCE743F0020223689A
:104E8000C3F8542522680023C2F810312268C2F802
:104E900020312268C2F8183122684021C2F8041378
:104EA00022680220C2F8040322684FF40020C2F8EE
:104EB000040322680720C2F80005094A82F8031398
:104EC0000821116060691A4619461CF0D2F90120C8
:104ED000AEE743F00402D2E743F00602CFE700302A
:104EE000004000E100E037B50368D3F808551B4BDC
:104EF0001A88ADF80420027E9B788DF806300446AF
:104F0000BAB901A928461BF098FC08B11DF0A4FA13
:104F1000002128461BF007FD28461BF09EFD236854
:104F20005A690F4BC3F81005C3F814250122C3F8C2
:104F3000042523680022C3F8182123684022C3F8FF
:104F4000082323680222C3F8082323684FF40022B1
:104F5000C3F808230123237603B030BD00BF0CE65D
:104F6000020000F0014010B504460368D3F80805BC
:104F7000237E2BB11BF03BFD0B4B0122C3F8082510
:104F800022680023C2F8183122684021C2F80413B5
:104F900022680221C2F8041322684FF40021C2F8EB
:104FA0000413237610BD00F0014070470368C3F876
:104FB00044150368C3F8482502680023C2F8503539
:104FC0000268C2F834350268C2F838350268C2F89F
:104FD00040350268C2F81831704737B5C3688BB1E5
:104FE00005698DB1FF2D28BFFF252A46C168FFF74F
:104FF000DDFFC3682B44C36003695B1B0361036867
:1050000001221A6103B030BD017901238B404FF0BA
:10501000A041C1F80835C56001A9406901951CF09F
:1050200000FA019B002BEDD0054B4FF080525A60E7
:1050300040BFBFF34F8FBFF36F8FE3E700BF00EDBB
:1050400000E010B504680023C4F844350468C4F8CF
:1050500048350468C4F850350468C4F8341501684C
:10506000C1F838250268C2F840350268C2F8183124
:1050700010BD2DE9F041069F044688461E461546A0
:10508000002A4BD040694FF0FF311CF06CFA012E22
:1050900084F80480204626D1FFF725FFBB6813B1B2
:1050A000FB6838469847237901274FF0A04207FA5A
:1050B00003F3C2F80C35E56026612569E168FF2D30
:1050C00028BFFF252A462046FFF770FF23695B1B98
:1050D0002361E3682B44E3602368BE421F6105D06F
:1050E0000120BDE8F081FFF73EFFD7E72268D2F844
:1050F0001831002BFBD02279012393404FF0A042BE
:105100000025C2F808352046E560FFF72CFF6069EE
:105110002B462A4629461CF0ACF8E1E71046E0E7AA
:10512000F8B504460F4640694FF0FF3115461E465C
:105130001CF019FA27712046FFF715FF236840225B
:10514000C3F8082323680222C3F8082323684FF416
:105150000022C3F80823237901274FF0A04207FA61
:1051600003F3C2F80C350023E3603246236129467D
:105170002046FFF71BFF23681F612268D2F8183111
:10518000002BFBD0DDE906122046FFF75AFF23680B
:1051900001221A612268D2F81831002BFBD0237942
:1051A00001254FF0A04205FA03F3C2F808350023A9
:1051B00060691A4619461CF05CF82846F8BD0021C3
:1051C0000368D3F8002592B9427A4FF0A04302F564
:1051D000E072022143F82210827A02F5E07243F86D
:1051E0002210C27A02F5E07243F822107047C3F829
:1051F0000015E5E7FFF7F1BDF8B504460F46406935
:105200004FF0FF3115461E461CF0ADF927712046C0
:10521000FFF7A9FE23684022C3F80823236802226F
:10522000C3F8082323684FF40022C3F80823237926
:1052300001274FF0A04207FA03F3C2F80C35002310
:10524000E3603246236129462046FFF7AFFE23681C
:105250001F612268D2F81831002BFBD0DDE906125D
:105260002046FFF7A3FE236801221A612268D2F8C4
:105270001831002BFBD0237901254FF0A04205FA0D
:1052800003F3C2F80835002360691A4619461BF07B
:10529000F0FF2846F8BD10B5016002F5E0734FF04D
:1052A000A0410324027141F8234001239340C1F837
:1052B000083510BD07B5009313460A46017900680A
:1052C000FFF7D7FE03B05DF804FB13B5049CCDE9EE
:1052D000003413460A4601790068FFF721FF02B047
:1052E00010BD13B5049CCDE9003413460A4601797C
:1052F0000068FFF781FF02B010BD10B5C9031B4C59
:105300001A430139C4F80C25C4F80415D4F808353B
:105310004FF0804243F00103C4F80835D2F800345E
:105320004FF0FF31C2F80014DA0712D49C0712D4F0
:10533000590712D41A0712D4DC0312D4990312D4D9
:105340005A0312D413F4002F14BF07230823036059
:1053500010BD0023FBE70123F9E70223F7E703234E
:10536000F5E70423F3E70523F1E70623EFE7000061
:105370000140014B01221A60704700000140024BBE
:10538000034AC3F80026704700BF000001403546BD
:10539000526E0160027170477FB508220092017958
:1053A000006804AB05F023FD9DF817209DF811104F
:1053B0009DF810009DF8153002F00F0242EA01221C
:1053C000C0009DF8121040EAC3209DF81630090174
:1053D000C9B203F0070303430A43002062F30F003E
:1053E0009BB263F31F4007B05DF804FB1FB50123B8
:1053F00000938DF80F200DF10F030A460179006824
:1054000005F023FD05B05DF804FB1FB501230093F3
:105410000A460DF10F030179006805F0E8FC9DF8DC
:105420000F0005B05DF804FB10B501210446FFF73D
:10543000ECFF60F07F02D2B220460121FFF7D6FFD9
:1054400020462F22BDE810400C21FFF7CFBF10B53A
:1054500001210446FFF7D9FF012100F07F02204619
:10546000FFF7C4FF20460022BDE810400C21FFF7E3
:10547000BDBF38B54FF0A0430025C3F878570446A8
:10548000FFF7E5FF64201CF0FAFB204650220121C3
:10549000FFF7ACFF20462F220C21FFF7A7FF204685
:1054A00077221621FFF7A2FF2A4620461721BDE8E2
:1054B0003840FFF79BBF20B1034B800143F001034D
:1054C0001847704700BF20E6020038B5054D044676
:1054D00045F001054FF47A40A847013CFAD138BDA8
:1054E00000BF20E6020002710022C0E9102282877C
:1054F00080F83E20826401220160027405494275F1
:10550000054A816202630449C1621022C06082833D
:105510007047A798000029980000D198000007B5AF
:10552000009313460A460179006805F060FC03B059
:105530005DF804FB10B50446184613460A4621469A
:10554000FFF7EDFF002010BD07B5009313460A4694
:105550000179006805F079FC03B05DF804FB10B533
:105560000446184613460A462146FFF7EDFF002081
:1055700010BD2DE9FF4191F83C3004460D464BB972
:105580004A6C01324A64C4E90033A360204604B087
:10559000BDE8F08101F10808414602A800F01CFBBB
:1055A00020B1AB6C0133AB640023ECE795F83B20F2
:1055B000BDF90860BDF90A70BDF90C500D4B0190A2
:1055C000414601A833F91230B602BF0296FBF3F64A
:1055D00097FBF3F736B23FB2AD0295FBF3F500F05F
:1055E00047FD2DB2019B2360A780E6802581CDE792
:1055F00000BF10E60200083000F011BD38B50023EE
:1056000000F10805044680F83D30284600F016FCFD
:1056100030B9012084F83D00BDE83840FFF755BFA0
:105620000A20FFF752FF284600F008FC0028F0D0BF
:1056300038BD38B5002380F83C30036C0133036477
:1056400090F83D30044633B104F10805284600F0D7
:1056500007FC38B138BDFFF7D1FF94F83D30002B7F
:10566000F2D1F7E7237A112B04D0132B31D084F831
:105670003E00EFE7012384F83E30284600F005FCA9
:105680000028E7D12946012000F0C0FB0028E1D125
:1056900001212A46084600F01CFC0028DAD12946E0
:1056A00000F08FFC0028D5D12946012000F089FBAD
:1056B0000028CFD120464FF4027340F8383F2946E6
:1056C00000F026FA0028C5D1012384F83C3020647C
:1056D000C0E70223CFE790F83E00704748B1036A65
:1056E0003BB1436A2BB14068B0FA80F040094042B8
:1056F00070474FF0FF30704770B5054618461C469E
:10570000FFF7ECFFB8B9B1B1237A0BB905F07F050B
:105710002846666A6368B0470546607270B994F8B7
:105720002E20A36A6168012A0CBF02204FF4E170A9
:105730009847284670BD4FF0FF35FAE76FF0010536
:10574000F7E72DE9F84F834600AF1846884615461F
:105750001C46FFF7C3FF40BB39B3E27A2A44D31D8E
:1057600023F00703E946ADEB030D237AEA460BB9B4
:105770004BF0800B266A636851465846B04760720A
:1057800088B16FF00100CD46BD46BDE8F88FE17AE3
:105790000AEB0306715C08F8031093B29D4202F114
:1057A0000102F4D8EFE70246F7E74FF0FF30EBE7EE
:1057B00013B5002304468DF806308DF80730FFF747
:1057C0008DFF48B9234601220DF106015B20FFF74A
:1057D000B8FF18B16FF0010002B010BD23460122DE
:1057E0000DF107015C20FFF7ACFF0028F2D19DF816
:1057F00006209DF8073002F00F0242EA0312A38A46
:1058000002EB530202F00F0312098DF806308DF8F7
:105810000720234601220DF106015B20FFF76CFFF4
:105820000028D9D1234601220DF107015C20FFF7A2
:1058300063FFD1E710B50446FFF750FF80B9234658
:10584000012204F117015B20FFF756FF40B9234600
:1058500004F118010122BDE810405C20FFF74CBFA5
:1058600010BD13B50023044608468DF80730FFF736
:1058700035FF78B974B10B4601220DF107017C2088
:1058800000F00BF820B99DF8073003F001032370F6
:1058900002B010BD4FF0FF30FAE72DE9F74F1D467B
:1058A0000746002328468DF80730FFF717FF0E46FE
:1058B00014468146002874D1002972D05E2F69D128
:1058C00029460DF10700FFF7CCFF9DF80780B8F1DE
:1058D000010F074609D12946484600F068F8AB6A2F
:1058E000696807464FF4E170984714F001095BD1ED
:1058F000AB7DA34258D3002F56D1AF8AA74242D2E4
:10590000B4FBF7FA2846FFF795FF07FB1A47CB468B
:1059100004465FFA89F39A4520D847B1D4B92B469B
:105920003A4606EB0B015E20FFF70BFF04468CB9ED
:105930002846FFF77FFF044660B9B8F1010F09D18F
:105940002946404600F033F8AB6A696804464FF4D4
:10595000E1709847204603B0BDE8F08FAA8A2B4635
:1059600006EB0B015E20FFF7ECFE044640B928462B
:10597000FFF71EFF044618B9AB8A5B441FFA83FB8E
:1059800009F10109C5E72B46224631465E20FFF7A3
:10599000D8FED0E72B46384603B0BDE8F04FFFF7FE
:1059A000D0BE4FF0FF34D5E76FF00904D2E737B52A
:1059B0000023054608460C468DF80730FFF78EFE9B
:1059C000C0B90B4601220DF107017C20FFF765FFEE
:1059D00080B99DF8073005F0010523F0010343EA83
:1059E00005008DF80700234601220DF107017C20F8
:1059F00000F002F803B030BD2DE9F04F1C4685B031
:105A00000746002320460E4615468DF80F30FFF757
:105A100065FE002876D1002974D05E2F6BD1214617
:105A20000DF10F00FFF71DFF9DF80FA0BAF1010F58
:105A3000074609D140B92146FFF7B9FFA36A61685B
:105A400007464FF4E170984715F001095DD1A37D39
:105A5000AB425AD3002F58D1B4F814B0AB4543D25F
:105A60002046FFF7E7FE034628BBB5FBFBF7C84619
:105A70005FFA89F2974222D80BFB17523AB1D3B999
:105A8000234606EB08015E20FFF736FE034693B976
:105A90002046FFF7CFFE034668B9BAF1010F0AD1DD
:105AA00021465046FFF783FFA26A019061684FF4D8
:105AB000E1709047019B184605B0BDE8F08F234682
:105AC000A28A06EB08015E20FFF716FE034640B9E6
:105AD0002046FFF76DFE034618B9A28A42441FFA1A
:105AE00082F809F10109C3E723462A4631465E20C0
:105AF000FFF702FECFE72346384605B0BDE8F04F7A
:105B0000FFF7FABD4FF0FF33D5E76FF00903D2E797
:105B100073B50023044608460E46ADF80430FFF77F
:105B2000DDFD60BB5CB3A5786378012D24D1022B29
:105B300028D82278511E0B2924D8ED0145EA0315F7
:105B40002A43E378D2B203F003038DF80420D2098C
:105B50008DF8053086F82E203346012201A9402019
:105B6000FFF74AFF30B9334601220DF1050141200C
:105B7000FFF742FF02B070BD25B9072BD8E74FF001
:105B8000FF30F7E76FF00700F4E713B50023044692
:105B90008DF806308DF80730FFF7A0FD0246B0B94A
:105BA000237ABBB90122E27223460DF10701FFF708
:105BB00074FE024658B9012223460DF10601002069
:105BC000FFF76BFE024610B99DF8063023701046B1
:105BD00002B010BDE072EEE7F7B5002306460846B6
:105BE0000F460093ADF80430FFF778FD00283AD156
:105BF000002E38D00B46062269461220FFF74DFED4
:105C0000E0B9BDF90050BDF90240BDF9042035806E
:105C10007480B2803B7B0C2B12D1002DB8BF0F35A6
:105C2000002CB8BF0F34002A4FEA25154FEA241480
:105C3000B8BF0F32358074801211B28003B0F0BD4E
:105C40000E2BFBD1002DB8BF0335002CB8BF033499
:105C5000002A4FEAA5054FEAA404B8BF03323580F5
:105C600074809210E9E74FF0FF30E7E70000F7B5E6
:105C70000546294600208DF804008DF80500FFF741
:105C800096FEAB6A696804464FF4E17098474CB9D8
:105C90002B46012201A95920FFF7AEFE0446002839
:105CA00000F08780204603B0F0BD73092F698DF89E
:105CB00006302846C6F3430337448DF80730FFF714
:105CC0000DFD002872D1002F70D02B4601220DF15E
:105CD00007015B20FFF790FE044678B92B460122AE
:105CE0000DF106015C20FFF787FE044630B9AA8A51
:105CF0002B4639465E20FFF7FFFC0446AB8A33444F
:105D00009EB2AB8DB342D0D8002CCBD101262B460E
:105D1000324601A959208DF80460FFF76DFE044654
:105D20000028BFD1AB6A69682548984732462B46A0
:105D30000DF105012A20FFF7B0FD9DF8056006F082
:105D40000F068DF8056004460028ABD1012E32D134
:105D500029463046FFF72BFE04460028A2D18DF8D5
:105D600006008DF807002846FFF7B8FC0446002817
:105D700098D12B4632460DF106015B20FFF7E1FC7E
:105D8000044600288ED12B4632460DF107015C20D7
:105D9000FFF7D7FC0446002884D19DF8063003F0B5
:105DA0000F03EB759DF807302B767BE74FF0FF3440
:105DB000A4E70646A5E76FF0040473E700BFF049C7
:105DC000020037B50023044608460D468DF807301B
:105DD000FFF784FCC0B90B4601220DF107017D20BD
:105DE000FFF75BFD80B99DF80730A40023F00403A2
:105DF00004F004041C4301222B460DF107017D2011
:105E00008DF80740FFF7F8FD03B030BD07B58DF8FA
:105E100007000846FFF762FC50B99DF80730012BD8
:105E200009D80B4601220DF107015520FFF7E4FDCB
:105E300003B05DF804FB6FF00700F9E707B5B62380
:105E400002468DF80730FFF749FC30B913460DF1D3
:105E5000070101227E20FFF7CFFD03B05DF804FBB0
:105E600010B50446FFF791FE70B9237803F0FD03E7
:105E7000112B01BF0C2323734623A37506BF4FF4D8
:105E8000C053A3856FF0030010BDA8B1027802F0E3
:105E9000FD03112B13D1838A991E442912D8D907E7
:105EA00044BF03F1FF3383820849084B112A08BF1E
:105EB0000B460361FFF7DBBE4FF0FF3070476FF01A
:105EC000030070476FF00900704726E6020026FEC7
:105ED000020070B592B0154604460E4646220021D7
:105EE000684620F0BEFD002D65D02B7803F0FD0341
:105EF000112B63D12B46462269465E20FFF7CDFC6D
:105F0000A0BB012E04F0010304F0020004F0040120
:105F100004F0080204F010042AD12BB19DF83B30A4
:105F200043F010038DF83B3028B19DF83B3043F02F
:105F300020038DF83B3029B19DF8403043F0010338
:105F40008DF840302AB19DF83C3043F001038DF8C4
:105F50003C302CB19DF83E3043F001038DF83E30CB
:105F60002B46462269465E20FFF746FD12B070BD03
:105F70002BB19DF83B3023F010038DF83B3028B156
:105F80009DF83B3023F020038DF83B3029B19DF87C
:105F9000403023F001038DF840302AB19DF83C30A9
:105FA00023F001038DF83C30002CD9D09DF83E3011
:105FB00023F00103D2E74FF0FF30D7E76FF0030083
:105FC000D4E730B593B00D4604464622002168461A
:105FD00020F047FDEDB12B7803F0FD03112B1BD111
:105FE0002B46462269465E20FFF757FC78B99DF89C
:105FF0003B20E40022F0080204F0080422438DF85C
:106000003B202B46462269465E20FFF7F5FC13B085
:1060100030BD4FF0FF30FAE76FF00300F7E710B53F
:1060200092B0044646220021684620F01AFDCCB109
:10603000237803F0FD03112B17D12346462269462E
:106040005E20FFF72AFC58B99DF83B3043F004036B
:106050008DF83B304622234669465E20FFF7CCFC94
:1060600012B010BD4FF0FF30FAE76FF00300F7E712
:1060700013B50023019304460B4679B10A7802F068
:10608000FD02112A0DD104220DEB02011E20FFF7A3
:1060900004FC08B9019B236002B010BD4FF0FF3033
:1060A000FAE76FF00300F7E70000012101814FF0EC
:1060B000A0430449002242804260C2600860C3F8E5
:1060C0003027704700BF201900204FF0A041D1F8C1
:1060D00010256FEA123303F001038371D1F8101514
:1060E0006FEAD14303F001030903C37104D4D3045D
:1060F00001D50123437170470023FBE7000030B551
:10610000114D114985B004462868009068461AF080
:106110002EFE08B11CF0A0F90D4A68685168127A89
:1061200001AB03C301A900201A701AF068FE08B180
:106130001CF092F9012120461AF0BFFE08B11CF0B4
:106140008BF905B030BD26160300F5A500002A1610
:10615000030010B5FFF7B9FF437A3BB9012343723F
:10616000FFF7CDFFBDE810401AF0F7BE10BDF0B547
:10617000044640480368BFF35B8FDB0787B00D46DA
:106180001DD41FF0EFFBD0B13C4B6E4603F1180C51
:10619000324618685968374603C7083363453E4698
:1061A000F7D1364E06AF134603CBBB423060716069
:1061B0001A4606F10806F6D12F481FF0DFFB2B78B0
:1061C00073BB012120461AF078FE08B11CF044F997
:1061D0006B681B884FF4965213FB02F3002BB8BF79
:1061E00003F2FF3362799912C3F38F236380002A8D
:1061F00035D1224802889A4214D38278A379C3F118
:106200006403DBB2934228BF1346E179227941B39C
:10621000934228D8227A32BB1AF019FF0023637206
:1062200007B0F0BD012230F82250AB4200EB8206ED
:1062300010D2013A00EB820330F822009B78B2784A
:1062400089B2D21A091A51432D1A91FBF5F15A1845
:10625000D2B2D3E70132062AE5D1827DCEE76423AC
:10626000D3E79342D6D20022E0682272237116212E
:1062700004F06FFCD0E7041900203416030008195D
:106280000020024B01461868FFF771BF00BF2019BC
:106290000020C16070470078704701230370704789
:1062A00000230370704740787047012343707047A4
:1062B000002343707047012383707047002383706D
:1062C0007047416070478160704710B503785A1C71
:1062D000027081F86C30012381F86D30BFF35B8F61
:1062E00080F83C320446BFF35B8FD0F8340288B1AB
:1062F00001387023C4F8340203FB00406E220430DE
:1063000021F00DFBD4F83832042B9CBF0133C4F8C4
:10631000383210BD0420ECE780F8241080F82520E6
:10632000704700000000F7B5C36A8B42044686BF81
:1063300001F18070C31ACB1AB3F5806F4FEA932531
:1063400001D2002A4DD0C3F30903994238BF01F1AD
:106350008071CB1AD4E90C01E3622A4BE5FB0301FF
:10636000D4E90E325B1942F10002C4E90E32C4E9ED
:106370000C0122A3D3E9002323F03DF8CDE900016D
:10638000684620F076FB05460FCD26460FC60FCD9A
:106390000FC62B6833602379257A00271BBB94F83E
:1063A00041303BB9606C012384F8413010B11021B9
:1063B00004F0CFFB94F842303BB9606C012384F8C1
:1063C000423010B1112104F0C4FB9DB994F8403063
:1063D0003BB9606C012384F8403010B10F2104F008
:1063E000B8FB03B0F0BD1E2B84F84170E2D084F8F6
:1063F0004270EAE7002384F84030F2E700BF00CAA9
:106400009A3B0000000000CA9A3B70B504461D4646
:1064100016464FF0FF31806A1BF0A5F8E16A20466E
:10642000C4E90C650122FFF77EFF0023A06A1A462B
:10643000BDE8704019461AF01CBF30B58BB0044659
:106440009DF8400001909DF83C0002909DF83800B6
:10645000A1F26C71CDE903030025013A0691A06A0F
:1064600005924FF0FF310991CDE907551BF07BF8FC
:1064700001A820F0E0FC0C4AA0FB020302FB013360
:10648000C4E90C03E16A01222046FFF74CFFA06A31
:106490002B462A4629461AF0ECFE606C10B1022108
:1064A00004F057FB0BB030BD00BF00CA9A3B7FB56C
:1064B0000022002300250126C0E90C23C0E90E2399
:1064C0004FF480730446C0E91151C0E90A55858430
:1064D000A0F8403080F8426030461AF04AFF2B4660
:1064E0002A462946A0621AF0C4FE2046CDE901558D
:1064F00000953346324640F2E971FFF79EFF204691
:1065000004B070BD000038B50C4605464FF0FF31B1
:10651000A06A1BF028F8094B2046D3F80415002286
:10652000FFF701FF00231946A06A1A461AF0A1FEE0
:10653000D4E90C23C5E90023284638BD00BF00106C
:106540000140416470472DE9F84347F6FF7905465D
:106550005001DFF870804845A8BF48464045B8BFA5
:10656000404600B20F461E4605F0B7FA04466801E1
:106570004845A8BF48464045B8BF404600B205F070
:10658000ACFA002FA2B280B205DA002E0FDA801A20
:1065900000B2BDE8F883002E12DA104480B2002D5C
:1065A000BABFC0F57F404C30C0F1B400F0E7024400
:1065B00092B2002DB4BF02F1B400A2F1B400E7E73B
:1065C000101AE5E700BF0180FFFF2DE9F74F8C6B44
:1065D000CE6C0F6EA31D04F108090193002304F192
:1065E000010B361BCA469E4698461A461D469C46D7
:1065F0003C1B0AF0070701EB47073F8D67440FFA82
:1066000087FC06EB0A0707F0070701EB4707BF8F78
:106610002F443DB204EB0A0707F0070701EB4707D9
:106620000AF1FF3AB7F8507017443AB20BF0070777
:1066300001EB47073F8D47440FFA87F806EB0B073E
:1066400007F0070701EB4707BF8F77440FFA87FE74
:1066500004EB0B0707F0070701EB47070BF1010BF2
:10666000B7F850701F443BB2019F5745C1D103EBAF
:10667000D3735B100CEBDC7C05EBD57502EBD272AF
:1066800008EBD8780EEBDE7E4FEA6E0E4CF34F0C23
:1066900045F34F0542F34F0A4FEA68084381002350
:1066A000A0F808E0A0F800C04580A0F804A0A0F879
:1066B00006801F469E4609F0070801EB4808019A2C
:1066C000B8F92880A8EB0C0808FB08EE06EB0908CF
:1066D00008F0070801EB4808B8F93C80A8EB05086A
:1066E00008FB087704EB090808F0070801EB4808E5
:1066F00009F1FF39B8F950804A45A8EB0A0808FBB0
:106700000833D8D14FEA5E027F085B08C260076198
:10671000436103B0BDE8F08F10B50446B0F9100036
:1067200020F01AF8B0F5C07F0CDC236AB3F5446F93
:1067300008D8B4F9120010F5357F05DA636AB3F5AD
:10674000446F04D900200FE010F13F0FFADAB4F9DA
:106750001A30B4F91820B4F91410FFF7F4FE10F150
:106760002D0FACBF0020012010BD10B50446B0F9BC
:106770001000B0F55E7F2DDAB4F9100010F55E7FE1
:1067800009DCB4F91A30B4F91620B4F91410FFF783
:10679000DAFE1E3028DBB4F91200B0F5357F25DBB8
:1067A000B4F91A30B4F91820B4F91410FFF7CBFE7D
:1067B0001D281BDDE26CD31C083203F0070104EB3B
:1067C0004101B1F93C10B1F5847F0FDD01339A42EC
:1067D000F3D109E0B4F91A30B4F91620B4F9141061
:1067E000FFF7B1FE1E28C7DD012000E0002010BD2C
:1067F000012903D08B1E59425941490081667047D7
:106800002DE9F041069F0C4615461E464FB100F09B
:10681000D4FC069733462A462146BDE8F04100F0F5
:10682000D0BCBDE8F0812DE9F04788B01F46DDF807
:1068300040A00368534504468846914604D0C06E84
:1068400010B1514603F04AFAE06EF8B1A36B03F0C1
:10685000070304EB4303B3F92830434511D1E36C3C
:1068600003F0070304EB4303B3F93C304B4508D175
:10687000236E03F0070304EB4303B3F95030BB422C
:1068800004D03B464A46414603F048FAE368A36019
:106890001BF0FFF8A56BE060013505F0070504EB80
:1068A0004503A563A3F82880E06C013000F00700E1
:1068B00004EB4002E064A2F83C90266E013606F03C
:1068C00007060730266604EB460100F0070007368E
:1068D00004EB400006F00706A1F8507004EB4606F2
:1068E000B0F93C10B2F93C20B6F95000B3F92830A9
:1068F000073505F00705521A04EB450502EBD27285
:10690000381A00EB6200B5F928209B1A48BF033300
:1069100000EBA3001FF020FFD4E90235626EED1AF0
:106920006423052143439200B3FBF5F392FBF1F29C
:1069300093FBF1F3134402A863662146FFF745FE7B
:106940008446BCE80F0004F110060FC69CE8030063
:106950004A4686E803003B46009541462046FFF73D
:106960004FFF2368C4F800A0AAEB0303002BC2BFAB
:106970006268D218626008B0BDE8F087000010B508
:10698000DFED217A20EE270A2DED028BC0EE208A62
:10699000002343618361C36103620446B0EE680A69
:1069A0001FF0B9F8B0EE408AB0EE680A1FF07BF82D
:1069B000F7EE007AB6EE006AB0EE677AA8EE067AD5
:1069C0002046F0EE676A37EE075A77EEC07A70EE2F
:1069D000005AE8EE466A87EE856A87EE875AC5EE6A
:1069E000877A84ED006AC4ED037AF1EE667AC7EE29
:1069F000876A84ED015A84ED026AC4ED046ABDEC35
:106A0000028B10BD00BFDB0FC940B0EE407A9FED96
:106A10001D6A90ED070AF0EEC77AF4EE467AF1EEC1
:106A200010FA2ED8D0ED056AD0ED017AD0ED005ADB
:106A300090ED025A80ED057A66EEA77AE7EE257AA8
:106A4000D0ED065AC0ED066AE5EE257AD0ED035A80
:106A500090ED045AE5EEC07AD0ED085A80ED080AB0
:106A6000E5EE657AF0EEE75AF4EEC65A9FED076A56
:106A7000F1EE10FA88BFF0EE467AC0ED077AB0EE7C
:106A8000670A704700BFFFFF7F7F0000000010B55E
:106A9000F2EE040AB0EE000A0446FFF770FF002091
:106AA0000021C4E90A01002384F82430236320462E
:106AB00010BD38B5044615460AB9A06A38BD91ED37
:106AC000010AD1ED007A20EE000AA7EEA70AD1ED67
:106AD000027AA7EEA70A1EF0C4FFF7EE007A30EEA6
:106AE000670A2046B0EEC00AFFF78FFF94F8243003
:106AF000DFED157ACBB1D4E90A32B4EEE70A5B19BF
:106B000042F10002F1EE10FAC4E90A324FF000013E
:106B100008D5236B1D44C82D2563CED984F82410D5
:106B20002163CAE700232363C7E7B4EEE70AF1EE67
:106B300010FAF7DD226B1544C82D2563BDD901225B
:106B400084F82420EFE70AD7A33D30B5002380F86E
:106B500024300024002503630023C0E90A450362B2
:106B6000C3618361436130BD38B50023002504460D
:106B70000360436083600573F2EE040AB0EE000A1E
:106B80001030FFF7FCFEF2EE040AB0EE000A04F14A
:106B90003400FFF7F4FEF2EE040AB0EE000A04F14E
:106BA0005800FFF7ECFE00220023C4E9202384F8FC
:106BB0007C50C4F88850204638BD7FB503461AB9CA
:106BC000D3F8800004B070BD007B28B907C983E802
:106BD000070001221A73F3E71C4603F1100001AD10
:106BE00003F17C06B1EC010AD4ED007AA4EC010AB1
:106BF00030EE670AB0EEC00AFFF707FF2430B0425C
:106C0000A5EC010AEED193F87C409DED017ADFED11
:106C1000257AD3E9201064B35118B4EEE77A40F135
:106C20000000F1EE10FAC3E920104FF0000436D551
:106C30009DED027AB4EEE77AF1EE10FA2FD59DEDD4
:106C4000037AB4EEE77AF1EE10FA28D5D3F888107B
:106C50000A4442F63C018A4294BFC3F88820C3F834
:106C60008810B2F5967F84BF83F87C40C3F88840D3
:106C7000A6E7B4EEE77AF1EE10FA0DDC9DED027AAC
:106C8000B4EEE77AF1EE10FA06DC9DED037AB4EE8D
:106C9000E77AF1EE10FA02DD012283F87C2000226F
:106CA000C3F888208CE78FC2F53C30B50023002262
:106CB0000024002580F87C30C0F888300373C0E9D8
:106CC000204502604260826000F110037C30834204
:106CD00000D130BD1A62DA619A615A612433F6E755
:106CE000000038B50023002504460360436083603C
:106CF0000573F2EE040AB0EE000A1030FFF73FFE13
:106D0000F2EE040AB0EE000A04F13400FFF737FE99
:106D1000F2EE040AB0EE000A04F15800FFF72FFE6D
:106D2000064B84F87F501A889B78A4F87C2084F85E
:106D30007E30C4F88050204638BD4C160300F0B5B4
:106D4000034685B032B1007B38B907C983E8070034
:106D500001221A73002005B0F0BD01AC03F1100050
:106D600003F17C0726461D46B1EC010AD5ED007AF9
:106D7000A5EC010A30EE670AB0EEC00AFFF745FE47
:106D80002430B842A6EC010AEED100209FED1E7A15
:106D9000DFED1E6A03F17B0103F17E0601278446C5
:106DA00011F8015FF4EC017AFDB1F4EEE67AF1EE50
:106DB00010FA02DD81F800C02846B142F0D193F804
:106DC0007F10C9B1D3F880100A4442F2A6718A42FA
:106DD00094BFC3F88020C3F88010962ABAD9002245
:106DE00083F87F20C3F88020B4E7F4EEC77AF1EE91
:106DF00010FA48BF0F70E0E70028ABD0012283F8FB
:106E00007F20A8E700BF0AD7233CCDCC4C3D0D4BDB
:106E100000F17C0219889B78A0F87C109370002305
:106E200080F87F30C0F88030037300230360436034
:106E300083601030904200D170470362C361836168
:106E400043612430F6E74C16030010B50446FFF703
:106E50001EFE04F13800FFF787FE04F1C800FFF7BB
:106E600040FF204610BDF8B50D46164604461A46AA
:106E7000314628461F46FFF71CFE3A462060314641
:106E800005F13800FFF799FE3A466060314605F19A
:106E9000C800FFF754FF95F8243020720BB995F81D
:106EA000B43063722046F8BD08B5FFF74EFE0146C8
:106EB0003830FFF7FAFEBDE8084001F1C800FFF7DF
:106EC000A6BF0A68027010B5140A4470140C120EA2
:106ED000C2704A688470140A02714471140C120E54
:106EE000C2718A688471140A02724472140C120E00
:106EF000C2720A7B8472003A18BF012202734A7B75
:106F0000003A18BF01224273B1F90E208273C2F316
:106F10000722C273B1F910200274C2F3072242742F
:106F2000B1F912208274C2F30722C27410BD38B5C1
:106F30000546044645F8041B3022002128461FF070
:106F400090FD104B6360104BC4E902341223A382FE
:106F500004F15403A3612022002104F134001FF046
:106F600080FD0123002184F83430084BA36325649D
:106F7000A4F8541084F85610142204F158001FF09D
:106F800070FD204638BD4F1603004FB30000601659
:106F9000030010B500F13404204609F0BAFF20B90F
:106FA0002046BDE8104009F090BF10BD10B5B0F804
:106FB00054308B4286B014460ED100F15801684619
:106FC000FFF77FFF60681622694616F079F80028FF
:106FD00018BF112006B010BD0020FBE71846FFF7D0
:106FE000E5BFF0B50D46064600F158040F460FCD3B
:106FF0000FC42B682360BFF35B8F96F85630BFF346
:107000005B8F87B013B9002007B0F0BD306800F087
:1070100001FA431E9BB24FF6FD7293420446F2D82A
:1070200039466846FFF74DFF1621684605F027FFF1
:1070300002460028E7D0B6F8541020460AF04DFF6B
:1070400018B1C31F58425841DEE70120DCE7B0F811
:1070500054308B4206D1BFF35B8F012380F856304A
:10706000BFF35B8F7047B0F854308B4206D1BFF34B
:107070005B8F002380F85630BFF35B8F7047F8B505
:10708000124E3368F3B9114F124C3D68BFF35B8F5A
:1070900015F0010515D138461EF064FC88B1204674
:1070A000FFF7D3FE1C22294604F5AA70C4F85051FC
:1070B0001FF0D7FC002200233846C4E95C231EF0F1
:1070C0005DFC34603068F8BD00BFA01A00202419B0
:1070D000002028190020C0F85011FFF7E5BE70B558
:1070E00013460D46D0E95C21D21888B041F1000169
:1070F0000446C0E95C2101462A466846FFF7B3FE14
:10710000DDE9006307EE903AF8EE676ADFED297A71
:107110009DF808109DF8092084F85C1186EEA77A86
:10712000C4E9556384F85D212868C4F8640168687F
:10713000C4F86801A868C4F86C01D4F85001DFED08
:107140001D7A27EE277AB4EE677AF1EE10FAC8BFFF
:10715000B0EE677A84ED587A48B395ED007A0593DE
:1071600027EE277AD4F870418DF81810BDEEC77A53
:1071700003A917EE103A95ED017AADF81A3027EE13
:10718000277ACDE90346BDEEC77A8DF8192017EEB0
:10719000103A95ED027AADF81C3067EE277AFDEED5
:1071A000E77A17EE903AADF81E30FFF71AFF08B0F5
:1071B00070BD00BA5B4A0000C84200487047A41A7C
:1071C000002006EE901A07EE102A07EE903A1FB53F
:1071D0009FED0F6A069CF8EEE66AB8EEC77AF8EE05
:1071E000E77A66EE866A27EE067A67EE867ACDED56
:1071F000016A8DED027ACDED037A2CB1FFF73FFFE6
:10720000224601A9FFF76BFF04B010BD00BF0000CC
:10721000803A0048704718000020704770472DE9F9
:10722000F3471E460C9BDDF83CA0C0F810A00446B6
:10723000C0E90263C0E9001214300D460A9F04F54C
:10724000237900F090FE04F5E27000F0AEFB3146C9
:10725000484600F034FC04F549783A46294604F5DE
:107260002C7001F0B6FA3A462946404600F01BFD64
:10727000314604F5567001F076FA214604F5717036
:1072800001F065FB314604F5B56001F0BAFD04F587
:10729000D46002F004FB0B9904F2847001F0C7FE85
:1072A0003A46294604F2F47002F025FA0D9A214676
:1072B00004F6680002F001FC0E9A214604F6C400B0
:1072C00002F08FFC214604F63C10FFF730FE5246D8
:1072D000294604F6A81001F00AFF694604F6283092
:1072E000CDE9009802F086FA4FF6FF730021A4F86A
:1072F000363B84F8381B102204F639301FF0B1FBFE
:10730000204602B0BDE8F087000010B5B6B00446D4
:107310000A22002103A81FF0A4FB6022002106A876
:107320001FF09FFB602200211EA81FF09AFB40F275
:107330000223ADF80C3094F8383B0E2B40D82022B5
:10734000ADF80E2001332F22ADF8102084F8383B21
:1073500006238DF818301E4B1F490793BDF82030C7
:107360001E4825900B4040F201121343ADF8203027
:107370001B4B0B93BDF830300B401A438023ADF804
:1073800030208DF83A3020F0E8FA9DF899308DF8E9
:10739000980043F0010306A88DF8993008F011FA1F
:1073A0001EA808F01FFA0E4B0093019494F8340BBA
:1073B00003AB4FF4FA62002108F005F936B010BDB6
:1073C00040F26463ADF80E3040F27363ADF81030F4
:1073D000BEE77216030000FEFFFFF5DB0200761623
:1073E0000300E5BA000008B5002017F008FC024BC6
:1073F0001868BDE80840FFF788BFA81A0020B0F859
:10740000361B4FF6FF73994203D000F6283002F086
:1074100014BA7047B0F8360B70470A46B0F8361BFE
:107420004FF6FF73994203D000F2847001F04DBE15
:10743000704710B504464068FEF737FF6068FEF7F6
:107440002FFF002384F8383B2046BDE81040FFF7AB
:107450005CBF10B504464068FEF72AFF6068FEF77F
:107460001AFF48B1B4F8360B132108F002FA60682D
:10747000BDE81040FEF714BFBDE8104008F099B811
:1074800000002DE9F041ADF5687D0E4604464FF44D
:107490002072002148A81FF0E4FA2022002102A84F
:1074A0001FF0DFFA502200210AA81FF0DAFAD6F8FE
:1074B0000B00B6F80F20737C02900AA902A8ADF861
:1074C0000C208DF80E300CF0EEFA04F63938054633
:1074D000102241460AA81FF09AFA002866D010220E
:1074E0000AA9404620F01BFA2022002102A81FF022
:1074F000B8FA502200211EA81FF0B3FAD6F80B00EC
:10750000B6F80F20737C02901EA902A8ADF80C20DB
:107510008DF80E300CF0D0FA2D1847D120222946D4
:1075200002A81FF09EFAD6F80B00B6F80F20737C65
:10753000029001A90320ADF80C208DF80E300195C2
:107540000CF0D3FB48AE3746019BAB4232DC2068DF
:107550000E2103F0FEFA236893F8B43B002B32D0DF
:107560001F4A20694FF4817333A904F099F9054645
:10757000C0B950230AAA33A9206904F09AF950230C
:107580001EAA33A9206904F094F92069012301AAF5
:1075900033A904F08EF9019B2069AB4217DC33A9B3
:1075A00004F081F920680D2103F0D3FA0DF5687D10
:1075B000BDE8F081394602A88DF8123001350CF093
:1075C000A7FA5037C0E705201AF059FBC3E7324647
:1075D000102333A904F06DF901355036DBE700DCE8
:1075E000020070B50B788CB004460D46112B15D8EF
:1075F000DFE803F0173714141414141414094F5F40
:10760000B5147F1414AB4068FEF74DFE30B16068CE
:10761000FEF741FE10B92046FFF777FE00200CB0C0
:1076200070BD4B6893B100F5237000F057FA04F574
:10763000497000F084FB4FF6FF73A4F8363B606896
:10764000FEF72EFE002384F8383BE4E70B89A0F810
:10765000363B4068FEF721FE2068052103F079FAE9
:10766000DCE70B7A5A0702D50831FFF70AFF04F569
:10767000237000F033FA04F5497000F060FB4FF618
:10768000FF736068A4F8363BFEF705FE0028C5D0FE
:10769000D5E74B68002BC1D1288901A907F0A1FDCE
:1076A0009DF804305B07B9D501A92046FFF7E9FE34
:1076B000B4E70E79032EB1D11422002101A81FF0E6
:1076C000D0F98DF80460284E0EF0B3FEB042FBD81E
:1076D000274BB0FBF3F203FB120063680290D86102
:1076E0002068132103F035FAA88901A906F0A5FE48
:1076F00094E70B7A022B0FD1E98804F6680002F0B8
:1077000064FAE98804F6C40002F042FBE98804F652
:107710003C10FFF7A8FC81E74B7A03F00303022B30
:107720000FD1C98800F6680002F043FAE98804F630
:10773000C40002F017FBE98804F63C10FFF787FC51
:107740006CE7012B7FF46AAFD6E701A9A88807F0A0
:1077500048FD0DF10F000CF09BFA01205FE700F5EA
:10776000497000F0B4FA59E700BF7F3DF1FF404295
:107770000F000B4601461846FFF733BF000030B537
:10778000C1B000238DF80730224A04460123006966
:107790002BA904F085F8054670BB0146502202A8CB
:1077A0001FF05FF9502302AA2BA9206904F07EF88C
:1077B00002A80CF07DF95022294602A81FF051F9C9
:1077C000502302AA2BA9206904F070F802A80CF03B
:1077D00078F9206901230DF107022BA904F066F85E
:1077E0009DF807302069AB4208DC2BA904F05BF858
:1077F0000849206904F064F841B030BD102316AA8E
:107800002BA904F053F816A80CF087F90135E7E727
:1078100000BF00DC020037B5044604F09EFC0028DF
:107820006CD0434B444A1C60444BDA60444A1A61B2
:10783000444A1A6217F09FF917F0C1F904F5E27093
:1078400000F083F804F5237000F047F904F5567052
:1078500000F0E9FE04F5717001F059F804F5B56027
:1078600001F019FB04F5D46002F08BF804F52C70DC
:1078700000F0A3FF04F1140000F048FB04F2847050
:1078800001F0FDFB04F2F47001F05FFF04F6680004
:1078900002F045F904F63C1504F6C40002F0DBF9E9
:1078A0002846FFF776FB04F6A81001F056FCFFF718
:1078B000E6FB2946FFF70FFC002017F0A0F904F6BD
:1078C000343100200CF0FBFE1F4817F03AF96D46EA
:1078D000C22017F04AF9294694F8340B00220CF024
:1078E000C9FE95E8030063681861998294F8343BF7
:1078F000032B0AD8DFE803F0061316190A201AF042
:10790000BEF98AE7636800229A6109F068F82046A8
:10791000FFF735FF2046FFF7F8FC03B030BD636882
:107920000122F1E763680222EEE763680322EBE7D6
:1079300000BFA81A00208FB500003400002059B7FE
:1079400000006D800100F5DB020010B500F1A80415
:10795000204609F0DEFA2046BDE8104009F0B5BA2D
:10796000000038B58B6818680C460CF076FDA0F561
:107970002850243880B205280FD8084B646853F883
:10798000205028461FF0E9FF294682B2204615F014
:1079900097FB002818BF112038BD0E20FCE7881681
:1079A000030011461846FFF7DCBF10B5A8220021DE
:1079B00004461FF056F81A4A1B491B4B2360C4E9C2
:1079C00006121A492462C4E90C121949A463C4E9D5
:1079D000121218492465C4E918121749A466022333
:1079E000C4E91E12C4E9012423822385A4F840308F
:1079F000A4F85830A4F87030A4F88830C4F8804057
:107A00002022002104F1A8001FF02BF8012384F8A4
:107A1000A8300A4BC4F8AC30C4F8B440204610BDBE
:107A200000BF15BD0000B0160300B4160300AC166D
:107A30000300A8160300A4160300A0160300B8163E
:107A40000300F0B587B0002302AD02930593C5E9AA
:107A50000133936804460F4616463BB10222314675
:107A600028469847F3680593B368049395E80300A4
:107A70006A4604F1140382E8030093E8030085E8F2
:107A8000030092E8030083E80300049AE369216A93
:107A9000E261059A0493059122621BB103222946F3
:107AA00028469847044A04492346384607B0BDE8AB
:107AB000F0400AF04AB9C9BE0000CC160300054ADE
:107AC000C0E900210022C0E90522C0E907220272B4
:107AD0008273704700BFC41603007047002303720F
:107AE0008373704707B58268ADF806100AB91DF0B8
:107AF0005FFFC3680DF10601984703B05DF804FB12
:107B0000000037B504461D46084693B913880E2B6E
:107B10001AD1237A43B100940D4BA28961890AF0EE
:107B20003FF9012003B030BD04F11400FFF7DAFF84
:107B3000F7E70748191D0CF033FC28B9012323721D
:107B40002B8863816B88A3810020EBE700BF29BFEE
:107B50000000CC16030010B50446184613460A462A
:107B60002146FFF7CEFF10BD000038B504461D4684
:107B7000084683B913880E2B06D1A37B33B10B4A79
:107B8000218A23460AF04FF9002038BD04F1140081
:107B9000FFF7A8FFF8E7064803F108010CF000FC26
:107BA0000028F1D10123A3736B882382ECE789BFFE
:107BB0000000C816030010B40446184613460A46CF
:107BC00021465DF8044BFFF7D0BF30B50D46118854
:107BD000044689B01846B1B905AB0A22406815F0D1
:107BE000F3FA9DF81A3002939DF8193001939DF82D
:107BF000183000939DF816209DF81730BDF814102A
:107C00006068FEF71AFC04F114002946FFF76AFFCA
:107C1000002009B030BD10B40446184613460A4689
:107C200021465DF8044BFFF7D0BFF0B587B00023C5
:107C300002AD02930593C5E90133936804460F46EC
:107C400016463BB10222314628469847F368059311
:107C5000B368049395E803006A4604F1200382E8C0
:107C6000030093E8030085E8030092E8030083E83B
:107C70000300049AA36AE16AA262059A049305913B
:107C8000E2621BB10322294628469847044A044968
:107C90002346384607B0BDE8F0400AF056B819C18F
:107CA0000000F016030010B5084C04600024C0E981
:107CB0000144C0E90344C0E90612C0E90844C0E930
:107CC0000A4484828475048610BDD81603002DE909
:107CD000F0410A8983899A429CB005462CD1D1F89B
:107CE0000480B8F81040032C26D90134672C28BF33
:107CF0006724261F6522002168461EF0B2FE002779
:107D000032466B46032140461A97ADF86C7015F069
:107D10005BFA04F16C030DEB0306E86906F8707C6E
:107D200001236946033C8DF865401A93FEF7CDFAAE
:107D3000A869032102F00DFF1CB0BDE8F08100230B
:107D4000C0E90133C0E9033383828375038670473A
:107D5000000037B504461D46084693B913880E2B1C
:107D60001AD1A37D43B100940D4BE288A1880AF09B
:107D700017F8012003B030BD04F12000FFF7B2FE78
:107D8000F7E70748191D0CF00BFB28B92B88A380D7
:107D90006B88E3800123A3750020EBE700BFE9C1F6
:107DA0000000F016030010B50446184613460A46B4
:107DB0002146FFF7CEFF10BD000073B51D461388A6
:107DC0000446084633B30E2B18D0014604F12000B8
:107DD000FFF788FE002002B070BD6B882381F9E7B1
:107DE0006B886381F6E76B88A3812B88238201234C
:107DF00084F83030EEE76B886382EBE765B994F87E
:107E00003030002BE1D00094154BE288A18909F0B5
:107E1000E7FFDFE7002DDDD005F108061148314608
:107E20000CF0BEFA0028D8D00F4831460CF0B8FA52
:107E30000028D5D00D4831460CF0B2FA0028D2D037
:107E40000B4831460CF0ACFA0028D4D00948314632
:107E50000CF0A6FA0028BDD16B88A382BAE769C2EC
:107E60000000EC160300E8160300E4160300E01619
:107E70000300DC16030010B40446184613460A46F5
:107E800021465DF8044BFFF798BF08B5014603F1A2
:107E90002000FFF727FE002008BD7FB51288089E4E
:107EA00004460D46DAB982899A4215D11048311D2F
:107EB0000CF076FA80B1E38973B901233188ADF80B
:107EC0000C3084F831300A4BE18103AA009301940D
:107ED0000223284609F0EAFF002004B070BD90F8A4
:107EE0003130002BF8D12030FFF7FCFDF4E7E41629
:107EF0000300FDC1000010B404460198019313462D
:107F00000A4621465DF8044BFFF7C7BF10B500F5E0
:107F1000B674204608F0FDFF2046BDE8104008F08A
:107F2000D4BF08B50B46022200F58471184615F03F
:107F3000C7F8002818BF112008BD13B50022074B51
:107F4000C0E90122044600934FF47A7103460448C5
:107F50001AF02BF92060204602B010BD00BF35C4D6
:107F6000000027DC020073B5002583604FF4E8238E
:107F70000446C0E90012C0E90635C0E9045505739E
:107F80000562A0F8EC50F030FFF7D7FF04F58676D5
:107F90000823A4F808312946602230461EF061FD0E
:107FA000214BC4F80C310422204BA4F81C211F4A99
:107FB000C4F82C41C4E949231822A4F834211C4AEE
:107FC000C4F84441C4E94F23C4E944340223A4F86B
:107FD0004C3104F58473C4F850312946202204F54D
:107FE000B6701EF03EFD012384F86C31124BC4F8CC
:107FF0007031114BC4F87861C4E96555C4E967551F
:10800000A4F89251C4F8A451A4F8A8512A460093A8
:1080100042F21071234609481AF0C7F8C4F8AC01BF
:10802000204602B070BD1617030085C90000051771
:108030000300F41603007616030099C4000027DC41
:10804000020073B505460E46AC6810461946069AFE
:10805000ACB90A2A15D8AA60E880AE8005F10C00F8
:108060001FF05DFC2D6819F014FD009402462346B4
:10807000012128461AF0B3F8012002B070BD00209B
:10808000FBE72046F9E738B518460C46BDF8101056
:10809000154604F0F4FE294602462046BDE8384065
:1080A00009F01BBF836813B5044643B10093C2882F
:1080B000818800F10C03FFF7E6FF0023A36002B004
:1080C00010BD08B51AF0BFF9BDE80840FFF7EABFD8
:1080D00007B50023C0E9013300931A460321006865
:1080E0001AF07DF803B05DF804FB10B500230446D8
:1080F000A0F89231C0F8A431A0F8A831C0E96533E6
:10810000C0E96733F030FFF7E3FF6068FEF7D6F8A9
:1081100020680721BDE8104002F01BBD4368032220
:10812000DA60FFF7E2BF08B51AF08DF9BDE8084044
:10813000FFF7F4BF000030B5094B05460FCB85B003
:108140006C4684E80F002969286801F57F31102307
:10815000224601F57C71FCF7F8FD05B030BD28170B
:10816000030070B50379044615468BB300F11C0675
:10817000406930441FF0D3FB63692B44C82B636113
:108180000CD1A1692068324601F58021FCF7DDFDA4
:10819000D4E905231344A361002363616369BBB180
:1081A000A169E2685818904212D13246206801F560
:1081B0008021FCF7CAFDD4E905231344A361D4E967
:1081C00003239A4204D22046BDE87040FFF7B3BFB4
:1081D00070BD38B5054600242B69A34200D838BDD0
:1081E00004F580212868FCF76CFD04F58054F3E762
:1081F00023B118880A44914203D170474FF6FF70AB
:10820000F8E711F8013B40BA80B24340C3F30310D2
:10821000584000B280EA003000B2430103F4FF533B
:10822000584080B2E7E72DE9F341054600204FF0C2
:108230000108064605F11C07EC68ADF80600B442DB
:1082400007D8B5F8E4301B1A5842584102B0BDE8CF
:10825000F081A41BC82C28BFC824286823463A46AE
:1082600006F58021FCF70BFDB8F1000F09D00023C3
:10827000224639462846FFF7BBFF26444FF0000848
:10828000DAE70DF10603F3E700007FB513681A780B
:10829000013A04460D46072A21D8DFE802F00423FC
:1082A0003E538720203A90F89251C5B95B78042B51
:1082B00015D1022380F892314068FDF7FCFF636816
:1082C0000122DA6060684FF0FF31FDF7FAFF606865
:1082D0002946FDF7F8FF2068062102F03AFC00204D
:1082E00004B070BD90F89221012AF8D15B78002B80
:1082F000F5D04FF40473ADF80C30032300938DF8E0
:108300000E2003ABB0F88E212946F030FFF799FE1E
:10831000E5E75B7880F89331E1E790F89231012B43
:10832000DDD1D0F8A411B0F8A82123730023C4E94B
:10833000073314200323C4E90401A4F8EC2084F8D3
:108340009231CCE790F89231042BC8D10830FFF776
:108350006AFF034604F1F0009BB1052384F89231D3
:1083600063680222DA60154B1A889B788DF80E300C
:1083700003230093ADF80C2003ABB4F88E212946FB
:10838000C4E70F4B03261A8800969B78ADF80C20A3
:108390008DF80E30B4F88E2103AB2946FFF751FE5D
:1083A0006368DE602046FFF7A0FE98E790F8923100
:1083B000052B94D143680222DA60F3E700BF39DC71
:1083C00002003DDC02000246007920B1D0689369CA
:1083D0001B1A58425841704700002DE9F04184B003
:1083E00090F89231022B02AF04460E46154608D093
:1083F000032B5CD0012B32D000200837BD46BDE8EE
:10840000F08113681B68C0F89C3113685B68C0F882
:10841000A03113689968C0F8A4114068FDF751FFB6
:10842000236893F8B43BB3B104F10800FFF7D1FE21
:10843000464B1A889B78BB7003233A803146B4F8C8
:108440008E21009304F1F0003B46FFF71CFE012350
:1084500084F89231D0E7052019F011FCE0E71168AB
:108460000B895A0007326E46D208A6EBC202954627
:108470000DF1080C01F10A000022934200F1020004
:108480000BDC053301EB430211F81330527803EB98
:108490000223A4F8A831B546AEE710F801EC10F8B5
:1084A000025C05EB0E252CF812500132E5E7D0F8FE
:1084B00094310133C0F8943100F10808D28829685A
:1084C0004046FFF74EFED4F89831E98860681944B9
:1084D000C4F89811FDF7F7FE94F89321D4F894317D
:1084E000B3FBF2F102FB1133C3B9D4F89831D4F8DD
:1084F000A421934212D011223A701A0A7B70BA70EA
:108500001A0C1B0E3B710523FA703146B4F88E210C
:10851000009304F1F0003B46FFF7B5FD4046FFF73E
:1085200052FF00283FF468AF094B1A889B78BB7054
:1085300003233A803146B4F88E21009304F1F00011
:108540003B46FFF7A0FD042382E741DC020045DC47
:1085500002002DE9F3411D4643689B7804460F460F
:10856000164653B1D0F8AC8119F093FA00230246B5
:1085700000930121404619F032FE2149224804F5BA
:10858000C673002208F08DFC20491E4804F5C7730D
:10859000002208F086FC04F5C8731C491A48002222
:1085A00008F07FFCB4F88C31B3420AD12B78012B50
:1085B00023D16A683946204602B0BDE8F041FFF792
:1085C0000CBFB4F88E31B3420AD12B78012B14D1F1
:1085D0006A683946204602B0BDE8F041FFF755BE53
:1085E000B4F89031B34208D12B7833B9696820468A
:1085F00002B0BDE8F041FFF794BC002002B0BDE836
:10860000F081161703007616030005170300F41611
:10861000030010B40446184613460A4621465DF886
:10862000044BFFF796BF10B500F14804204608F050
:1086300070FC2046BDE8104008F047BC30B50A7811
:10864000012A89B005460C461ED1606805AB0A2296
:10865000002114F0B9FD002802DA0D2009B030BD68
:108660009DF81A3002939DF8193001939DF8183047
:1086700000939DF816209DF81730BDF81410A86ED1
:10868000FDF7DBFE0020E9E7002AFBD1836E60687E
:10869000596901F26C71ADF81410196901318DF846
:1086A0001610D9688DF8171099688DF81810596848
:1086B0008DF819101B688DF81C2005A90A228DF869
:1086C0001A3014F0FDFC002818BF1120C6E737B59A
:1086D0000B78012B05460C4613D1606801AB0222D2
:1086E000002114F071FD002802DA0D2003B030BD26
:1086F0009DF905209DF90410A86EFDF70DFE0020E0
:10870000F4E7002BFBD1836E60689B8CADF80430DE
:10871000022201A914F0D4FC002818BF1120E5E7BB
:1087200038B58B68054618680C460BF096FE42F685
:108730000F23984209D042F62B2398420BD12146B1
:108740002846BDE83840FFF779BF21462846BDE8F6
:108750003840FFF7BCBF4FF0FF3038BD1146184618
:10876000FFF7DEBF000038B5482204460D46002161
:108770001EF077F90D4A0D4B0E4923600A23C4E918
:108780000612C4E9012423822385246220220021C9
:1087900004F148001EF065F9012384F84830054BC8
:1087A000E3646465A566204638BDCFCA000038176B
:1087B00003003C1703004017030010B500F1480404
:1087C000204608F0A6FB2046BDE8104008F07DBB1F
:1087D000000070B504460E461546002148221EF0E2
:1087E00040F90F4B236008220F4B22820F4A24626C
:1087F000C4E90623C4E901341023238504F170037E
:10880000E3622022002104F148001EF02AF901232E
:10881000C4E91A6584F84830054BE3646465204672
:1088200070BD5617030037CC0000441703005A17D9
:1088300003002DE9F04791F80090B9F1010F9EB0C7
:1088400006460D463AD1D1F804A0BAF81040032CE0
:1088500034D90134672C28BF6724271F65220021E3
:1088600002A81EF0FEF84FF000083A4602AB0321C2
:108870005046CDF87080ADF8748014F0A5FC0DF171
:1088800007034A464146686814F09EFC04F17403ED
:108890000DEB03079DF80730F06E07F8708C032B83
:1088A00014BF0123042302A9033C8DF86D401C93DF
:1088B000FDF70BFDB06E032102F04BF900201EB056
:1088C000BDE8F08711461846FFF7B3BF000008B5B2
:1088D0000368002B02DA0C481DF067F88B420AD9B6
:1088E000B3EB410F4FEA410205D2002AB6BF6FF049
:1088F0000043026003600068013001D51DF052F8AA
:10890000BDE808401DF03DB800BF49DC020010B5CD
:1089100000F5A874204608F0FCFA2046BDE8104097
:1089200008F0D3BA034653F8082B9A4214BF806864
:108930000F207047012A30B403D10B78037030BC8C
:108940007047002AFBD030BC1EF0E9BF00002DE9C3
:10895000F04700F5BE7300250446C0E95D3500F51B
:10896000CA73C0E96335A0F8705180F87C5180F873
:10897000945100F5D6700E46C4F8A4017049704FAA
:10898000DFF8F4A10B22FFF7D5FF0B23C4F8A831C1
:10899000C4F8DC614FF07E531826C4F8D431324657
:1089A0002946C4E97055C4E9725584F8B75184F872
:1089B000BC51C4F8D051A4F8D85120461EF051F84B
:1089C000614B23604FF0100904F5B87363613246C0
:1089D0002946C4E90174A4F81090A0191EF041F8CA
:1089E0005A4B24624FF00A08C4E90637324629463A
:1089F000A4F8288004F130001EF033F8544BA4632F
:108A0000C4E90C3732462946A4F8408004F14800F6
:108A10001EF027F84F4B2465C4E912373246294629
:108A2000A4F8588004F160001EF01BF84A4BA466BD
:108A3000C4E9183732462946A4F8708004F178005A
:108A40001EF00FF8454BC4F88040C4E91E3732468B
:108A50002946A4F8888004F190001EF002F83246FE
:108A60002946C4E924A7C4F89840A4F8A08004F1DA
:108A7000A8001DF0F6FF32462946C4E92AA7C4F82B
:108A8000B040A4F8B88004F1C0001DF0EAFF334BF9
:108A9000C4F8C840C4E9303732462946A4F8D0802B
:108AA00004F1D8001DF0DDFF2E4BC4F8E040C4E90E
:108AB000363732462946A4F8E88004F1F0001DF06C
:108AC000D0FF284BC4F8F840C4E93C373246294669
:108AD000A4F8008104F584701DF0C3FF234BC4F893
:108AE0001041C4E9423732462946A4F8188104F5FA
:108AF00090701DF0B6FF1D4BC4F82841C4E94837FB
:108B000032462946A4F8308104F59C701DF0A9FF77
:108B10004A46294604F5A8701DF0A3FF012384F8F6
:108B20005031134BC4F85431C4F85C414A462946CD
:108B300004F5B0701DF095FF2046BDE8F08761DCBC
:108B4000020049D100001918030008180300E617B5
:108B50000300F7170300D5170300C4170300A2177B
:108B6000030091170300801703006F1703005E17BF
:108B700003002A180300B3170300F0B5044685B0BC
:108B8000476808460E461EF0E8FE05462046FFF7F9
:108B9000C9FE854201461BD82068B04211D8C319CE
:108BA0009E420ED80023CDE90053014633463A4693
:108BB00020461CF00CFF2368656000225A5505B062
:108BC000F0BD002DF7D02A463146FFF7B3FEF2E79D
:108BD00003A80395FFF77BFE2A4631460746FFF7B9
:108BE000A9FE234653F8080B984203D0A16801312F
:108BF0001CF0B6FE039B2760A360DCE700002DE9B4
:108C0000F0470B78012B00AF04460D462ED1486883
:108C1000B0F810A0BAF1280FD14628BF4FF02809AC
:108C200009F10803E846DB08A8EBC3039D464A4662
:108C3000002114F0C9FACA456E4608D90DEB0903A4
:108C40002E2203F8012C03F8022C03F8032C002336
:108C500006F80930AB68534918680BF0A1FB48B916
:108C6000314604F5D270FFF788FFC5460020BD46A7
:108C7000BDE8F087AB684C4918680BF091FB18B958
:108C8000314604F5BA70EEE7AB68484918680BF056
:108C900087FB18B9314604F5C670E4E7AB68444970
:108CA00018680BF07DFB18BB3378002B14BF012331
:108CB000002384F8BC3104D018F0EBFEC4F8D001D6
:108CC000D3E718F0E6FED4F8D03194ED757AC31AE4
:108CD00007EE903AFBEECB7AD4F8C03167EE877A94
:108CE000FDEEE77A17EE902A1344C4F8C031BCE7D2
:108CF000AB68304918680BF053FB30B93378003B50
:108D000018BF012384F8D831AFE7AB682B49186846
:108D10000BF046FB30B93378003B18BF012384F8D1
:108D2000D931A2E7AB68254918680BF039FB20B9A7
:108D300033681BBAC4F8C031BEE7AB682149186874
:108D40000BF02EFB20B933681BBAC4F8C4318CE792
:108D5000AB681C4918680BF023FB20B933681BBAB9
:108D6000C4F8C83181E7AB68184918680BF018FBE4
:108D700020B933681BBAC4F8CC3176E7AB68134925
:108D800018680BF00DFB00287FF46FAF3368DFED40
:108D9000106A1BBA07EE903AF8EEE77A87EEA67AE9
:108DA00084ED757A61E7F7170300E6170300D5171E
:108DB0000300081803006F1703005E170300C417B1
:108DC0000300B3170300A2170300911703008017D5
:108DD00003000000C84211461846FFF710BF10B547
:108DE00003680279417902EBE372002402EB01226D
:108DF00081791B1942EB0142C179181942EB0161DB
:108E000010BDF8B5214B04460E46024603F110078B
:108E100018685968154603C50833BB422A46F7D17E
:108E20001B782B701A4B04F1110203F11001174645
:108E300053F8040B42F8040B8B42F9D11B781370E2
:108E400004F124053022002128461DF00AFE104BB3
:108E50006762C4E90A340823A38604F17403A36398
:108E60002022002104F154001DF0FBFD012384F8B1
:108E700054300023A4652566A4F87430A66784F8EE
:108E8000B03084F8F0302046F8BD3B1803004C1891
:108E9000030097D3000010B500F15404204608F0F9
:108EA00038F82046BDE8104008F00FB82DE9F0472B
:108EB0004B681C6894F8009098B00646B9F1000F12
:108EC00006D0B9F1010F50D0002018B0BDE8F087EE
:108ED0006578002DF8D1202204F1100168461EF0BB
:108EE0001EFDA01C8DF82050FFF779FFB4F90A9001
:108EF000B4F90C80B4F90EE094F830C007460D4682
:108F00006B460DF137020DF1200A1C4603CC544587
:108F100010605160234602F10802F6D123781370E5
:108F200096F8B030ADF83090CDE90A7506F18004BE
:108F3000ADF83280ADF834E08DF836C00AAD43B1FB
:108F40000FCD0FC40FCD0FC495E80F0084E80F00BC
:108F5000BAE70FCD0FC40FCD0FC495E80F0084E81A
:108F60000F00012386F8B030AEE76578002DABD155
:108F7000A01CFFF734FF282280460F46684629468A
:108F80001DF06FFDA27A052A28BF05226B460B341F
:108F9000954224DB6B460DF1320C0AAD1C4603CC26
:108FA000AC42CCF80000CCF8041023460CF1080CBD
:108FB000F4D196F8F0308DF83020CDE90A8706F12B
:108FC000B8040BB316AA2B4603CB93422060616012
:108FD0001D4604F10804F6D11B88238074E793F83A
:108FE00006E0B4F900C0B4F902002179A3F800C08A
:108FF00058801971BEF1000F03D0013508330534D4
:10900000C6E783F80690F8E70FCD0FC40FCD0FC465
:109010000FCD0FC495E80300012384E8030086F810
:10902000F03051E711461846FFF740BF000038B551
:109030000546044645F8041B4822002128461DF039
:1090400010FD0B4B63600B4BC4E902341223A38267
:1090500004F16C03A3612022002104F14C001DF0F7
:1090600000FD012384F84C30044B2365A5652046A0
:1090700038BD5E18030037D400006218030010B535
:1090800000F14C04204607F044FF2046BDE81040A4
:1090900007F01BBF07B51346B0F86C208A420FD10A
:1090A0000268586812798DF807200DF10701012236
:1090B00014F006F8002818BF112003B05DF804FB77
:1090C0000020FAE71846FFF7E5BF37B505460C461E
:1090D0000DF1070001218DF8072003F0D0FEB5F84F
:1090E0006C100246204608F0F8FE03B030BD38B5DB
:1090F000042300F10C050446C0E900120381482254
:10910000002128461DF0ADFC0222A2830F4BE36034
:1091100004F174020E4B22620E4AE462C4E9092390
:10912000C4E904341A23A38604F17603A36320223E
:10913000002104F154001DF094FC012384F8543004
:10914000054BA3652566204638BD7718030055DA20
:109150000000661803008818030010B500F15404DD
:10916000204607F0D6FE2046BDE8104007F0ADBE11
:109170002DE9F04FEDB0136800AF04460D460068CE
:1091800093F800801721164601F0E3FC0A2018F03E
:1091900076FD2368D3F8B89BB9F1010F29D13422A9
:1091A000002107F120001DF05CFC4FF484720021C7
:1091B00007F1A8001DF055FC54220021B8181DF03D
:1091C00050FCB8F1300F00F0A4814AD8B8F1200F5C
:1091D00000F059810FD8B8F1100F00F08180B8F17C
:1091E000120F00F0F0802068182101F0B2FC00207E
:1091F00051E16420CBE7B8F1220FF4D1D6F800801A
:10920000606821233B71D8F80430BB6004F1790217
:1092100040F2031307F1540102F042FB0646B8B9CD
:10922000D8F80420606807F1540102F045FB061EDF
:1092300009DBD8F80830606808F10C0207F1540126
:1092400002F037FB0646606807F1540102F02BFB81
:10925000002E6068B8BF7E7102F04AFBD8F8042087
:1092600047E1B8F1500F00F07F81B8F1600F00F0D6
:10927000F581B8F1400FB6D131684E8806F1080388
:10928000E846DB08A8EBC3039D460022E9468DF8BB
:1092900000200DEB0600834240F06381324610311E
:1092A00048461EF03CFB002109F806100F22781DED
:1092B0001DF0D7FB4123494660683B7102F00FFB6C
:1092C000002808BF012078711021381D03F0D7FD58
:1092D000B4F876100246284608F0FFFDC54682E73E
:1092E0003668B6F80290B9F5807F00F2D28004F1BA
:1092F000790A4A4606F10C015046A1441EF00FFBC4
:109300004FF0000B40F2111389F879B0BB807368FD
:109310006068BB6007F1A802514602F0E6FA821CC1
:1093200012D197F8A830022B0ED078714146381D23
:10933000C7E903BB03F0A3FD06463246B4F8761036
:10934000284608F0CAFD4EE7D7F8AC30B2689A421A
:1093500094BF3A613B61FB605246012307F154011F
:10936000606802F09DFA7268606807F1540102F0CB
:10937000A3FA3B69DA1D22F00702E846ADEB020DC5
:109380006A46002002F8010BE946991E002916DA08
:109390004A4607F15401606802F088FA10213861EA
:1093A000381D03F06CFD3A8A4946064613F088FEE4
:1093B000606807F1540102F076FAC546BDE702F88D
:1093C000010B0139E2E73668606840F21113BB8097
:1093D00004F179087368BB6007F1A802414602F006
:1093E00084FA831C2FD197F8A830022B2BD00023AE
:1093F000C7E9033378713B69002B3ED0DA1D22F0B8
:109400000702E946ADEB020D6A46002002F8010BA7
:10941000E846991E00292CDA424607F1540160689B
:1094200002F044FA10213861381D03F028FD3A8A11
:109430004146064613F044FECD46606807F15401EC
:1094400002F031FA79E7D7F8AC30B2689A4294BFAB
:109450003A613B61FB60424607F1540160680123B9
:1094600002F01EFA7268606807F1540102F024FAF3
:10947000C1E702F8010B0139CCE71021381D03F0D8
:10948000FEFC0646D9E73668B6F80280B8F5807F5C
:1094900006D94FF0FF3007F5DA77BD46BDE8F08F0B
:1094A00004F1790A424606F114015046A0441EF028
:1094B00036FA002388F879303269C4F87C212122F9
:1094C0003A71726860683B61C7E9022307F1540191
:1094D00040F20313524602F0E3F930B9606807F135
:1094E000540102F0E0F987F80590606802F000FA94
:1094F0007268D4F87C3100039B1AC0F55310834284
:1095000094BF7B6178611421381D03F0B8FC0246DA
:1095100014E731684E8806F10803E846DB08A8EB3B
:10952000C3039D460022E9468DF800200DEB06009E
:10953000834213D13246043148461EF0F0F900232D
:1095400009F80630606831234946BB8002F0B8F95B
:10955000002808BF012078710221B6E603F8012F28
:10956000E6E703F8012F96E631684A8802F108031E
:10957000E846DB08A8EBC3039D4600236E468DF842
:10958000003068460DEB020C604517D1B35404312E
:1095900030461EF0C4F91A220021B81D1DF061FAF0
:1095A00051233B716068012307F1200231467B7132
:1095B00002F089F940B178711C2186E600F8013F7C
:1095C000E2E7FB680133FB60606807F1A80207F17E
:1095D000200102F07EF906460028F2D1606807F10A
:1095E000200102F079F94FF00109606807F1A80243
:1095F00007F1200102F06DF900282ADD97F8A83064
:10960000012B1DD0022B20D007F1B0001EF0A5F9D0
:109610001C21F880381D03F032FCFA88824607F1DD
:10962000B00113F04DFDB4F876105246284608F00C
:1096300054FC642018F023FBBB680133BB60D4E703
:10964000D7F8AC303E61FB61DEE7C7F81090FE61F1
:10965000DAE70023FB61FB803B61ADE73668718888
:10966000731800209871B38803F10802E846D20805
:10967000A8EBC2029546E9468DF800006B449A4279
:1096800013D10731B288314448461EF048F9B388F7
:109690006068002209F80320B11D61234A46BB809F
:1096A00002F020F943B2002B53E702F8010FE6E77E
:1096B00038B5B0F87450954208D100F10801022283
:1096C000586813F0FDFC50B9002038BDB0F8764062
:1096D0009442F9D15A68BDE83840FFF749BD1120DE
:1096E000F3E710B40446184613460A4621465DF8CF
:1096F000044BFFF7DDBF38B500F108050446C0E9AB
:1097000000124822002128461DF0ABF90C4BA36043
:109710000C4BC4E903340423238304F17003E36195
:109720002022002104F150001DF09BF9012384F850
:109730005030044B6365E565204638BD00BF98187E
:10974000030041DB00009C18030010B500F1500439
:10975000204607F0DEFB2046BDE8104007F0B5BB11
:10976000000030B5B0F870308B429DB0044626D171
:109770001378012B23D153681B681B78022B96BFEB
:10978000114A114D52F823500021652268461DF000
:1097900068F9002328461A93ADF86C301EF0DDF806
:1097A0002946024668461EF0BAF8606801236946F9
:1097B0001A93FCF78AFD2068032101F0CAF9002002
:1097C0001DB030BD00BF8C18030044DC02001846F9
:1097D000FFF7C7BF012A02D1016000207047022AAB
:1097E00005D0032AF9D0002AF7D10260F5E70B680B
:1097F0000360F2E70346021D03C982E8030018462E
:1098000070471FB50268034610680268146800229A
:10981000CDE90032074B0393074B02936A46A047FA
:10982000029B1BB1694603220846984704B010BD4D
:1098300000BFC9DB000047DB0000021D0260FFF72C
:10984000E0BF02680346043243F80C2B9A4201D071
:10985000FFF7D7BF704709880068FFF7F2BF08B568
:109860000368002B02DA0C481CF09FF88B420AD9DF
:10987000B3EB410F4FEA410205D2002AB6BF6FF0A9
:109880000043026003600068013001D51CF08AF8D3
:10989000BDE808401CF075B800BF49DC020000F1CB
:1098A000A0032DE9F0410025C0F8983000F1B8037D
:1098B0001826C0E92C3500F1D0030446DFF8C0803B
:1098C000C0F89C50C0E932353246294680F8A05095
:1098D00080F8B85080F8D0501DF0C3F80A27224B0A
:1098E000236032462946A019C4E9018427821DF06D
:1098F000B8F81E4B2462C4E906383246294627854B
:1099000004F130001DF0ADF81A4BA463C4E90C3823
:1099100032462946A4F8407004F148001DF0A1F831
:10992000154B2465C4E91238324629461026A4F89E
:10993000587004F160001DF094F83246294604F195
:1099400078001DF08EF8012384F878300B4BE36724
:10995000C4F884403246294604F188001DF081F89D
:10996000C4F8E0502046BDE8F081D3180300C218C7
:109970000300B1180300A0180300E418030025DE5B
:10998000000010B500F17804204607F0C2FA204626
:10999000BDE8104007F099BAF0B5044685B04768B5
:1099A00008460E461DF0D9FF05462046FEF7BAFFD1
:1099B000854201461BD82068B04211D8C3199E4287
:1099C0000ED80023CDE90053014633463A462046DF
:1099D0001BF0FDFF2368656000225A5505B0F0BDFD
:1099E000002DF7D02A463146FEF7A4FFF2E703A880
:1099F0000395FFF734FF2A4631460746FEF79AFFE4
:109A0000234653F8080B984203D0A16801311BF09C
:109A1000A7FF039B2760A360DCE7F8B50B78012B59
:109A200000AF05460C4619D14868028A02F10803C6
:109A30006E46DB08A6EBC3039D4600210DF802101D
:109A400013F0C2FBA368164918680AF0A9FC40B9D4
:109A5000694605F19800FFF79FFFB5460020BD4617
:109A6000F8BDA368104918680AF09AFC18B969464D
:109A700005F1B000EFE7A3680C4918680AF090FC04
:109A800018B9694605F1C800E5E7A36808491868F0
:109A90000AF086FC0028E0D19DF80030C5F8E030DF
:109AA000DBE7D3180300C2180300B1180300A018A5
:109AB000030011461846FFF7B0BF70B500F1080665
:109AC0000446C0E9001215460021302230461CF041
:109AD000C8FF0F4BA3600F4BC4E903341223238349
:109AE00004F15803E3612022002104F138001CF046
:109AF000B8FF012384F83830084BE363002328467D
:109B0000666484F85A30214601F01FFA204670BD81
:109B100000BFF6180300D9DE00007216030010B56E
:109B200000F13804204607F0F4F92046BDE8104063
:109B300007F0CBB913B51446B0F858208A42034653
:109B40004FF000000DD15B688DF804001B7A60684F
:109B50008DF80530022201A913F0B2FA002818BFCF
:109B6000112002B010BD1846FFF7E4BF37B5BFF3B0
:109B70005B8F90F85A30BFF35B8F0446BBB1002374
:109B80008DF8051001A802218DF8043003F077F953
:109B900005462068FDF73EFC431E9BB24FF6FD7262
:109BA000934204D8B4F858102A4608F096F903B046
:109BB00030BDB0F858308B4206D1BFF35B8F012324
:109BC00080F85A30BFF35B8F7047B0F858308B4243
:109BD00006D1BFF35B8F002380F85A30BFF35B8F51
:109BE000704770B500F108060446C0E9001215463A
:109BF0000021482230461CF034FF04F17001114B63
:109C0000124AA360E161122311492383238604F1E0
:109C10007203C4E90812C4E903246363A462202226
:109C2000002104F150001CF01CFF012384F8503087
:109C3000084B6365002384F8743084F87530E6655A
:109C4000EC66204670BD0B19030049E00000FA18CD
:109C500003001C19030010B500F15004204607F062
:109C600058F92046BDE8104007F02FB913B5B0F8F9
:109C700070308B4214460CD143681B680093042259
:109C80006068694613F01CFA002818BF112002B062
:109C900010BDB0F872308B421BD14368996B01F054
:109CA000070103EB41010A8DADF80020D96C01F0EA
:109CB000070103EB41018A8FADF802201A6E02F012
:109CC000070203EB42030622B3F85030ADF804302C
:109CD000D6E70020DBE71846FFF7C8BF37B5BFF36C
:109CE0005B8F90F87430BFF35B8F0446A3B1019192
:109CF00004210DEB010003F0C2F805462068FDF7D2
:109D000089FB431E9BB24FF6FD72934204D8B4F810
:109D100070102A4608F0E1F803B030BD37B50446AC
:109D2000BFF35B8F90F87500BFF35B8FC0B1ADF8E8
:109D3000001068460621ADF80220ADF8043003F0AB
:109D40009EF805462068FDF765FB431E9BB24FF663
:109D5000FD72934204D8B4F872102A4608F0BDF898
:109D600003B030BDB0F870308B4207D1BFF35B8FCA
:109D7000012380F87430BFF35B8F7047B0F8723006
:109D80008B42FAD1BFF35B8F012380F87530F2E785
:109D9000B0F870308B4207D1BFF35B8F002380F89F
:109DA0007430BFF35B8F7047B0F872308B42FAD1DA
:109DB000BFF35B8F002380F87530F2E7000010B529
:109DC000016042F210720921C0E90112DFF830C0CF
:109DD0000A49002243F69824C0E903429624C0E9C8
:109DE00005C1048501210324C0E908220177C4626A
:109DF00080F830204263018710BD0300010000009D
:109E00000B0B70B5194D06460FCDA2B001AC0FC4B7
:109E10000FCD0FC495E80F0084E80F00144A306896
:109E200001230DA901F03CFDE0B9302301AA0DA9E1
:109E3000306801F03BFD30680DA901F034FD019B55
:109E4000092B0FD101AA331D0BAD144603CCAC4234
:109E500018605960224603F10803F6D120681860A3
:109E600022791A7122B070BD00BF3019030094DC52
:109E70000200FFF7C6BF30B50024C0E9011204801C
:109E8000C46040F201728475846104770025002467
:109E9000C0E90845828230BD000000000000F0B536
:109EA00087B00023044600931A460321006918F086
:109EB00096F9616802A8FCF726FBDDE90265C4E9B2
:109EC000086530A3D3E90023D4E908011FF093FA11
:109ED000CDE9040104A81CF0CCFD6368617D1A7A09
:109EE000914204D30FD1A27D1B799A420BD8C3684B
:109EF0000133C36083690722013393FBF2F2C2EBA3
:109F0000C2029B1A8361637D8360A37D436000234B
:109F10000360A369022B04D183697BBBC36801334F
:109F2000C3604FF0FF3303621CF085FF184AA0FBAB
:109F3000020302FB0131C4E90801801B61EB05014A
:109F400011A3D3E900231FF056FA002700978202DD
:109F50003B460421206918F042F9256917F099FD64
:109F60003B46024600970121284618F038F9237F26
:109F700013B901232377637007B0F0BD062BD0D14E
:109F8000C3680233CCE700CA9A3B0000000000CA55
:109F90009A3B012303701421C06800F0DABD08B5B4
:109FA00018F051FABDE80840FFF7F3BF000030B5E4
:109FB000124B054693E8070099B06C4684E8070009
:109FC00001230E4AA86803A901F06AFC98B90C2382
:109FD0000DEB03012246A86801F068FCA86803A9FC
:109FE00001F061FC9DF80030012B04D103CC2378F3
:109FF0006861A9612B7719B030BD60190300A2DC3C
:10A00000020013B50C4BC1600446009300220346C6
:10A010000121094818F0C9F820612046FFF7C7FF61
:10A02000237F2BB1204602B0BDE81040FFF737BFB9
:10A0300002B010BD00BF11E30000B5DC02000160FA
:10A04000027170471FB50446002308462360636011
:10A050000293ADF80C30062300930979006802AB37
:10A06000012200F0C4FE38BB9DF80A309DF80B10A9
:10A0700003F00F0341EA0321EF291DDC9DF80C30AA
:10A080009DF80D2003F00F0342EA0322EF2A13DCB0
:10A090009DF80800052803D9A0F10B03012B0BD86C
:10A0A0009DF80930218013F00F0318BF012363715D
:10A0B000012362802071A371204604B010BD73B5E6
:10A0C0004FF0A0454FF480660446C5F80C650520A6
:10A0D00017F0D5FDC5F80865322017F0D0FD012333
:10A0E00000932179034B2068A52200F0AEFE02B058
:10A0F00070BD6C19030037B5012500950179431D2A
:10A100000446A722006800F072FEA84204D1FF2393
:10A110006371002003B030BD009521792068A31D34
:10A12000A82200F064FE012802D1FF23A371F0E70A
:10A13000009521792068E31DA92200F058FE01282E
:10A1400002D1FF23E371E4E7636823F07F4323F048
:10A15000FF03B3F5344FDCD1E079431E5842584138
:10A16000D8E77FB54FF0A04503234FF4806604463F
:10A17000C5F828370520C5F80C6517F080FDC5F82F
:10A1800008653220012517F07AFD009521792068B5
:10A190000DF10F03152200F02AFE052017F06FFDC8
:10A1A0000095217920680DF10F03A72200F01FFE12
:10A1B000052017F064FD2046FFF79DFF00952179EB
:10A1C0000B4B2068EC2200F040FE00952179084BF3
:10A1D0002068FA2200F039FE0095217920680023DA
:10A1E000FB2200F032FE284604B070BD00BF6E199D
:10A1F00003006D190300FFF7B4BF0548006880F342
:10A20000088862B661B6BFF34F8FBFF36F8F00DF70
:10A2100000BF20800000064B19680868B0E8F04FC6
:10A2200080F30988BFF36F8F4FF0000080F311882F
:10A230007047E8480020EFF30980BFF36F8F144B9D
:10A240001A681EF0100F08BF20ED108A20E9F04FA9
:10A2500010604DF8043D4FF0400080F31188BFF3CB
:10A260004F8FBFF36F8F17F064FD4FF0000080F346
:10A27000118808BC19680868B0E8F04F1EF0100F8C
:10A2800008BFB0EC108A80F30988BFF36F8F704766
:10A2900000BFE8480020F7B51B4D0027C5F8407106
:10A2A000D5F840310193019B00F0F9F8D5F8044549
:10A2B000C5F80071D5F800310093009B064617F0F1
:10A2C000E8FB241A24F07F4323F0010383B924F030
:10A2D0007F440025013C11D225B10B4B4FF0805239
:10A2E0005A6040BF304603B0BDE8F04000F0DBB834
:10A2F00017F011FE0228EAD00124EAE717F0DDFB8F
:10A300000543E7E700BF0010014000ED00E008B59D
:10A31000002016F016F9094B1F22C3F80825012268
:10A32000C3F804239A601A600222C3F84423044B42
:10A33000E02283F811234FF400321A6008BD0010A8
:10A34000014000E100E07FB5054672B62C4CD4F820
:10A35000046517F0C0FD00284DD0294A954294BFEE
:10A360007319B31823F07F430122C4F80823C4F8FB
:10A3700040350023C4F84031D4F840310193019BAB
:10A380004FF48033C4F80433BFF34F8F95B1F1EE2F
:10A39000103A23F09F03E1EE103AF1EE103A194B18
:10A3A0004022C3F8842120BFD3F80021D3F8041140
:10A3B0000A43F8D04FF48033C4F808330023C4F8BC
:10A3C0004031D4F840210392039AC4F80031D4F804
:10A3D00000310293029B0123C4F80433D4F804052E
:10A3E000094B801B4FF4003230F07F40C3F88021CE
:10A3F00001D017F05AFB62B604B070BD00BF001068
:10A400000140FDFFFF0000E100E072B6FEE74FF003
:10A41000807340E90213054B40F80C3C6FF00203D7
:10A4200040F8202C40F8243C4438704700BF7DE7BA
:10A4300000000E4C08B5E02384F82230FFF767FFD8
:10A440000C4B00221A60D4F888300A4A43F4700397
:10A45000C4F88830536B43F040435363236943F09F
:10A4600010032361FFF7C9FE72B6FEE700BF00EDDF
:10A4700000E0AC1A002000EF00E072B6024A136858
:10A48000013313607047AC1A0020034A1368013B84
:10A49000136003B962B6704700BFAC1A0020EFF337
:10A4A000108072B6704780F31088704701F01F016A
:10A4B00001238B40034214BF0120002070472DE987
:10A4C000F04186B004461046DDE90D62C4E9011092
:10A4D0000C99129D179FDDF868E0DDF850C0C4F8B4
:10A4E00040C0C4E90416109921621199C4E90A1503
:10A4F00013992163159961631699C4E90E17189988
:10A500006164984619990F9BC4F80C80C4E906232E
:10A51000C4E9121E1B9921651C996165CDE904CE21
:10A52000CDE902072146CDE9005604F15800FCF7B9
:10A5300076FEFCF742FE0023C4F8A80B0122204659
:10A54000A4F8AC3B84F8B43BC4F8B82B84F8BC3B0B
:10A55000C4F8C03B06B0BDE8F08113B50022044644
:10A5600001210A2016F061FE01236062094900936F
:10A570000948019423464FF4AF7217F07CF9012883
:10A5800005D0042002B0BDE8104017F065BF02B04E
:10A5900010BDBBDC0200BDEE000010B5D0F8B83B2A
:10A5A000012B044623D01BB3032B0BD1A36B01213A
:10A5B000586AFFF77BFF10B92069FFF71CFEA068FF
:10A5C000FAF721FB606C0221F9F70DFFA06C012165
:10A5D00000F0EFFCA069FBF766FE28B1A069FBF76D
:10A5E0005AFE08B984F8900B0123C4F8B83B10BD9B
:10A5F0004068FAF7FFFDD9E710B5D0F8B81B01297C
:10A60000044612D190F8B43B7BB9836B406CDA7C82
:10A610001B7C5BB1022A09D0F9F7E5FEA06C002192
:10A6200000F0C7FC0223C4F8B83B10BD0021F3E7DB
:10A6300010B586B0416B044603A8FAF79AFF039B56
:10A640000093BDF91220BDF91430BDF91010206C33
:10A65000FCF7E9F8A36BDA7C022A0AD0586A0221D7
:10A66000FFF724FFC8B9A26B0321506AFFF71EFF52
:10A67000E0B9A36B0421586AFFF718FFE8B1D4F8DA
:10A68000B83B012B19D1206CFCF76FF8A8B120461C
:10A6900006B0BDE81040FFF7AFBF206CFCF73CF8F8
:10A6A0000028E0D02046FFF778FFE2E7236CB2F9FC
:10A6B00028205B6E9A42F5DBDBE706B010BD38B5AB
:10A6C000D0F8B83B012B04460D4614D10C21406C48
:10A6D000F9F789FE691E03290DD8DFE801F0020DA4
:10A6E0000F1194F8BC3B1BB90521606CF9F77BFE98
:10A6F000002384F8BC3B38BD0821F6E70621F4E7C7
:10A700000721F2E700002DE9F041044688B0806A95
:10A71000002301220721FAF7F0FDA06AFAF729FECB
:10A7200016F081F808B916F046F86068FAF755FB9C
:10A73000A068FAF75BFAA068FAF765FA04F1580521
:10A74000E06C01F098F82846FDF765F8E06800F045
:10A7500049FA2069FFF705FDE0692146FBF7F1FEA4
:10A7600021466069FBF795FD606BFAF747FF2146CC
:10A77000206AFFF746FCE06800F06EFAE06800F03F
:10A7800031FA606BFAF755FF606B266CFAF7A3FF9E
:10A7900001463046FCF72CF8FCF73BFDFCF73DFD8D
:10A7A000A06BFFF766FB606C2146F9F738FE606C22
:10A7B00004F5C061F9F734FE606C04F21C41F9F74E
:10A7C00030FE04F5DF61606CF9F72CFE606CF9F780
:10A7D0002AFD206BFAF74DFE206BFAF738FEA06CCD
:10A7E00000F0C3FB606D214601F08DF89DF8163036
:10A7F00023F007038DF816304FF0A04303264FF4E3
:10A800000042C3F83C6705A9C3F808250D2040F2B3
:10A810000313B34AADF8143016F00FF801210D20E0
:10A8200016F081F840F20233AE4AADF8143005A9B3
:10A830001C2016F002F801211C2016F074F8A84A1A
:10A84000ADF8146005A9132015F0F7FF01211320BE
:10A8500016F069F86069FBF77CFCA24B00930122BB
:10A8600023464FF41621A04817F09FFCC4F8B00B04
:10A87000064617F00EF94FF0FF33024600933046BC
:10A880000023012117F0ABFC994E606A64220DF1A0
:10A89000130116F0EEFD01282BD19DF81330192B72
:10A8A00027D8DFE813F02300BB004C00530026003C
:10A8B000680071007B009300C400DF00E200E2004A
:10A8C0008F001A0006010A01280130013E016300D1
:10A8D000340138011A008F0043012046FFF75DFE66
:10A8E00094F8B43B013384F8B43B02E02046FFF710
:10A8F00083FE2046FFF79CFE94F8AC3B4BB194F8E6
:10A90000AD3B002B40F01D8184F8AC3B2846FCF7A2
:10A9100076FD04F53C6000F04AF9E16902A8FBF716
:10A92000F2FDDDE90223C6E900234FF0A043D3F88E
:10A9300010359B04A9D4A06AFAF721FDA5E7206A87
:10A94000037F002BD5D0FFF7AAFAD2E7A36BDB7CFD
:10A95000002BCED1D4F8B83B012B02D02046FFF714
:10A960001CFE0921606CF9F73EFDC2E72046FFF7A7
:10A9700014FE0E21F6E7606C0C21F9F734FD40F26D
:10A980000153A4F8AC3BB4E72046FFF706FE94F869
:10A99000B43B013384F8B43B0B21E3E7A369DB68E4
:10A9A000022B0FD1BFF34F8F5249CA6803F1BF6327
:10A9B00002F4E06203F102131343CB60BFF34F8F45
:10A9C00000BFFDE794F8B43B013B8CE7D4F850801E
:10A9D000216906AF3846FFF735FB97E80600404689
:10A9E00001F04BF8002884D0D4F8B83B012B01D1FA
:10A9F0000421B7E7206D01F03AF8A36BDA7C022A54
:10AA00003FF477AF00283FF474AF07280AD1012143
:10AA1000586AFFF74BFD00283FF46BAF2046FFF765
:10AA2000BCFD66E701287FF464AF0021F0E74FF03A
:10AA3000A043606DD3F810359A0407D4012100F0CB
:10AA400074FF01462046FFF73AFE52E7002100F06E
:10AA50006CFFD4F8B83B012B0146F3D0012384F8F6
:10AA6000BC3BDBE7606D0221E9E7D4F8B83B022B81
:10AA70007FF43FAFF9F7ADFB10B1A068FAF77BF8B0
:10AA80009DF813300B2B02D16068FAF798FBA36B8B
:10AA90000121586AFFF70AFD10B92069FFF70FFB83
:10AAA0009DF813300B2B0CBF00230323C4F8B83BD5
:10AAB0001FE7606BFAF79FFD1BE7A36BDA7C022AA6
:10AAC0003FF417AF5B7D012B7FF413AF236A1B7834
:10AAD000002B7FF40EAF2046FFF75FFD0F2141E70B
:10AAE00000BF6988000011EF0000C0DC0200A04A2E
:10AAF000002000ED00E0A36BDA7C022A3FF4F9AEFF
:10AB00005B7D022BE0E76069FBF7DFFA86E76069AF
:10AB1000FBF71FFBEDE6636928461979FCF77DFC1E
:10AB2000E7E62046FFF739FD0D211BE7A36B93F8FD
:10AB30003830284613B1FCF77CFCDAE6FCF789FCD8
:10AB4000D7E6013B84F8AD3BE3E608B5FFF7DBFD54
:10AB500000001FB5114C8DF807106368406AC3F3FD
:10AB6000080393B1002303AA0DF10701039316F024
:10AB700027FC039B3BB14FF08053636040BFBFF3A2
:10AB80004F8FBFF36F8F04B010BD4FF0FF320DF148
:10AB9000070116F06EFBF6E700BF00ED00E008B518
:10ABA00017F051FCBDE808401521FFF7D2BF7047F0
:10ABB00030B5037400259DF80C30C260C0E9015126
:10ABC0004374456230BD437C4FF0A04203F5E0730F
:10ABD0004FF4C06142F82310037C03F5E07342F8A0
:10ABE0002310704710B54168044621B903220120A3
:10ABF00016F01BFB60602046FFF7E5FFA368E268E4
:10AC00002360C3F824252368627CC3F808252368E1
:10AC1000227CC3F80C2522680023C2F85C3122682C
:10AC2000C2F804312268C2F860312268C2F82431C7
:10AC30002268C2F84C312268C2F848312268C2F852
:10AC4000503122680621C2F8001560681A46BDE836
:10AC50001040194616F00DBB03680022C3F800250A
:10AC600070474FF040230021D3F800250368C3F854
:10AC700000150368C3F80025704770B504689DF897
:10AC80001050C4F888150468012121620468C4F8D2
:10AC900034250268C2F83835036819600368D3F8B0
:10ACA0004C211AB9D3F82421002AF8D01E4C1E4E8C
:10ACB0000022C3F84C21616803684162D3F85C212B
:10ACC00052B9D3F824213AB96268521AB242F5D97E
:10ACD000FFF7C7FF012070BD0022C3F85C210368A5
:10ACE0006DB9D3F8242152B90122DA610368D3F88F
:10ACF0004821002AFBD00022C3F8482109E00122A4
:10AD00005A610368D3F80421002AFBD00022C3F85B
:10AD100004210368D3F824210AB90020DBE70022CC
:10AD2000C3F82421F9E7001000E0E874020070B5D0
:10AD300004689DF81050C4F8881504680121216248
:10AD40000468C4F844250268C2F84835036899606D
:10AD50000368D3F850211AB9D3F82421002AF8D077
:10AD6000214C214E0022C3F85021616803684162E2
:10AD7000D3F8602152B9D3F824213AB96268521A43
:10AD8000B242F5D9FFF76DFF012070BD0022C3F874
:10AD9000602103686DB9D3F8242152B90122DA6128
:10ADA0000368D3F84821002AFBD00022C3F84821C9
:10ADB00009E001225A610368D3F80421002AFBD07C
:10ADC0000022C3F804210368D3F824210AB9002023
:10ADD000DBE70022C3F824210368D3F8C424C3F8B6
:10ADE000C424F4E700BF001000E0E8740200F0B5EE
:10ADF000044685B00D4640688DF80F204FF0FF31B6
:10AE00001F4616F0B0FB236800260622C3F8002573
:10AE100029460DF10F02009601232046FFF787FF18
:10AE2000012300933A460A9B29462046FFF725FF57
:10AE30002368C3F8006505463346606832463146EC
:10AE400016F017FA284605B0F0BD2DE9F341044687
:10AE50000D464068DDF820804FF0FF3117461E4652
:10AE600016F081FB23680622C3F8002531464246CE
:10AE7000A77404F113001CF052FD0123009304F1A8
:10AE80001202434429462046FFF751FF226800235F
:10AE9000C2F8003505461A466068194616F0E9F909
:10AEA000284602B0BDE8F0810000C0E90012034965
:10AEB0000022C0E90222C0E904128261704700004A
:10AEC000FFFF10B50446FFF7F0FF6382BDF80830BE
:10AED000A382204610BD30B5D0E90143A34227D25A
:10AEE00005688469EB5C1B1BDBB2C48A4BB98361C8
:10AEF000838AA34208BF438AC38283680133836085
:10AF0000EAE7058A240A4C55048AC58A0C44013BA9
:10AF10006570048A85690234A4B2013594420482C2
:10AF2000DBB28561E1D300230382C3680133C360D0
:10AF300030BD037A4160934204D002721146C0686A
:10AF4000FEF714BE704701607047C160704710B5CE
:10AF50000123C0E9023104460261143000F022F9F5
:10AF6000002384F87C33204610BD13B5002204462C
:10AF700001210A2016F059F9214660602069FFF787
:10AF8000E2FF0023009308490948019423464FF447
:10AF9000FA7216F070FC012805D0042002B0BDE85A
:10AFA000104017F059BA02B010BDCFDC02008FF488
:10AFB00000001FB500238DF807104068039303AA13
:10AFC0000DF1070116F0FCF9039B43B1064B4FF05E
:10AFD00080525A6040BFBFF34F8FBFF36F8F05B0F1
:10AFE0005DF804FB00BF00ED00E010B50446C0684A
:10AFF000FAF71AFA04F11400012100F008F9BDE88B
:10B000001040642016F03BBE10B50446C068FAF745
:10B010001EFA04F11400012100F0F9F8BDE8104017
:10B02000642016F02CBE2DE9F34700260446B046F6
:10B030004FF00109A3686068012B0CBF64224FF038
:10B04000FF320DF1030116F014FA60B19DF80330E0
:10B05000032B08D8DFE803F00228333D2046FFF732
:10B06000D3FFC4F8088094F87C33002BE2D0E0686A
:10B07000FAF792F904F11407020C81B2384600F095
:10B08000B3F88246384600F082FBBAF1000F05465D
:10B0900029DD0121384600F0BAF82069002201219B
:10B0A000FFF747FF0026C5E794F87C33C4F8089003
:10B0B000002BD8D02046FFF798FF0026D3E794F85E
:10B0C0007C33002BCFD12046FFF78FFF84F87C9391
:10B0D000F3E794F87C33002BC5D02046FFF794FFAC
:10B0E00084F87C83BFE700280BDA0021384600F0A3
:10B0F0008EF8206900220321FFF71BFF002E99D153
:10B10000CBE746B90028C8D02069EAB20321FFF78F
:10B1100010FF2E468EE70028F6D18BE708B5FFF723
:10B1200082FFD0ED1F7AF4EEC07AF1EE10FA02D56C
:10B1300091ED1F0A7047D0ED007AB4EEE70AF1EE08
:10B1400010FA26D902460023F2EC017AB4EEE70A9F
:10B15000F1EE10FA22DC9A0003F18043013B00EB90
:10B16000830090ED007A30EE470A37EEC77A01EBA4
:10B170008303C0EE077A1144D1ED006AB7EE007A7E
:10B1800037EE677A27EEA60AD3ED007AA7EE870A94
:10B19000704791ED000A70470133D5E71F2BFBD1B3
:10B1A0007C22D9E700234FF6FF71C0F8503300220C
:10B1B000C0F85813A0F85C3300F54071012310B5B6
:10B1C00080F86433C0F8542300F554740B469C4255
:10B1D00004D100F52073994203D110BD43F8042B2C
:10B1E000F5E743F8042BF6E710B5B0F85C333F2BD6
:10B1F0009EBF5C1CA0F85C4320F81310A0F85A23F3
:10B20000B0F8580390422CBF0020012010BD10B5AB
:10B21000002309B1A0F85C3300F54071A0F8503369
:10B2200000F554740A46002394420DD14FF6FF7284
:10B23000C0F858230122C0F8543380F8642300F585
:10B240002070814203D110BD42F8043BECE740F886
:10B25000043BF6E710B59DF8084014B10024A0F8AF
:10B260005243B0F8524307EE904AF8EE677A002452
:10B27000F7EE006A9C4207DBB0F85233012B9CBF0B
:10B280000133A0F8523310BD92ED006AB1EC017A9F
:10B29000A6EE277A013477EEA65A87EE256AA2EC4D
:10B2A000016AE7E70000B0F85033DFED177A0133A9
:10B2B0009BB21422B3FBF2F102FB1133A0F850331E
:10B2C00000EB830383EDC00AB0EE677A00F54073AC
:10B2D000B7EE006A00F55470834209D1F5EEC07AEA
:10B2E000F1EE10FACCBF87EE270A9FED070A7047F0
:10B2F000F3EC016AF5EEC06AF1EE10FAC4BF37EE66
:10B30000267A77EE867AE7E700BF000000002DE995
:10B31000F04F2DED048B85B000F1800504460391BC
:10B32000821E00F5C0762B4632F8021F07EE901AF7
:10B33000F8EE677AE3EC017AB342F5D194ED207A26
:10B34000D4ED5F7ADFED736A77EEC77AA846C7EE71
:10B35000A65A2A46002306EE903AB8EEE66AF0EEC8
:10B36000476AE5EE866A0133402BD2ED007A77EE2C
:10B37000E67AE2EC017AEED104F5BE712B46D3ED0C
:10B38000017A93ED007A77EEC77AE3EC017A8B428B
:10B39000F5D19FED607ADFED606A0422D4ED207A6A
:10B3A0002B4693ED006A67EE877AE6EE267AE3ECA9
:10B3B000017AB342F5D1013AF0D1DFED586A9FED41
:10B3C000586A0422D4ED207A2B4693ED007A67EE7A
:10B3D000A67AE7EE067A37EE677AA3EC017AB342F3
:10B3E000F3D1013AEED104F5207337460022BB4277
:10B3F0003FD100234C4829461A4600EB820C91EDC0
:10B40000007ADCED007A1F2B67EE877A03F10103E7
:10B41000D8BF0132402BE1EC017A2DD10023284620
:10B4200019462022934239D201313F29134400F1B9
:10B43000040026D1DFED437A4FF0060ABFEE009AF2
:10B440004FF00109F0EE679AB6EE008ACB464FEA5C
:10B45000490904EB8B0C4FEA890E0021B0EE697AA2
:10B46000B7EE006A59456ED004EB81036246084688
:10B470003EE047F8042BBAE71F2BC8BF02F1FF32AA
:10B48000BBE78B42CDD905EB8302D0F800C0D2F8E0
:10B4900000E0C0F800E0C2F800C0C2E79B1A520802
:10B4A000C0E792ED605AD2ED206A67EE455A4844F3
:10B4B000E6EE865A66EE876AE6EE056A93ED205A56
:10B4C00035EE655A82ED205A93ED605A35EE665A94
:10B4D00082ED605A93ED205A75EE255A7244C3ED01
:10B4E000205AD3ED605A75EEA66AC3ED606A7344C4
:10B4F0003F28D6D967EE676A27EE097AE6EE096A31
:10B5000001310CF1040CA7EE867AB0EE666AA9E769
:10B5100000BF00007C42806A3C3E60E5503F5A64B8
:10B520003B3F4C37893E701903009A99193F295CBB
:10B530003F400AD7233CABAA2A3F5555754000002F
:10B54000704200000000B0EE480AA9EE480A1AF066
:10B5500088FAF0EE408AB0EE480AA9EE080A1AF01E
:10B5600080FABAF1010AB0EE409AF1EE687A7FF4FF
:10B570006DAFF8EC017A98ED3F0A20EE000AA7EED5
:10B58000A70A1AF06EFAB04508ED010AF1D1039B43
:10B5900000933A46202329462046FFF75BFE5FEDE5
:10B5A000187A04F52373C4EDD87A04F53A711A4673
:10B5B000F0EE672AB2EC017AF4EE477AF1EE10FA77
:10B5C00048BFF0EE477A9142F4D11FED237AF3ECB5
:10B5D000016A994237EE267AF9D1F3EE076A87EECF
:10B5E000266AB0EE087AC7EE866AF4EEC76AF1EE14
:10B5F00010FA6EDD94EDA07AB4EEC87AF1EE10FA8E
:10B6000067D51FED377A27EE876A3246002307EEAB
:10B61000903A0133F8EEE77A402BE2EC017AF6D16A
:10B62000394630461FED3E0A1FED3A5A1FED3F1ACC
:10B63000FFF777FD3946F0EE403A3046B0EE080AA3
:10B64000FFF76FFD4FF00008B0EE404AF0EE455AAC
:10B65000B0EE453A4546F0EE084AF3EE0A1AB0EE6F
:10B66000642A74EE814A3946B0EE640A3046FFF728
:10B6700058FDB4EEC46AF1EE10FA77DC13D8B8F1D5
:10B68000000F10D0B4EEE36AF1EE10FA71DCB4EE04
:10B69000C06AF1EE10FA06DB32EE435AF0EE435A7E
:10B6A000E5EE085A0135F4EEE14AF1EE10FAF0EE5B
:10B6B000443A58D4012D5FD1F0EE047AB4EEE75A43
:10B6C000F1EE10FA5BDCF4EE047A65EEA75AC4EDF5
:10B6D000D85AD4EDD87A1FED697AF4EEC77AF1EE34
:10B6E00010FA06D41FED6B7AF4EEC77AF1EE10FA79
:10B6F00001DDC4EDD82A94EDD80AB5EE400AF1EE8A
:10B7000010FA04BF012384F86433B4F85A3307EE07
:10B71000903AF8EEE77A204677EEA77AFCEEE77AE1
:10B7200017EE903AA4F85833FFF7BDFDB5EE400A86
:10B73000F1EE10FA84EDD80A06D1D4EDD57AF5EE03
:10B74000C07AF1EE10FA1DDC5FED837AA0EE278A55
:10B75000FDEEC87A17EE900A84EDD50A05B0BDEC6F
:10B76000048BBDE8F08FB0EE404A78E74FF0010857
:10B7700099E7B0EE423A96E75FED8E5AA3E7C4ED43
:10B78000D82AA6E71FED910A4FF0FF30E4E710B585
:10B79000B0F85C333F2B044612D990F86413FFF7DE
:10B7A000B6FD002384F8643304F17402A31E998962
:10B7B00023F8021F9342FAD13B23A4F85C3310BD57
:10B7C0000020FCE70020704710B50468B431206801
:10B7D0000903F9F776FA2068F9F7B1FA404210BD8B
:10B7E00038B504681546B4311A462068049B05EB49
:10B7F0000131F9F7AAFA2068F9F79BFA404238BDFF
:10B8000010B500681446B4311A460068029B04EB78
:10B810000131F9F734FA002010BD10B501600021A4
:10B82000044601714C2208301BF01BF90E4BE360FB
:10B830000E4B23610E4B63610E4BA3610822102354
:10B84000C4E907324FF480514FF45372C4E909122E
:10B850004FF47A72C4E90B2363633223A4606364F8
:10B86000E364204610BD73FB000053FB00003BFB6C
:10B87000000037FB000038B500F1080400F1540562
:10B880002146284619F0A3FC48B12146284619F064
:10B8900038FC21462846BDE8384019F098BC38BD30
:10B8A000543019F0EABE543019F0F1BE543019F09A
:10B8B000F0BE543019F0EFBE0023543019F0EDBE45
:10B8C000543019F024BD134654300A46194619F075
:10B8D0008CBF543019F0CBBF54301AF012B854302A
:10B8E00019F0DDBE543019F080BD543019F0AFBEF0
:10B8F00054301AF011B808B516F0A5FDBDE808409F
:10B900000A21FFF726B913B5064A009204460B46F2
:10B910000022CC21044816F048FC606002B010BD43
:10B9200000BF69FC0000D9DC0200F7B504460D46F3
:10B9300041B901232372637A032B1ED8DFE803F099
:10B94000092061850129F6D116F0A3F800232060B3
:10B95000F0E795B900952B46CC220421606816F0DB
:10B960003EFC666816F095F82B46024600950121CC
:10B97000304616F034FC01236372002003B0F0BDA2
:10B980007DB916F086F82368C01ACB28F5D8009543
:10B9900060682B462A46032116F021FC65720220BE
:10B9A000ECE7012D12D1002600963346CC2204216B
:10B9B000606816F014FC646816F06BF80096024696
:10B9C00033462946204616F00AFCD6E7022DD4D18C
:10B9D000237A9BB1002600963346CD22042160686D
:10B9E00016F0FDFB676816F054F8009602463346E1
:10B9F0000121384616F0F3FB6572BEE76372012041
:10BA0000BCE7012D4FF0000608D100966068334670
:10BA10003246032116F0E3FB6672F0E7022DACD14B
:10BA20000096334640F29B520421606816F0D7FB23
:10BA3000656816F02EF80096024633460121284626
:10BA400016F0CDFB0320607298E7012D4FF0000641
:10BA500008D10096606833463246032116F0BFFBDA
:10BA600066728AE7022D88D16672042086E7034653
:10BA7000002200681A607047000013B5034602A850
:10BA800000E906009DF80600E0B19DF804409DF82D
:10BA900005106CB11A7C5AB1621ED2B2032A01D9C8
:10BAA0000C2C11D129B10B4CA2561A6000221A7429
:10BAB00009B901221A74BDF80220BDF800401973BB
:10BAC000C3E9014202B010BD0B2A96BF024C00220E
:10BAD000A2561A60ECE7F01903000020704713B576
:10BAE0000C4B01930223044600930A490B480023A0
:10BAF0004FF4A07215F0BFFE094B01930123009390
:10BB0000084900234FF43472204615F0B4FE02B009
:10BB100010BDB41A0020E5DC0200218A0000B01A32
:10BB20000020E8DC0200034B5868C0F3080000382E
:10BB300018BF0120704700ED00E013B50023044654
:10BB40000A460093FFF7EFFFB0B1206801AA6946EB
:10BB500015F0B2FD019B43B10A4B4FF080525A6081
:10BB600040BFBFF34F8FBFF36F8F009B0BB100221D
:10BB70001A70009802B010BD2068694615F079FC73
:10BB8000F3E700ED00E01FB501910A780446B2B971
:10BB900001230B70FFF7C7FF034690B113462068DF
:10BBA00003AA01A915F00CFC039B43B1094B4FF00C
:10BBB00080525A6040BFBFF34F8FBFF36F8F04B006
:10BBC00010BD20684FF0FF3201A915F052FBF6E7D7
:10BBD00000BF00ED00E010B516F035FC03464068EC
:10BBE00003F1080118B1BDE81040FFF7CCBFBDE874
:10BBF0001040DB680846184700002DE9F3410B7838
:10BC000005460E46BBB1FFF78EFF044658B32868C1
:10BC100015F089FD00240746A046B8450EDB44B167
:10BC20001F4B4FF080525A6040BFBFF34F8FBFF39E
:10BC30006F8F0023337002B0BDE8F081286801AA3D
:10BC4000694615F039FD019B1C43009BB34207D0A8
:10BC50000023286801AA694615F0B2FB019B1C432A
:10BC600008F10108D9E7FEF708FC286815F052FD35
:10BC70000746BC4202DBFEF708FCDAE72868002230
:10BC8000694615F0F6FB009BB34205D000232868F7
:10BC90001A46694615F0EDFA0134EAE700BF00EDF7
:10BCA00000E010B5044628B1042015F062FB2060C6
:10BCB000002010BD0320FCE710B5024660B1FFF77D
:10BCC00032FF044608B1062010BD106815F0DDFCF7
:10BCD0000128F8D12046F7E70320F5E708B502462A
:10BCE00048B1FFF720FF20B9106815F054FB012878
:10BCF00003D1002008BD0320FCE70520FAE710B5BA
:10BD0000044628B1802015F0AAFA2060002010BD5A
:10BD10000320FCE7000013B50446E0B1FFF703FF82
:10BD2000A8B1206801AA002115F0C6FC019B43B10F
:10BD30000A4B4FF080525A6040BFBFF34F8FBFF3A2
:10BD40006F8F012814BF0620002002B010BD2068AC
:10BD500015F009FCF5E70320F7E700ED00E013B567
:10BD60000446D8B1FFF7DFFE034688B1206801A979
:10BD700015F057FB019B43B10A4B4FF080525A60BC
:10BD800040BFBFF34F8FBFF36F8F002002B010BDD5
:10BD900002460146206815F06CFAF6E70320F5E745
:10BDA00000BF00ED00E02DE9F341D0F8008004462B
:10BDB0000F4616461D46B8F1000F0CD1142241461D
:10BDC0001AF04FFE0A4B00930A48234642460121CF
:10BDD00016F0EBF9206067600C22002104F10800E6
:10BDE0001AF03FFEC4E9036502B0BDE8F08149FFE7
:10BDF0000000ECDC0200F0B5012987B038BF01215A
:10BE00000446FFF790FE0E46054650B30025009508
:10BE1000206803AB2A46082116F0E1F9009504AB2F
:10BE200032460921206816F0DAF9246815F037FE49
:10BE300005AB024600950721204616F0D0F9DDE952
:10BE400003321343059A134308D0134B4FF080522B
:10BE50005A6040BFBFF34F8FBFF36F8F002007B012
:10BE6000F0BD4FF0FF3700970346024603212068DC
:10BE700016F0B5F900972B4632460421206816F0DB
:10BE8000AEF9246815F005FE009702462B46022104
:10BE9000204616F0A4F9E1E700BF00ED00E038B558
:10BEA000850D0C464FF47A720023294680021DF05E
:10BEB000F2FAB5F57A7F36BF20600220002038BD47
:10BEC00037B5044600F13C05E06BA0B14368E3637D
:10BED00003B925641038019001A9204608F0EDF857
:10BEE0000128F1D1019BE26B5A6112B903F11402EE
:10BEF00022641033E36303B030BD024B034918687A
:10BF0000FFF741BE00BFDC1A0020001B002010B567
:10BF100084680146044811F0CAFC2046BDE8104080
:10BF200000F0E3BB00BFF01B002010B5044609F091
:10BF3000AFFA054B06481968224609F0D6FA18B13F
:10BF4000204611F0B3F80B2010BDDC1A0020C81AEF
:10BF5000002004F0AEBE07B50C4B1B78022B014647
:10BF60000CD04FF0FF330948009300231A460321F9
:10BF7000006816F034F903B05DF804FB044803B020
:10BF80005DF804EBFFF737BF00BFFC1A0020E01A92
:10BF9000002070B5054615F082FD094E0446306854
:10BFA00016F045FA012804D02846BDE87040FFF796
:10BFB000D2BF306816F039FA2C44241A002CF3DB77
:10BFC00070BDE01A00206FF00043984201D0FFF7E7
:10BFD000E0BF7047000070B50C4C0123237009F0DE
:10BFE000EAFA0546B0FA80F0400940002070662069
:10BFF000FFF7CFFF3DB908F0D4FB044B1B6913B129
:10C00000BDE87040184770BD00BFFD1A0020340025
:10C0100000200F4B10B500221A7009F0C2FD0D4C24
:10C02000204609F048FA88B90C4C206803F0C9FC96
:10C0300008F067FB0A4BDB6813B1206800B1984732
:10C0400000232360BDE81040FFF7C5BF11F02EF8B4
:10C05000E6E7FD1A0020C81A0020F81A0020340074
:10C06000002008B5104B1B78BBB1022B19D105F08D
:10C0700016FEFFF7A8FF03F03EFAFFF7A4FF00F05B
:10C080007AFDFFF7A0FF02F0A2F8FFF79CFF06F091
:10C0900032FBBDE80840FFF796BFBDE80840FFF758
:10C0A000B8BF08BD00BFFD1A0020FFF7B2BF08B53A
:10C0B00015F031FF012806D015F027FF034B1B6850
:10C0C0001B1A5842584108BD00BFF41A002002480C
:10C0D0004FF0FF31FFF7F0BD00BFC41A0020014848
:10C0E000FFF7FCBD00BFC41A0020FFF7F0BFFFF749
:10C0F000F6BF10B5044C204609F0DDF900B910BDBB
:10C1000000F00FFBF7E7C81A0020FFF7F2BF10B5E9
:10C11000FFF7DDFF06F061FA30B190F828305B07D9
:10C120000AD5FFF7CDFE18B906F057FA04462CB928
:10C13000BDE81040FFF7D3BF0068EDE72046FFF7EA
:10C14000BFFE0028F4D12468F1E7024B1878831E63
:10C15000584258417047FC1A0020024B1878831E41
:10C16000584258417047FD1A00200020FFF7F3BEE7
:10C17000000038B505460B4811F05FFB044620B9B6
:10C180002846BDE8384009F0F0BC00210C221AF026
:10C1900068FC054BC4E90135054B21461868BDE82C
:10C1A0003840FFF7F0BCF01B002081020100DC1AD0
:10C1B0000020034B04491860044B1868FFF7E3BCE8
:10C1C00000BFF81A0020181B0020DC1A002000F520
:10C1D000C060FFF7EEBF10B5FFF779FF154B1C7875
:10C1E000012C21D0022C04D03CB1FFF778FF1124A0
:10C1F00001E0FFF774FF204610BD02221A70FFF71E
:10C200006EFF15F082FE0B4B0C4918600C4A096852
:10C210000C482346FFF7C7FD04F0E1FB0446002865
:10C22000E9D1FFF7D8FEE6E7FFF759FF0F24E2E771
:10C2300000BFFC1A0020F41A0020DC1A0020D503ED
:10C240000100E01A0020FFF7C6BF09F05EBC73B51D
:10C250002E4B00930C222D4B2E482E4D2F4E10218D
:10C2600011F075FA2E4B00241C602D4B21460C2238
:10C2700028461C701AF0F5FB2B4BC5E901342A4DFA
:10C2800021460C2228461AF0ECFB284BC5E9013464
:10C29000284D21460C2228461AF0E3FB264B214666
:10C2A0000C223046C5E901341AF0DBFB234BC6E90A
:10C2B000013407F094FF06F058FA00F0A6FD08F0EC
:10C2C0001EFB07F060FB03F04CFF06F078F804F06B
:10C2D00070FE09F05EF922461949194809F0DBF8A9
:10C2E0001948FFF7DEFCF8F7AAF9174B184A18604F
:10C2F00021462346174809F0D0FBF8F7A0F9294654
:10C3000002B0BDE87040FFF73EBCEFDC0200301B1E
:10C310000020F01B0020241B0020001B0020F81A26
:10C320000020FC1A0020C5020100181B00201D047B
:10C3300001000C1B00206D020100B90501007D0405
:10C340000100C81A0020C41A0020DC1A00209D0237
:10C350000100E18301003AB10878182806D8044B9F
:10C3600053F8203013B118470C2070470020704755
:10C3700000BFFC19030000207047012A08B504D152
:10C380000878FFF724FF002008BD0C20FCE7032AF3
:10C3900008B5084603D101F0EEFD002008BD0C20D1
:10C3A000FCE7042A08B5084603D101F0DCFD0020B3
:10C3B00008BD0C20FCE7062A08B5084603D103F0A7
:10C3C0007AF8002008BD0C20FCE770B586B0144652
:10C3D0000D461822002168461AF043FB012C2BD988
:10C3E0006B78B4EB031F27D12C1D00266B78B3426A
:10C3F00002DC002006B070BD14F8023C8DF800305D
:10C40000214614F8013C8DF8023006220DF103009C
:10C410001BF085FAA3798DF81030E11D06220DF18D
:10C4200011001BF07CFA637B8DF80930684602F03E
:10C43000EEFE01361034D9E70C20DBE7F0B587B00B
:10C4400014460E461822002168461AF00AFB012CF9
:10C4500022D9A21E7478631E182B06F102053CD85F
:10C46000092A19D928460021037A0A3A9A4213D395
:10C470000131D21A8C4203F1050318440ADC5AB97F
:10C4800004921446CDF813207378A34206DC0020F2
:10C4900007B0F0BD092AE7D80C20F9E72B788DF812
:10C4A0000030A91C6B782F7A8DF8023006220DF12E
:10C4B00003001BF034FA2B7A8DF801302B4405373A
:10C4C00005F109025B7A03922F4468468DF8093022
:10C4D000013402F09CFE3D46D6E70A20D8E70B2A3D
:10C4E00008B5084603D103F001FB002008BD0C206D
:10C4F000FCE70D2A08B5084603D101F042FD0020F3
:10C5000008BD0C20FCE70C2A08B5084603D102F050
:10C51000AAFF002008BD0C20FCE70A2A08B508463F
:10C5200003D103F068FA002008BD0C20FCE7042AC0
:10C5300010B50C4612D1FFF7D8FDB4F8010006F093
:10C540001CF810B1008F07F0F2FCFFF7D0FD204679
:10C5500003F00DFAFFF7DBFD002010BD0C20FCE717
:10C56000F8B50C460978012303EB8103934223D1EC
:10C57000002523789D4203DBFFF7C9FD0020F8BDAD
:10C5800004EB8507B7F803608EB1FFF7AEFDB7F88F
:10C59000010005F0F2FF40B1038F9E4209D90C2043
:10C5A000FFF707FE304607F0C2FCFFF7A0FD01359C
:10C5B000DFE79B1B0387F5E70C20E0E710B51F2A98
:10C5C00088B00C4643D12022002168461AF049FA6F
:10C5D00063788DF80030A3BBE278A37843EA0223A6
:10C5E000ADF80230062223798DF80430A118637962
:10C5F0008DF805300DEB02001BF091F9062204F1D5
:10C600000C010DF113001BF08AF9062204F112014E
:10C610000DF119001BF083F9627E237E43EA0223A9
:10C62000ADF80C30E27EA37E43EA0223ADF80E3073
:10C63000237F627F43EA0223ADF81030A37F8DF899
:10C6400012300021684602F01AFE08B010BD0C201E
:10C65000FBE710B5132A88B00C4635D12022002103
:10C6600068461AF0FEF963788DF8003033BBE27843
:10C67000A37843EA0223ADF80230062223798DF82D
:10C680000430A11863798DF805300DEB02001BF022
:10C6900046F9627B237B43EA0223ADF80C30E27B50
:10C6A000A37B43EA0223ADF80E30237C627C43EA8D
:10C6B0000223ADF81030A37C8DF8123000216846BB
:10C6C00002F0DDFD08B010BD0C20FBE70020704734
:10C6D00000207047002070470020704700207047FE
:10C6E0000020704700207047000038B504460B4B0F
:10C6F00000780022197881420AD00132062A03F11B
:10C700000803F7D10825204609F02FFA284638BD3E
:10C710005B686278A11C98470546F4E700BF601A81
:10C7200003002DE9F04186B003A9054607F0D3FDCB
:10C73000044628BB284607F074FDBDF80E202B8A5E
:10C740009A4236D1BDF80C80C8F30B08FFF7CDFC38
:10C75000404605F012FF0746B0B94FF0FF3305938E
:10C760000726FFF7C4FCCEB1012E1ED0059B5A1C34
:10C7700005D000229BB21146404600F071F83446C5
:10C78000284610F093FC10E005AB00932A4604AB5A
:10C7900003A900F0A5FA25460646E2E7386B049B9C
:10C7A0009847396B384600F091FA204606B0BDE84C
:10C7B000F0810A24E4E737B504460D46FFF795FCFF
:10C7C00020466B4601AA052107F0D2FF044628B98E
:10C7D000DDE900102A4600F0F9FA0446FFF787FC6D
:10C7E000204603B030BD03781370437853704388FC
:10C7F00053807047F8B51C4607460E46154600F0B4
:10C8000038FB206038B1291D89B210F08EFE20B9A6
:10C81000206810F04BFC0020F8BD236818680770F2
:10C82000467045800430F7E7F7B5089F1646BA1CF6
:10C8300004461D4692B201AB0120FFF7DBFF60B159
:10C84000294620F8026B3A461BF069F80199204608
:10C8500003B0BDE8F040FFF7AEBF062003B0F0BD67
:10C860001FB5ADF80C300423ADF80E200093022262
:10C8700003ABFFF7D9FF05B05DF804FB0820704754
:10C88000C36813B102690089184770470000F8B502
:10C890000F4615460646FFF728FC114A116800238B
:10C8A0000C461CB9FFF723FC2046F8BD2089B04296
:10C8B00014D1A07AB84211D115B1E07AA8420DD1B5
:10C8C0002BB90B681360002BECD1054B04E0196801
:10C8D000096819600029E5D15360E3E7234624681D
:10C8E000DFE7401C0020F0B500F11007868885B016
:10C8F0000546006907F095FC0421384600F0D2FA9D
:10C90000044628BB2B6903AAD9881868FFF76BFF78
:10C910002869042110F084FC2B691A8ABDF80E30B6
:10C920009A421AD19DF80C301A2B14D80C4A52F89E
:10C93000233083B13A4603A930469847044638B1BC
:10C9400000239DF80D1000931A463046FFF76CFF48
:10C95000204605B0F0BD1024F2E70A24F8E7901A4B
:10C960000300014610B1014810F0A1BF70470C1C34
:10C97000002008B54A780121FFF789FF08B1FFF7C9
:10C98000F0FF002008BD70B516464A780021FFF779
:10C990007EFF0546B8B10221304600F083FA044616
:10C9A00078B933681B681B885BB1012B0CBF102161
:10C9B0000A212846FFF764FF2846FFF7D2FF2046EA
:10C9C00070BD2146F5E70446F9E7F0B5054687B0A6
:10C9D0000F4610460821164600F064FA044688BB4C
:10C9E0000DF10701284608F0A3FA044650BB9DF854
:10C9F0000730DB072BD533681B681A88ADF80C208D
:10CA00005A88ADF80E209A88ADF81020DB88059082
:10CA100003A92846ADF8123002F038FDA8B903A9E1
:10CA2000284603F0E4F8061E18BF0126797802AB09
:10CA300002221320FFF7DEFE20B10680029928466D
:10CA4000FFF7B9FE204607B0F0BD0126EEE710243F
:10CA5000F8E72DE9F043074685B00E469146984623
:10CA6000FFF743FB02AB03AA0521384607F080FE1F
:10CA7000054630B1FFF73BFB00242046FFF771FF6E
:10CA800045E0039B93F8284004F00104FFF72FFBD7
:10CA9000002C40D1224810F0D0FE044600283CD0A3
:10CAA0001422294619F0DDFF1E4BA5721978278143
:10CAB0000131C9B2012938BF01211970C4E90398B5
:10CAC000E17201AB08221220FFF794FE28B33388ED
:10CAD000038073884380B3888380F388C38001997F
:10CAE0003846FFF768FE05460028C6D114F0D7FF88
:10CAF00000F5F0406060FFF738FBFFF7F6FA094BEE
:10CB00001A68226002B95C601C60FFF7F0FA2846E0
:10CB100005B0BDE8F0830325AEE70625ADE70C1CA4
:10CB200000203C1C0020401C002008B500F073F8D9
:10CB300030B10523C38003F5C8038360014B8361D3
:10CB400008BD590C010070B50A4C0E46256805B9A0
:10CB500070BDAB7A1BB931462846FFF791FE2368BA
:10CB60001B68236003B964602846FFF7FAFEEDE70F
:10CB700000BF401C002073B514F091FF002604464E
:10CB80000096CDF804D0FFF7B0FA154A13686FF09D
:10CB9000004533B9FFF7ABFA009CB4B9284602B0A0
:10CBA00070BDD3E90001091B00290ADC116809687E
:10CBB000116001B9526001991E600B600193034638
:10CBC000E7E78D42A8BF0D46F9E7A37A1BB90D210F
:10CBD0002046FFF755FE236800932046FFF7C1FE6D
:10CBE000DAE7401C002007B5074B07480022C3E9DD
:10CBF0000023064B00931422064B012110F0A7FDE1
:10CC000003B05DF804FB401C00200C1C002002DD7A
:10CC10000200281C002038B50546054810F00DFE1E
:10CC2000044620B11C22002119F01BFFA5802046DC
:10CC300038BD9C1C002010B50C4641B1086910F0AD
:10CC400035FA21460348BDE8104010F030BE10BD53
:10CC500000BF9C1C0020807B00F00100704738B5AD
:10CC600013461446042210F0AFFA054658B9204680
:10CC700011F063F8234623F8020B184611F05DF813
:10CC80006080284638BD0425FBE737B504460D46CD
:10CC900001A8114611F036F829460DF1060011F0F1
:10CCA00031F82046042110F0D6FC044628B10422B5
:10CCB00000680DEB02011AF032FE204603B030BDD1
:10CCC00008B1808870474FF6FF70704738B500256F
:10CCD0000C460563086910F0E9F92561A58238BDA5
:10CCE0002DE9F743DDF8289098464FF0FF33C9F857
:10CCF00000300B88C3F30133012B0746164648D09A
:10CD0000022B2ED101AA00213046FFF7A8FF0546CD
:10CD100098B90421304610F083FABDF80610384661
:10CD200005F089FB044660B9BDF806304FF6FF7286
:10CD3000934218BFC9F800300525304610F0B6F907
:10CD400036E003691BB101463846FFF7BFFF238970
:10CD5000BDF80450042B06D1204607F08DFD854216
:10CD600003D90A25E9E76089F9E7BDF804303C6397
:10CD7000A3822069A0B9266123691D8AA38AED1ABE
:10CD8000002D11DD21463846FFF7A0FF0A250026B9
:10CD9000D3E7046B002CE4D02369002BE9D1E0E752
:10CDA000314610F087FCE7E706D1A369C8F80030E8
:10CDB000284603B0BDE8F08314F071FE00F5EA40A8
:10CDC00030307863FFF7D1F90125E0E713B5044669
:10CDD00001921046C988128AFFF757FF019090B15F
:10CDE00001A9204607F0E3F950B1012809D1019BC0
:10CDF00000225A61226C10331360019B14332364A8
:10CE0000002002B010BD0620FBE707B50A4B0093D7
:10CE10000A480A4B1C22032110F099FC38B9FFF78D
:10CE2000E2FE28B903B05DF804EB01F0BEBB0B20B5
:10CE300003B05DF804FB1ADD02009C1C0020481CB6
:10CE40000020002110B50446084610F019F90346E9
:10CE500028B182681288A24204D210F027F9002378
:10CE6000184610BD026822440260F9E70420FFF76B
:10CE7000E8BF0820FFF7E5BF0D20FFF7E2BF70B560
:10CE800005460E46FFF7F8FF044640B133462A46F2
:10CE9000002110F0F0FA18B1204610F007F9002434
:10CEA000204670BD10B504460068038A8B4208DB3B
:10CEB00089B210F066FB002820600CBF062000201D
:10CEC00010BD0A20FCE7034B1A68026002B95860E3
:10CED0001860704700BFB81C002040F20743136081
:10CEE000072313717047094B5B7AC3F3C000C3F388
:10CEF0008002C00040EA8200C3F340021043C3F343
:10CF0000001340EA031000F01D00704700BF34001A
:10CF10000020037ADB0601D501F00BBC0820704726
:10CF20002DE9F041069C80460E461746002150220E
:10CF300020461D4619F095FDD8F80000206098F8AD
:10CF40000630B8F80420A280A3712B7803F0030305
:10CF5000032B24D16B7CE3716B882381D5E90223F9
:10CF600005F11201C4E9042304F1180010221AF09B
:10CF7000D6FC94F82830003F43F0010318BF012786
:10CF8000003E84F8283018BF012694F84A30760015
:10CF900046EA870623F006031E4384F84A602B788E
:10CFA0005A070CD5102205F1220104F129001AF0CC
:10CFB000B6FC94F8393043F0010384F839302B780B
:10CFC0001B070CD5102205F1320104F13A001AF0CA
:10CFD000A6FC94F84A3043F0010384F84A30BDE8D7
:10CFE000F08137B505460C4601AA01210B2001F05E
:10CFF00008FB014618B90623236003B030BDFFF7D4
:10D0000072FF08700199688901F012FB0028F4D0C2
:10D010002060F2E7F8B50446077AC67B40890D46E2
:10D0200005F0ABFAD8B190F858303A0743F0010355
:10D0300080F8583042BFDBB243F0020380F858302A
:10D04000BB0642BF90F8583043F0040380F85830D4
:10D050002EB190F8583066F3C70380F85830FF239C
:10D06000637300232B602B7D43F002032B75F8BD07
:10D0700000B58BB00388ADF80C304388ADF816309E
:10D0800010228368CDF80E308118C368CDF81230B5
:10D0900006A81AF044FC002300931C2203A942F2C4
:10D0A000190006F052FF0BB05DF804FB10B51046F6
:10D0B0000C46FFF7DDFF206010BD10B588B0438936
:10D0C000ADF800300023ADF8023000220023CDE996
:10D0D000022310220C4600F15E010DEB02001AF053
:10D0E0001EFC6846FFF7C4FF30B108232371237D7F
:10D0F000206043F00203237508B010BD10B588B05E
:10D100001022ADF80C0004460DF10E001AF007FCD9
:10D1100002230093122202AB03A942F21A0006F086
:10D1200014FF20B9BDF80830A34218BF0C2008B086
:10D1300010BD38B50C46054600F15E014089FFF789
:10D14000DDFF206010B905236B7338BD237D43F0EC
:10D1500002032375F9E7037ADB0601D501F0B7BBBB
:10D160007047037ADB0601D501F05DBB704710B54F
:10D17000064810F062FB044620B14FF4C072002153
:10D1800019F06FFC204610BD00BFC01C002073B515
:10D19000C57C2B0706D5837E1E0742BF037A43F06A
:10D1A00010030372027A037F447F12F010061CBF43
:10D1B00004F0FE0403F0FE0312F0010F0CBF194649
:10D1C0002146ED0705D5857EED0744BF42F02002DC
:10D1D00002722343334302BF037A23F02003037216
:10D1E00011F0010318BF03238A0748BF43F00C0363
:10D1F00083734B0748BF837B027D44BF43F010031A
:10D200008373C37E934228BF1346C3730DF1070196
:10D21000FFF77FFE02B070BD10B4847B34B9027A90
:10D22000D20706D50A7D42F001020A755DF8044B6B
:10D2300070475DF8044BFFF7EDBE014610B10148A1
:10D2400010F035BB7047C01C002038B5137D0D466B
:10D2500043F002031375012128461446FFF722FE0E
:10D26000206030B92B681B681B780BB103F5A060F8
:10D27000206038BD1FB50222ADF80800009203AB54
:10D2800002A942F21B0006F060FE05B05DF804FB47
:10D2900070B504460D4640891646CAB102F1180120
:10D2A000FFF72CFF286070B9F379E37396F84A30E2
:10D2B0009B0703D5237A43F0080323722B6833B905
:10D2C0000623637303E02B7D43F002032B7570BDCF
:10D2D000FFF7D0FF05232B60F9E730B9074B1A6839
:10D2E00012681A603AB95B60704703681B68036094
:10D2F0000BB9014B5860704700BFB81C00202DE9E6
:10D30000F041027A037F477FD40644BF07F0FE074F
:10D3100003F0FE0312F0010F18BF1F460546F80781
:10D320008AB00E4600F18780B90759D501AA1021AD
:10D33000082001F066F98046002800F0E58002A888
:10D3400006F021FD0446002840F082800299102258
:10D3500040461AF0E4FA95F870300199688943F074
:10D36000040385F8703001F063F90446002840F0AA
:10D37000BD8001AA0721092001F043F904460028D5
:10D3800000F0C280688905F010F9A04603A905F0F5
:10D390002AF99DF80C3008F8013B06220DF10D0129
:10D3A00040461AF0BCFA95F87030029943F0100329
:10D3B00085F87030102205F192001AF0B0FA237847
:10D3C00085F880300622414605F1B2001AF0A7FA2E
:10D3D0000199688901F02CF90446002840F0868004
:10D3E0007A0720D501AA10210A2001F00AF9074680
:10D3F000002800F08980102106F03CFF044638BB6D
:10D4000095F8703043F0080385F8703010223946E3
:10D4100005F1A2001AF083FA0199688901F008F970
:10D420000446002862D12B7ADB0767D531462846AF
:10D43000FFF7F0FD65E001AA1021062001F0E1F8F8
:10D440008046002860D0E97B06F014FF044618B13E
:10D4500001980FF02BFE49E0E87B2146C0F1100255
:10D46000404419F0FEFA1022414605F182001AF0FC
:10D4700056FAEB7B85F8813095F870300199688910
:10D4800043F0010385F8703001F0D2F8044668BB20
:10D4900001AA0A21072001F0B4F88046002833D001
:10D4A000022106F0E7FE04460028D1D1082108F148
:10D4B000020006F0DFFE04460028C9D195F870305E
:10D4C0000199688943F0020385F87030D8F8063076
:10D4D000D8F80220C5E91E23B8F80030A5F872304C
:10D4E00001F0A6F8044600283FF41EAF082333716C
:10D4F000337D346043F00203337502E0AB7B002BD5
:10D5000094D00AB0BDE8F0810624EFE70000034B99
:10D510001B68002003B970471B680130FAE7B81C8C
:10D52000002073B50E4601A9054606F0DEFB044651
:10D5300080B9FEF7DAFDFFF7EAFF019B0344019390
:10D54000FEF7D5FD019B022B04DD3146284606F08F
:10D550009EFA0446204602B070BD10B5014604464E
:10D560000220FFF7DEFF28B921460120BDE8104068
:10D57000FFF7D7BF10BD102106F07CBE2DE9F041AA
:10D5800088B007464089DDF838801C460E461546AF
:10D5900005F00BF801A905F026F83B7ADB0714D556
:10D5A0009DF81230337006220DF1130128461AF04F
:10D5B000B6F99DF81930237006220DF11A01404684
:10D5C0001AF0ADF908B0BDE8F0819DF8193033705C
:10D5D00006220DF11A0128461AF0A1F99DF8123021
:10D5E000237006220DF11301E9E770B504460C48DB
:10D5F0000068002688B14589A5420FD1FF2902D0D5
:10D60000457B8D420AD1B2F1FF3F057A03D005F088
:10D610000105AA4202D103B11E6070BD0646006832
:10D62000E8E7B81C00202DE9F0410D46ACB00646F5
:10D63000062128461446FFF735FC206050BB2B68B6
:10D64000D3F80080FEF751FDFF2101AB4FF0FF3210
:10D650003046FFF7CAFF014690B1437B082B09D043
:10D66000082323714FF4816323602CB0BDE8F0419F
:10D67000FEF73DBD0198FFF730FE0846FFF7DDFDE0
:10D68000FEF735FD3046FFF768FF074628B108234F
:10D69000237120602CB0BDE8F081FEF726FDFFF776
:10D6A00066FD0546B0B146814773FFF70CFC0123C8
:10D6B00003740622414611301AF031F9688904F0EA
:10D6C00074FF90F82830DA072FD50723237140F232
:10D6D0000743236000252F46FEF709FD2368002B32
:10D6E000D8D10DA9304601F07CFD0146A8B9202211
:10D6F00004A819F0B6F9DDF83F00BDF843209DF805
:10D700004530049018A904A8ADF814208DF81630FF
:10D7100006F0D2F90146002840D00529BAD0237D71
:10D72000216023F001032375B4E798F80330062B3A
:10D7300004D80623237140F20643CAE7102B04D90C
:10D740000A23237140F20A43C3E798F802301B070B
:10D750001FD526490223EB750B7A2B764B7AC3F340
:10D7600000036B76FFF7BFFB1023CA7AEB766B7D65
:10D77000A87613402B778A7AAB7D13406B772846C7
:10D78000FFF705FD237D2F7AED7B43F00103237521
:10D79000A2E70323237140F203439AE79DF8673021
:10D7A0008DF80A309DF8AA30ADF80860C3F3800206
:10D7B000C3F3400343EA42039DF80B208DF80C505D
:10D7C00022F0030213439DF80D208DF80B3022F058
:10D7D0000702C7F3C203134302A88DF80D3002F00D
:10D7E00070FB01283FF47DAF022198E700BF3400B1
:10D7F0000020F8B50E460746102130461546FFF7C3
:10D8000051FB0446286030B108232B712B7D43F077
:10D8100002032B75F8BD33681E68FEF766FC2346CD
:10D820004FF0FF3207213846FFF7DFFE044638B9D4
:10D8300005232B6008232B71BDE8F840FEF757BC89
:10D84000837B23F00103837390F8B83043F0010326
:10D8500080F8B83031461022CA301AF060F8E37B05
:10D8600084F8C93029462046FFF7D6FCE4E7F8B52E
:10D870000E4607460A2130461446FFF713FB0546BD
:10D88000206030B108232371237D43F00203237508
:10D89000F8BD33681E68FEF728FC2B464FF0FF32B8
:10D8A00007213846FFF7A1FE38B905232360082376
:10D8B0002371BDE8F840FEF71ABC827B22F0020219
:10D8C000827390F8B82042F0020280F8B8203288C3
:10D8D000A0F8BA20D6F80210D6F80620C0E9301217
:10D8E0002146FFF799FCE4E7F8B50E4607461021FC
:10D8F00030461546FFF7D6FA0446286030B10823B3
:10D900002B712B7D43F002032B75F8BD33681E6825
:10D91000FEF7EBFB23464FF0FF3207213846FFF7B7
:10D9200064FE044638B905232B6008232B71BDE83B
:10D93000F840FEF7DCBB837B23F00403837331469E
:10D940001022DA3019F0EBFF94F8B83043F00403FA
:10D9500084F8B83029462046FFF75EFCE7E7F8B5C3
:10D960000E460746072130461546FFF79BFA044648
:10D97000286030B108232B712B7D43F002032B75F7
:10D98000F8BD33681E68FEF7B0FB23464FF0FF3248
:10D9900007213846FFF729FE044638B905232B60D6
:10D9A00008232B71BDE8F840FEF7A1BB837B23F071
:10D9B0000803837390F8B830314643F0100380F8C1
:10D9C000B83011F8013B80F8C8300622FA3019F05F
:10D9D000A6FF29462046FFF71FFCE3E7F8B50E46F1
:10D9E0000746102130461546FFF75CFA04462860CA
:10D9F00030B108232B712B7D43F002032B75F8BD4A
:10DA000033681E68FEF771FB23464FF0FF32072193
:10DA10003846FFF7EAFD044638B905232B60082392
:10DA20002B71BDE8F840FEF762BB837B23F0100347
:10DA3000837331461022EA3019F071FF94F8B83040
:10DA400043F0080384F8B83029462046FFF7E4FB8A
:10DA5000E7E70138C0B204289ABF014B1856FF20EF
:10DA60007047FC1A030013B50DF107010446FFF7D8
:10DA700050FA9DF80700FFF7ECFF637B984207D14F
:10DA8000207A00F00600831F5842584102B010BDB2
:10DA90000120FBE7F7B50E4607460621304614463F
:10DAA000FFF700FA0546206028B1237D43F002030A
:10DAB000237503B0F0BD33681E68FEF716FB2B46D6
:10DAC000294601223846FFF790FD054670B1022332
:10DAD000C37506223146183019F021FFF378062B62
:10DAE00007D80623237140F206432360FEF7FFFAAE
:10DAF000DFE7102B04D90A23237140F20A43F4E72D
:10DB00002846FFF744FB0DF107012846FFF701FA0D
:10DB100048B10323237140F203432360237D43F084
:10DB200002032375E2E72B7A9DF8072013F0100F0C
:10DB30000CBF0121092169731046FFF78AFF884253
:10DB400008BF22722846FFF78EFF0028CED0237D23
:10DB500043F00103E5E7F7B50E46074610213046CE
:10DB60001446FFF79FF90546206038B1082323715A
:10DB7000237D43F00203237503B0F0BD33681E68B4
:10DB8000FEF7B3FA2B464FF0FF3201213846FFF77C
:10DB90002CFD054620B905232360FEF7A8FAEBE724
:10DBA000102231462E3019F0BAFE2B7ADB0706D54B
:10DBB00002236B73237D43F001032375EDE70DF121
:10DBC00007012846FFF7A5F99DF80700FFF741FF79
:10DBD0006B7B984202BF2B7A43F004032B722846DA
:10DBE000FFF741FF0028D8D0E4E72DE9F0437C4F50
:10DBF0009BB006460C46FEF778FA03AB4FF0FF32B7
:10DC0000FF213046FFF7F1FC0546002860D0237D58
:10DC1000D8070DD5182200212046D4F8108018F01E
:10DC200020FF688904F0D1FC002842D1072323603B
:10DC30006A7B2368FF2A01D0002B42D00398FFF7AC
:10DC40004CFB4FF0010894F80490B9F1000F0BD091
:10DC500006AA0121052000F0D4FC28B180F800902C
:10DC60000699304600F0E4FCFEF741FA002D00F082
:10DC7000B480227D910707D5C2F380032168C2F3E7
:10DC8000C002304602F0E5F8236863BB237A13BB79
:10DC9000B8F1000F2BD1237DDB0740F19E801822C5
:10DCA0000021204618F0DDFE237D43F0010323759B
:10DCB000A1E76B7B424657F8233021462846984718
:10DCC000B6E713F0ECFE00F5F0406860FEF74DFAA1
:10DCD0004FF00008B7E704F10801304602F0A0F861
:10DCE0002368002BD4D0B8F1000FD4D05EE02B7A9B
:10DCF0009A065BD5FEF7F9F9688904F03EFC95F8C1
:10DD0000B83013F0100F044600F1070656D095F80E
:10DD1000C8308DF81030062205F1FA010DF111001E
:10DD200019F0FDFD0498C4F807009DF81630BDF801
:10DD30001420B280B3710622002304F116010DF104
:10DD400019000693CDF81B3018F061FE10B9FEF7EC
:10DD5000CEF90EE09DF81030032B05D8DFE803F074
:10DD6000022C022C0223E371FEF7C1F9688902F04C
:10DD700095F82C7A06AB04F0080604F0100422464D
:10DD80003146009304A805F17003FFF7C9F806A80F
:10DD900005F08EFE06AB009304A805F1B8032246F9
:10DDA0003146FFF7BDF806A805F08BFE28461BB0EC
:10DDB000BDE8F043FFF741BA0323D4E7B288B37953
:10DDC000D0F80700ADF814208DF816300490E079F3
:10DDD00006F0E4FC8DF81000B9E71BB0BDE8F08355
:10DDE00000BF041B03002DE9F04786B080460D46B6
:10DDF000914600211822684618F033FEFEF775F9A7
:10DE000000234FF0FF32FF214046FFF7EEFB0446B0
:10DE100040B1427B052A09D0062A5DD00823417310
:10DE20008DF804300026B246374614E0027A002D01
:10DE30004FD107234373D30701D5837B2BB99DF8BB
:10DE4000143043F001038DF81430E67B277A4FF04D
:10DE5000000AC7F3C007FDB9404604F08EFBD8B1F5
:10DE600090F8583069F3000380F8583027B1DBB2DE
:10DE700043F0020380F85830BAF1000F05D090F853
:10DE8000583043F0040380F858302EB190F85830E1
:10DE900066F3C70380F8583014B1637BFF2B09D1B8
:10DEA0009DF8143043F002038DF814300DB105F5E0
:10DEB00000750095FEF71BF99DF8143069466AF36A
:10DEC000820340468DF81430FFF78FFE06B0BDE8A0
:10DED000F08741731E46B9E741739DF81430077A05
:10DEE00043F008038DF81430C67BC7F3C0074FF02A
:10DEF000010AB0E70000F0B589B00546FEF7E0FE84
:10DF00004FF6FF739842044625D028690DF10703A8
:10DF1000012200210FF058F90646F0B928690121C5
:10DF20000FF07EF99DF807300E2B18D80D4A52F8E5
:10DF30002370A7B11822314602A818F092FD02AA58
:10DF400005F110012046B847204602A9FFF74DFE13
:10DF5000029809B0F0BD0720FBE70A20F9E7082086
:10DF6000F7E7301B0300C2780178B0F8010002F037
:10DF70000102FFF738BF0178B0F801000122FFF776
:10DF800032BF2DE9F043ADB0B0F8015018220021A6
:10DF9000064603A818F065FD1FFA85F8FEF7A5F8F8
:10DFA00000231A46FF214046FFF71FFB0446F0B945
:10DFB000FFF7DDF8044670B906230393404604F0EA
:10DFC000F4FA09A904F00FFB06220BA901A819F025
:10DFD000A6FC01271AE0042345814373FEF773FF73
:10DFE0009DF8203043F001038DF82030E6E7427BB6
:10DFF000082A02D104234373F2E7032A0ED19DF8C5
:10E00000202042F001028DF820201F46FEF76FF815
:10E01000039D4CB928462DB0BDE8F083404600274B
:10E02000FFF728F93C46F1E745BB3FB320222946DC
:10E0300010A8D6F80740B6F80B90D6F803709DF8F4
:10E040002B6018F00EFD062201A90DF141008DF89C
:10E05000406019F064FC9DF85830ADF84890CDE967
:10E06000147418AC43F00103214610A88DF8583001
:10E0700005F019FD002818BF2C460794404603A957
:10E08000FFF7B3FD0020C6E7037ADB074CBF3E3045
:10E090004E3070470000F7B5067A06F001060446D8
:10E0A000C6F102000D4601AA0621C0B200F0A9FA8D
:10E0B0000746002847D05EB32749012323740B7A13
:10E0C00063744B7AC3F30003A374FEF70CFF1023B1
:10E0D00023758B7A6375CB7AE074A375062204F1FD
:10E0E0001101384619F01BFC0199608900F0A0FA73
:10E0F00050BB2046FFF7C8FFFFF73DFA286028B164
:10E1000008232B712B7D43F002032B7503B0F0BD68
:10E11000062204F1180119F002FC237A13F0100F03
:10E120000CBF0123092363730DF103012046FEF7A1
:10E13000F0FE9DF803201046FFF78BFC637B9842AE
:10E1400008BF2A72D0E706202860002EDED10823FF
:10E150002B71DBE700BF34000020037ADB074CBFE4
:10E160004E303E307047F8B50E4607461021304617
:10E170001446FEF797FE0546206030B10823237150
:10E18000237D43F002032375F8BD33681E68FDF755
:10E19000ACFF2B464FF0FF3202213846FFF725FA3D
:10E1A000054628B905232360BDE8F840FDF79FBF69
:10E1B000FFF7D3FF1022314619F0B1FB2B7ADB06B3
:10E1C000F2D52146284600F0C2FBEDE700002DE91C
:10E1D000F34113F064FC002480460094CDF804D091
:10E1E000FDF783FF1E490B68224625466FF0004766
:10E1F0004BB902B10095FDF77AFF009C14BB38467D
:10E2000002B0BDE8F081D3E90006A6EB0806002EB7
:10E2100014DC64B90A6812680A6002B949601D60BA
:10E2200005B901931D4601221C460346E0E722681A
:10E2300012682260002AF2D14C60F0E7B742A8BF12
:10E240003746F1E7002360891A460D2101F001FEEF
:10E25000236800932046FEF7F0FFCEE700BFB81C0E
:10E26000002070B586B0182200210646684618F0D6
:10E27000F8FBFDF73AFF00234FF0FF32FF21304655
:10E28000FFF7B3F90446FDF732FF34BB3046FFF722
:10E2900064F9054630B9FEF76AFF044628B906233B
:10E2A0000093009D284606B070BD037A468143F076
:10E2B000010303724573FDF718FF2046FEF703FEC6
:10E2C000FDF715FF9DF81430694643F00103304611
:10E2D0008DF81430FFF789FCE3E70225E2E72DE92A
:10E2E000F0418EB004460D461746002118226846BC
:10E2F0009846169E18F0B5FBFDF7F7FE00234FF089
:10E30000FF32FF212046FFF770F958B10223009336
:10E31000FDF7EDFE20466946FFF767FC00980EB05A
:10E32000BDE8F081FEF723FF06230028EFD0C57378
:10E330004481057A4373D6B945F001050572FEF7AD
:10E34000C2FDDDE914233946CDE908230AA81022CD
:10E35000ADF81840ADF81A8019F0E1FA9DF81430C4
:10E3600043F001038DF8143006AB0493D0E745F079
:10E370000905E3E7F0B50F46A9B005460121384687
:10E380001446FEF78FFD06462060002852D13B68F8
:10E390001F68FDF7AAFE284604F007F990F8283018
:10E3A000DB0716D440F20743236007232371FDF7F0
:10E3B0009EFE2368002B3DD13B78D9071DD514A9BB
:10E3C0000CA805F079FB2060D0B12846FFF749FF83
:10E3D0002FE005A904F007F9202231460CA818F017
:10E3E00040FBDDF81B00BDF81F209DF821300C908C
:10E3F000ADF834208DF83630D9E705232360E4E703
:10E400003B7813F0040F9DF89A3003D09A0701D49B
:10E410001023F3E7C3F340030293DDE918239DF8CB
:10E420005710CDE900232846BDF858301AAAFFF747
:10E4300056FF206029B0F0BD000070B588B01822EA
:10E4400006460D4602A8002118F00BFBFDF74DFE15
:10E4500000234FF0FF32FF213046FFF7C6F8044695
:10E4600020B9FDF744FE052008B070BD037A9B0774
:10E470007FD40DF10701FEF74CFD2A7818B99DF8FD
:10E4800007309A422DD11046FFF7E3FA637B98429A
:10E4900027D1013A042A24D8DFE802F0031F1F3DE8
:10E4A0004B00237A43F0020323721022291D04F14A
:10E4B0001E0019F034FA237A13F0050F1EBF9DF8E1
:10E4C0001C3043F001038DF81C30FDF710FE304680
:10E4D00002A9FFF78AFB0298C6E76A68274B9A42AF
:10E4E00003D9FDF704FE0320BEE7237A43F00203BD
:10E4F00023721022002104F11E0018F0B2FA6B689A
:10E50000A3776B681B0AE377EB8884F82030EB79FC
:10E5100084F82130CFE72B7933B940F20C430293D2
:10E520000C238DF80C30D0E7237A43F002022272DC
:10E53000C2E7D5E90112003A18BF0122003918BF1D
:10E540000121204600F08DFC20B940F202430293E5
:10E550000223E6E7237A43F0020323726B68C4F8D0
:10E560007431AB68C4F8783102A9204600F02BF969
:10E57000ABE7FDF7BCFD022076E73F420F0010B588
:10E5800086B0044618220021684618F06AFA07236C
:10E5900000939DF81430694643F0020320468DF83D
:10E5A0001430FFF722FB06B010BD13B50A4B0A4822
:10E5B0000022C3E90023094B00934FF4C072084BBB
:10E5C00001210FF0C4F8044608B900F05AFC2046B7
:10E5D00002B010BD00BFB81C0020C01C00202EDD02
:10E5E0000200DC1C002008B5FEF715FB30B1062345
:10E5F000C38003F582038360014B836108BD6922F8
:10E60000010070B5144606460D46FEF732FC206048
:10E6100038B1691C89B20EF088FF20B920680EF06D
:10E6200045FD002070BD2368186800F8016BF9E70C
:10E6300013B50C466B4601AA062106F099F820B9DD
:10E64000DDE900102246FEF7C1FB02B010BD08B59F
:10E65000027B012A03460AD190F80011132906D83B
:10E660004273FFF711FDBDE80840FEF784BF0A22A0
:10E670005A73002008BD73B5037A0F4D03F00103F0
:10E68000002B00F5817601F10C030C4600F13E02EF
:10E69000009318BF314600F14E0306BF29463046AD
:10E6A000284610F022FC206028B108232371237D26
:10E6B00043F00203237502B070BD7D1E002010B52B
:10E6C0000A4C237833B909490A4810F084FC50B940
:10E6D000012323700748402105F0B4FD04482021A0
:10E6E00005F0B0FD002010BD00BF5C1E00205D1EC7
:10E6F00000207D1E002030B589B00D46144603F081
:10E7000054FF01A903F06FFFDDF812302B60BDF854
:10E710001630AB809DF81830AB71DDF819302360EE
:10E72000BDF81D30A3809DF81F30A37109B030BD26
:10E73000000010B5837C012B02D0437E012B08D151
:10E7400005230B7002230373037A43F0080303725B
:10E7500009E0C37C5A0708D4837E5B0705D40023F5
:10E760000B7000230373002010BD447C042CF6D8EA
:10E77000027E042AF3D8037A13F0010F4FEA8203D2
:10E78000134414BF0E4A0E4A13441B5D0B70052B35
:10E7900013D801A252F823F000BFD52A01002D2B77
:10E7A0000100252B0100252B0100292B0100B72A90
:10E7B00001000123C7E70323C5E70320D4E7851B36
:10E7C00003006C1B030070B5D0F8782186B00546B5
:10E7D0000C4602B300F5817102AE00960023084694
:10E7E00010F049FA50B1082323714FF4816323607C
:10E7F000237D43F00203237506B070BDD5F8781170
:10E8000010221144304618F002F920B1042323717C
:10E8100040F20443EBE72B7A13F0050FECD0237D95
:10E8200043F00103E7E77FB5037B012B05460C4668
:10E8300019D00CD9023B012B09D911232360237D68
:10E8400043F0020323750823237104B070BD002335
:10E8500085F8013103AA10210320FFF7D2FE0646F6
:10E8600090B90623EAE790F8002100EBD20302F00A
:10E8700007019B7F0B4103F001038033013280F8D5
:10E88000013180F80021E5E72846FFF7FDFB0096FF
:10E89000024695F801310C4805F5817110F0EBF94D
:10E8A000064620B103980EF001FC2660C7E70399E5
:10E8B0006889FFF7BDFE08B12060C0E72B7ADB074F
:10E8C0005CBF02236B73C0E700BF7D1E002073B5E1
:10E8D00005460C4601AA10210420FFF792FE0646C9
:10E8E00038B9237D43F0020323750823237102B056
:10E8F00070BD2846FFF7C8FB10220146304619F0CC
:10E900000EF801996889FFF793FE08B12060E8E7E7
:10E910002B7ADA07EBD42846FFF799FE0028F5D1C9
:10E920000DF103012846FFF704FF9DF80360304610
:10E93000FFF78FF86B7B9842D9D12B7A9B07D6D4FF
:10E94000267221462846FFF796FED0E700002DE903
:10E95000F043037B022B91B004460D462ED0027A81
:10E96000D60702D453B3032B28D0102104F11E0084
:10E9700005F068FC2046FFF7F0FB0CAE009602465F
:10E9800094F801314F4904F5817010F074F910B119
:10E99000286008230AE01022314604F12E0018F006
:10E9A00036F858B140F204432B6004232B712B7DC1
:10E9B00043F002032B7511B0BDE8F0830AAE0DF1F0
:10E9C000200800960DF11F0342460DF11E0120465E
:10E9D000FEF7D4FD04F5A173CDE902639DF81F3065
:10E9E00004F15E07CDE9008304979DF81E3004F121
:10E9F0004E0204F13E0104F5A97010F076F90646C6
:10EA000008B12860C5E7E07B3146C0F11002384408
:10EA100018F027F81022394604F1820018F07FFF21
:10EA200094F87030A4F8726023F0030343F00303FA
:10EA30004FF000084FF0000984F87030E37B84F851
:10EA40008130C4E91E891022394604F1CA0018F049
:10EA500066FF94F8B830A4F8BA6023F0030343F0DB
:10EA6000030384F8B830E37B84F8C930237AD807ED
:10EA7000C4E930891CD52046FFF7E9FD0DF11D01E1
:10EA80002046FFF756FE9DF81D603046FEF7E1FF79
:10EA9000637B984208D1237A990705D42E722946C0
:10EAA0002046FFF7E8FD86E72B7D43F0010381E771
:10EAB000227B022AF8D19A07F6D443F0040323728A
:10EAC00079E77D1E002073B50C460546FFF7F7FD7C
:10EAD000206038B1237D43F002032375082323719E
:10EAE00002B070BD01AA40210C20FFF78AFD064646
:10EAF00010B906232360EDE71A49202218F00FFF12
:10EB000020221849B01818F00AFF01996889FFF708
:10EB10008FFD20600028DDD12B7ADB07E0D42B7B32
:10EB2000022B18BF01236B730DF103012846FFF779
:10EB300000FE9DF803603046FEF78BFF6B7B98422A
:10EB400008BF26722846FEF78EFF0028C8D02B7B10
:10EB50000BB1032BC4D1237D43F001032375BFE721
:10EB600000BF7D1E00209D1E00202DE9F3410E46B2
:10EB70000746402130461446FEF794F9206030B134
:10EB8000237D43F00203237502B0BDE8F081FFF757
:10EB900096FD0546206030B1237D43F002032375C6
:10EBA00008232371F0E73368D3F80080FDF79DFA5E
:10EBB0002B464FF0FF3209213846FEF716FD054679
:10EBC00040B9052323600823237102B0BDE8F0415A
:10EBD000FDF78DBA00F5817640224146304618F0A7
:10EBE0009EFE1B4A05F5A97305F59171304610F09C
:10EBF000C2F948B140F20B4323600B232371237DFC
:10EC000043F002032375E0E72B7A13F001031CD0D5
:10EC10002A7B022A08BF02236B730DF107012846E5
:10EC2000FFF787FD9DF807603046FEF712FF6B7B0C
:10EC3000984208BF26722846FEF715FF0028C4D068
:10EC40002B7B002BC1D0032BBFD0237D43F00103CE
:10EC5000D8E75D1E00202DE9F041037ADA07037B37
:10EC60004CBF00F1110800F11808022B8CB00446CB
:10EC70000E4607D1D0F8781110221E30002938D066
:10EC800018F04DFE60890AAA08A9FFF734FD07AA0B
:10EC900010210D20FFF7B5FC054600283BD020468B
:10ECA000FFF7F2F907462046FFF757FA0DF129035F
:10ECB00004939DF8283003930DF1210302939DF8EE
:10ECC00020300595CDE90083024604F11E03394644
:10ECD00004F5A17010F08BF8054668B107980EF0A6
:10ECE000E5F9337D356043F0020333750823337152
:10ECF0000EE017F0B6FEC5E707996089FFF798FCAC
:10ED000005460028EDD1237ADB0701D40323637382
:10ED10000CB0BDE8F0810625E3E72DE9F0470E468B
:10ED200090B00746102130461546FEF7BBF8044662
:10ED3000286040B12B7D43F002032B7508232B7113
:10ED400010B0BDE8F0873368D3F80080FDF7CDF947
:10ED500023464FF0FF320A213846FEF746FC0446B0
:10ED600030B905232B6010B0BDE8F047FDF7BFB9FF
:10ED7000027A037B12F0010F00F11E063DD0022B38
:10ED800000F1180A08D1417E102200293BD0D4F8A6
:10ED90007411304618F0C3FD0AAA608908A9FFF76C
:10EDA000AAFC1021304605F04DFA2046FFF7D5F9B0
:10EDB00007462046FFF768F90DF1210304939DF8FB
:10EDC000203003930DF1290302939DF828300DF1B3
:10EDD0003009CDE900A30246CDF8149033463946F8
:10EDE00004F5A17010F003F8286080B108232B719E
:10EDF0002B7D43F002032B75B5E7022B00F1110ABE
:10EE0000CAD1817CC0E7304617F02BFEC4E7102240
:10EE10004946404617F0FBFD28B10B232B7140F209
:10EE20000B432B60E4E70DF11F012046FFF781FC47
:10EE30009DF81F00FEF70DFE637B984202BF237A08
:10EE400043F0040323722046FEF70DFE00288AD00B
:10EE5000237ADB0744BF052363732B7D43F0010353
:10EE6000C9E7037ADB074CBF837C437E591E4B42C4
:10EE70004B41A3EB020CDCF1000040EB0C007047AF
:10EE8000000008B510F0D3F8024B00221A7008BD3C
:10EE900000BF5C1E002070B588B001AE0C46314644
:10EEA000054603F0A0FB96E8030004F10803606048
:10EEB00023F8021B090C1970DDF80B30C4F80B3075
:10EEC000BDF80F30A4F80F309DF811306374DDF8F1
:10EED0001230C4F81230BDF81630E3829DF81830B5
:10EEE0002376DDF81930C4F81930BDF81D30A4F8C8
:10EEF0001D309DF81F30E377AB882384AB8B638490
:10EF0000EB8BA3842B8CE38495F8223084F8293092
:10EF1000AB6D236095F82830DB4303F0010384F8E0
:10EF2000283008B070BD07B5002300931A46194673
:10EF300042F20E0005F009F803B05DF804FB1FB5BE
:10EF400000238DF80C008DF80D100093022203A908
:10EF500042F20C0004F0F9FF05B05DF804FB1FB5A8
:10EF600000238DF80C000093012203A942F20A004D
:10EF700004F0EBFF05B05DF804FB38B50B4A1168EF
:10EF800000230C460CB9204638BDA58A854202D024
:10EF900023462468F6E723B90B681360FDF7E5F80C
:10EFA000F1E722681A60F9E700BFCC1E0020054B8C
:10EFB0001A886FF308021A805A7C22F008025A74E9
:10EFC000FDF7D3B800BF181F0020F8B5094F3D4624
:10EFD00004460E46FDF789F80FCD0FC42B68236059
:10EFE0001EB1FFF7E4FF00233B74BDE8F840FDF7D6
:10EFF0007EB8181F002010B40C4611461CB12346E1
:10F000005DF8044B18470278042A07D1D0E90112B1
:10F010000B6813604B6853608B68936000205DF849
:10F02000044B704770B50D460446FDF75EF8284660
:10F0300003F0A3FA50B1D0E91756FDF758F832465D
:10F0400029462046BDE87040FFF7D5BFFDF74FF8D1
:10F05000072070BD0000044B1B7C23B9044B58787B
:10F06000C0F38000704701207047181F0020081F60
:10F070000020014610B101480EF019BC7047D01EA7
:10F08000002038B5054B1C68054604B938BDD4E9E5
:10F09000003128469847A468F7E7041F002000B510
:10F0A00093B03422002105A817F0DBFC08238DF86B
:10F0B00014300121002368460693FFF786FF02996A
:10F0C00019B1039A05A8FFF796FF05A8FFF7D9FF26
:10F0D00013B05DF804FB30B5114B1B78012B93B0D6
:10F0E000044615D0022B11D101216846FFF76DFFB0
:10F0F000029D5DB10021342205A817F0B2FC002367
:10F1000003998DF81430069405A8A84713B030BDB4
:10F11000FFF7C5FF13B0BDE83040FFF748BF181F29
:10F12000002030B58FB034220021044601A817F02A
:10F1300098FC092301A88DF804300294FFF7A1FF81
:10F14000FCF7D3FF094A1388D2E9024523F4875319
:10F1500023F01F031380FDF708F8FCF7C8FF14B174
:10F16000294601A8A0470FB030BD081F002038B5C0
:10F17000104D2B78BBB16B78DB0614D56C6812F0A0
:10F180008EFC201A002810DC0020FFF7E8FE68B98A
:10F190002B8823F4875323F01F032B80FCF7E5FF14
:10F1A0000D20FFF7BEFF6FF0004038BD6420FCE784
:10F1B00000BF081F002038B5094D00202C78FFF74C
:10F1C000CEFE58B92B8823F4875323F01F032B80DE
:10F1D000FCF7CBFF013C18BF0124600038BD081FBD
:10F1E000002038B505460C46FCF77FFF284603F0A3
:10F1F000C4F918B9FCF77BFF072038BD14B12146CC
:10F20000FFF749FEFCF773FF0020F6E7000030B57A
:10F210001A4BC168427805461878012893B026D168
:10F220005B7CDC0707D505AB06F019F918B9059B1F
:10F230001A78022A18D03422002105A817F011FCF0
:10F2400007238DF814300FCD06AC0FC495E80300EA
:10F2500084E8030000216846FFF7B7FE029B43B92C
:10F2600005A8FFF70EFF02E09B78DB07E3D413B09D
:10F2700030BD039905A89847F2E7181F0020F0B5A4
:10F280000E46017895B00546002938D002290CD0E9
:10F290003C2903D1724B1B78012B02D0002015B002
:10F2A000F0BD0020FFF73DFFF8E76D4B1A78002A0C
:10F2B000F4D01B7C022B03D11D20FFF70CFFEDE7E0
:10F2C000012102A8FFF781FE049C002CE6D0342225
:10F2D000002107A817F0C5FB00238DF81C304FF65E
:10F2E000FF73ADF824309DF81930059913F0080F1D
:10F2F0000CBF0D230923089307A8A047CEE7408839
:10F3000005F016FE0028C9D02B79002B79D0012BEF
:10F310007DD0688803F0E9F8AB898383EB89C383E8
:10F320002B8A0384AB7C80F822302B790446002B97
:10F3300077D14B4B9A68C265DA6802665B7C90F8BD
:10F340002820C3F3410342F0010280F82820837192
:10F35000FFF72DFE6B79E3710622A91804F108006E
:10F36000012718F0DCFA05F11906062205F1130150
:10F37000A77304F10F0018F0D2FA002306223146D9
:10F380000DF11D000793CDF81F3017F040FB00284A
:10F390005CD1E379BB420ED1637B03F0C003402B09
:10F3A00009D1D4F80730C4F81530B4F80B30A4F8FC
:10F3B0001930637BE376FCF798FE3422002107A81E
:10F3C00017F04FFB204603F0E4F80024FCF78FFE13
:10F3D0006B88ADF8243007A88DF81C400894FFF71F
:10F3E00050FE698807A8FFF71DFE6B88ADF808304E
:10F3F00000942346022202A942F2160004F0A5FD61
:10F400004CE7174B1B78022B83D0052047E7002ED3
:10F41000FBD1124B1A78012AF7D15B781B07F4D580
:10F4200077E70E4A310102EB0616B368C365F3684D
:10F4300003667378C3F301038371535A23F487532C
:10F4400023F01F035352FCF790FE83E767750622F3
:10F45000314604F1160018F062FAACE700BF081F4D
:10F460000020181F002038B50446FCF73EFE6088D7
:10F4700003F083F8054628B163781BB9201D0EF010
:10F480005EFC6862BDE83840FCF731BE30B58FB035
:10F4900004460D463422002101A817F0E2FA0523A4
:10F4A000214601A88DF80430ADF810400295FFF711
:10F4B000B9FD0FB030BD70B58EB04588044634221A
:10F4C000002101A817F0CDFA12238DF804306378DB
:10F4D000029323798DF80E3001A863798DF80F30EF
:10F4E000AEB2ADF80C50FFF7CCFD314601A8FFF7E6
:10F4F00099FD0EB070BDF8B52C4D2B786BB16B78C3
:10F50000DB070AD56C6812F0CAFA241A002C0BDC4F
:10F510002B78012B27D0022B02D06FF0004403E0A0
:10F52000FFF701FDD0B16624214FFCF7DEFD12F09C
:10F53000B6FA3A6801466FF000454FF6FF70DAB947
:10F540002DB3FCF7D4FDAC42A8BF2C46FFF70FFE4D
:10F55000A04227DCBDE8F840FFF709BE6B7860F3F6
:10F5600000036B70D9E700210846FFF7E8FC00288C
:10F57000D9D1FFF794FDD0E713695B1A23EAE3734F
:10F58000AB42B8BF908A1268B8BF1D46D7E7FFF7F5
:10F59000F4FC0646FCF7ABFD002ED4D03046FFF756
:10F5A00068FDC2E72046F8BD00BF181F0020CC1E32
:10F5B000002010B5FCF799FDFFF7FDFD0446FCF7B0
:10F5C00096FD204610BD2DE9F0431D468BB08046C8
:10F5D0000F469146FCF789FD4DB3B8F1030F26D8CD
:10F5E0006B78022B23D85A4E3378002B40F0AC8036
:10F5F0002B78012B17D0022B0CD0C3B92B7ADA074A
:10F6000015D46FF00043994513D1FCF79EFDB8B9AE
:10F610001E2478E02B7ADB0709D402F0F8FE0028DC
:10F62000EFD106246FE017B13B78032BF5D9032403
:10F6300069E003A94846FCF732FC0028E5D0F6E76C
:10F64000FFF709FD002840F08180404605F02AF8C8
:10F650000446002857D1129BB360139BF360737864
:10F66000049068F3010373702B787278CDF813005F
:10F67000003B18BF012363F3C302727069882A78C4
:10F68000AB8831B92BB9002A15BF6023F023302194
:10F69000A021ADF81810ADF81A30002A39D0012A8F
:10F6A0003DD004A9002F18BF3946062211F8013BAE
:10F6B0008DF81C400DF11F008DF81E308DF81D8057
:10F6C00018F02DF9AB79002B08BF07238DF82530F2
:10F6D000EB798DF82630002300930F2206A942F221
:10F6E000060004F032FC044668B901203070FFF7D0
:10F6F00036FC0446D0B1338823F4875323F01F032C
:10F700003380FCF732FDFCF7F2FC20460BB0BDE87D
:10F71000F0836B78002B14BF02240324C1E72B7AFB
:10F7200013F0010F0CBF04240124BAE76FF000436B
:10F730009945E8D0039D12F0B2F97378054443F07F
:10F74000100375607370DCE70224DCE71D24DAE740
:10F7500000BF081F002010B50C468AB0014610B942
:10F760001CB1122010E01F2CFBDC22460DF1090019
:10F7700018F0D5F800230093202202A942F20800D5
:10F780008DF8084004F0E1FB0AB010BD10B50C463E
:10F790008AB0014610B91CB1032010E01F2CFBDC1D
:10F7A00022460DF1090018F0BAF800230093202238
:10F7B00002A942F209008DF8084004F0C6FB0AB025
:10F7C00010BD00B58BB01F230DF1070202A905F093
:10F7D00022FE20B99DF8071002A8FFF7BCFF0BB06E
:10F7E0005DF804FB00B58BB01F230DF1070202A9E1
:10F7F00005F011FE20B99DF8071002A8FFF7C6FF1B
:10F800000BB05DF804FB024B1878431E5842584178
:10F810007047081F0020024B1878431E5842584179
:10F820007047181F0020024B1878831E5842584119
:10F830007047181F00201FB590F8283013F00203FE
:10F84000044614D18288ADF80C208DF80E10009378
:10F85000032203A940F2064004F077FB28B994F88C
:10F86000283043F0020384F8283004B010BD022091
:10F87000FBE738B505460C46FCF737FC284602F096
:10F880007CFE38B12146FFF7D6FF0446FCF72FFC7B
:10F89000204638BD0724F9E730B58FB004460D4641
:10F8A0003422002101A817F0DCF8032301A88DF809
:10F8B0000430ADF80C400295FFF7E3FB214601A8A8
:10F8C000FFF7B0FB0D2D03D113212046FFF7D1FF29
:10F8D0000FB030BD2DE9F0418EB0342204460D4604
:10F8E00001A8002117F0BDF8FCF7FFFB204602F04D
:10F8F00044FE064620B9FCF7FAFB0EB0BDE8F081E5
:10F9000003A9FFF7C8FAD6E91778FCF7F0FBFCF774
:10F91000ECFB2046FFF731FB0646FCF7E8FB36B16F
:10F9200020462946FFF7B8FF3046FFF7A2FB2946DD
:10F930002046FDF708F92046FEF721FE204601F09B
:10F9400018F8204602F037FD204605F0A0FD2046BD
:10F9500005F0D8FA012301A88DF804300295FFF7CD
:10F9600090FB4246394601A8FFF745FBC5E770B555
:10F97000B0F8016003788EB00446B5B24BB9C178D7
:10F9800009B101F5007128460EB0BDE87040FFF7DF
:10F99000A1BF3422002101A817F063F806238DF8D7
:10F9A00004302378ADF80C600BB103F5007301A8A7
:10F9B0000293FFF766FB294601A8FFF733FB0EB061
:10F9C00070BD38B504464FF6FF7505F0C5FAA8427C
:10F9D00003D02146FFF77EFFF7E7054B1B78012B8D
:10F9E00002D12046FFF79DFB2046BDE83840FFF7D7
:10F9F00072BB081F002070B590B00546342200216C
:10FA000003A817F02EF80822002101A817F029F802
:10FA1000FCF76BFB6E88304602F0AFFD18B16B78D7
:10FA2000E3B11A2B21D0BDF8043023B93046FFF7DB
:10FA3000A4FAFFF71EFBFCF75AFBBDF80430002BBD
:10FA400032D001A91C4A00233046FDF702F80146D6
:10FA500010B13046FFF720FF10B070BDAB88838334
:10FA6000EB88C3832B890384DDE7134B1C68002CD0
:10FA7000D9D0A38AB34201D02468F8E790F828309F
:10FA8000DB07D0D4A388ADF80430E388ADF80630A6
:10FA90002389ADF808306389ADF80A3011F0FFFF13
:10FAA00000F520402061BEE769780029D1D001F53A
:10FAB0000071CEE700BF313E0100CC1E002070B5C2
:10FAC00004460D46FCF711FB2046FFF756FA0646A2
:10FAD000FCF70DFB4EB13046FFF7CBFA2DB12946AE
:10FAE0002046BDE87040FFF7D7BE70BD2DE9F0415C
:10FAF00034229AB0044600210DEB020016F0B1FF4B
:10FB00002279E37843EA0223ADF80C30A2796379D5
:10FB100043EA0223ADF80E30227AE37943EA022366
:10FB2000ADF81030A27A637AB4F8014043EA0223B8
:10FB30000025ADF81230059503AE96E807000DF1EB
:10FB4000180888E80700342229460DEB0200A7B206
:10FB500016F087FF042339460DA88DF83430CDE91F
:10FB60000E68ADF84040FFF75DFAADF8244003465B
:10FB700090BBBDF81820ADF82620BDF81A20ADF8CE
:10FB80002820BDF81C20ADF82A20BDF81E20ADF8B5
:10FB90002C20BDF82020ADF82E20BDF82220ADF895
:10FBA000302000900E2209A942F2200004F0CDF985
:10FBB000044670B1FCF799FA3846FFF7DEF90546BE
:10FBC000FCF795FA2846FFF754FA21463846FFF726
:10FBD00063FE1AB0BDE8F0818DF8260000952B4633
:10FBE000032209A942F2210004F0AFF9F1E72DE95F
:10FBF000F0410A884B889A4288B080460C4600F251
:10FC00009D80052A40F29A80B3F5486F00F29680F5
:10FC10008A88B2F5FA7F80F09180C98802FB0333AD
:10FC2000B1EBA30F40F38A80082200210DEB020004
:10FC300016F017FFFCF759FA404602F09EFC064604
:10FC4000002856D03F4B1D68002D4DD13E480DF089
:10FC5000F4FD0746002854D01822294616F001FF6B
:10FC6000A7F81480206861683B1D03C3A068186072
:10FC700011F015FF00F520403861736A9A0703D42C
:10FC800096F82830DB073ED52388ADF8123063881C
:10FC9000ADF81430A388ADF81630E388ADF818300D
:10FCA0002389ADF81A3000256389ADF81C30009522
:10FCB0002B460E2204A942F21300ADF8108004F086
:10FCC00044F90646FCF713FA05BBFCF74EFAFCF7BD
:10FCD0000CFA7EBB1B4B1A683A601F60FCF707FAF0
:10FCE000304608B0BDE8F081AB8A434505D02D68A9
:10FCF000AAE7074607260546E4E7002502262F4621
:10FD0000E0E70626DEE72E460125DBE72388ADF88F
:10FD100008306388ADF80A30A388ADF80C30E3886A
:10FD2000ADF80E30094A002302A94046FCF791FEC7
:10FD30000646CCE73846FFF79CF9CFE70326CFE726
:10FD400000BFCC1E0020D01E0020313E010037B580
:10FD5000054600230093CDF8033015F8013B044617
:10FD60004BB906220DF10101284616F050FE10B9DC
:10FD7000032003B030BDFCF7B8F9204602F08BFC3D
:10FD800010B11321FFF757FDFCF7B1F92078294690
:10FD900003F0C9FF204603F07BFFEAE71FB501220D
:10FDA00001A902A803F051FF20B9019B2BB102A8C1
:10FDB000FFF7CDFF05B05DF804FB0520FAE7F0B5CD
:10FDC00089B00646032201A902A803F03EFF0446BB
:10FDD000C8B9019B13B30DF10905771C019BA34220
:10FDE00010DD327815F8013C9A420FD129460622DF
:10FDF000384616F00CFE073508B90134EEE7019BD2
:10FE0000A34203DC0624204609B0F0BDC4EBC404C1
:10FE100002AB1819FFF79BFF0446F4E70524F2E74D
:10FE200030B58FB004460D463422002101A816F0EB
:10FE300018FE95E803000B238DF8043002AB83E82D
:10FE40000300214601A8ADF81040FFF7EBF80FB012
:10FE500030BDF0B58FB004460D4617460021342260
:10FE600001A81E4616F0FDFD0A2301A88DF80430F6
:10FE7000ADF80C400295FFF704F9214601A8FFF701
:10FE8000D1F81DB927B1204600F096FF0FB0F0BDA4
:10FE9000002EFBD0204600F052FFF7E710B58EB0E1
:10FEA00004463422002101A816F0DBFD1023214670
:10FEB00001A88DF80430ADF80840FFF7B3F80EB094
:10FEC00010BD10B504468EB03422002101A816F0F2
:10FED000C8FD2068029011238DF804302188A38882
:10FEE000ADF80C3001A8FFF79DF80EB010BDF0B5CD
:10FEF0008FB004460F4616460021342201A81D4645
:10FF000016F0AFFD0C238DF804309DF81030ADF8DD
:10FF10000E4065F3000301A88DF81030ADF80C70A9
:10FF20000296FFF7AEF8214601A8FFF77BF802988A
:10FF30000DF0BCF80FB0F0BDF0B58FB00C46074621
:10FF400016460021342201A81D4616F08AFD0D2315
:10FF50008DF804309DF81030ADF80C4065F30003C7
:10FF600001A88DF810300297ADF80E60FFF789F800
:10FF7000214601A8FFF756F80FB0F0BDF0B58FB0DD
:10FF800005460F4616460021342201A81C4616F0ED
:10FF900068FD9DF85020ADF80850003A4FF00E0370
:10FFA0008DF8043018BF0122231E18BF012343EA35
:10FFB00042039DF85420ADF80A70003A18BF0122A0
:10FFC00043EA82039DF858208DF80C60003A18BF70
:10FFD000012243EAC2039DF80D2022F00F021343D1
:10FFE00001A88DF80D30FFF74CF8294601A8FFF75E
:10FFF00019F80FB0F0BD70B58EB004460E46154628
:020000021000EC
:100000000021342201A816F02CFD0F2301A88DF841
:100010000430ADF80840ADF80A60ADF80C50FFF7B9
:1000200030F8214601A8FEF7FDFF0EB070BD38B5CF
:10003000FFF7C1F820B9104A537843F00403537016
:100040000F4C2378022B0CD1FEF76DFF48B9238AA1
:1000500023F40F6323F00F0343F4006343F0020320
:1000600023822578012D07D100210846FEF767FF7E
:1000700010B9FEF79CFF257438BD081F0020181F1B
:10008000002008B5FCF731F8FEF7E5FF08B9FFF7E7
:10009000CEFFBDE80840FCF72AB8F0B5204D204857
:1000A0008FB04FF0FF31FBF707FE082200212846F2
:1000B00016F0D7FCFCF719F81B4A53785C0744BFCD
:1000C00023F004035370184BD2E902011A7C48BF95
:1000D000C5E900010024012A02BF1C74D3E90267AC
:1000E0001446FCF704F8092329688DF804301D2311
:1000F000029319B16A6801A8FEF77DFF0948FBF772
:10010000EDFD4CB108238DF804303A461D233146ED
:1001100001A80293FEF76FFF0FB0F0BD00BFC01E35
:100120000020C81E0020081F0020181F002010B546
:100130000B4C226813460BB9052010BD834207D033
:100140009B68F8E7134692688242FBD1996003E00E
:100150009A429968F6D121600020EEE700BF041FA3
:10016000002007B514220021104816F07AFC102256
:1001700000210E4816F075FC0E48FBF792FD0D4A63
:100180000E48002313600D4A13600D4B0093182294
:100190000D4B01210DF0DBFA18B101280CBF062030
:1001A0000B2003B05DF804FB00BF181F0020081FE0
:1001B0000020C81E0020CC1E0020D01E0020041FDE
:1001C00000203FDD0200EC1E002010B5084A08495F
:1001D0001288096803460020824202DC4FF0FF309B
:1001E00010BD51F830409C42FAD00130F4E7541F62
:1001F0000020581F002010B5074A1268034600204F
:10020000824202DC4FF0FF3010BD33F820408C42B8
:10021000FAD00130F4E72C1F0020024691F90200C9
:100220008B78002810B50FDA13F001040AD113F00F
:10023000020006D0B2F8542042B91D2003F07F031B
:100240008B7010BD1B20F9E70020FAE72046F8E785
:1002500038B5DDE9043460681D6804F07CF981B2CA
:1002600028460DF062F9014620B1606804F03DF9BE
:10027000002038BD1120FCE770B5DDE904650421DC
:1002800030680DF052F9044608B9112070BDA988F4
:100290000DF038FDA01CE9880DF034FD2B6858687E
:1002A00004F0DBF8044608B90020EFE730680221CB
:1002B0000DF03BF90028E8D021460DF023FDF3E7CF
:1002C0002DE9F84F1C461B78DDE90A6A0746884687
:1002D0001546032B3CD8DFE803F002320232F5B9B1
:1002E00033686360A94663683846B3F810B00C9B66
:1002F00022464146D0470746D8B961680B8AA3EB2E
:100300000B035B1B14D4B9F1000F15D030689BB2FE
:100310002A460CF032FF60680CF0C8FE0CE00021A9
:1003200008460CF0ADFE6060A0B14FF00109DAE7BD
:100330000727B9F1000FEED13846BDE8F88F3368D2
:10034000636022460C9BD047636833600746F3E73F
:100350000E27F1E71127EFE730B589B01D46023AC5
:100360000D9B0793544254419A6802925B68019333
:100370000C9B00932A4605AB8DF81440FFF7A0FFB5
:1003800009B030BD10B588B01446022C1A460B9B3C
:1003900007930CBF032402248DF81440DC680294F8
:1003A0009B6801930A9B009305ABFFF789FF08B098
:1003B00010BD08B5FFF727FA08B1002008BDFFF708
:1003C0002AFA0028F9D1FFF72EFA0028F5D102F019
:1003D00004F9B0FA80F04009F0E738B5064C002582
:1003E0002068F3F7EDFD2560044C2068F3F7E8FD85
:1003F000256038BD00BF501F0020581F00202DE988
:10040000F0410C4FDFF83480054600243B88A342BE
:1004100003DC00263046BDE8F081D8F8003003EB5D
:10042000C40653F834302846596803F0B9FF002851
:10043000F0D00134EAE7541F0020581F00202DE9B6
:10044000F843884616461F46FFF7D9FF054610B900
:100450000520BDE8F883808802F03BFBD8B1046832
:1004600042F60309002CF3D02346EA885989246810
:100470009142EDD0586803F0F0FF4845F2D1002CCE
:10048000E6D06068414603F08BFF0028ECD106B14E
:1004900035603C60DDE71120DBE730B585B09DF8C5
:1004A000204083EA0405AD070CD004F00205029554
:1004B00004F0010403F002050195009403F0010328
:1004C000FFF75CFD05B030BD70B5DDE904650C4695
:1004D000306803210DF029F808B9112070BD2A8A6F
:1004E00002F00103910748BF43F00203510748BFE0
:1004F00043F00403110748BF43F00803D10648BF87
:1005000043F01003910648BF43F02003510648BF53
:1005100043F0400312F4C07F18BF43F08003611C16
:1005200000F8013B89B20DF0EDFB2868346804F057
:1005300012F881B220460CF0F8FF01460028CCD01A
:10054000286803F0D2FF0020C8E703469B06C0F3EB
:10055000001048BF40F0020070472DE9F04F81467F
:100560008BB00E461446FBF7C0FD484602F005F876
:1005700000273D46824630B9FBF7B9FD0E242046E0
:100580000BB0BDE8F08F06F1FF38149BADF820707A
:100590001FFA88F84645D3F800B06AD3C66C4146C6
:1005A0003046FFF728FE421C63D016EB800660D071
:1005B000022CB77807D0022158460CF0B6FFB0BB2A
:1005C0003D4611243AE0BBF81010022953D1584699
:1005D0000CF0D7FF00680DF0B0FBF47830EA0404AB
:1005E0004CD1B378834227D0C5B2B5709AF8583051
:1005F0005B0723D5BAF80B209AF80D30DAF807001C
:100600008DF81E30ADF81C2006909AF8070004F013
:10061000C5F8ADF82080B378ADF822309DF82430CD
:100620008DF8180064F300038DF8243006E0B178EB
:1006300001F003010DF066FB3D460024FBF757FD7A
:10064000002C9CD13B460095012241464846FFF7CD
:1006500024FFBDF82030002B91D0BDF8223083B9A3
:1006600003A806A903F061FA03A803F05AFA0446A6
:1006700085E70E24E2E73D460D24DFE73D460624EC
:10068000DCE706A803F049FAF1E72DE9F04FA84BA3
:100690000F46B3F800C0A749A84B0D881B6899B056
:1006A0004FF00008059203EBC503C6464FF6FF79ED
:1006B0000278064608EB05043AB90C800392039BC6
:1006C0004345C0F22E81002086E0A44500F11000D1
:1006D00003F1080340F3928043F8086C23F804EC1C
:1006E00023F8029C08F10108E2E7934B1E6806EB31
:1006F000CA0304939B88002B47D156F83A50AC6844
:1007000024B1043C54F8040F002835D12C78631E22
:10071000012B44D86B68002B41D0884E8948894B07
:10072000009301950DF11A0300220121022C08BF4C
:10073000304602F096F900284CD157B101238DF8CC
:1007400024300599BDF81A30ADF8283009A80B956A
:10075000B847AB682BBBEC681CB123681834002B7E
:100760003DD1049ABDF81A30938002F0ACF9049B95
:1007700009F10109D88008E0FFF727FD431C04D0E8
:1007800006EBC0008388002BBCD10AF1010A694B3B
:100790001B889A45A9DBB9F1000F40F0C680032001
:1007A0001AE0694EDFF8C8B10024AB681859002878
:1007B000D1D0FFF70AFD604B1B6803EBC003CDE906
:1007C0000063002213AB0121584602F04AF90434B9
:1007D0000028EAD00128D8D019B0BDE8F08F54F82D
:1007E000143C002BDBD034F8080CFFF7AEFE50B100
:1007F000574B574A1B6812889A4201DA0620EBE7EA
:10080000534A01331360534B0093A4F1180B524821
:10081000CDF804B007AB0022012102F022F9002834
:10082000D8D134F8083CC3F3400113F00C0F18BFC3
:1008300041F00201980548BF41F004015A0548BF44
:1008400041F008011E0548BF41F01001D80448BF1F
:1008500041F020019A0448BF41F040015B043F4B46
:1008600014F8062C0093CDF804B048BF41F0800185
:1008700054F8180C0DF11E0302F0F3F80028A9D16A
:1008800054F8043C13B1BDF81E201A807FB1022336
:100890008DF83830BDF81C30ADF83C300599BDF806
:1008A0001E30ADF83E300EA8CDE910B5B84734F88B
:1008B000080CFFF74AFE50B12A4B0093002229484A
:1008C000019208AB032102F0CCF8002882D154F841
:1008D0000C6C002E3FF441AF306800283FF43DAF70
:1008E000B368002B3FF45BAF204B727931790093F2
:1008F00001960DF1220302F0B4F800287FF46AAFEC
:100900006FB14FF003038DF84C300599BDF82230DC
:10091000ADF8503013A8CDE916B51596B847103686
:10092000DAE74FF00009CA4631E7039B4B440393D3
:10093000C5E6BE1A0020541F0020581F00202C00BE
:10094000002030000020C3450100EB4501002C1FB2
:100950000020BC1A00203B48010024000020CB46A8
:100960000100CD48010020000020F74601002800CA
:1009700000202DE9F7430546FBF7B7FB284601F0B9
:10098000FCFD044620B10023D0E91378C0E91333FD
:10099000FBF7ADFBECB1284601F0CBFACFB1002458
:1009A0003E46A146A04506F1040606DC0B48394642
:1009B00003B0BDE8F0430CF07ABF16F8023C36F8FD
:1009C000041CCDF8009002222846FFF766FD013492
:1009D000E8E703B0BDE8F08300BF341F00202DE935
:1009E000FF474A4B4B4F18680390FBF77EFBFFF71E
:1009F000E0FCDFF83C81002800F08280FFF7EDFC8E
:100A000002F091FF064600287CD1DFF82891B9F862
:100A10000000002844D13F4B188830B1C000F3F7E4
:100A2000CAFA3D4B1860002841D03C4BDFF80CA1BE
:100A300000251D80D8F800303868AB4243DCF3F75E
:100A4000BFFA00233B60C8F80030354B1A680AB380
:100A5000354BB9F800100093344B91FBF2F11B6851
:100A60003348920089B20CF072FE044600284BD144
:100A70002F48DFF8C8900CF0E0FEC9F80000B0B1D4
:100A80002546274628464FF6FF7203A902F02DF8A7
:100A9000054618BBFBF72BFB304604B0BDE8F087DA
:100AA0008000F3F788FA204B18600028B3D10624A1
:100AB000FFF793FC3868F3F783FA00233B60C8F82C
:100AC00000302646E6E7DAE9001250F82500FFF785
:100AD000DCFD04460028EBD10135ABE72B69188A11
:100AE000FFF733FD0028CDD0D9F800106B8901EB5A
:100AF0008402013321F82430D07097700134C1E7AB
:100B00000F24D5E70446D3E70B24D1E700BF9E1B93
:100B10000300601F0020BE1A0020581F0020541F31
:100B200000202C1F00204EDD0200501F0020341F2B
:100B300000205C1F0020BC1A002034000020301F61
:100B40000020054B1B682BB1054BD888003818BF17
:100B5000012070470120704700BF2C1F0020341F68
:100B6000002038B50C4D2B68002B04460EDD0A48DA
:100B70000CF063FE206060B1094B2A68196892008E
:100B800016F0CDFE2B686360002038BD00230360A3
:100B9000F9E70620F9E72C1F0020341F0020301F42
:100BA0000020F8B50546FBF7A0FA284601F0E5FC61
:100BB0000446F0B1066D00239E4201DC00260CE0E5
:100BC000E06C00EB830292F902709178002F0EDA4C
:100BD00030F8236001F07F039370FBF788FA54B17B
:100BE0005EB131462846BDE8F84001F0E8B901336E
:100BF000E2E70646F1E70720F8BD0520FCE72DE90E
:100C0000FF412A4B1C6880462046FFF7F4FA421C3D
:100C10000E4604D10524204604B0BDE8F08104EB63
:100C200080048700E3789B07F4D5FBF75EFA404623
:100C300001F0A3FCB0F85480B045034632D190F8DF
:100C40005820002412F00402A0F854402CD0C56CA7
:100C50003D4495F90220A24227DBB3F80B105A7BE2
:100C6000D0F80700ADF804108DF806200090D87970
:100C700003F094FDADF80880AB78ADF80A309DF82C
:100C80000C308DF8000064F300038DF80C30012562
:100C9000FBF72DFA002CBDD1002DBCD0684602F028
:100CA0003CFFB8E70524F3E714462546F0E7301F7C
:100CB00000202DE9F74FDFF87CA0DFF87CB000279B
:100CC000DAF80030BB4202DC03B0BDE8F08FDBF89D
:100CD000000030F827904946FFF78DFA431C27D0D3
:100CE00085004FF00008FBF700FA404601F05FFC7A
:100CF000044688B1C16C2944FFF78FFA0646A088E4
:100D00000190FBF7F4F99CB11B2E019808D01D2E21
:100D10000AD008F10108E6E706464FF6FF70EFE754
:100D2000494601F003F9F4E7494601F048F9F0E7D4
:100D30000137C5E700BF2C1F0020301F00207FB502
:100D40000646FBF7D2F9304601F017FC0446D0F80E
:100D50000700B4F80B20637BADF804208DF8063053
:100D60000090E07903F01AFD00258DF80000236D56
:100D7000AB4203DCFBF7BBF904B070BDE26C02EBE5
:100D800085039978B1B132F82520ADF808209B7819
:100D9000ADF80A309DF80C3023F001038DF80C30CB
:100DA000FBF7A5F9684602F0B8FEFBF79EF930465E
:100DB00001F0E3FB0135DAE770B504468AB0FBF7D2
:100DC00094F9204601F0D9FB0346D0F80700B3F8A8
:100DD0000B105A7BADF810108DF812200390D879C3
:100DE00003F0DCFC00238DF80C00ADF814308DF816
:100DF0001630FBF77CF906A903A802F089FE00284B
:100E00004DD1FBF772F9204601F0B7FBC56CBDF878
:100E1000201006462846FFF7EEF9411C16D10025A2
:100E2000FBF765F99DF822300093BDF820100023F0
:100E300003222046FFF731FB1B2D19D01D2D28D092
:100E40009DF8163001338DF81630D4E715EB80018C
:100E5000E5D09DF822308B709DF82420D207DED596
:100E600063F07F038B703046FFF7D7F90546D7E76D
:100E7000BDF82010204601F059F80028E0D19DF877
:100E8000243060F3000306A88DF8243002F045FEFC
:100E9000D6E7BDF82010204601F091F8D0E70AB05F
:100EA00070BD37B515461C46002201ABFFF7C7FAE7
:100EB00040B91DB1019B5B89013B2B8014B1019BA3
:100EC0005B89238003B030BD000070B50546FBF799
:100ED0000CF9FFF76EFA98B10C4C0C4E2168306893
:100EE00001318900F3F76EF860B12368306040F893
:100EF0002350013323600024FBF7F9F8204670BD2E
:100F00000F24F9E70624F7E700BF5C1F0020601FED
:100F100000200023F0B501461D461C46087868B93C
:100F2000214A11880C441480204A11880B441380F4
:100F30001F4A138803EB4503138033E0013801286F
:100F40002FD84A686AB38A6801339BB242B1043A27
:100F5000184652F8046F0346013080B2002EF8D1D3
:100F6000CA680AB1106818B90134A4B21031D5E7C3
:100F70005068B0B1108A00F0300040B90233D06838
:100F80009BB210B1066807462EB91832EAE7013560
:100F9000ADB20333F3E7BE6801339BB21030002ECD
:100FA000F0D10320F0BDBE1A0020C01A0020BC1AE8
:100FB0000020024B00201860024B186070472C1F65
:100FC0000020301F002043680A689B1A002B06DDB2
:100FD0004A689A4201DC002070474B60FBE7012021
:100FE0007047C07A00F001007047034630B10E2808
:100FF00008BF002103480380418070470146F9E79C
:1010000000BF641F002070B50446084625691146DC
:101010001A464DB12689FFF7E8FF63690146AC46E1
:101020003046BDE870406047284670BD00231A4630
:101030000D21FFF7E8BFB1F5857F08BF0E21002322
:1010400089B2FFF7E0BF70B504460846656A1146ED
:101050001A464DB12689FFF7C8FFA36A0146AC4680
:101060003046BDE870406047284670BD00231A46F0
:101070000D21FFF7E8BFB1F5857F4FF0000308BFF2
:101080000E21FFF7E0BF70B50446084665691146BA
:101090001A464DB12689FFF7A8FFA3690146AC4661
:1010A0003046BDE870406047284670BD00231A46B0
:1010B0000D21FFF7E8BF038A1BB9B1F5857F08BF93
:1010C0000E210023FFF7DFBF70B5044608462569EF
:1010D00011461A464DB12689FFF787FF636901461D
:1010E000AC463046BDE870406047284670BD0023DE
:1010F0001A460D21FFF7E8BFB1F5857F4FF00003D9
:1011000008BF0E21FFF7E0BFFFF7B0BFFFF7B3BF87
:10111000F7B505461E466C69084611465CB12F8935
:10112000FFF763FFAB6900930146AA89334638464F
:10113000A04703B0F0BD2046FBE700231A460D216F
:10114000FFF7E6BFB1F5857F4FF0000308BF0E2122
:10115000FFF7DEBFFFF7CBBF0023FFF7B5BF13B527
:1011600014468389ADF800302368019300226B4652
:10117000ADF80220FFF7A8FF019B23600E2002B00C
:1011800010BDFFF773BF0023FFF75DBFFFF7AFBFD1
:10119000FFF7E2BF0000034610B5084641B106293B
:1011A00007D1DA7A084C42F00102DA7223680BB1F7
:1011B000002010BD10F073FC10F580600ABF012301
:1011C00020602360F4E7681F00202DE9F74F00241A
:1011D000184FC3E900438046894692461E46FAF7F7
:1011E00084FF3D68A346A5B12A6801924946284676
:1011F000C047019AC8B18CB93B681B683B6003B912
:101200007F60C5F800B07368BAF1010F1D607560AA
:101210000CD103B0BDE8F04FFAF769BF23681B6833
:101220002360002BEDD17C60EBE72C461546DAE716
:1012300000BF6C1F00208289018901230D20FEF769
:101240007BBE70B50446E0B1837A0C2B07D00D2B22
:1012500013D021460C48BDE870400CF028BB006953
:101260000BF024FFF5E756F835000BF01FFF0135B2
:1012700094F82C30AB42F6DCEBE7002500F11006C9
:10128000F6E770BD00BF741F00202DE9F843054646
:1012900090F82D6095F82C300089B3420AD80121CE
:1012A00003F08EFD0546002420460BF0FFFE284685
:1012B000BDE8F88303F0FCFA441FA4B2FCB105F1C9
:1012C0000C070FFA86F807EBC606736872881B8A4C
:1012D0009B1AA342A8BF2346EB85FBF7CDFD04462E
:1012E00078B1EB8D728871680BF047FF48B972884E
:1012F00037F838102889234603F016FDD2E7072572
:10130000D2E70625D0E770B50446008903F0D0FA8D
:10131000431F002B25DD2269108AE289801A98423A
:10132000A8BF184600280ADC2089012103F048FDE7
:101330000446002528460BF0B9FE204670BDA08269
:10134000FBF79AFD054670B1A38AE28921690BF08B
:1013500014FF40B9E289A18920892B4603F0E4FCFF
:10136000E6E70724E5E70624E4E70346C28999890E
:1013700000890AB903F013BC03F02DBC38B505464B
:10138000FFF7F3FF01462846FFF705FF044628B1A3
:10139000002301461A462846FFF796FE204638BD30
:1013A000F7B517461368C2681E8ACDE900236B465D
:1013B00000220D460446FFF787FE019B3B60054374
:1013C00002D00E2003B0F0BD208903F071FA00288E
:1013D000F7D00138864206DA2B462A460E212046EF
:1013E000FFF772FEEDE7E3893344E3812046FFF720
:1013F000C5FF0028E6D0E4E738B5C189028A01318B
:10140000044689B2008903F0C5FA01462046FFF779
:10141000C2FE054628B1002301461A462046FFF7C2
:1014200077FE284638BD13B50446064B218C186854
:1014300001900131628C208901AB89B203F055FB28
:1014400002B010BD00BFD01C030038B50546FFF741
:10145000EAFF01462846FFF79EFE044628B1002316
:1014600001461A462846FFF7EEFD204638BD08B56E
:101470000B4629B100231A46FFF7E5FD0E2008BDF3
:10148000018C428C914202D11A460E21F4E7FFF7FB
:10149000DCFF0028F3D0F1E7000013B50446064B4B
:1014A000A189186801900131E289208901AB89B2D4
:1014B00003F01BFB02B010BD00BFD01C030038B509
:1014C0000546FFF7EAFF01462846FFF764FE04469B
:1014D00028B1002301461A462846FFF7F5FD2046AD
:1014E00038BD08B50B4629B100231A46FFF7ECFDBD
:1014F0000E2008BD8189C289914202D11A460E216F
:10150000F4E7FFF7DCFF0028F3D0F1E7000007B5B0
:101510000246094B118A58680190108949B991898E
:10152000D289013101AB89B203F0DFFA03B05DF873
:1015300004FB03F034FBF9E700BFD01C030038B50F
:101540000546FFF7E4FF01462846FFF724FE044660
:1015500028B1002301461A462846FFF794FD20468D
:1015600038BD08B50B4629B100231A46FFF78BFD9D
:101570000E2008BD81894FF6FF72914202D11A46B2
:101580000E21F3E7FFF7DBFF0028F2D0F0E7F0B51C
:1015900087B0044600F10C0602AD2946304602F041
:1015A000A4FF2789248C304602F0D5FF0134A4B271
:1015B000CDE900504FF420534FF6FF7221463846D4
:1015C00003F04BFA07B0F0BD38B50546FFF7DFFF73
:1015D00001462846FFF7DFFD044628B100230146F7
:1015E0001A462846FFF72FFD204638BD000010B5EB
:1015F00005480CF022F9044618B13822002115F0F4
:1016000030FA204610BD741F002037B50B46002568
:101610000A888988ADF8002004469868ADF8025021
:10162000FBF72DFCA8420CBF0621294601906B4612
:101630002A462046FFF707FD044601980BF036FDC9
:10164000AC420CBF20460E2003B030BD38B5044676
:101650000D46072D0089A1890AD12846A289218932
:101660000123FEF769FC2089BDE83840FFF799BAED
:10167000FFF7C5FA0028F0D038BD70B50D4688B028
:101680001C220646002101A815F0EBF96A682B8898
:10169000ADF80430052A0DD0132A0BD00A2401AB73
:1016A000002221463046FFF70FFD204318BF0E20D1
:1016B00008B070BDA968033A033103A802F0D3FE55
:1016C00004460028EAD1A86810F8013B8DF80830DC
:1016D0000CF033FB2B88B289ADF806009A42DDD2BC
:1016E000B381DCE730B5038A87B005460C4613B1F9
:1016F000002007B030BD0B8882899A4205D28381D1
:101700004B68042B0BD0062B13D000226B461146DE
:101710002846FFF7B8FC0028EAD00E20E9E78868E1
:101720000CF00BFB2882A06802300CF006FB6882EC
:10173000DEE788680CF001FBADF80000A06802301D
:101740000CF0FBFAA168ADF802000222043101A8F6
:1017500002F089FED9E770B50E4688B01C22054616
:10176000002101A815F07DF972683388ADF80430C6
:10177000052A01D0132A25D1B168033A033103A801
:1017800002F071FE0446E8B9B06810F8013B8DF82C
:1017900008300CF0D2FA33882A8CADF806009A4251
:1017A00010D22B8405F10C0103A802F0F9FD30B929
:1017B00001AB224621462846FFF745FC40B92046AA
:1017C00008B070BD00231A460A212846FFF73BFCEB
:1017D0000E24F4E7F0B5154687B010230022074623
:1017E0000C4601A8296802F055FE064628680BF051
:1017F0005DFC00232B60DEB93B8ACBB174B93B6939
:10180000009322466B4621463846FFF73CFC58B908
:101810003C613846FFF793FE044630B100231A4678
:1018200021463846FFF72FFC0E24204607B0F0BDB6
:101830000A24F3E708B50B4629B100231A46FFF73F
:1018400002FC0E2008BD0A460E21F8E7000010B584
:10185000064C236833B110F022F92368181A20EAE5
:10186000E07010BD6FF00040FBE7681F002010B56E
:101870000446A9B9C37ADB0704D410F010F900F5C7
:10188000F0406060FAF731FC00232360074B5A6890
:1018900014605C60FAF72BFCBDE81040FAF765BCF9
:1018A000BDE81040FFF7CDBC00BF6C1F00207FB526
:1018B00002ADADF804008DF806100D480E4E2B4613
:1018C000002201A9FFF781FC029C0CB904B070BD95
:1018D000A37A002256F82330072120469847029B1E
:1018E0001B68029303B903952046FFF7AAFCEBE7B8
:1018F00000BFD95C0100941C030010B586B01C46E3
:101900000023CDE90312ADF80800059305486B46A6
:10191000012202A9FFF759FC059B0098236006B03D
:1019200010BD995C01000B884FF6FF72934230B5F1
:1019300002D002899A4214D1847AD1E901020023AB
:101940009A4201DC002005E010F83350A54206D190
:1019500000EBC300C860003818BF012030BD013360
:10196000EEE70020FAE70A8803899A4207D18B78CC
:10197000827A9A4205D0FF3B584258417047002076
:1019800070470120704773B504460846256B114621
:101990005DB12689FFF729FB636B0093014694F83C
:1019A0002C3004F10C023046A84702B070BD38B5A7
:1019B0000546FFF76AFC01462846FFF7ECFB0446A4
:1019C00020B1014600222846FFF7DDFF204638BD42
:1019D00010B50446FFF7D7FF94F82D2094F82C306B
:1019E0009A4205D220890021BDE8104003F0E8B9F1
:1019F00010BDF7B51646089A04461268084631B974
:101A000094F82D1094F82C508D4207D80A200146E6
:101A100000222046FFF7DCFF0E2026E004F10C0731
:101A200007EBC10537F83110B142EFD1698899420F
:101A3000ECD1E38D0093034668680BF073FC00283B
:101A4000E4D16B88E28D13449BB26A686B80128A82
:101A50009A429FBF688094F82D30013384F82D306E
:101A60002046FFF7A4FF0028D1D103B0F0BD08B590
:101A70000022FFF788FF0E2008BD00220D21FFF78E
:101A800082BF70B504460846A56911465DB1268936
:101A9000FFF7ABFA04F10C02E3690146AC463046AD
:101AA000BDE87040604770BD38B50546FFF72BFCB8
:101AB00001462846FFF76FFB044620B1014600228D
:101AC0002846FFF7DEFF204638BDF7B51746089ACF
:101AD00004461568084631B92269E089B2F810C099
:101AE000604507D30A20014600222046FFF7C9FFC0
:101AF0000E201BE0B4F80CE0BE45F3D19842F1D1C2
:101B00002E8A30446045EDDCA08A8642EAD10096F8
:101B100028460BF007FC0028E4D1E3892A8A134405
:101B2000E3812046FFF7C0FF0028DCD103B0F0BD01
:101B300070B5C38904460D4616463BB10269128A48
:101B40009A4203D90089002103F03AF93246294626
:101B50002046BDE87040FFF794BF10B50469C28904
:101B6000238A9A4204D30022FFF78BFF0E2010BD78
:101B70000A20FCE700220D21FFF783BF2DE9F34186
:101B8000036904460D4616469BB1082200216846AB
:101B900014F067FFA389B4F80880ADF8003031462F
:101BA00028462769FFF721FA6A46014663694046DD
:101BB000B84702B0BDE8F081FFF7E0BF00220D2179
:101BC000FFF7DCBFF7B50546084611460022009234
:101BD0001C4603B11B682E6A01933EB12F89FFF7A3
:101BE00004FA6A4601466B6A3846B0470CB1019B5D
:101BF000236003B0F0BD0023FFF7E4BF00231A46C3
:101C00000D21FFF7DFBF70B504460846E5681146B1
:101C10001A464DB12689FFF7E8F923690146AC461B
:101C20003046BDE87040604770BD0023FFF7EBBF52
:101C300000231A460D21FFF7E6BF1FB50122ADF8BC
:101C400004008DF80610044802AB01A9FFF7BDFAA5
:101C5000029805B05DF804FB00BFD95C010037B500
:101C60000E4B8189044601319868019001AB4FF613
:101C7000FF7289B2208902F0D3FF01462046FFF7A8
:101C80008AFA054628B1002381B21A462046FFF79A
:101C9000BAF9284603B030BD00BFD01C03007FB5A1
:101CA0000FF0FDFE6FF000430290039300222148E5
:101CB00000926B4602A9CDF804D01F4EFFF785FABB
:101CC000039D009CA4B9FFF7C2FD60B91C4B1C4EDC
:101CD00018600246014602AB1B48FFF776FA029CE9
:101CE000D4B9FFF7B4FDA842A8BF284604B070BD20
:101CF000A37A56F823300BB1204698472089132148
:101D0000FDF7B7FD009B1B6800930BB9CDF804D01D
:101D10002046FFF796FAD4E7A37A56F82320E37A11
:101D200023F00103E3722046904701462046FFF767
:101D30009EFD2468D4E7395301001C1C0300681F72
:101D40000020581C0300555301002DE9F0418AB0D2
:101D500080460F4616461D46FFF749FC0446E8B18B
:101D60000223A0F8088000F10C088372414638462F
:101D700002F0A2FB0023C4E90965238469464046BA
:101D800002F029FB2046FFF702FC054620462946C3
:101D9000FFF76DFD28460AB0BDE8F0810625F5E79E
:101DA0002DE9F04180460D4617461E46FFF71FFC01
:101DB000044698B104238372013D069B8581A0F8F7
:101DC0000880C78106614361FFF767FB054620462F
:101DD0002946FFF74CFD2846BDE8F0810625F6E7C9
:101DE0002DE9F84307460E4690469946FFF7FFFB5C
:101DF0000625044680B1089B8572711C0781868187
:101E0000C681A0F81080C0F814908361424689B260
:101E1000384602F0BFFD054620462946FFF727FD5C
:101E20002846BDE8F8832DE9F04105460E46904668
:101E30001F46FFF7DCFB044688B107230581C0E994
:101E40000487837286813146284602F0A8FE054643
:101E500020462946FFF70BFD2846BDE8F081062500
:101E6000F6E72DE9F04105460F4616469846FFF77E
:101E7000BEFB0446C0B10B238372069B058187819C
:101E8000C0F81080436132462846394602F02DFFE3
:101E90000026054630460BF009F920462946FFF793
:101EA000E6FC2846BDE8F0810625F3E72DE9F04180
:101EB00004460D4610461946DDE90667FAF7DFFFCE
:101EC000024638B10697334629462046BDE8F04120
:101ED000FFF7C7BF0620BDE8F081F7B507460E46FD
:101EE000144662B9FAF7C8FF0446D8B10022034687
:101EF000009231464FF6FF7000F01DFEA0B9224659
:101F00003146384602F074FF00240546002332466D
:101F100039462846FEF710F820460BF0C7F8284649
:101F200003B0F0BD0625F1E70925EFE70022FFF732
:101F3000D4BF0E21FFF7BBBC2DE9F34180460F460D
:101F40001446FFF754FB064628B30E238372A0F80D
:101F50000880878164B9FAF78FFF0446D8B1002260
:101F60000346009239464FF6FF7000F0E4FD20BBB7
:101F700022463946404602F05AFF054648B9FAF76C
:101F8000B4F8404600F0F9FA08B1A0F85470FAF736
:101F9000AEF8002400E0062501233A4641462846D3
:101FA000FDF7CAFF29463046FFF761FC20460BF0DB
:101FB0007DF8284602B0BDE8F0810925ECE7002253
:101FC000FFF7BABF000070B50E46FF211546FFF7B8
:101FD00034FE044668B1827A074B53F822301BB1B5
:101FE000324605F5807198472046BDE87040FFF7FE
:101FF00028B970BD00BF941C030070B50D460021C8
:102000001646FFF71AFE044648B133462946002219
:10201000FFF7F9FD2046BDE87040FFF712B970BD2B
:10202000F0B50C4687B00621FFF707FE054608B35A
:10203000C28923889A4238BFC38134F8043BADF883
:1020400000300FCC01AE0FC638BF002723683360C5
:1020500028BF0A2739466B4600222846FFF758F862
:1020600057EA000118BF0E21284607B0BDE8F0402E
:10207000FFF7FDBB07B0F0BD38B50D460621FFF7F1
:10208000DCFD0446C8B155B100231A462946FFF7C6
:102090003FF80E212046BDE83840FFF7E8BBC28973
:1020A000038A9A4203D12B462A460E21EFE7FFF717
:1020B000A3F901460028EDD0EBE738BD70B50D4619
:1020C00086B00221FFF7B9FD044618B36B88028C75
:1020D0009A421DD203842A88ADF8002000F10C0634
:1020E000ADF802300FCE01AD0FC533682B6000256F
:1020F00029466B4600222046FEF7A5FF55EA00015F
:1021000018BF0E21204606B0BDE87040FFF7AFBBF8
:102110000A25EDE706B070BD38B50D460221FFF780
:102120008CFD0446D0B155B100231A462946FEF76E
:102130008AFF0E212046BDE83840FFF798BB028C8D
:102140004FF6FF739A4203D12B462A460E21EEE743
:10215000FFF73AFA01460028ECD0EAE738BD37B578
:102160000D4601AB09490422FFF7C7FB044650B1F5
:10217000019B29465B6898470146204603B0BDE8AD
:102180003040FFF774BB03B030BDFC1B030037B514
:102190000D4601AB09490422FFF7AFFB044650B1DD
:1021A000019B29465B6898470146204603B0BDE87D
:1021B0003040FFF75CBB03B030BDDC1B030070B5E3
:1021C0000E4686B00121FFF738FD054638B3726828
:1021D000022A12D0102A10D00A24A1B26B46002283
:1021E0002846FEF710FF54EA000118BF0E212846CA
:1021F00006B0BDE87040FFF73ABBB16801A802F035
:1022000032F904460028E7D17388AA899A42E3D2BA
:10221000AB813288ADF80020ADF80230DDE706B0C2
:1022200070BD38B50D460121FFF707FD0446D0B15A
:1022300055B100231A46A9B2FEF7E5FE0E2120464D
:10224000BDE83840FFF713BB82894FF6FF739A420F
:1022500003D12B462A460E21EEE7FFF700FD01468B
:102260000028ECD0EAE738BD000073B50D461646ED
:102270000A4901AB0322FFF740FB044658B1019B1A
:1022800029465B68324698470146204602B0BDE8C1
:102290007040FFF7ECBA02B070BDC41B030070B50C
:1022A0000D4609211646FFF7C8FC044648B12946E9
:1022B0003246FFF775F801462046BDE87040FFF74B
:1022C000D6BA70BD70B50D460A211646FFF7B5FCAB
:1022D000044648B1334629460022FFF773FC2046E6
:1022E000BDE87040FEF7ADBF70BD10B50B21FFF724
:1022F000A4FC044640B100221146FFF73FFC2046F3
:10230000BDE81040FEF79DBF10BD2DE9FF410D4611
:1023100016460E49DDF828801F46022203ABFFF760
:10232000ECFA044678B1039BCDF80080D3F8048022
:1023300029463B463246C0470146204604B0BDE828
:10234000F041FFF794BA04B0BDE8F08100BFB41BC0
:10235000030037B50D4601AB09490222FFF7CDFA5C
:10236000044650B1019B29465B68984701462046C8
:1023700003B0BDE83040FFF77ABA03B030BDA41B0C
:10238000030010B50E21FFF758FC044690B1818977
:102390000089FEF734FC40B90E20A289218901236F
:1023A000FDF7CAFD2089FEF7FCFB2046BDE8104082
:1023B000FEF747BF10BDFF21FFF779BA000007B550
:1023C000074B07480022C3E90023064B009338223D
:1023D000064B04210BF0BBF903B05DF804FB6C1F46
:1023E0000020741F002065DD0200901F002010B443
:1023F00003780A780446981A06D1601C06225DF814
:10240000044B013114F003BB5DF8044B704708B571
:10241000074BD88840B1064BDB88022B05D9FEF765
:1024200090FB003818BF012008BD0020FCE7D42035
:1024300000209C1C0020C06A00B9704703898B42B1
:1024400003D001D80068F7E70020704770B5C46A70
:102450000022234623B11E890D89AE420CD004D937
:1024600032B90C60C162002070BD1A461B68F1E7EA
:1024700013680B601160F6E70220F5E7036B8B42EF
:1024800004BF00230363C36A0A688B4210B404D1FB
:10249000C2625DF8044BFAF7CEBB1C461B688B4248
:1024A000FBD12260F5E738B50446D0B1443001F0E5
:1024B00087F8E16A49B904F13C05E06B48B9214667
:1024C0000948BDE838400BF0F2B92046FFF7D6FFC7
:1024D000EFE74368E36303B9256410380AF0E6FDCB
:1024E000EBE738BD00BFD420002038B505461B48B7
:1024F0000BF0A3F9044660B30021642214F0B1FA92
:102500000023A580E362284602F0E7F9014600B304
:102510002046FFF79BFFE0B92846FAF706FB014685
:10252000B8B12046FFF792FF98B92846FCF75BF850
:10253000014670B12046FFF789FF50B904F14C0005
:10254000FEF70FFB28B9234643F83C0F23642046CF
:1025500038BD2046FFF7A7FF0024F8E700BFD420CE
:102560000020044902680B68834201D10A60704769
:1025700019461B68F8E7F0200020044A034610685B
:1025800000B9704782889A42FBD00068F8E7F020D3
:10259000002008B501468088FFF7EFFF024B1A685C
:1025A00019600A6008BDF0200020FFF7E6BF054B68
:1025B00002461868002300B970479342FCD00068B7
:1025C0000133F8E700BFF020002008B5FFF7D5FF82
:1025D000003818BF012008BD0000014B1868704783
:1025E00000BFF020002073B5044680790D4602F04C
:1025F000CFF82E46002206F8010B01A901F0F7FFE3
:1026000001990622304615F08AF92149062204F183
:102610000F0014F0FCF905F10E0318BB2A68C5F889
:102620000E20AA889A80AA799A71D4F80730C5F842
:102630000730B4F80B30A5F80B30637B6B73D4F81C
:102640000720C5F81520B4F80B20A5F8192005F1CE
:102650001503627B9A71E279022A0BD0032A15D006
:1026600002B070BDD4F80E20C5F80E20628A9A80A0
:10267000227DD9E70022EA71D4F81520C5F815208B
:10268000B4F819209A80E27E9A71E9E70122F2E714
:1026900000BFDC1C030030B5054689B018B9002422
:1026A000204609B030BD124B1C68002CF7D02B78A7
:1026B000012B29460CD1AB7903F0C003402B07D185
:1026C00004F11500FFF793FE0028E9D02468ECE739
:1026D000E01DFFF78CFE0028E2D0E379012BF5D94D
:1026E00001A92046FFF77FFF29460DF10B00E9E71E
:1026F00000BFF02000202DE9F0411A4F4FF6FF787F
:102700000FF0CDF90646F9F7F0FC3C686FF0004594
:1027100014B94FF6FF740AE094F828309B071CD4D4
:10272000236B83B1636B9B1B002B09DCA488F9F737
:10273000DEFC444513D013212046FDF79AF8DFE76D
:102740009D42A8BF1D46314604F1440000F0E9F95E
:102750000028EBDD8542A8BF05462468D8E7284657
:10276000BDE8F08100BFF020002007B5084B0093C2
:102770000848084B642201210AF0E9FF20B9064B02
:10278000186003B05DF804FB0B20FAE700BF79DDA9
:102790000200D420002070200020F02000202DE92D
:1027A000F0470646147AA4B017461D46A1B1E107CA
:1027B00005D402232B70102024B0BDE8F08704F06C
:1027C000040904F0080804F0100444EA080454EA78
:1027D00009040CD10020EFE7A20701D40323E9E7A5
:1027E00004F0200904F0400804F08004EDE7F9F754
:1027F0007CFC3046FFF7D9FE90F858A0846DF9F7BD
:1028000076FC58EA09094FEADA0A3BD0E3B214F041
:1028100001042DD1F9F769FC3046FFF7AEFE98B1FF
:1028200001A9FFF7E0FE20220DEB0200214614F083
:1028300018F9DDF80B00BDF80F209DF81130089055
:10284000ADF824208DF82630F9F751FC10A908A81E
:1028500001F032F950B99DF8683013F0010F14BF40
:102860000F200520287000F58070A5E70520F9E706
:10287000B8F1000F06D09B0704D405232B7040F25B
:10288000051099E77B7A5345A4D90C232B704FF49C
:10289000867091E72DE9F04186B005460393002349
:1028A0008DF817304FF6FF7398420C9F0C46164672
:1028B0000FD12369019303AB0093D4F80C80618995
:1028C000334601222846C04778B18DF81700092009
:1028D00007E00A460DF117030121FFF760FF00280A
:1028E000E7D017B19DF817303B7006B0BDE8F08116
:1028F00010B51446FAF7D6FA062814BF00231123A0
:1029000004B1237010BDF8B5069F1D463B78102B0F
:10291000038A164614BF1422062213448B4211DC8C
:1029200011460AF002FE044670B131460BF0EAF996
:102930002946A01C0BF0E6F9211D384601F0D5FD13
:102940000020F8BD0420FCE70620FAE773B5044632
:102950000DF1060015461E460BF0D4F902220DF1CA
:10296000060120460AF0ACFB20B11123337006208B
:1029700002B070BD29460DF106000BF0C3F902222A
:102980000DF1060120460AF09BFB0028EDD1012045
:10299000EEE710B5044640B180680AF087FB214697
:1029A0000348BDE810400AF082BF10BD00BFF4200C
:1029B0000020F0B51D4685B04FF6FF730C469842D7
:1029C0004FF00001064617468DF80F100DD1236910
:1029D000CDE900730222E768618900233046B847D9
:1029E00050B18DF80F00092006E00DF10F032246CB
:1029F000FFF7D5FE0028EAD015B19DF80F302B70F7
:102A000005B0F0BD2DE9F743DDF82C9004460E46E5
:102A100090461F46FAF72DFA054600B30346CDF857
:102A20000090204600223146FFF734FF044630B9BB
:102A30002E8A46450AD90E2389F8003004242846F8
:102A40000AF034FB204603B0BDE8F0833B46014664
:102A5000324628460AF0B8FB0A9B1E80EFE70624A0
:102A6000EDE72DE9F041804614480F4616461D4615
:102A70000AF0E3FE0446F0B11422002113F0F1FF46
:102A80000F4BC4F804801A882772013292B21A8060
:102A9000069BE360079B236100232360094B62814F
:102AA0005A68667214605C6015B90020BDE8F08158
:102AB00063892B80F9E70620F8E7102400203024F2
:102AC00000203C240020014B1888704700BF3024B0
:102AD0000020044A0346106800B9704742899A42B0
:102AE000FBD00068F8E73C24002070B50D46164680
:102AF00040B90A4B1C681CB16389B34204D9002455
:102B0000204670BD0468F6E7002DF9D060682946BC
:102B100001F046FC0028F3D02468ECE700BF3C2419
:102B20000020036823B14068401A20EAE070704733
:102B30006FF0004070472DE9F04104460846154605
:102B40001E46FFF7C6FF069F014628B90FB10123B5
:102B50003B700520BDE8F08133462A462046BDE89B
:102B6000F041FFF797BE2DE9F04105460C461746A8
:102B700001200A4604219DF818801E4602F07BF9C8
:102B800050B10770A0F8016080F803802146284604
:102B9000BDE8F04102F092B90620BDE8F0812DE9D0
:102BA000F04385B007469DF83080144699460E469E
:102BB00011B1B8F1000F3BD0F9F797FA02AA03A9B7
:102BC000384601F04EFE054690B90EBB23681878D2
:102BD00001F04CFE2146029801F05CFE2246DDE940
:102BE0000210FAF7F3F8051E344618BF4FF00E082E
:102BF000F9F77DFA2DB16CB9FAF73BF9044668B9DB
:102C0000002420460AF052FA284605B0BDE8F083B9
:102C10003546EDE7218A20460AF002FBBDF8343044
:102C2000CDF800804A4621463846FFF79CFFE7E78B
:102C30000D46E6E72DE9F043884687B006460DF1DC
:102C40000F0202214046FFF753FE4FF000090446F1
:102C500000285AD1D8F800308DF80F001B681F8863
:102C6000F9F743FA214605AA304601F0FAFD044679
:102C700010B9059BB3F80A90F9F739FA002C42D144
:102C8000D8F80050C8F80040298A28460AF0C8FA47
:102C90002A460221032002F0EEF888BB11238DF8AA
:102CA0000F300624002301939DF80F300093214636
:102CB00002232A463046FFF772FF0446E0B9F9F7CF
:102CC00014FA04AA05A9304601F0CBFD044658B910
:102CD0003946049801F0CBFD0498837B43F001034F
:102CE000837301F0C9FD0746F9F701FA24B93A46A2
:102CF00004213046FDF77FF9204607B0BDE8F08398
:102D0000A0F80090CEE70025CCE74D464F46C9E736
:102D100000002DE9F04F0E4687B0814600240DF1EA
:102D20001702042130468DF81740FFF7E1FD0546F4
:102D3000002872D134682368B3F80080B3F802A089
:102D4000D04502D8B8F1000F12D101238DF8173009
:102D500000240A259DF817300093CDF80480042341
:102D6000224629464846FFF71AFF07B0BDE8F08F14
:102D70003060218A20460AF053FA224601210520BC
:102D800002F079F8074620B911238DF8173006258F
:102D9000E0E7484601F08CFD214B3D701E68029033
:102DA000AB4616B173899A4505D2BBF1000F16D018
:102DB0004FF00008CEE798452DD871683B78097828
:102DC000102914D183B901233B700421238A029A6C
:102DD0000B449342E9DC20460AF0A7FB80B90A23A2
:102DE0008DF817300525B5E7012BEED0DDE723B9C7
:102DF0004FF002033B701221E8E7022BFBD0D4E72F
:102E0000718903900AF07EFF039B7068991C01F0A2
:102E10006CFB0BF1010B3668C3E7A0469AE73C2434
:102E200000202DE9F04F0F468DB0814600240DF1B2
:102E30001902062138468DF81940FFF759FD05465D
:102E4000002840F0D1803B681B68B3F80080B3F8DD
:102E500002B09E88D84502D8B8F1000F12D10123E4
:102E60008DF8193000240A259DF819300093CDF80B
:102E700004800623224629464846FFF790FE0DB0FF
:102E8000BDE8F08FF9F7F5FF044650B10246294638
:102E9000072001F0F0FF38B911238DF8193006250D
:102EA000E2E73C683D60F7E7484601F001FD3B681A
:102EB000049310238DF81C304D4BADF81E601E6836
:102EC00003902F46AA463EB17389984528D8BAF197
:102ED000000F1CD19B4545D2238ABAF1000F0DD0BB
:102EE00003991A1D914209DB0DF119033A46514627
:102EF0002046FFF72BFD012871D1238A012B9DBFAE
:102F00000A238DF8193005254FF00008ACE79DF82D
:102F10001C307268102B12D11378102B02D07789D5
:102F20003668D0E707A8059201F097FA034642F603
:102F300001008342059A32D8B3F5205F40D2238A3C
:102F4000039A04339A4249DB0DF119033A4651467C
:102F50002046FFF7FBFC012841D173895B454FF008
:102F6000000739D8706807A901F01AFAA0B90DF165
:102F7000190301930DF11A030093102208AB314697
:102F80004846FFF73FFD50BBBDF81A30049808AA29
:102F900006210AF093F9E0B14FF0000AC0E742F6CB
:102FA00003008342CBD11046059301F056FAA0F5F9
:102FB000205292B2012AC2D9059B9842AFD1BEE7F6
:102FC000104601F04AFAA0F5205080B20128A6D898
:102FD000B5E77789BA46A3E7BA467DE70020238A9A
:102FE00000288BD005463FE7A0463DE700BF3C24C4
:102FF00000202DE9F04F0B681E8A93B00025062EA5
:1030000004900F468DF81D5001D0142E12D10DF1F1
:103010001D0231463846FFF76BFC044618BB396881
:103020000B681D885B8805939D4200D88DB90123EC
:103030008DF81D3000260A249DF81D300093049859
:103040000195082332462146FFF7A9FD13B0BDE8DC
:10305000F08F331F04220DA801F01CFA044628B19A
:1030600004248DF81D4000252E46E5E73E683860B3
:10307000318A8DF81D0030460AF0D2F8324601211F
:10308000092001F0F8FE814630B911238DF81D307A
:1030900006204D460446CFE7049801F009FCA046FF
:1030A0008246039427463846059A0DA9FFF71DFD71
:1030B0000746002851D04389AB42F4D30DF11D03DC
:1030C00001930DF11E030093014608AB04981322EF
:1030D000FFF798FC50B17D89039B63BB9DF81D30C1
:1030E000002B3ED00028D5D10524A5E7BDF81E2031
:1030F000AAF103039342DCBFAAF10403ADF81E302A
:10310000BDF81EB0B8F1000F01D0C345E4D1338A39
:1031100002335B449A4522DB0BF1020189B230464F
:103120000AF003FA7B8970B91D46039B11218DF8C3
:103130001D10D3B1D846002308F102088DF81D30C8
:1031400089F8008078E720F8023B5A4608A914F075
:10315000E6FB0123D8460393A5E70520BCE7D84644
:10316000BAE70A238DF81D30BCE7062092E72DE967
:10317000F04385B00D460DF10F0780464FF0000972
:103180003A46022128468DF80F90FFF7B1FB04461E
:1031900048BB2E683368B3F800902860318A304607
:1031A0000AF03EF8324621460B2001F064FE88B951
:1031B00011238DF80F3006249DF80F300093CDF8C1
:1031C00004900A23324621464046FFF7E8FC05B04A
:1031D000BDE8F08322460097334649464046FFF754
:1031E000AAFC0446E8E74E46E6E72DE9FF470F460E
:1031F0000DF10F09804600264A46042138468DF815
:103200000F60FFF775FB044650BB3D682B681E88B6
:10321000B3F802A03860298A28460AF001F82A4645
:1032200021460D2001F027FE80B911238DF80F30C3
:1032300006249DF80F30009301960C232A46214660
:103240004046FFF7ACFC04B0BDE8F087CDF8009035
:103250002B46524631464046FFF76DFC0446E8E7F0
:103260003546E6E72DE9FF4700240E4607468DF870
:103270000F4001F01DFB8046F9F7FBFD054690B1BC
:10328000024621460F2001F0F6FD044668B10DF11B
:103290000F0A33681B8A012B02D92B8A434516D3A8
:1032A0000024A14606E03568346011238DF80F3004
:1032B0004FF006099DF80F30009301940E232A4623
:1032C00049463846FFF76BFC04B0BDE8F08752462C
:1032D00002213046FFF70CFB8146A0B9336818681D
:1032E0000AF02BFD02210446306809F099FF4A4696
:1032F000CDF800A02B4621463846FFF71CFC81463E
:103300000028C6D0D6E70024D4E72DE9F04F0B689B
:103310000F46198A95B00025062902908DF81550A0
:1033200001D0142913D10DF115023846FFF7E0FA48
:103330000446002840F0D28039680B681D88B3F835
:1033400002B05D4500D88DB901238DF815300026F7
:103350000A249DF8153000930298019510233246F7
:103360002146FFF71CFC15B0BDE8F08F0B8A042244
:10337000043B0AA801F08EF8814608B10423E4E773
:103380000AA801F06AF8A0F5205080B2012805D9FA
:10339000102326468DF815301C46DAE702988DF882
:1033A000154001F085FA3E683C60318A824630461D
:1033B00009F036FF32460121112001F05CFD804604
:1033C00020B911238DF815300624C2E7474A80F84A
:1033D000009017684C464A46C7B9002A71D04FF68C
:1033E000FF740FAB0093514623463046FFF78BFA2C
:1033F0000628044602D111238DF81530338A022B9A
:1034000068D80A238DF815300524A2E77B899D42F0
:103410000DD89B4565D378680392D2B101F01DF8B1
:10342000A0F5205080B20128039A02D97C893F6818
:10343000D2E70FAB0093514623463046FFF763FABD
:10344000044630B106287D8921D111238DF815302D
:103450007FE778680AA900F0A3FF002838D10DF1B2
:10346000150301930DF116030093102206AB3946A4
:103470004FF6FF70FFF7C6FA044638B9BDF81620BC
:1034800006A90FA800F06DFF044620B17D89042C29
:1034900008BF00245DE798F80030062B0DD0142BF0
:1034A00011D073B99DF83C30102B0CBF06231423A8
:1034B00088F800307A891446B9E79DF83C30102B23
:1034C000F8D000249AE79DF83C30102BF2D1F8E7B1
:1034D0000022ACE7002C3FF43CAFD8E700252E4695
:1034E00037E7002A7FF47DAFEBE73C2400202DE98D
:1034F000FF410F46064600250DF10F020221384616
:103500008DF80F50FFF7F4F90446C0BB3B681B6809
:10351000B3F80080F9F7ADFC0546B8B10246214684
:10352000132001F0A8FCA0B911238DF80F30062458
:103530009DF80F300093CDF8048012232A462146CF
:103540003046FFF72CFB04B0BDE8F0813D683C60DD
:10355000EAE73868022109F063FE4046FFF7B9FA4E
:10356000014620B901238DF80F300524E0E70DF165
:103570000F033A463046FFF71CFA0446D8E7A84640
:10358000D6E773B50C4605460DF107020221204629
:10359000FFF7AEF980B9206803681E88022109F0A0
:1035A0003FFE3046FFF795FA014638B10DF10703AB
:1035B00022462846FFF7FDF902B070BD0520FBE763
:1035C00010B50446206800B910BD03682360FFF7FA
:1035D000E0F9F7E700002DE9F04F0E4689B0074605
:1035E0004FF0000A0DF11F02042130468DF81FA094
:1035F000FFF77EF90446002840F096803368D3F840
:103600000080B8F800904846FFF763FA054688B98D
:1036100001238DF81F3005249DF81F300093CDF84D
:10362000049016232A4621463846FFF7B8FA09B017
:10363000BDE8F08F024621460DF11F033846FFF723
:10364000AEF80446002872D1F8F74FFDB8F800B084
:103650001FFA8BF30493B8F802A01FFA8AF30593BC
:10366000384633680393FEF7A0FF804631480AF0DE
:10367000E4F8054690B909238DF81F300624F8F7C1
:1036800036FD002335683360002CC5D10121284662
:1036900009F0A6FE2B6817221A70BDE70C222146FE
:1036A00013F0DFF9F9F7E5FBA86020B92846FFF72A
:1036B00070F91123E0E7039BA5F804B0A5F806A074
:1036C0001B8A0399043B9BB2042209F056FD044671
:1036D00030B12846FFF75DF909238DF81F30CEE79A
:1036E000D8F844C0024663461BB1988804998142C9
:1036F0000ED2AAB9C5F800C0C8F844500EF0CFF9F0
:1037000000F5EA403030C8F84800F8F72EFDB6E77B
:1037100003D1D88805998842EBD81A461B68E3E79D
:1037200013682B601560E9E7D146554674E75546A6
:1037300072E7F42000202DE9F0470D4686B081465F
:103740000DF10E0201212846FFF7D2F804460028A9
:103750007CD1D5F80080D8F800301E782860B8F801
:103760001010404609F05CFD42462146192001F048
:1037700082FB00286DD111238DF80E300624002520
:1037800040E0049E2246EEB9049D002D32D0AD8863
:103790004FF0000A049F002F44D12846CDF814A012
:1037A000FFF797F90DF10F03014605AA4846FFF709
:1037B00000F90746059809F079FC002FE4D09DF840
:1037C0000F4017E0F1881AB1B5889088A84203D05D
:1037D00041B1B58807240DE09068D288008A024480
:1037E0008A42F7D1B268128A0A44B2F5007F16DD28
:1037F000B5880D24002C8DF80E4018BF092404A8AC
:10380000FFF7DEFE9DF80E30009301951823424627
:1038100021464846FFF7C3F906B0BDE8F0873246B7
:103820003668B0E7BB88AB42B7D1BAF1000F08D118
:10383000D7F808A03B68BE6038460493FFF7A9F8A4
:10384000A8E7B968504609F052FEF3E74FF00008C8
:1038500095E7F8F74AFC4846FEF7A7FE436C446438
:103860000493F8F744FC002E8BD12546C7E7F8B542
:103870000D460646002202212846FFF739F8044685
:1038800078B9286803681F886FB1022109F0C8FC65
:103890002A68234639463046FCF729FB2C6020462F
:1038A000F8BD0624FBE70A24F9E72DE9F3410D46AC
:1038B0008046002202212846FFF71AF8044660B924
:1038C0002B681B681F8867B1F9F7D3FA064660B901
:1038D0002E682C60112306241AE000231E461F4682
:1038E00016E03B463E460A2412E0024621461E20D0
:1038F00001F0C1FA0028EDD02868022109F090FCFF
:1039000001232A6839464046FCF7F1FA2C60234629
:10391000CDE9003732461D2321464046FFF73FF9E7
:1039200002B0BDE8F08173B5134C134D2068F0F779
:1039300047FB28880023236018B90025284602B0D9
:1039400070BD14267043F0F736FB0346206078B153
:103950000B4A009229880A48324609F0F8FE0028EE
:10396000EBD00B252068F0F72BFB00232360E5E765
:103970000625F7E700BF2C240020C01A00208ADDAE
:1039800002001024002007B50B4B00930B480B4B93
:103990000C22402109F0DBFE50B9094BC3E90003BA
:1039A000094BC3E90003084B188003B05DF804FB22
:1039B0000B20FAE700BFA1DD0200F4200020102157
:1039C00000203C2400203424002030240020034A1E
:1039D000136A0BB1516A18470820704700BF3400C2
:1039E000002070B504460D461646F8F77EFB064BE0
:1039F0005B6943B120463246294698470446F8F7AA
:103A000076FB204670BD0824F9E73400002038B565
:103A100004460D46F8F769FB064BDB693BB12046CF
:103A2000294698470446F8F762FB204638BD08242B
:103A3000F9E7340000201FB50123CDE9013001A8CA
:103A40000391FFF7C4FF05B05DF804FB0000F8B573
:103A50000E4FBB6905460E46A3B1F8F746FBBB699E
:103A60003146284698470446F8F741FB44B11B2CE1
:103A700006D131462846FFF7DEFF04460028ECD089
:103A80002046F8BD0824FBE700BF340000201FB526
:103A90000223CDE9013001A8ADF80C10FFF797FF24
:103AA00005B05DF804FB0A4601460120FFF799BF07
:103AB00001460120FFF7CBBF0A4601460220FFF76F
:103AC00090BF37B5014604460220FFF7C0FF054608
:103AD000D8B923780090CDF8030073B194F8393049
:103AE000DB0712D5204604F1290210F8011B00F073
:103AF0006CF9002818BF054607E006220DF1010108
:103B0000601C12F084FF0028E8D1284603B030BDC5
:103B10000A4601460320FFF764BF01460320FFF772
:103B200096BF01460320FFF772BF0346086818607E
:103B30008A79888898809A710A891A8100229A72F3
:103B4000704703460A46D1E900019980090C1860C4
:103B5000997111891981D2E904011A8B02F0FE02D0
:103B600042F00102C3E904011A8370472DE9F041D4
:103B70009CB004460D46164600212022684612F0ED
:103B800070FF022C05DC002C0CDC03201CB0BDE80F
:103B9000F081032CF9D1002300930DF10A08CDF830
:103BA000033005E0002300930DF11908CDF8033030
:103BB000002788F8007008AA69462046FFF711FF21
:103BC00018B10528E2D10020E0E70DB90137F0E790
:103BD000324608A92046A8470028F7D0F3E7136823
:103BE0000133136000207047F8B50D4614460026D7
:103BF0004F1C6368B34206DCA268934216DB0623BF
:103C0000E3600120F8BDC6EBC6032268D018D25C81
:103C10002B789A4201D00136EBE706223946013073
:103C200012F0F5FE0028F6D10020EBE721682868A5
:103C3000C3EBC303CA18C850AB79A98891809371AC
:103C4000636801336360EFE700001FB50023CDE92F
:103C500001320C460090064903936A460120FFF7A3
:103C600085FF18B9039808B9019B236004B010BD03
:103C700000BF5B7F010038B504460D46294620464B
:103C8000FFF7C5FE0028F9D0052808BF002038BD81
:103C900010B5044688B020220021684612F0E1FEEB
:103CA0002068A288A379009069460120ADF804201D
:103CB0008DF80630FFF7DFFFA8B969460220FFF74D
:103CC000DAFF80B901462022684612F0CAFE206859
:103CD000A288A379009069460320ADF804208DF8EE
:103CE0000630FFF7C8FF08B010BD00230A460B607E
:103CF0000149FFF73BBF517F01000368012B04D04E
:103D0000022B14BF1120002070474368022B03DCF4
:103D1000002B06DC11207047032BFBD18068FCF7D9
:103D20004EB8FCF73BB81FB5012888BF00F0010072
:103D30008DF8080006220DF1090013F0F0FD0023B4
:103D40000093072202A942F2280000F0FEF805B015
:103D50005DF804FB00001FB50A4C23787BB94FF4D3
:103D60009672ADF80C200093022203A942F22E00B5
:103D700000F0EBF808B90123237004B010BD002057
:103D8000FBE754240020014B0360002070474424CB
:103D900000201FB50378012B15D88DF80F100622CF
:103DA000411C0DF109008DF8083013F0B8FD002317
:103DB000082200930DEB020142F24E0000F0C5F81C
:103DC00005B05DF804FB1220FAE770B50D468EB021
:103DD00006461446FCF755F9012D2FD80622314628
:103DE0000DF111008DF8105013F099FD15491022B6
:103DF0000DF1270013F093FD214610220DF117005D
:103E000013F08DFD00230093272204A942F227001E
:103E100000F09BF8044660B9062231460DF1090016
:103E20008DF8085013F07BFD012102A8FFF7B1FFC8
:103E30000446FCF732F920460EB070BD1224F8E7B4
:103E400000BF4424002010B5014688B0102200288D
:103E500048D00DEB020013F062FD102223480DEB59
:103E6000020112F0D4FD0446002838D010220DEBD8
:103E700002011D4813F053FD00230093012202A903
:103E800042F22D008DF8083000F05FF8044630BB98
:103E9000009003460246014642F2290000F055F820
:103EA0000446E0B901220090034602A942F22D0027
:103EB0008DF8082000F049F8044680B90146062232
:103EC00002A812F0CEFD102221460DEB020012F0E6
:103ED000C8FD214604AA02A8FFF777FF0446204642
:103EE00008B010BD0249B4E700BF44240020E21C22
:103EF000030008B50648002109F0ACF818B9BDE880
:103F00000840F8F7B3BF02680432026008BD7424A9
:103F1000002030B129B1034B1880034B00201980D9
:103F2000704703207047A425002056240020054A2E
:103F300013881844B0F5803F02DB0C20F8F739B93C
:103F40001080704700BF562400202DE9FF410C4629
:103F5000174606464FF0FF3142489DF828801D461F
:103F6000F7F7AAFE3A462146304600F0D0F93D4F19
:103F70000446002839D13C484FF40061F7F7CBFEE6
:103F800038B106280CBF13240B242046F8F711F98A
:103F90002BE010222146684612F063FD3A68137840
:103FA0000E2B03D00F2B40D01124EEE751780329BC
:103FB00028D801D00C24E8E7B2F80330002BF9D15F
:103FC000CDE90044029415B1019900293DD10023A7
:103FD0000293BDF80C300195B342EBD1002CE9D12E
:103FE000009C14B9029B4345CFD1386818B101F049
:103FF000BCFD00233B601A48F7F770FE204604B072
:10400000BDE8F081B2F80330ADF80C30537943B11C
:1040100003F5007304390093029121B10632019235
:10402000D1E72346F6E70191CDE75378042BC1D1C0
:104030009388ADF80C30CDE9014493781BB103F5BA
:1040400000730093BFE72346FBE7029B4345C8BFCD
:10405000CDF80880029A2846C8BF0C2413F05FFCF4
:10406000B7E7B0250020A8250020AC25002038B5F2
:1040700003780E2B044606D00F2B12D02046F8F7FB
:1040800078F8002038BDB0F80330002BF6D0084D8A
:1040900028680DF03FFB80B228B1204601F065FD95
:1040A000EFE78388F1E7034B28461C60F7F757FEDC
:1040B000E7E7AC250020A82500202DE9F3470B6891
:1040C000009300230B6090F828A0354FDFF8D880CC
:1040D000DFF8D89005460E46CAF3800A009C002CF3
:1040E00057D03B884BB1B8F8001000234A466846C9
:1040F00009F0E4FD044630B9009C346001242046F8
:1041000002B0BDE8F08700225146A88800F09BF875
:10411000014601A809F0F6FD218A0DF1060009F01B
:10412000F1FD0421204609F05BF950B9062495F809
:104130002830009823F0040385F8283008F0B6FFF3
:10414000DDE7042109F01DFA04460028EED0042220
:104150000DEB0201006813F0E2FB0DF1060009F01F
:10416000ECFD204600F05DF82046F8F76EF80446B6
:104170000028DCD195F8283043F0040385F8283076
:104180002B8F01332B873B88013B3B804FF0010A8B
:10419000A4E795F8283023F0040385F82830AEE72B
:1041A00000BF56240020A425002065820100C36BB7
:1041B0000BB9FFF782BF01207047014B18607047B1
:1041C00000BFA0250020014B1870704700BF9C2540
:1041D0000020014B1878704700BF9C25002007B5D0
:1041E00000210948F7F78BFD0948F7F75AFD084BFE
:1041F00001934FF48E730093074A0749084801233F
:1042000009F043FD03B05DF804FBAC250020B025A8
:104210000020BDDD020074240020582400208024EA
:10422000002037B5054600242B8AA34201DC03B0E9
:1042300030BD21460DF107030122284608F0C4FFD6
:104240000134F1E7704740EA823040EA013080B241
:1042500070471FB50123002204460093114603ABAB
:1042600042F20700FFF771FE10B99DF80C30237081
:1042700004B010BDF0B5054685B00C460827002CEB
:1042800002DC002005B0F0BD0022009702AB114611
:1042900042F21800FFF759FE0028F3D1082C2646F9
:1042A00028BF08262846324602A913F038FBA41B73
:1042B0003544E4E71FB50146062202A813F02FFBA0
:1042C00000230093062202A942F20500FFF73DFEFB
:1042D00005B05DF804FB70B50B460C4604220021C6
:1042E000064608F071FF054678B90421304608F00B
:1042F00097FF204609F021FD234623F8020B1846BC
:1043000009F01BFD6080284670BD0C25FBE7F8B561
:10431000134B1B78012B07460E46154604D0022B83
:1043200007D023B1112003E0F7F7C1FE08B916202A
:10433000F8BD032001F0FDFB04460780857025B120
:104340002A463146033013F0EAFA204601F0C9FB51
:104350000028EDD00728E5D11420E9E700BFFD1AB9
:104360000020042A10B5044608460AD0102A0ED0B0
:10437000022A13D11023237009F0DFFC6080002093
:1043800010BD2023237009F0DAFC6060F7E72046B7
:10439000802300F8013B13F0C2FAF0E70320EFE7B7
:1043A00003780A78934201D0981A7047202B07D0DF
:1043B000802B08D0102B0BD140884B88C01A704737
:1043C00040684B68FAE710220131013012F01FBB40
:1043D0004FF0FF30704710B50378202B8EB00C469D
:1043E0000BD0802B0CD0102B2DD1428818492046A1
:1043F00012F0FDF920460EB010BD42681549F6E7EF
:1044000043780D9383780C93C3780B9303790A93C5
:104410004379099383790893C3790793037A0693C1
:10442000437A0593837A0493C37A0393037B0293BD
:10443000437B0193837B0093C37B027C0649204628
:1044400012F0D5F9D6E700230B70D3E700BFCDDD1E
:104450000200D5DD0200DDDD02000378102B0CBF69
:10446000408800207047022A10B50446084606D14D
:104470001023237009F061FC6080002010BD102A19
:1044800006D12046802300F8013B13F048FAF4E7F8
:104490000320F3E730B51C4685B005466B46084659
:1044A0001146224608F090FE20B922466946284669
:1044B000FFF7D9FF05B030BD08B502780A70202A91
:1044C0000B4607D0802A08D0102A0CD142884A8097
:1044D000002008BD42684A60FAE7411C1022581CBF
:1044E00013F01DFAF4E70320F3E738B50378202B27
:1044F00005460C4609D0802B12D0102B16D14188CE
:10450000204609F0FFFB002038BD09491022204653
:1045100013F005FA696804F10C0009F0F7FBF2E703
:10452000411C1022204613F0FAF9ECE70320EBE7D8
:1045300000BF5C00002010B5044608462178C90879
:1045400008F0F3FF014620B12046FFF7CEFF002020
:1045500010BD0620FCE70078C0087047000010B5C9
:104560000446F7F7C2FD21460448062213F0D7F9A6
:10457000BDE81040F7F7BBBD00BFBA250020F8B575
:104580000446F7F7B2FD2078677914F09CFF0546E2
:10459000607814F098FF0544A07814F094FF054467
:1045A000E07814F090FF0544207914F08CFF054466
:1045B00007F03F0014F087FF07F0C00628440EB153
:1045C000C02E10D178B12E280DD02046FFF772FEF4
:1045D000054620B905480622214613F0A0F9F7F751
:1045E00086FD2846F8BD0325F9E7B4250020F8B577
:1045F0000F46164690B1012815D10C4D6C793F2C11
:104600008CBF002401240A490622284612F0FFF933
:1046100058B107B13D6026B90020F8BD064D0446EB
:10462000F1E73460F8E70320F7E71520F5E7B42554
:104630000020F61C0300BA250020012807B504D984
:10464000831E012B08D9032011E00022114603B07C
:104650005DF804EBFFF7CBBF00F09AF801AA002148
:10466000FFF7C5FF18B90198002818BF152003B03F
:104670005DF804FB73B5044616460D46F7F735FDA5
:104680002046324601A9FFF7B2FF044628B925B1FA
:1046900001990622284613F042F9F7F728FD204633
:1046A00002B070BD10B50446FFF7C7FF30B9023C39
:1046B000012C03D8BDE81040FFF74DBB10BDF8B585
:1046C00004460F460D4EF7F710FD0C4B002C18BF9B
:1046D0001E4635782846FFF7B0FF044638B1152846
:1046E00007D175782846FFF7A8FF044608B93D7042
:1046F0000024F7F7FCFC2046F8BDF21C0300F41C74
:10470000030008B506220021054812F0AAF9BDE809
:10471000084003480622002112F0A3B900BFBA25C1
:104720000020B425002008B591F83930DB07084691
:1047300005D501F1290210F8011BFFF746FB002007
:1047400008BDF8B50F4616461D46FDF716FF044690
:1047500058B13946FDF76FFE011E0CBF072000203F
:1047600006B1346005B12960F8BD01460720F7E7BE
:1047700037B515461C4601AA6B46FFF7E2FF28B97C
:104780000DB1019B2B600CB1009B236003B030BDC9
:1047900000F0FD00431E584258417047FFF7F8BF34
:1047A0000000024900220220FFF7E0B900BF998A09
:1047B0000100F7B510F0400705460E4614460CD12F
:1047C0001068018A08F02CFD0623009321683B46FF
:1047D0002A463046FEF7C7F9276003B0F0BDF7B5AB
:1047E0000446F8F76DFA4FF6FF73984205461CD061
:1047F0000DF1070320690122002108F0E5FC04F116
:104800001007034698B99DF80700144E327890427D
:104810000FD004D301331B2B06F10806F6D13A461C
:104820002946FFF7C6FF082415E0072413E00424F7
:1048300011E02069012108F0F3FC7368394628462D
:104840009847044638B1082C05D19DF807003A4630
:104850002946FFF7AEFF204603B0F0BD00BFFC1CA9
:10486000030013460A460421FFF76BBF7047172960
:1048700038BF17218181704710B50446F8F7EBF96E
:1048800030B1A38923B16089984228BF184610BD72
:104890001720FCE710B50C46FFF7EEFF218A814296
:1048A00005DD411A2046BDE8104008F0B9BC10BD36
:1048B00013B50446F7F719FC6A4601A92046FFF72D
:1048C000D0FF40B90098FFF7D7FF0446F7F70FFC79
:1048D000204602B010BD0024F8E708B5F8F79BF9B0
:1048E00038B104230381C380034B1B884381024BEF
:1048F000836108BD00BFC0250020518B0100024B21
:104900004FF480721A8000207047C025002070B5D7
:104910000D46064604212846F8F7C4FA044638B97D
:104920002B681B683046DA78B3F80110FDF74BFBB3
:10493000204670BD73B50D46064602212846F8F79D
:10494000B1FA044620BB2B681D68F7F7CEFB214661
:1049500001AA3046FFF785FF0446B8B929880198B7
:10496000FFF785FF0198FFF787FF0546F7F7BFFBC5
:1049700024B92A4604213046FBF73DFB30462A463F
:104980002146FDF73AFB204602B070BD0025EDE759
:104990000025F3E773B5064615460C4679B19142FA
:1049A0000DD8042101AA084600F078FA48B1048025
:1049B00045800199304600F081FA02B070BD0320B5
:1049C000FBE70620F9E72DE9F0430C4687B00646E1
:1049D00001212046F8F766FA054688BB20680121C8
:1049E000D0F8009008F01CFC23681B8A43B399F8A8
:1049F0000070012F20D0022F21D14FF01208414624
:104A00002046F8F74FFA30BB2368186809F095F98B
:104A1000022FADF800001BD002231A46216801A81E
:104A2000FFF738FD58B92068414608F0F9FB6946A0
:104A30003046FDF7F5FAD7E74FF00408DFE70A251F
:104A400030462946FDF718FB284607B0BDE8F0833D
:104A500010233A46E2E70546F2E72DE9F341DDF897
:104A60002480064615461F460C46B9B1914215D81A
:104A700001AA08F10601062000F010FA80B1089999
:104A80000480458087804246063012F048FF019935
:104A9000304600F013FA02B0BDE8F0810320FAE7D7
:104AA0000620F8E737B505460C462368198A29B968
:104AB0002846FDF731FB002003B030BD042120461D
:104AC000F8F7F0F978B9206803681A88ADF804207F
:104AD0005B88ADF80630042108F0A2FB01A9284646
:104AE000FDF7ECFAE1E70A21E2E7F7B507461646DB
:104AF0001D460C46B1B1914214D81846FFF72BFD64
:104B000001AA011D082000F0C9F968B1011D048047
:104B100046802846FFF7E9FC0199384600F0CEF9B7
:104B200003B0F0BD0320FBE70620F9E72DE9FF41C4
:104B30000C46064601212046F8F7B4F9054660B94F
:104B4000206803681F78012108F06AFB012F22D931
:104B5000A7F1020823681B8A3BB930462946FDF7B6
:104B600016FB284604B0BDE8F08139462046F8F728
:104B700099F990B923681B6833F8022BADF804202B
:104B800001A93046CDE90283FDF7E9FA20683946EC
:104B900008F046FBDEE70A25DFE70546DDE737B527
:104BA00005460C4661B101AA02210A2000F076F9FF
:104BB00040B104800199284600F080F903B030BD6F
:104BC0000320FBE70620F9E708B50A460021FDF7B8
:104BD0004CFB002008BD73B5054616460C4669B16E
:104BE00001AA04210C2000F059F948B10480468044
:104BF0000199284600F062F902B070BD0320FBE77E
:104C00000620F9E708B50A460021FDF748FB002019
:104C100008BD08B50A460021FDF754FB002008BD79
:104C2000F7B5074616461D460C46B1B1914214D859
:104C30001846FFF790FC01AA011D102000F02EF984
:104C400068B1011D048046802846FFF74EFC01999B
:104C5000384600F033F903B0F0BD0320FBE706202F
:104C6000F9E72DE9FF410C46064601212046F8F7F9
:104C700019F9054650B92068036801211F7808F02A
:104C8000CFFAA7F1040823681B8A3BB930462946AE
:104C9000FDF7C7FA284604B0BDE8F081042F20DDF7
:104CA00039462046F8F7FEF8E8B92368186809F095
:104CB00044F82368ADF804001868023009F03DF8A4
:104CC0002368ADF80600CDF808801B6801A90433FD
:104CD00030460393FDF773FA2068394608F0A0FACE
:104CE000D1E70425D2E70546D0E773B505460E4661
:104CF0001446022101AA122000F0D0F828B920465B
:104D000008F0D4F9062002B070BD06800198214653
:104D100008F0EDFB0199284600F0D0F8F3E708B55C
:104D2000FDF7E3FA002008BDF7B5074615461C4617
:104D30000E46F1B11B8A1344B3F5007F19DCFFF76F
:104D4000B7FD238A0438984213DD01AA04211620F6
:104D500000F0A4F890B1458006800198214608F043
:104D6000C6FB0199384600F0A9F80546284603B06D
:104D7000F0BD0325204608F099F9F7E70625F9E785
:104D80002DE9F3410D46064604212846F8F78AF836
:104D9000044690B9286803680421B3F800805F884E
:104DA00008F03EFA304600953B4642462146FDF764
:104DB000ACFA204602B0BDE8F0810027B846F1E722
:104DC00037B504460D4601AA0121182000F066F807
:104DD00030B105700199204600F070F803B030BD85
:104DE0000620FBE708B50021FDF7B3FA002008BD57
:104DF00073B5064615460C4691B101AA02211B2047
:104E000000F04CF888B104800198294608F06FFB47
:104E10000199304600F052F80446204602B070BDB9
:104E20000324284608F042F9F7E70624F9E773B5AA
:104E3000064615460C4691B101AA02211D2000F03C
:104E40002DF888B104800198294608F050FB01999B
:104E5000304600F033F80446204602B070BD03240B
:104E6000284608F023F9F7E70624F9E708B5FDF727
:104E700088FA002008BD013170B589B20646104697
:104E8000154608F052FB044620B9284608F00EF9F2
:104E9000204670BD2C6804F8016BF9E770B5164622
:104EA00004460D46F7F7E5FF0246306028B1294673
:104EB0002046BDE87040FFF7DEBF70BD37B50B6818
:104EC000044618780D46FFF7D1FCF7F70EF9204697
:104ED0006B4601AA0421FFF74BFC044638B1284673
:104EE00008F0E4F8F7F703F9204603B030BD009866
:104EF0002946FFF7CFFCDDE900102A46F7F766FFE9
:104F00000446EFE710B50446F7F7EFF82046FDF743
:104F100034FB044618B9F7F7EAF8072010BDFDF78F
:104F200020FB2046FDF7BFFAF7F7E1F80020F5E790
:104F300038B505460C46F7F7D8F82846FDF71DFBAF
:104F400040B114B190F8283023700024F7F7CFF85F
:104F5000204638BD0724F9E710B5F7F7C6F8FDF786
:104F60003CFB20B18488F7F7C2F8204610BD4FF60D
:104F7000FF74F8E742780B789A4206BF4860002039
:104F80000120704773B5DDE906548DF807008CB138
:104F900001318DF8061001220DF10601204608F0BE
:104FA0008FF828B901220DF10701204608F088F892
:104FB00002B070BD2E78B01C084490420BDC013169
:104FC00099552A7813449DF807205A702B7802339C
:104FD0002B702046ECE70420EAE72DE9F3470A9E10
:104FE000DDF830A0CFB2CDE9006A0C4690463946D4
:104FF0009DF82C209946FFF7C5FF054698B9BAF1F0
:10500000000F07D0A2B24146504602B0BDE8F047BB
:1050100008F056B8307822464146484412F07FFCEA
:1050200033781F443770284602B0BDE8F0872DE979
:10503000F04F89B0984600238DF81B300378129EFC
:10504000049205460F46002B6AD1D5F80490B9F1B9
:10505000000F77D1D5F80C90B9F1000F40F0A48083
:10506000D5F81490B9F1000F40F0D380EA69002A16
:1050700040F0048195F82330D90700F116816A6A5F
:10508000002A40F03381AA6A002A40F03E812A6B50
:10509000002A40F04D8195F83830DA070ED50DF131
:1050A0001B030093CDE901863B4605F13602022140
:1050B0001920FFF792FF044600283FD195F83C30B5
:1050C000DB0717D50DF11B03009301963B464246C3
:1050D00002211A20FFF756FF044678BB698F002E85
:1050E00040F03C819DF81B403819023408F00AFE5C
:1050F0008DF81B402A6C002A40F03C81AA6C002AE3
:1051000040F04B812A6D002A40F05A81AA6D002A96
:1051100040F06981049B002B40F0788100240DE071
:105120000DF11B0300930B4601210246CDE90186D8
:105130000846FFF752FF0446002886D0204609B0F3
:10514000BDE8F08F95F808B0BBF1000F82D0687A07
:1051500001960DF11B034FEA4B0100F00100009393
:1051600042463B4601F0FE010230FFF70BFF0446CA
:105170000028E3D182466EB131464846FFF7DBF99D
:1051800004460028DAD10AF1010AD34509F10409DD
:10519000F1DC5FE79DF81B40484639190234FFF700
:1051A000A4F98DF81B40EEE795F810B0BBF1000FA5
:1051B0003FF456AF687C01960DF11B034FEA8B015B
:1051C00000F00100009342463B4601F0FC01043030
:1051D000FFF7D8FE04460028B0D109F1040959F8B8
:1051E000341046B10791042207A9304607F068FF42
:1051F00058B10446A2E79DF81B300593F81808F053
:1052000085FD059B04338DF81B300134A345E6DC96
:1052100026E795F818B0BBF1000F3FF427AF687E82
:1052200001960DF11B034FEA0B1100F001000093F2
:1052300042463B4601F0F0010630FFF7A3FE04466C
:1052400000287FF47BAF112313FB0B9B66B1314623
:105250004846FFF770F9044600287FF46FAF09F164
:105260001109D945F2D101E79DF81B40484639198B
:105270001034FFF73AF98DF81B40F0E795F820104D
:1052800000293FF4F7AE95F821000DF11B0300F063
:1052900001000093CDE901863B460830FFF79DFEF3
:1052A000044600283FF4E6AE48E795F9223013F1B2
:1052B000800F18D10DF11A00FEF7CBFF044600282D
:1052C0007FF43CAF0DF11B030093CDE901863B4613
:1052D0000DF11A0201210A20FFF77FFE0446002883
:1052E0003FF4CDAE2AE78DF81A30EBE70DF11B0342
:1052F0000093CDE901863B4604211220FFF76DFEA5
:10530000044600283FF4BFAE18E795F82C1000299A
:105310003FF4BDAE0DF11B030093CDE901863B4682
:105320001620FFF75AFE044600283FF4B0AE05E70A
:1053300095F8341000293FF4AEAE0DF11B0301EBDC
:1053400041010093CDE901863B4649001720FFF754
:1053500044FE044600283FF49EAEEFE6ADF81C1074
:10536000022207A9304607F0ABFE044600283FF4AE
:10537000C1AEE3E695F8441000293FF4BFAE0DF14D
:105380001B030093CDE901863B462020FFF725FE55
:10539000044600283FF4B2AED0E695F84C10002940
:1053A0003FF4B0AE0DF11B030093CDE901863B46FF
:1053B0002120FFF712FE044600283FF4A3AEBDE60D
:1053C00095F8541000293FF4A1AE0DF11B03009392
:1053D000CDE901863B462420FFF7FFFD0446002867
:1053E0003FF494AEAAE695F85C1001297FF692AEE0
:1053F0000DF11B030093CDE901863B46FF20FFF72B
:10540000ECFD044600283FF485AE97E6049A9DF82B
:105410001B30137082E613B500240094FFF707FEDB
:1054200002B010BD2DE9F04106460C4617469846DD
:10543000012C06D93378A3420ED241463046B847F4
:1054400010B90020BDE8F0813578013C641B0135BE
:1054500004F0FF042E44EBE70A20F3E7000037B521
:105460001C4600230546019308466B461146064A32
:105470008DF80050FFF7D6FF10B9019B13B12360E0
:1054800003B030BD0520FBE700BFE7920100704785
:10549000704700207047F8B50025C0E90050044669
:1054A0000F46164629460C22083011F0DAFAC4E9F4
:1054B00003762846F8BD70B50B4E336805460133B8
:1054C0003360EFF7B2F82C681CB163682B6003B946
:1054D0006D603368013B3360EFF7ADF804B1103C09
:1054E000204670BD00BFB81A0020F8B55379072BCD
:1054F00005460E4614461BD90F4F3B6801333B60EF
:10550000EFF793F8002363616B6804F110021A60EF
:105510003B681434013B6C603B60EFF78CF80EB9CC
:105520000020F8BD05F108013046F6F72CFBF7E73F
:105530000220F6E700BFB81A002013B54FF0FF3382
:105540000F48009300231A46032100680CF047FE21
:10555000F6F7CBFD0B48FAF7EAFD0A4A0023146878
:105560001360094A1370F6F7C2FD0CB902B010BD02
:10557000D4E9003100209847A468F6E700BFC425AD
:105580000020DC250020D8250020FC1A0020FFF791
:10559000D4BF10B5EFF753F8BDE810400146024AFA
:1055A00003480023F6F7FFBB00BF01990100C425A3
:1055B00000200000000070B586B0002300931A465A
:1055C000194640F60340FEF7C0FC0446002840F0B0
:1055D0009180082602460146009604AB41F2010084
:1055E000FEF7B3FC0446002840F084809DF81000CC
:1055F000FEF7E9FDFEF7EDFD48A3D3E90023009493
:10560000CDE902230546234632460DEB060140F65E
:105610000140FEF79AFC044600286BD1062D59D8AC
:10562000FEF7D7FD062868D81F220023CDE9042302
:1056300000230093082204A942F20100FEF785FC32
:105640000446002856D1032300930246014604ABCA
:1056500042F20200FEF779FC044600284AD1BDF868
:1056600010209DF8121072B907230093114604AB65
:1056700041F20500FEF769FC044600283AD1BDF866
:105680001020BDF813101046FEF743FC044688BBFB
:10569000082300930246014604AB42F20300FEF7E2
:1056A00054FC044630BB0498FEF787FD06230093A4
:1056B0002246214604AB41F20900FEF746FC0446AF
:1056C000C0B904A8FEF74BFF2046FEF7BCFBFFF76E
:1056D000E0FE0FE04FF400020023CDE90423009028
:1056E0000346324604A940F66340FEF72EFC04460A
:1056F000002895D0204606B070BD072804D00828A1
:1057000004D140F27F6290E73F228EE7024A8CE7A5
:1057100000BFAFF300807FFE0F009080000200808A
:10572000002010B403780A780446981A06D1601C49
:1057300006225DF8044B013111F069B95DF8044BA4
:1057400070472DE9F7434FF00008044616460D4612
:10575000C1464746B04505DB4FF0FF38404603B031
:10576000BDE8F083694620460097CDF80370FFF747
:10577000D8FF20B121462846FFF7D3FF98B9237EF2
:10578000DB070BD52A8923899A420CD1D5E904027B
:10579000D4E904139A4208BF884204D1637E4B4582
:1057A000DCDD09F1010908F101085035D2E738B50F
:1057B000154612680C46FFF7C4FF421C03460ED084
:1057C000296801398842296007DA502202FB00402B
:1057D000CA1A00F1500111F02AF9002038BD052045
:1057E000FCE72DE9F7430024154EDFF854900546F9
:1057F0002746A046D9F80030A34205DC4FF0FF341D
:10580000204603B0BDE8F08369462846CDF8008005
:10581000CDF80380FFF785FF20B129463046FFF71A
:1058200080FF40B92B8913B132899A4203D1AB7AF8
:10583000BB42E5DD013701341036DBE700BFEC2564
:105840000020E825002013B5002369460093044694
:10585000CDF80330FFF765FF18B10621601CFEF795
:10586000F1FC02B010BD022870B50D46144605D0FB
:1058700003281FD0012817D0082070BD0846FFF765
:10588000E2FF124E134B1A6831462846FFF759FFC4
:10589000421C01D10520F0E7502202FB00612046A6
:1058A00012F03DF80020E8E70846FFF7CCFF094E6C
:1058B0000A4BE8E70846FFF794FF431CEAD0074B82
:1058C00003EB00100FC884E80F00EBE700BF702661
:1058D00000206C2600206827002060270020EC258F
:1058E000002010B590F82830D907044603D51021C0
:1058F0001830FEF7A7FC94F83930DA0704D51021E8
:1059000004F12900FEF79EFC94F84A30DB0706D527
:1059100004F13A001021BDE81040FEF793BC10BD21
:10592000000030B5022889B00C4606D0032839D0D3
:1059300001281FD0082009B030BD0846264DFFF7CA
:10594000D0FF21466846FEF7FCF823492A686846DE
:10595000FFF7F7FE411C04D12868022838DC431CFD
:105960002B601D4B5022214602FB003011F0D7FF67
:105970000020E0E70846194DFFF7B3FF21466846CF
:10598000FEF7DFF82A6816496846FFF7DAFE421C80
:1059900004D1286802281BDC431C2B60114B5022C9
:1059A0002146E1E76846FEF7C0F86846FFF719FFB1
:1059B000431C05D10C4B1868072809DC421C1A60EF
:1059C0000A4D05EB001594E80F0085E80F00CFE7BE
:1059D0001B20B0E700BF6C26002070260020602747
:1059E000002068270020E8250020EC25002008B5CD
:1059F0000346022B084605D0032B0CD0012B07D001
:105A0000082008BD104A1049BDE80840FFF7CFBE86
:105A10000F4A0F49F8E7FFF7E4FE431C02460FD098
:105A20000D490B68013B98420B6007DA0B4800EB0D
:105A3000021000F110019A1A10F0F9FF0020E0E7BF
:105A40000520DEE700BF6C260020702600206027BE
:105A5000002068270020E8250020EC250020074BC7
:105A6000084A5A61084A9A61084ADA61084A0023DA
:105A70001360074A1360074A1360704700BF340081
:105A80000020D99B0100959C0100619D01006027C9
:105A900000206C260020E825002010B5044C206072
:105AA0000448016004490A60044A136010BD4C2E8A
:105AB0000020482E00203C2E0020382E002010B55B
:105AC000044C20600448016004490A60044A1360E1
:105AD00010BD442E0020402E0020342E0020302EF9
:105AE0000020024B034A1B681168184700BF442E70
:105AF0000020402E0020024B034A1B681168184703
:105B000000BF4C2E0020482E0020024B034A1B6889
:105B10001168184700BF342E0020302E0020024BA1
:105B2000034A1B681168184700BF3C2E0020382E1E
:105B30000020022808B50AD0032803D001280BD082
:105B4000002008BD0648BDE8084007F076BE0448BE
:105B500007F073FE0028F4D10348F4E700BF142EC9
:105B60000020F42C0020982A0020014610B504469D
:105B7000094807F049FE214620B10648BDE810401B
:105B800007F095BE054807F03FFE214608B10248E0
:105B9000F4E70248F2E7F42C0020982A0020142EA3
:105BA00000200020704707B50E4B00934FF482721F
:105BB0000D4B0D48012107F0CAFD0C4B0093462206
:105BC0000C4B0C48082107F0C2FD0B4B00934622FA
:105BD0000B4B0B48082107F0BAFD03B05DF804FB3E
:105BE00000BF22DE0200102D0020142E002037DE20
:105BF0000200B42A0020F42C00204FDE02005828B6
:105C00000020982A002010B50446236803B910BD6F
:105C1000A3F110005B68236003B9646007F046FAE3
:105C2000F3E7024A136801331360EEF7FEBCB81ABB
:105C30000020024A1368013B1360EEF7FCBCB81A5F
:105C40000020002003F05BBD06F00DBD00002DE933
:105C5000F843174D05F14C09EC6C0CB9BDE8F8831D
:105C60006368EB64A4F110070BB9C5F8509054F8C1
:105C7000100C08F062F8064654F8100C023008F0D8
:105C80005CF804218046384607F0CAFA228842456B
:105C900005D106F44053B3F5805F00D81AB93846F1
:105CA00007F004FAD8E73146384602F0BAF8D3E7ED
:105CB00000BF602E0020F8B51A4D05F13807AC6B17
:105CC00004B9F8BDFFF7ADFFAB6B5B68AB63A4F144
:105CD000100603B9EF63FFF7ACFF54F8101C2389DB
:105CE000087803F00703013B04F1080200F00F00FD
:105CF000032B0AD8DFE803F0070D110211463046E6
:105D000001F097FEDBE705F0A2FE304607F0CEF982
:105D1000D5E7314604F0EBFDF7E701F0B6FBF4E719
:105D200000BF602E002008B5012006F086FC28B1D7
:105D3000BDE8084002483321F6F75DB808BDCC2E17
:105D40000020F8B51021054607F09AF9044610B96D
:105D500000242046F8BD836805821E88036804334A
:105D600026F0030603604379B6B2F31A043BED1A3A
:105D70000746002DEDDD0021A8B207F060F918B943
:105D8000204607F093F9E3E7F860AD1B0746F0E71C
:105D90000346084631B1587900F0C000A0F1400335
:105DA00058425841704739B1407900F0C000A0F125
:105DB000C0035842584170470120704703460846C7
:105DC00039B15879800903D0431E58425841704771
:105DD00002207047421E431D12F8010F10B99A426B
:105DE000FAD1704701207047000010B50146421EED
:105DF0000023043012F8014F234482429BB2F9D1B0
:105E00004A7902F03F04234498B298B140F23A53E1
:105E100098421BD002F0C002C02A15D0402A0AD1F5
:105E2000CB780A799818201804D040F23D23C01A84
:105E300018BF012010BD4AB90648062210F0E7FD40
:105E4000003818BF0120F5E70120F3E70020F1E753
:105E500000BF562E0020032809D8DFE800F0020515
:105E600002050348FFF7B6BF0846FFF7BEBF002094
:105E70007047562E0020052970B50546164602D8F3
:105E80001224204670BD0D4B1B680BB10C24F8E7A3
:105E900004F06FFF04460028F8D156B12846FFF7FA
:105EA000A4FF0028ECD006222946054811F037FD52
:105EB000E7E705F0B6FE0028F0D0E7E700BFAC301A
:105EC0000020502E002010B5074B0C460146064816
:105ED0000622002C18BF184610F099FDB0FA80F089
:105EE000400910BD00BF502E0020562E0020034A4E
:105EF000044B002814BF10461846704700BF502EB0
:105F00000020562E002038B508F0B7FD0F4B05468F
:105F10001C7A08F0B8FDB5B9631E032B13D8DFE86F
:105F200003F0020A0E06BDE8384005F05CBEBDE88D
:105F3000384001F058B8BDE8384004F0ACBCBDE8CA
:105F4000384001F057B838BD00BF602E0020002354
:105F50004361064BDA6B00F1100114301160D86315
:105F600003F12C0103F11000F5F70DBE00BF602E08
:105F7000002038B504460A4DFFF753FE0023636145
:105F80002B6D04F110021A6014342C65FFF751FEDA
:105F900005F1400105F11000BDE83840F5F7F3BD0B
:105FA00000BF602E002010B5134B00781B7A013B18
:105FB000144600F00F00032B19D8DFE803F00A1392
:105FC0000E0208F054FD01462046BDE8104001F0E5
:105FD00004BDBDE8104005F0B8BD2146BDE8104045
:105FE00001F0DDBA2146BDE8104004F06CBA4FF074
:105FF000FF3010BD00BF602E0020F8B50B88077879
:1060000090F801C003F08004C3F3C01603F0070347
:10601000042B05460A4607F00F0703D1BDE8F840F8
:1060200001F081BD002C58D0082F4DD8DFE807F0D3
:106030000A050A050A2D0A303000BCF10C0418BF0D
:10604000012405E0ACF106041F2C94BF00240124B8
:10605000022B21D0032B31D0012B3BD1D4B90CF131
:106060000200FFF76EFE044618B10146284608F00C
:10607000F0F832462146384605F02FFC054614B1AB
:106080002046FFF764FF2846F8BDBCF12204D6E79E
:106090000024DDE70024ECE774B90CF10200FFF7FF
:1060A00050FE044618B10146284608F0D2F83146A1
:1060B000204604F046FAE1E70024F8E73146284696
:1060C000BDE8F84001F079BA022BF5D0032BF5D0EA
:1060D000012BDFD04FF0FF35D5E7022BDDD0032BAE
:1060E000ECD0012BBBD0F5E738B50C46034615467E
:1060F00020468A7E497E07F067F8E37E2B70A07EFB
:1061000038BD10B508F01DF9002008F01EFA002374
:10611000084A0848094C1946FFF7D1FC03F073F907
:106120004FF0FF312046F5F708FD43689847F7E741
:1061300000BF5DD801003DD80100702E0020014B4A
:106140001872704700BF602E0020014B187A70470C
:1061500000BF602E002001460148F5F714BD702EE7
:1061600000204FF0FF3040F2FF3170470000014B3C
:10617000D3E900017047602E002038B5FFF751FDCC
:10618000044608F024FA06F032F904F014FE06F092
:1061900042FB2046124CFFF74CFD05F030FD204637
:1061A000FFF731FD0025A4F11400FFF72CFD24F8C2
:1061B000405C01F03EFF03F09EF906F01EF929460F
:1061C0000622074804F8445C10F04BFC04F059FE2A
:1061D00006F09FFEBDE8384008F0B3B800BFAC2E13
:1061E0000020502E00200A30C000704700000F4BE6
:1061F00033F81130834217D8C01A032912D8DFE8C8
:1062000001F00E02080BC0F3CF001B2838BF1B2083
:106210007047C0F38F00F8E7C0F38F10F5E7C0F3C5
:106220000F10F2E70020F0E71B20704700BFD41DDD
:10623000030030B585B0002340480293062202A92E
:10624000CDF80B3010F0E3FB0446A0B902900090AB
:10625000ADF80400CDF80B00062202A9684610F044
:10626000D6FB002860D00294ADF80C40062202A9AB
:10627000324811F054FB314C06F0ADFA182363722A
:106280000022FF230421202063810AF0CEFF234651
:10629000002543F84C5F23652346206143F8385FAF
:1062A00029460C2204F12C00E36310F0DAFB244BA6
:1062B00029460C2204F14000C4E90C3510F0D1FB52
:1062C000214B29460C2204F15400C4E9113510F089
:1062D000C8FB1D4B29460C2204F16000C4E91635A9
:1062E00010F0BFFB1A4B1A4A04F1100104F16C00C4
:1062F000C4E919352B46F5F756FD03F0FCF806F016
:106300007CF805F096FC04F07AFD01F0EAFE06F058
:10631000E6FD44F2DF020023C4E9002300F0BFF8E9
:1063200000F0B1F805B030BD02A807F068FD002804
:10633000A1D106220DF109019AE7562E0020602E08
:10634000002029A00100C19F0100BB9F0100B59F53
:10635000010099A0010070B5124D2B6801332B602C
:106360000646EEF762F90F4B1A7A1F2A044614D834
:106370001A7A0D490132D2B21A721A6816701A6866
:106380008A420CBF1F3A01321A602B68013B2B6016
:106390002046BDE87040EEF74EB907F0CEFDF4E7B9
:1063A00000BFB81A0020082F0020052F0020F8B5E4
:1063B00006460C46002934D01B4F1B4D3B68013369
:1063C0003B60EEF732F92B7A2A7ADFF860E0A342DD
:1063D00028BF2346D21AD2B2E41A2A72E4B206F1D6
:1063E000FF3C1A467AB91E443B68013B3B60EEF71E
:1063F00022F907F082FDA4B12B7AA342DED22B7AD8
:106400001F2BF9D9DAE7696809780CF8011F696868
:10641000714514BF0131AEF11F01013A6960D2B27A
:10642000E0E70020F8BDB81A0020082F0020052F53
:10643000002008B5074B1A782AB1002206481A70C6
:106440000621FFF7B4FFBDE80840024811F07DBA0D
:1064500000BF6C000020E02E002038B5044640F25A
:10646000FD2503212046FFF7A2FF22786178A3785B
:106470000A449A18F5D0AA42F3D003F03F0343F040
:106480004003A37038BD08B5044B1B7A1F2B01D8FD
:1064900007F033FD002008BD00BF082F002008B51D
:1064A000054A054B06480121C3E9002207F003FD18
:1064B000002008BD00BFE62E0020082F0020C9A63E
:1064C000010008B508F083F80020FFF738FE014B03
:1064D00000221A6008BDA830002010B50446FFF75E
:1064E000F0FF2CB104F19C00BDE81040FFF733BE73
:1064F00010BD827822F002028270FFF7EEBF827830
:1065000042F002028270FFF7E8BFFFF7E6BF032008
:10651000FFF715BE0020FFF712BE07B5837843F0E2
:1065200002038370C379013B18BF0123009300F578
:106530008C7200F5A0730021D0F8080107F099FFD4
:1065400003B05DF804FB837823F00203837007F047
:10655000BEBFC279D0F80801013A18BF012200215C
:1065600007F0ADBF38B5058B044601212846FFF77B
:106570003EFE022160772846FFF739FE0321A0770F
:106580002846FFF734FE0021E0772846FFF72FFE6C
:10659000207738BD000013B5C36F446F90F87920A1
:1065A0001C440A4B1B78E41A90F8783013441E2BD5
:1065B00001A8C8BF013405F008FF28B1019B1A1BD0
:1065C00034EA220428BF1C46204602B010BD5033D6
:1065D000002070B5B0F8684040F2E2435C430546E5
:1065E000204606F0B6FC064606F0B9FC231ADBB2DC
:1065F0001F2B04BF0136002385F87930EE6770BD8C
:106600000000024A136801331360EEF70EB8B81A9F
:106610000020024A1368013B1360EEF70CB8B81A69
:106620000020F8B504460D46174604F0B8FB0622D4
:106630000646411C204611F072F90622A018F11DF1
:1066400011F06DF9696D04F10C0007F05FFBAB6DA3
:106650002374AB6D1B0A6374B5F85A30A37495F8B4
:106660003A30E374B5F8721004F1140007F04AFBF5
:10667000B5F8681004F1160007F044FBB5F86A108D
:1066800004F1180007F03EFBB5F86C1004F11A0095
:1066900007F038FB052205F1200104F11C0011F080
:1066A0003EF995F8392095F82E3043EA421384F8E4
:1066B000213033783B702220F8BD10B58378DB079A
:1066C00004460BD505F04FFF20B1062203212046DA
:1066D00002F0D5FBA37823F00103A3706378990738
:1066E0000FD5B4F84830DA070CD50021204602F067
:1066F000A7F80021204605F0DDFE637823F00203B1
:10670000637010BD5B06F4D50621204602F098F8B0
:1067100094F83710EEE72DE9F04F077817F00407EB
:106720008FB004466DD0637843F020036370002679
:1067300035464FF0010B37466278910608D50022A6
:106740000EAB0493ADF828208DF82A200AAE04ADD4
:1067500094F832200AB14BF0080B784294F83330A9
:1067600000F010004BEA000013B140F00400C0B28A
:10677000F07023785A0700F14781E379022B00F08B
:106780002F814FF000084FF00209F37803F0030364
:10679000032B40F073812B681B78062B40F0398166
:1067A000A37843F00203A370012384F80131E37955
:1067B00003F1FF3CDCF1000343EB0C030093D4F83E
:1067C000040104F5A07304F58C72002107F051FE5A
:1067D0002146404607F091FEB4484A46294608F053
:1067E000CEF858B9637867F386139906637005D5B8
:1067F00023785A0702D543F0080323700FB0BDE891
:10680000F08FD0E92A5A002D40F0A98090F801B00D
:106810001BF02003029342D090F80031022B00F2CB
:10682000C7802E460295A946A8464FF0010BBAF143
:10683000000F07D1029B03EB09024245BFF67CAF74
:106840004FF0000A2046FFF7A6FE029B03EB090269
:106850004245074680F2BD80A8EB0900C01AC0B2CD
:106860000121B4F81AA0FFF7BEFC0121804648467A
:10687000FFF7B9FCE279012A08BF628B0AF5E17AD9
:10688000C24408BF9632504408BF801806F061FB2E
:10689000804606F05AFB4044C71BFF0F4CE7BAF195
:1068A000000F3FF440AF90F80021DAF80430039372
:1068B000022AAAF1100517D9C379012B03D0032AA4
:1068C00012D0022B10D1504601F041FE064638B9D5
:1068D000637843F02003637007464FF0010B2BE70A
:1068E000039BFBB900230393D4F8AC305B68C4F876
:1068F000AC301BB904F1AC03C4F8B0309AF80B30DB
:10690000564603F00303032B36F8088B18D15FFAC1
:1069100088F99AF80BB08AF80A90DDF80CA0C4F850
:10692000A85084E7039801F012FE0028DCD1E37937
:10693000012BD7D0284601F017FE0028D2D0D3E78C
:10694000208B0121FFF753FC94F80E90C14528BF1E
:10695000C146814528BF81465FFA89F9D9E76B7E38
:10696000B5F8108095F81A90029305F11806E3B96E
:10697000EB7E03F0030B94F80021022A7FF657AF59
:10698000BAF1000F3FF456AF504601F0E0FD50B9A8
:10699000E279012A3FF44EAFD4F8A80001F0E4FDFB
:1069A00000283FF447AF4F4611E04FF0010BE2E7FC
:1069B000BAF1000F3FF4BBAE504601F0C8FD00280D
:1069C0003FF4B5AE2E460295A8464FF0010BB946EE
:1069D00038E7BAF80020A07B824298BFD0B23FE7E8
:1069E000002F7FF4CEAE94F83430002B7FF4C9AE84
:1069F00094F83630DB063FF5C4AE2B68197801F009
:106A00009BFE00287FF4BDAEDFF8B8804FF0000990
:106A1000BBE6052B10D1A37823F00203A370082353
:106A2000A4F8003107F053FD214A214BB8F1000FC3
:106A300014BF90469846CBE60B2B1FD1E379022B6F
:106A4000A37812D143F00203A3700021012384F83C
:106A50000131009104F5A07304F58C72D4F804019F
:106A600007F007FD144A144BE0E723F00203A3707C
:106A70000623A4F8003107F02AFDA9E6A3789E07B3
:106A80007FF5A6AEE2790123D01A4242424184F852
:106A90000131D4F80401002107F011FD084BB8F1D1
:106AA000000F08BF984693E600BF5BA4010071A8E1
:106AB00001008DA8010065A80100B9A80100C5A8C2
:106AC00001007DA801002DE9F341C4683B4EA37984
:106AD000346005463BB92046FFF7FFFC01252846F8
:106AE00002B0BDE8F08104F02DFA0420FFF727FB87
:106AF000D4E9151294F82F00314F07F03AFD07F052
:106B0000DCFF94F80780B8F1010F21D138786B6869
:106B1000A978184407F01DFF014600283FD1A3784B
:106B20009A0712D5D4F80401CDF8008004F5A073BB
:106B300004F58C7207F09DFC2046FFF7ECFD70BB5E
:106B4000002506F002FA6066C9E707F0C0FCF3E72B
:106B5000A3789B0720D50123D4F80801009304F5FE
:106B60008C7204F5A073002107F083FC38786B6801
:106B7000A978184407F0B5FE014680B92378D4F807
:106B8000842043F020032370D4F888303D3202EB98
:106B9000430207F09CFBD3E707F099FCE6E704F11A
:106BA0009C00FFF7D8FA07F012FD0020FFF7C7FAA4
:106BB000002333600125C4E700BFA8300020503314
:106BC0000020406E4B6EC01AC00F70470000034B90
:106BD0001B680BB906F0B9B9D86D704700BFA83073
:106BE0000020012805D103488379002B08BF00202D
:106BF000704700207047202F0020044B186820B1F8
:106C0000D0F8B4201A6002B95B60704700BF142F3F
:106C100000202DE9F0418378DB0604460D460AD5B5
:106C200090F83120818D00F12003BDE8F041B0F8EB
:106C30004A0003F02EBA90F82F00012704F1200635
:106C40000DB9BDE8F08194F8303094F82E2013444B
:106C5000D8B2252884BF2538C0B2C0F3C702224469
:106C600084F8300092F8202000F0070307FA03F3BD
:106C7000134209D194F83130B0FBF3F203FB120058
:106C80003146C0B203F0CFF9013DADB2D8E7F8B557
:106C90000446FFF712FD94F83C3033B194F900300C
:106CA000002B02DB204601F051FD94F900302278E0
:106CB000002B05DAE379022B04BF0023A4F86A3025
:106CC000B4F86860216840F2E2435E4303F5800354
:106CD00003F62E430B40102B40F0BB80D00740F151
:106CE000B880B4F86A500135ADB26E43B4F84A309A
:106CF000012D2B44A4F84A3040F0AD80636FE26F61
:106D000094F878001344636794F879301844C0B25B
:106D10001E2884F8780005D9636F1F380133636734
:106D200084F878006378D90762D5B4F84A20B4F8BB
:106D300068319A425CD1E379012B17D0022B03D141
:106D4000B4F848305A0611D4B4F86820B4F8623167
:106D50009A420BD1B4F86A20B4F864319A4205D152
:106D6000B4F86C20B4F866319A4203D0637843F0EB
:106D700002036370B4F86631A4F86C30B4F864317F
:106D8000A4F86A3094F85E3184F83A3040F2E24771
:106D90007B43C4F88430B4F86031A4F87230B4F89E
:106DA0006231A4F868302046FFF713FCB4F8606144
:106DB000BEB17E43304606F0CCF8636F0344636790
:106DC00006F0CDF8361A94F878003044C0B21E2888
:106DD00084F8780005D9636F1F380133636784F83E
:106DE0007800636FC4F88C30637823F0010363701C
:106DF0006378DB061BD5638DB4F84A209B1A1BB25F
:106E0000002B14DC04F12506304603F029F9314645
:106E100084F83100052204F1200010F080FD637831
:106E200023F0100363700121204601F009FD29467B
:106E30002046FFF7EEFE94F9003084F82F00002B77
:106E4000606F15DA236E1B1A002B11DC4FF0FF3038
:106E5000F8BD01254AE7304606F07BF8636F03442E
:106E6000636706F07CF8361A94F8780030444EE7F1
:106E7000E379022B1ED194F83920D4F8801003F066
:106E80003CF9B4F8683040F271225343963B984283
:106E9000DCD2D4F884301030C4F88800184406F0EE
:106EA00058F8A430054B1A78636F9B1A0344E365C6
:106EB0000020CDE7A420F5E700BF5033002070B5D7
:106EC000012383710378044623F0010303700D4608
:106ED00006F03BF8E3796066022BC4F88C0044D1DD
:106EE000AB68C4F88030E868B4F87230A97940F231
:106EF000E24202FB03062220FFF775F9AB7830442B
:106F0000242B00F2E24605D895F90530022B3CDC33
:106F1000002B3FDC304606F01CF8AB680344636787
:106F200006F01DF8361AF6B21F2E84F8786005D1E7
:106F3000636F01336367002384F8783094F83A0074
:106F4000666F40F2E2435843C4F8840006F001F84B
:106F5000A53606441023E665C4F88830204605F0BF
:106F600040F8D0B9E379022B1ED0124900230A68F9
:106F70000B602046194602F00FFB204605F086FB09
:106F80000321204601F0FAFB12E0032BC2D100F6E8
:106F9000A666BFE700F6C416BCE72046FFF777FEFB
:106FA0000028DBD0002004E02946204604F0F5FD4F
:106FB000012070BD00BFC830002010B5044669B183
:106FC000837843F010038370436D83EA1343838512
:106FD0000021FFF71EFE84F82F0010BD80F830104E
:106FE0000121F6E70000014B1868FFF776BAA830D8
:106FF000002070477047B0F852300A225343934044
:107000004FF47A71E830B3FBF1F1F4F7F4BE10B548
:107010008468204602F0E5FB2046072101F0AEFB24
:107020002046BDE81040FFF7E6BF38B50123C37125
:10703000022380F83A300023A0F87230042380F84D
:10704000393004460D46FFF7F4F920490C23B0FB14
:10705000F3F202FB130005304B7984F8313005223E
:1070600084F82E0004F1200010F059FC02F07DFF9E
:107070006065FFF7DEF9164BC4F8DC3020F07F4086
:10708000A0656B8AA4F86A30AB8AA4F86C302B7BBD
:1070900084F891302B7943B90622A91804F19300A2
:1070A00010F03DFC6B7984F89230298AA4F86810BE
:1070B000EB8A4A00B3EB410FC8BF93B2A4F86E301D
:1070C0002B8B9A42B8BF93B2A4F8703038BDB03061
:1070D000002039AE010038B500252223044680F88F
:1070E0003F300560A0F84A50857185870722294600
:1070F00040300FF0B6FC4FF67F732381FF23294603
:1071000084F83B300C2284F83E50A4F84E50A4F88A
:10711000505084F8375084F89050A4F84850A4F8A0
:10712000505104F19C000FF09CFC214BC4E9283421
:107130002346204643F8AC5FC4F8B0304FF4807368
:10714000A3861C4BC4F8A8501A7AA272DA79E272AC
:107150009A8922829B8A6382184B6586C4E905332B
:107160004FF01B33E360A4F84C50FFF7FBF95022BB
:10717000294604F580700FF074FC012384F8003177
:1071800040F6B833A4F85230A3780C4A0D4943F0C6
:107190000803A37004F1E8002346F4F704FE204638
:1071A000FFF717FA084B1A68C4F8B4201C6038BD02
:1071B00000BFB9B60100B03000204801480181B3DA
:1071C0000100702E00201C2F002010B5438A828AF7
:1071D000C18A934228BF1346428B9A42028A16BF45
:1071E0004383002301238A4228BF0A46018B914230
:1071F000044603D00283FFF7B5F90123E27A217B2D
:107200008A4228BF0A46E17B914218BFE273617B44
:10721000A27A18BF01238A4228BF0A46A17B914265
:1072200005D0A2732046BDE8104005F0FAB8002B47
:10723000F8D110BD0000F7B50446CC300D4605F07E
:1072400090F8FFF7DEF93B4B1B68A342064601D1DD
:10725000FFF737F930464FF0FF36FFF7DAF9002332
:1072600000961A460321D4F8B8000AF0B8FF0023AC
:1072700000961A46D4F8E80003210AF0B0FF2E4A1F
:107280001368A3421AD1D4F8B4301360D4F8A8001C
:1072900020B105F00BFF0023C4F8A83004F1AC07BF
:1072A000D4F8AC60A6B17368C4F8AC300BB9C4F8BC
:1072B000B070A6F1100005F0F9FEF1E71A46D3F818
:1072C000B430A342FAD1D4F8B430C2F8B430DDE718
:1072D0001B4804F19C01F4F790FCE378A67103F0DD
:1072E0001803182B07D13146204605F061F9E378E1
:1072F00066F30413E370E378DA0607D529462046DF
:1073000005F056F9E37823F01003E37045B1022D40
:1073100002D123785B0703D52946204602F076FA8E
:107320000023C4F8B430064B5A681460B4345C606F
:1073300003B0F0BD00BFA83000201C2F0020702E2D
:107340000020142F002038B5044605F0B2FAA468D6
:10735000A07928B9FEF7F3FEBDE8384003F05FBA24
:1073600003F05DFA237813F002051BD103F00C0340
:107370000C2B09D194F83D10002908BF1321204699
:10738000BDE83840FFF757BF284804F19C01F4F7E7
:1073900034FC2378DB0748BFC4F884502046FFF74D
:1073A00076FC08B11621EAE7237884F8340060F30C
:1073B00000032370204601F010FA1C4BC4F8DC30A7
:1073C000204604F0CAFCC8B9A379012B0BBFB4F85E
:1073D0006800B4F86C0041F64C5342F210730BBFD6
:1073E000584358433E25082505F0B3FD636FD4F894
:1073F0008C209B1A834207D32946C0E72046FFF71B
:1074000046FC0028DCD0CDE7204602F078F9E3788E
:1074100003F01803182B07D10021204605F0C8F807
:10742000E37823F01003E37038BD702E002039AEEE
:10743000010038B505460C4649B9064807F05DF825
:10744000224629460548BDE8384007F098BA034867
:107450000021F3E700BF87A8010095A9010081A8DA
:10746000010010B5084C0020FEF769FE23684BB1FF
:107470001A7822F001021A7020689C30FEF76BFE29
:107480000023236010BDA83000202DE9F041414FBA
:1074900088B03C684FF0FF330D4616460793002C2A
:1074A0005BD013881B0673D594F90130002B6FDA7B
:1074B00007AB03930DF11303029306AB01930DF198
:1074C0001203009305AB03F01EF8002860D194F975
:1074D0000920002A44DB362000FB02F32F49CB5C55
:1074E0000233DBB200FB021184F892300622243111
:1074F00004F193008DF8123010F011FA059803F0A2
:1075000046FC94F90900A91C05F071FC9DF81310C4
:107510000698FEF73DFC20B1069994F9090005F0A4
:107520007CFC4FF000084046C7F8008002F08FFF57
:10753000B378242B25D8A37843F01003A370636D90
:1075400083EA1343A38541462046FFF762FB84F894
:107550002F0000212046FFF7B2FC08B0BDE8F08103
:10756000DDF8148003F01FFC0028DAD09DF81230FB
:1075700084F892300622414604F1930010F0CFF9CE
:10758000CFE729782046C1F34011FFF716FDE0E769
:1075900003F045F9E1E7AC300020AC330020054AA8
:1075A0000346106830B1012B03D9083B58425841BB
:1075B000704701207047AC3000202DE9F04F0023C8
:1075C0008DB0CDE90933B04B04901C684FF0FF3506
:1075D00017460B951CB90020FEF7B1FD35E0049B62
:1075E0001D785B780593A9B10BAB03930DF12303D1
:1075F00002930AAB019305F00F050DF122030093EE
:10760000049909AB284602F07EFF804610B97DB38D
:10761000012D1ED04FF0FF3505980230FEF791FB8B
:107620000646002840F0A78194F90130002B09DAC2
:107630002368204623F0806323F4004340F8CC3BCA
:1076400004F08FFE07F069F9002528460DB0BDE86B
:10765000F08F9DF823100A98FEF79AFB10F0FF06B2
:1076600007D19DF823100A98FEF72DFC0028D1D0F1
:107670000026DDF824909DF822B003F094FB9DF8DD
:10768000221082460998FEF783FB002860D005F09F
:1076900020FC00285CD006F0A2FC051E2EDB3B88F7
:1076A000DFF8EC810A9843F480633B8036236B4318
:1076B00008EB03026572517818F803B003F124094E
:1076C0003143C14406D110B19378002BA2D14FF0C1
:1076D00001084FE00028FAD0002EF8D0191D4144CF
:1076E000069305F0C7FB002894D0069B0A9803F187
:1076F0002A010622414410F012F9E8E7BAF1000F1E
:1077000088D10A9B0BB1002E84D15F4B9DF822904B
:10771000D3F80080DDF824A0B8F1000F3FF47AAF71
:1077200098F89230022B00F0D88040F29E80032B14
:107730007FF470AF002DFFF66DAF4FF0360A534B5C
:107740000AFB05FA13F80A20012A7FF463AFD1E09F
:107750000A9B002B76D0002E59D19DF82210099853
:1077600005F0C5F90546002856D1002E7FF452AF2A
:107770004FF0FF35BAF1000FC7D042465946484690
:1077800003F097FB00283FF445AF3B88059A43F090
:1077900040033B803946204604F091FB00287FF4EB
:1077A00039AF03F0FCFABA789DF82210DDF8249086
:1077B0009DF823B00A9B242A80468CBF25270527E5
:1077C00009B147F0800708F1010A002B00F096800C
:1077D00006221946504610F0A2F8BBF1000F01D066
:1077E00047F040070622494608F1070010F097F8D5
:1077F00088F8007000212046FFF71BFE0546002890
:1078000000F0AE8004F1CC0004F0ABFD04E705F01D
:1078100060FB0028A1D1FDE636B94378002BA7D143
:107820008378002BA4D0F5E6011D0A9805F022FB11
:1078300000283FF4EFAE0A98062205F12A0110F065
:107840006EF895E79DF822100998FEF7A1FA002836
:107850008ED19DF82210099805F049F9002887D0AB
:107860004378002B84D1C378DBE749465046FEF7C6
:107870009AFA70B9002D98F892201BDA91457FF49E
:10788000C9AEBAF1000F1ED1C4E6AC300020AC3353
:10789000002005F01EFB0028ECD04946504605F0BC
:1078A00026F90028E6D04378002BE3D1C378002BDB
:1078B000E0D0AFE6362335496B43C85C9042DDD15A
:1078C000243303EB010A062208F1930150460FF01E
:1078D0009EF800287FF49EAE57E7002DFFF69AAE83
:1078E0004FF0360A2A4B0AFB05FA13F80A20002A41
:1078F0007FF490AE0AF1240A9A44E4E7254BD3F8CA
:1079000000B09BF89130DA074CBF224A234A069216
:1079100048BF47F04007012B19D948460791FEF7A9
:1079200037FA079970B1002D11DB1848362303FB95
:10793000050083785BB15246012147F0400705F00E
:1079400040FA4FE7484605F0D2F80028F1D10699F1
:10795000062250460FF0E3FF01238BF8903041E7F9
:107960000A9B1BB116B9012384F89030637843F069
:107970008003637050E60146049806F06AFC3046C6
:10798000FEF7E5FA002D3FF460AE24E600BFAC330D
:107990000020AC300020502E0020562E0020F8B5DC
:1079A00004460D46FEF72DFE0B4B1B68A342064610
:1079B0000ED1FEF786FD01273046FEF72AFE0FB1F5
:1079C00002F02DFF29462046BDE8F840FFF733BC02
:1079D0000027F1E700BFA830002038B5144D2C680F
:1079E0000CB9012038BD636D8B420BD00020FEF72F
:1079F000A6FB04F19C00FEF7AEFB00232B604FF0CA
:107A0000FF30EFE7A388C3702378022243F001031D
:107A1000A2719A062370E4D523F0200323708368B3
:107A2000C4F880306367C36884F87830D9E7A83039
:107A300000202DE9F8430546C878FFF7D2F80F4635
:107A40000446E8B1FEF739FE2B681E7893F80180F2
:107A500016F0030914D0B8F1000F02D1B9F1010FEB
:107A60000ED194F80031052B0FD9E379012B0ED1FB
:107A7000284600F061FD98BB3D212046FFF78FFFAF
:107A80002846BDE8F84305F011BB022B28D9E3795D
:107A9000022BEDD097F904302372E379022B05D144
:107AA000720742BF237843F01003237094F83530F7
:107AB00006F00806B342E3D0B9F1010F84F835604F
:107AC00002D1B8F1000FDBD03B889B06D4D4B9F1CA
:107AD000030F13D129462046BDE8F84300F0D1BE7C
:107AE00094F80031022BD5D1A3781907D2D5B8F17B
:107AF000000FCFD02046FFF77EFACBE702212846C1
:107B000005F06EFC2E68A188304641EA093106F086
:107B1000F9F8B01C414606F0F5F82846BDE8F843F0
:107B2000FDF7FDBF00002DE9F04F0D88984B90F850
:107B300000801C6890F8019015F0800585B007461C
:107B40000E4604D009F10200FEF7FBF80546F4B139
:107B5000B368D6F80CB0019301214846FEF743FB09
:107B60000BEB0003029333881A0613D494F83430D5
:107B70000133DBB2012B84F8343008D8E379012BD0
:107B800040F0E580637813F0400F40F0E7804FF05D
:107B9000FF3684E00026029884F8346005F0D9F9B5
:107BA000019B18F0030B1844C4F88C00EFD0BBF114
:107BB000030F84F8368006BFBB780093009694F8D4
:107BC00033301DB118F0080F18D0CBB9627894F893
:107BD000323012F0200208F0040002D1D4F8A810CC
:107BE00029B310B31BBB83F0010384F83230002AA1
:107BF00038D0637823F02003637018E0002BE5D1C0
:107C000083F0010384F83330A3789B07DED53B78FB
:107C100003F00303012B02D17B78002BD6D0D4F8DC
:107C200008310133C4F80831D0E7002BDBD1BBF1B8
:107C3000030F0CD1009B022B09D1B9F1020F06D121
:107C4000237843F004032370FB7884F83D30E37914
:107C5000012B7CD1637808F0100803F0400353EA4D
:107C6000080392E7D4F8A8A0BAF1000FDFD094F887
:107C7000012122B1D4F804210132C4F804219AF878
:107C80001B2002F00302032A19D10022C4F8A82005
:107C90002146504601F016F906460028C7D03DB1EE
:107CA0003846294606F0D5FA2846FEF750F916B1AF
:107CB0002046FEF712FC304605B0BDE8F08F9AF87A
:107CC00019209AF81A10BAF810600A44D2B2B242D7
:107CD0008AF8192014D361B1B4F84C20013292B261
:107CE000022AA4F84C2004D92A49A1F15000F3F744
:107CF0004AFF504605F0DAF90023C4F8A83096E7A9
:107D0000208B03920121FEF772FA039AB61AA27B26
:107D1000F6B2964228BF1646864228BF06468AF823
:107D20001A6084E702F1100026E00121FEF75BFAF9
:107D3000668B029B06F596761E44019B8146A8EB56
:107D4000030005F00CF94E44B0427FF620AF204608
:107D5000FEF7E1FC0646002DA2D1A8E72046FEF77B
:107D60001AFCD4F8A8208046002ADBD1D4F8AC0055
:107D70000028DAD0A0F110020388527EA07B9B1A63
:107D8000DBB298424FF0010128BF1846CEE7A83079
:107D90000020C02E0020F8B5032A4FF0000404BFD5
:107DA000CB800B820C83CA760D4690F80011022915
:107DB000064617D902F00302032A13D12B681B7859
:107DC000112B0FD81648012404FA03F2024209D1FC
:107DD00012F0180418D10B2B04D1F479012C14BF24
:107DE0000024012405F11007FEF70BFC74B1D6F84E
:107DF000AC306B6113B91435C6F8B050C6F8AC702E
:107E0000BDE8F840FEF705BC0629E8E745F8144F41
:107E1000D6F8B0301F60C6F8B050F1E700BF64205C
:107E2000020010B50446C1F30B00FEF7DAFE58B1AC
:107E300011F4405FD3B2214618BF0122BDE81040C3
:107E400008BF0222FFF7A7BF2046BDE8104005F09B
:107E50002DB970B50D4C0646052220460D460EF094
:107E6000D6FD40B120460522294666710FF057FD28
:107E7000074B1C6804B970BDE179012902D1204685
:107E800000F07CFCD4F8B440F4E7B03000201C2FA4
:107E900000202DE9F84F634E3468054689461746A1
:107EA000984600F1020B002C40F09C80FEF7A5FEE6
:107EB0000446002800F0A58005F10E0005F03FFF04
:107EC0006065B5F81320AB7C43EA0223A3656B7DA4
:107ED00084F83A3005F1160005F02FFFA4F872007F
:107EE00005F1180005F029FFA4F8680005F11A0053
:107EF00005F023FFA4F86A0005F11C0005F01DFF42
:107F000004F1200AA4F86C00052205F11E01504678
:107F10000FF005FD95F82330B4F8722003F01F032D
:107F200084F82E3095F823305B0984F83930B4F8A2
:107F300068309A424DD89A1F92B240F67A418A42EE
:107F400047D894F83A10002943D0B4F86A20B2F523
:107F5000FA7F3ED2B4F86C0042F2107C0CFB00F0C9
:107F600002FB033240F6C41C0CFB02F2904230D9F3
:107F7000013B082BA8BF082399422AD8062259465C
:107F800004F193000FF0CBFC84F89290504602F07D
:107F900067F8012884F831001BD90223E3712046D9
:107FA000FFF799F8B8F1000F33D12978C1F34011E8
:107FB0002046FFF702F81C4BC4F8DC303946204657
:107FC000FEF77DFFF0B93368D4F8B420A34222D184
:107FD00032600023C4F8B430154B5A681460B434CE
:107FE0005C600EE00622594604F193000EF00FFD8E
:107FF00060B92A7894F89230520603F0010303D551
:1080000023B10020BDE8F88F002BFAD0D4F8B4409B
:1080100049E70121CCE71946D3F8B430A342FAD19D
:10802000C1F8B420D5E71C2F002039AE0100142F71
:10803000002070B5264B186818B100211960FFF7B1
:10804000FAF8234C206818B1FDF78FFD0023236058
:10805000214B214C00221A60206818B10021FFF743
:10806000EAF8F9E706F017FDFB2828BFFB20C5B2A8
:108070002E1D1A4CF6B201213046E571FEF7B3F819
:108080000121A0823046A571FEF7ADF80121608282
:1080900030462572FEF7A7F80121A0813046FEF791
:1080A000A2F80321E0813046FEF79DF81B2363729E
:1080B0004FF4A4732082638104222523FF212046EC
:1080C00063710EF0CEFC1F23237170BD00BFA8307A
:1080D0000020C8300020AC3000201C2F0020B03021
:1080E000002070B50F4C0F4D104B00263146204636
:1080F0004FF4C4721E60C5E900650EF0B2FC0123A6
:10810000A3806B68C4F8B4601C6004F1B4036B60B6
:10811000032384F8CC30C4F8D840BDE87040FFF7A2
:1081200088BF202F0020142F00201C2F00200128A2
:1081300008D003280AD1112A08D80548D04000F0F9
:1081400001007047B1FA81F0400970470020704784
:1081500000BF7C2C020080682221FFF720BC2DE9A3
:10816000F84305460C4601F1020901F104088F1D90
:108170001646002A3DD01188204605F0C3FD7188BF
:10818000484605F0BFFDB188404605F0BBFDF188CB
:10819000384605F0B7FD00232372B5F84A1004F104
:1081A000090005F0AFFD04F10B004FF6FF7105F07B
:1081B000A9FD04F10D004FF6FF7105F0A3FD04F1D8
:1081C0000F004FF6FF7105F09DFD04F111004FF611
:1081D000FF7105F097FD04F113004FF6FF7105F0F4
:1081E00091FD04F115004FF6FF71BDE8F84305F06D
:1081F00089BDB0F85211204605F084FDB5F8541140
:10820000484605F07FFDB5F85611404605F07AFD69
:10821000B5F85811BCE7F8B5B0F84A70B0F86A3054
:108220001F44073704460E46BFB2002A5BD091892F
:108230004FF6FF73994254D05388B0F868005589BF
:1082400040F2E24C0CFB03F30CFB00F00CFB01F1E1
:10825000A5EB070C1CF4004F3AD100FB0C11B1FB4D
:10826000F3F003FB101340F2E241B3FBF1F39BB2D6
:10827000A4F860315388A4F86231D388A4F8663139
:108280009388A4F864310123304684F85E31A4F861
:10829000687100F8013BB4F8601105F033FDB4F8E3
:1082A0006211F01C05F02EFDB4F86411701D05F08C
:1082B00029FDB4F86611F01D05F024FD394606F1DC
:1082C000090005F01FFD637843F001036370F8BDFA
:1082D0007D1B45436D1AB5FBF3F103FB11555B1B89
:1082E000C1E70023C4E7B0F85431A0F86231B0F818
:1082F0005831A0F86631B0F85631A0F86431A0F8D2
:10830000602190F83A30BFE738B50C460546C17A8F
:10831000601C05F0F7FC698AE01C05F0F3FCA97A03
:10832000601D05F0EFFC298AE01DBDE8384005F02E
:10833000E9BC10B511F8013B80F83F300446072234
:1083400040300FF0ECFAE3781A075EBF23F0280301
:1083500043F02803E37010BD00002DE9F843044604
:1083600089461B20102104F08BFE00250746E0B152
:10837000066806F10108B9F1080F0CD8DFE809F02A
:10838000051864344152578D5E0000224146204654
:10839000FFF741FF0025424B35705B5D0133DBB2D7
:1083A000032239462046FFF7F6FC3846BDE8F8833D
:1083B0003D49052240460FF0B2FA0522414604F13C
:1083C00025000FF0ACFAB4F86A30B4F84A1019443A
:1083D000073189B26185B01D05F094FC637843F0E4
:1083E000100363700125D6E7E379012B14BF0E2536
:1083F0000825FDF7BCFE02460B46404605F08EFC04
:10840000C9E7637843F004036370092373704FF680
:10841000FF71B01C05F076FC0021301D05F072FCE8
:108420000C25B8E794F83C3073700225B3E70022BE
:1084300041462046FFF793FE0F25ACE73146204624
:10844000FFF762FF1425A6E794F80031022B26D02F
:10845000D4E94423404605F061FC04F59C75B4F86A
:10846000021106F1090005F04DFC08212846FDF730
:108470009EFF0822294606F10B0004F58C7505F0D5
:1084800078FC04212846FDF792FF2946042206F1D4
:1084900013000FF044FA03257DE712257BE70A2538
:1084A00079E7DC1D0300B03000202DE9F0410446DF
:1084B00008460D4605F041FC0746A81C05F03DFCAA
:1084C0008046281D05F039FC0646A81D05F035FC40
:1084D0001A2F12D9B8F5A47F0FD31A2E0DD9B0F5E3
:1084E000A47F0AD3A082A4F816802046677326735F
:1084F000FEF76BFE0020BDE8F0810120FBE710B520
:1085000000F1B8040649064A03462046F3F74BFC3F
:1085100020464FF42041BDE81040F3F76CBC702EAC
:108520000020C9C4010010B500F59074204605F084
:10853000AAFC0028FAD110BD03681878597800F019
:10854000030003280CBF9A780022FFF7F0BD034612
:10855000C07A997A00F0030003280ABF53F8103C50
:1085600000221A78FFF7E3BDC37E03F00303032B59
:1085700005D103681878831F58425841704700207E
:10858000704710B5102104461B2004F079FD014608
:10859000A0B1036805221A70204601230322FFF7C9
:1085A000FAFB94F83B30FF2B01D0002010BD0223D2
:1085B00084F83B302046FFF7A2FFF6E74FF0FF308C
:1085C000F4E708B5C379022B01F1010103D1FFF7EC
:1085D000C6FD102008BDFFF71EFE0020FAE7F8B523
:1085E000044608460D4617461E4605F0A6FBA4F8AD
:1085F0006A01A81C05F0A1FBA4F86C01281D05F078
:108600009CFBA4F86E01A81D05F097FBA4F870016F
:108610002B7A84F8723105F1090005F08EFBA4F87D
:10862000740105F10B0005F088FBA4F8760105F153
:108630000D0005F082FBA4F8780105F10F0005F0AC
:108640007CFBA4F87A0105F1110005F076FBA4F893
:108650007C0105F1130005F070FBA4F87E0105F123
:10866000150005F06AFBB4F87031A4F88001B4F885
:108670006E21B4F86C11B4F86A0100F06CFF0028A8
:1086800053D10F2E04F5B57515D1B4F86830B4F890
:108690006A219A420FD8B4F86C219A420BD3B4F8ED
:1086A0006C20B4F870319A4205D1B4F86A20B4F85D
:1086B0006E319A4233D0E379022B01D0102E1ED1B5
:1086C000B4F85031DBB1B4F86A31B4F852118B42CE
:1086D00015D3B4F85421934211D8B4F86C319942AF
:1086E0000DD89A420BD3B4F86E21B4F856319A42A1
:1086F00005D1B4F87021B4F858319A420FD0062051
:1087000000F095FEB0B12046294603F0AEFE237876
:1087100084F8386043F040032370FF20F8BD2A46F8
:1087200039462046FFF74DFFF8E71E237E70BB70E9
:108730001120F3E71A23F9E700F00300032803D11F
:108740008B1E5842584170470020704770B5052174
:108750000446FFF702FE80B12378B4F86C6043F062
:108760008003237042F210735E4304F0EEFB054673
:10877000304604F0EEFB0544256670BD38B590F830
:108780003B30FF2B04460D4609D1FFF7E6FD30B123
:10879000012D84F83B5002D02046FFF7B0FEB4F81C
:1087A00048200123AB401343A4F8483038BD90F86B
:1087B0003F309B0610D5837A1B2B0AD8C37A1B2B1C
:1087C00007D8038AB3F5A47F03D8438AB3F5A47FFF
:1087D00002D90821FFF7D2BF704710B590F83C10BE
:1087E000044639B190F90030002B28DBBDE8104079
:1087F000FFF7ACBF90F83B30FF2B20D1B0F84830EA
:10880000EBB1B4F848300B41DA0715D504290ED185
:1088100063781B070BD50021204603F0EDFEB4F86A
:10882000483023F01003A4F848300521E9E720463A
:10883000BDE81040FFF7A2BF01310C29E1D110BD06
:1088400073B590F83B308B4204460D460BD14FF088
:10885000FF3600960023D0F8B8001A46032109F02D
:10886000BEFC84F83B60B4F848300122AA4023EAF9
:1088700002032046A4F8483002B0BDE87040FFF77C
:10888000ACBF2DE9F74F0F68DFF8F0B57B7897F8AC
:108890000290013BB9F1220F04468A46DBB200F296
:1088A000E5821BF809209A4240F0E082A9F1030317
:1088B000192B55D8DFE803F0225422545454542283
:1088C0005454542624245420540D541D54541A54E2
:1088D00054282025FDF74BFC284041D1B9F1030F66
:1088E00015D000254FF00008072621E04FF4803511
:1088F000F0E74FF41065EDE71025EBE70125E9E718
:108900000225E7E70825E5E74FF00075E2E794F870
:108910003F5015F004054FF01A0306D087F8019078
:108920000025BB70A846112602E07B70A8460D26E4
:108930001BF806303E70072E03F1010308BF87F8CD
:108940000190DBB2032251462046FFF724FAB8F12A
:10895000000F00F0AF8002212046FFF7FEFCA9E0E7
:108960007E1C07F10308B9F1150F52D8DFE819F0A2
:108970001600530051006801A501C301D301AF00E7
:1089800000011F01F501010231014C0265011202D3
:108990003B024C027A020D026F008A00E379012B40
:1089A0009FD0FB7884F85E31381D05F0C6F9A4F835
:1089B0006001B81D05F0C1F9A4F8620107F10800D3
:1089C00005F0BBF9A4F8640107F10A0005F0B5F958
:1089D000A4F8660107F10C0005F0AFF9B4F84A30CD
:1089E000A4F86801C31A9BB247F6FE72934204D9F9
:1089F00028212046FEF7D3FF0BE0627842F0010207
:108A0000627033B90130A4F8603184F85E31A4F8A3
:108A1000680100254BE0E379012B3FF462AF07F1D9
:108A2000080005F08AF9B4F84A30C31A9BB247F639
:108A3000FE729342DCD860850522414604F1250090
:108A40000EF06DFF637843F010036370E1E7414679
:108A50002046FFF72AFD8046002840F0078294F860
:108A60003B30082B07D0B4F84830DE0544BF23F470
:108A70008073A4F8483039462046FFF745FC0025AE
:108A8000152655E794F83B30082BC2D141462046C5
:108A9000FFF70BFD082100280546204616BF0726D4
:108AA000FF264FF0FF35FFF7CBFEFF2E7CD150465F
:108AB00004F0FCFAE3789A0605D523F02003E3706E
:108AC0002046FFF774FE284603B0BDE8F08FFD781E
:108AD00095B10E3DEBB2062B39D8062D37D8DFE81D
:108AE00005F01A222C362E36040094F83F3023F07D
:108AF000200384F83F30082594F83B30AB4288D1FE
:108B000029462046FFF79CFE062D22D11A21204639
:108B100003F0D0FC7DE794F83F3023F0080384F89D
:108B20003F300325E8E794F83F3023F0020384F850
:108B30003F30E379012B00F085810625DCE794F8CE
:108B40003F3023F0100384F83F304D46D4E70C2526
:108B5000D2E7032D7FF45DAFE378DD0603D51A215C
:108B6000204603F025FDE37823F01003E37050E77F
:108B7000E379022B40F0FB80FDF7F9FA05460191FD
:108B800020464146FFF7D5FB94F83F20019B2A4041
:108B900084F83F2030462A4605F0C0F894F83F306C
:108BA0007B700926F6B200254FF00008C0E620468B
:108BB0004146FFF7BEFBB4F84830180703D5032140
:108BC0002046FFF73DFEE378D9067FF522AF00216E
:108BD000C6E7FB7884F83E303D1D284605F0ADF829
:108BE000A4F84E00B81D05F0A8F86378A4F850006A
:108BF00043F0080313F0040663701CD143F0040330
:108C0000637009237B704FF6FF71B81C05F07AF88A
:108C10003146284605F076F84E46B4F84830DA0674
:108C200007D50021204603F0E7FC04212046FFF78A
:108C300007FE002539E7FF26EFE7E379012B99E7E7
:108C4000E379022B7FF44DAE03230025A4F8003115
:108C50004046C4E9415505F074F8C4E9440107F100
:108C60000B0005F06AF80822A4F8020107F10D01D3
:108C700004F59C7005F07DF804F59878042207F15E
:108C8000150104F58C700EF04AFE08214046FDF7F0
:108C90008EFB08224146304604F58E7605F069F8D1
:108CA00004213046FDF783FB3146042207F1090019
:108CB0000EF035FEA84604263AE694F83B30022B27
:108CC0007FF4A7AE0023C4E9413384F801310822C0
:108CD000414604F5987005F04CF8042207F10B01A9
:108CE00004F58E700EF01BFE2046FFF71CFC0723D8
:108CF00084F800318DE6E379012B7FF4F2AD94F82E
:108D00000031072B7FF485AE0823002584F800315D
:108D1000A84606260CE694F80031082B7FF479AEBD
:108D2000E379012B10D102212046FFF789FD0223B0
:108D300084F800312046FEF75EF9FF260021204628
:108D400003F0DAFBF6B274E794F83B10022902D183
:108D50002046FFF775FD0626F0E7E379022B06D1E2
:108D600094F80031022B0CBF0B2607261AE70726C2
:108D700018E794F80780B8F1010F7AD094F8003121
:108D8000052B7FF4AEAD0623B2E707212046FFF79F
:108D900057FD3EE623785B063FF53BAEB4F848202E
:108DA000E379560609D5022B11D106212046FFF79B
:108DB00047FD2321204603F07DFBE379012B0AD1F7
:108DC0006378DD0607D50F237B702A23A8E50F23E0
:108DD0007B702323A4E50F233A4641462046FFF744
:108DE000FEFBC6B225E7E379022B3FF47AAD237888
:108DF000580644BF23F040032370B4F848305906A6
:108E00007FF507AE1023E7E794F83B10B9F10D0F9B
:108E10000CBFFD783D7906290DD00829B6D002296E
:108E20007FF4F7AD2046FFF70BFD2946204603F0FF
:108E300063FB01235CE7B9F1110F7FF4EAADE3793D
:108E4000012B0AD10025314600222046FFF7E3F925
:108E5000A84684F837502E466AE52046FFF7F0FC16
:108E6000294654E60025A846132661E54FF0FF3554
:108E700038E54E4600255BE500BFDC1D030070B5FC
:108E800004460E461B201021154604F0F9F8014651
:108E9000B0B1032E03680DD194F83F20520709D4D6
:108EA0000D221A705D70022320460322FEF773FF25
:108EB000002070BD11221A705E709D700323F3E7CD
:108EC0000120F6E738B50446084622681378023BCD
:108ED0000F2B2BD8DFE803F0082C2E2A362A2A2A5B
:108EE0002C412A272A2A2A13037843F0020303700D
:108EF0004FF0FF35204604F0D9F8284638BD90F8E9
:108F00003B30062B0BD153780F2B08D19378232BB2
:108F10001FBF80F83730437843F00203437090F866
:108F20000031022B02D9012380F800310025E1E74E
:108F30000423F9E7092380F80031837843F0010323
:108F40008370F3E7C379022BF0D180F80031837886
:108F50001B07EBD5FEF74FF8E8E7C379022BE5D105
:108F60000523E1E700207047FCF7C5BD0000F0B520
:108F700085688FB000222E46019236F8067B8DF868
:108F80000320C7F38522013AC7F30903072A0CD847
:108F9000DFE802F0040B1855A60B0BB1062BA978DD
:108FA00005F1030003D01D2B09D001247EE1032924
:108FB00040F0208200F047FE00F5807410E000F0E1
:108FC0006CFEF9E7632BA9782ED015D8012B1FD0A2
:108FD000032BEAD1002940F01082FDF7CEF80446B9
:108FE000FF2C40F363810F232B7004236B7001234C
:108FF000AC70EB70AF8064E17B2B05F1030018D0FF
:109000007C2BD2D10DF10303324600F05AFFE6E784
:10901000082940F0F281AF4BD5F80310D5F80720AE
:10902000C3E90012002441E1082940F0E681AA4B7F
:10903000F2E70DF10303324600F026FFCFE7013BD4
:10904000A978082BB1D801A252F823F000BFE5D3CC
:10905000010005D4010025D401001DD301001DD35A
:1090600001001DD301001DD301001DD301003FD419
:109070000100002940F0C1810923AB716B724FF0F0
:10908000FF33E9712972AB72EB722973697308239C
:109090000CE0002940F0B181402230460DF0E1FCA7
:1090A0008F492D2230460EF03AFC40238DF80330D4
:1090B000B8E7002940F0A1816023A9717170B170F7
:1090C000F17033717171B171F171E0E7002940F015
:1090D00094818349062230460EF021FC0623E5E701
:1090E000052BA9787FF461AF0DF103033246E81C2C
:1090F00000F0F2FD73E7013BA978E81C4D2B71D815
:10910000DFE813F04E005600600070006900730045
:1091100076007F008200850088008B008E00910021
:109120009800A100A700AA00AD00B000B300B900EC
:10913000BC00F500FD00000106010C01700070008C
:109140007000110117017000700070007000700055
:109150001D01200123012801300136013C013F019E
:10916000700070007000700070007000700070007F
:10917000700070007000700070007000700070006F
:10918000700070007000700070007000700070005F
:10919000700070007000700042014D0155017501B2
:1091A000082940F02A814F4BD5F80310426837E771
:1091B000002940F022814C4B5A89EA805B7A2B725D
:1091C000032373E7002940F01881FCF7D0FFC5F8AE
:1091D000060071605BE70022FCF74DFE01280446A3
:1091E0007FF4FEAE40F20114FDE602F0DEF9F5E791
:1091F000002940F002810DF10301304602F03FFAF0
:10920000ECE702F021FBE9E702F0E3FAE6E702F01F
:109210003CFAE3E701F0D3FCE0E701F012FDDDE703
:1092200000F00FFBC8E6002940F0E78001A800F03D
:10923000DCFCD3E7002940F0E0800DF1030130466B
:1092400001F031FECAE7002940F0D78001F019FE95
:10925000C4E701F030FEC1E701F057FEBEE700F0C1
:10926000BEFBA9E600F073FDB8E70DF1030332463B
:1092700000F04AFDB2E700F088FB9DE601461022AF
:1092800002A804F076FD102205F1130106A804F0EF
:1092900070FD02A804F0F7FD0446D0B910220AA917
:1092A000304604F066FD10238DF803300E232B703A
:1092B0009DF80330A5F8037004336B700123AB7085
:1092C0006C712846FFF750FE019B03B198470FB021
:1092D000F0BD3A24EAE7D8300020D0300020101E3C
:1092E0000300562E0020E0300020602E00200029D0
:1092F00040F0838008213046FDF759F8C7E600F0BA
:1093000038FD59E60DF10303324600F060FD65E7D4
:109310000DF10303324600F08BFD5FE700296CD1AD
:10932000FCF71FFF53E70DF10303324600F0BBFBD0
:1093300054E70DF10303324600F029FC4EE703F039
:10934000FAFB4BE703F07BFC48E7002955D103F01B
:10935000B2FB43E7002950D10DF10301304603F081
:10936000BCFB3BE70DF10303324603F0B4FC35E7E9
:109370000DF10303324603F0C9FC2FE703F097FC1D
:109380002CE703F0DEFC29E76FF07E0005F0BBF868
:10939000A8717E2005F0B7F80223E87186E6174B26
:1093A0001B882B81174B1B88EB8004237EE6042946
:1093B00023D1B5F90330194603F5A0639BB2B3F589
:1093C000206F1AD8B5F905301A4618B203F5A06314
:1093D0009BB2B3F5206F10D80A4B1980084B1A8046
:1093E0000A2390FBF3F040B205F0BDF81AE603F053
:1093F000C6FCF3E64FF48974F5E5122456E7CE3047
:109400000020CC30002008B50220FCF792FB60B1B0
:109410000E22027003224270012282700022C2706A
:109420000271BDE80840FFF79FBD08BD00000E4B6C
:109430005A6802F00053920015D5411E0123A0F195
:109440002102C0F1210023FA00F003FA02F28B405E
:1094500007490243D1E9000103400A40134314BF06
:1094600001200020704718467047D8300020E030B7
:1094700000203F284FF0010315D9A0F14001A0F1D1
:109480006002C0F1600003FA02F223FA00F08B40A0
:109490000C490243D1E9000103400A40134314BFC1
:1094A000012000207047411EA0F12102C0F12100DF
:1094B00003FA02F223FA00F002438B400249E9E783
:1094C00000BFD0300020D830002010B505490C78FE
:1094D0002CB988600448F2F756FB204610BD0720DF
:1094E000FCE7E8300020702E002008B5FCF741FDB5
:1094F000002008BD000010B5104C0C2200212046B1
:109500000DF0AFFA0E4A0E4B63601F200021C2E936
:1095100000010C4A4FF0FF3041F6FF71C2E9000133
:109520000A4A00200021C2E90001084A00231380F2
:10953000084AA360138010BD00BFE8300020E0306F
:109540000020E1D20100D8300020D0300020CE3001
:109550000020CC300020884210B51BD8052819D92E
:10956000B1F5486F16D8B2F5FA7F13D2A3F10A000D
:1095700080B240F67644A0420CD842F210705843B4
:1095800002FB011140F6C4135943884294BF1220D4
:10959000002010BD1220FCE72DE9F04105460A200D
:1095A0000E4614469846FFF742FF0746002861D052
:1095B0003E231F22237062700021A01C0DF051FA7F
:1095C0000A23A370E670002D47D0AB88A380EB7907
:1095D000013BA37195F89230E371062205F19301E6
:1095E00004F108000EF09BF9EB79012B3AD195F8C4
:1095F000903063B995F89130012B08D901F0C3FB85
:10960000014620B1062204F10E000EF088F995F80B
:109610009230012B06D895F90930002BA2BFE379CF
:109620000233E371E379012B0AD9EB79012B1DD1C8
:1096300001F0A5FB0146062204F114000EF06FF9BB
:10964000B5F868306383B5F86A30A383B5F86C3039
:10965000E38395F8393084F820302046BDE8F041A6
:10966000FFF782BC404602F0A8FAC9E7404602F084
:10967000B7FADFE70120FFF7DAFE60B33E231322DB
:10968000237062703946A01C0DF0EBF90123A37022
:10969000E670002DE1D0AB88A380EB79013BA3718C
:1096A00095F89230012B84BF023BDBB2E3710622B6
:1096B00005F1930104F108000EF031F9B5F86830B6
:1096C000E381B5F86A302382B5F86C30638295F88F
:1096D00039302375C1E72046BDE8F041FCF745BAB3
:1096E000000010B5054C0023184622680221FFF740
:1096F00053FF0023236010BD00BFC83000202DE9B8
:10970000F041044620B308F0CAF9334B1B68C01A75
:10971000B0F5006F1CD2B4F84C30002B38D00220CA
:10972000FCF707FAA0B31322027001224270827084
:10973000A288A0F80320B4F84C20A0F8052000234C
:1097400005224270A4F84C30BDE8F041FFF70CBC94
:10975000234B00261C683046354637464FF001083B
:109760003CB998B1FFF700FC08F099F91B4B186061
:109770000EE0A3796BB3B4F84C3013B9D4F8AC3025
:109780003BB368B90220FCF7D4F918B9002EEBD12D
:10979000BDE8F0811323037080F80180851C877079
:1097A0002B78A28805EB8303A3F80120B4F84C20A2
:1097B000A3F803204378043343702B7801332B70D4
:1097C000A4F84C702B78112B03D1FFF7CDFB0126A9
:1097D0000020D4F8B440C3E700BFF43000201C2FB1
:1097E000002010B504465720FFF743FE68B1022061
:1097F000FCF79FF948B15722027002224270A288FA
:109800004280BDE81040FFF7AFBB10BD38B505463C
:1098100005200C46FFF72DFE88B10220FCF789F9E0
:1098200068B1052202700422427000228270AA8868
:10983000A0F803204471BDE83840FFF795BB38BD60
:10984000000030B589B00D4604461A22002101A857
:109850000DF007F9182D02D8122009B030BD464D81
:109860002B680BB10C20F8E701F083FA0028F9D13E
:109870002388ADF8043099B26388ADF806309AB207
:109880000B1F9BB243F6FC708342E5D8131F9BB2BB
:109890008342E1D89142DFD323798DF80830012B40
:1098A000DAD853B963798DF80930032BD4D806225E
:1098B000A1180DF10A000EF032F8237B8DF810305C
:1098C000032BC9D8B4F80D00ADF81200B4F80F108E
:1098D000ADF81410B4F81120ADF81620B4F8133018
:1098E000ADF8183092B29BB289B280B2FFF733FE66
:1098F0000028B2D1B4F81530ADF81A3099B2B4F8E6
:109900001730ADF81C309AB29142A5D81C4C236890
:1099100023B90220FCF70DF950B32060FDF76DF973
:10992000044638B301A9FDF780FB2046FDF7D3FBC1
:1099300004F5C27101A801F0F0F9B8B11149D4F8E9
:10994000B4200B68A34209D10A600023C4F8B430E4
:109950000D4B5A681460B4345C607EE71946D3F846
:10996000B430A342FAD1C1F8B420EEE72C6074E71A
:10997000072072E7092070E700BFAC300020C83034
:1099800000201C2F0020142F0020022938B50C467F
:1099900021D10088FDF725F90546F0B1C378D80636
:1099A00001D50C2038BD19070AD4B5F848301A077C
:1099B00006D4EB79022B09D003212846FEF7DEFE00
:1099C000EB7843F01003EB700020EBE7FCF7CFFBE4
:1099D0000307F1D4E5E71220E4E72046E2E7F8B513
:1099E00007880546B8B2FDF7FCF80446002850D0B9
:1099F000B0F8483003F04103002B4CD190F83F60A1
:109A000016F0020604D1C379022B02D11A253EE0DA
:109A1000062623785A060BD5E279022A3DD023F098
:109A2000400394F83810237023222046FFF727FACA
:109A30006378DB0602D5E379022B30D06B88A4F87B
:109A4000523198B2AB88A4F8543199B2EB88A4F89B
:109A50005631B5F808C0A4F858C19AB21FFA8CF371
:109A6000B5F80AC0A4F85AC1AD89A4F85C511FFA30
:109A70008CFE1FFA85FCE64513D8FFF76CFD054602
:109A800028B9A4F8507131462046FEF777FE2846E3
:109A9000F8BD0225FBE70C25F9E72325F7E72A2582
:109AA000F5E71225F3E70E292DE9F0470546904624
:109AB0001F4667D1B0F80090FCF759FB82071FFAE8
:109AC00089F45BD52046FDF78CF80446002857D072
:109AD0008388A0F850316888A4F85201A988A4F8B6
:109AE0005411EA88A4F856212B89A4F85831B5F806
:109AF0000AC0A4F85AC1AD89A4F85C519BB292B2D5
:109B000089B280B21FFA8CF6FFF725FD1FFA85FA9D
:109B1000054650BB564588BF122523785B061DD5E8
:109B20002DBB10211B2003F0ABFA064690B1D0F8F4
:109B300000A004F5B57251462046FEF742FD124BD7
:109B40008AF800001B5C0133DBB203223146204659
:109B5000FEF721F9237823F0400323700223A8F8AD
:109B600000903B702846BDE8F0871225D5E794F8B1
:109B700038103B222046FFF782F9EBE70125EDE79D
:109B80000225EBE71225EDE700BFDC1D03000329EA
:109B90002DE9F041054617461E4623D1B0F8008056
:109BA000FCF7E5FA82071FFA88F417D52046FDF77F
:109BB00018F80446A0B103785B0608D5AA7890F897
:109BC0003810FFF75CF9237823F04003237000205E
:109BD0000223A7F800803370BDE8F0810120F7E789
:109BE0000220F5E71220F7E700002DE9F041124DC1
:109BF0002B6801332B600746EAF717FD104BD3F8AB
:109C000000800646B8F1000F15D098F8064094B9C8
:109C100001201C6000F01BFC02214046FDF70BFBFD
:109C2000084B3B602B683046013B2B60EAF703FD95
:109C30002046BDE8F0810C24F4E7B81A0020AC30CF
:109C4000002055DA010038B505460088B0F5706F80
:109C500009D2AB781A2B08D8042B04D90E4A22FA61
:109C600003F3DB0705D412200FE0292B01D03B2B97
:109C7000F9D1FCF7B6FF48B190F83C4044B9AA7856
:109C800080F83C20FEF762FD204638BD0220FCE74C
:109C90000C20FAE700BF20003804022910B50C465A
:109CA00014D10088FCF79DFF90B1B0F84820D4068D
:109CB00010D44178490704D40421FEF75FFD002049
:109CC00010BD42F01002A0F84820F8E71220F7E794
:109CD0002046F5E70C20F3E70229F8B50C461546B7
:109CE0001F460FD1038813800088FCF77AFF30B13C
:109CF00090F908300020AB7003233B70F8BD7F2340
:109D00002046F8E71220F9E70229F8B50C46154677
:109D10001E461AD10788B8B2FCF763FF0146A81C9B
:109D200039B905220CF09DFE204607232F803370A1
:109D3000F8BD4B78DB064FF0050204D525310DF058
:109D4000EEFD0020F1E72031F9E71220F0E70529C8
:109D500010B5044601D0122010BD00F081F9012891
:109D6000F9D923791F2BF6D82146FEF772F8002087
:109D7000F2E71C2938B5054621D10088FCF731FFF0
:109D80000446F0B1C379022B1DD090F83B30022B72
:109D90001BD0D5F80220D5F80630C0E944236B89E2
:109DA000A0F80231102205F10C0100F5907003F0CB
:109DB000E0FF20460221FEF7E1FC002038BD122022
:109DC000FCE70220FAE71F20F8E70C20F6E712294B
:109DD0002DE9F041054617461E4627D1B0F8008010
:109DE0001FFA88F0FCF7FDFE0446C8B1C379012BC9
:109DF00018D090F80031092B16D11022A91C00F5BB
:109E0000907003F0B6FF2046FEF78DFB2046FEF76C
:109E1000B8FB00200223A7F800803370BDE8F08172
:109E20000220F7E71F20F5E70C20F3E71220F5E703
:109E300002292DE9F0410C4617461E4622D1B0F802
:109E400000801FFA88F0FCF7CCFE0546A0B1C3796C
:109E5000012B13D090F80031092B11D106220321D8
:109E6000FFF70DF80A2385F8003100200223A7F838
:109E700000803370BDE8F0812046F7E71F20F5E74A
:109E80000C20F3E71220F5E702292DE9F0410D46F9
:109E900016461F4613D1B0F800801FFA88F0FCF771
:109EA000A0FE48B1B0F85240002004237480A6F808
:109EB00000803B70BDE8F08104462846F5E712209B
:109EC000F8E704292DE9F041804616461D462CD1BD
:109ED0000788B8B2FCF785FE044610B3B0F86A00F4
:109EE000B8F80230B4F868109AB200FB011140F2E1
:109EF000E240414342F21070B1FBF0F18A4212D3CA
:109F0000D4F8E800A4F8523008F091FA012802D100
:109F10002046FDF770F80020022337802B70BDE843
:109F2000F0810220F8E71220F6E71220F7E710B5DB
:109F300000230146184641FA03F2C3F1070402F078
:109F40000102A24001330243082B90B2F3D141FA3F
:109F500003F2C3F1170402F00102A24001330243ED
:109F6000102B90B2F3D110BD0000F8B52D4CFCF7CA
:109F700060FA0546FCF75DFAAAB283B29A42064639
:109F8000F5D046F3C42340F3852058400FF09BFAE8
:109F90000128ECDDA8B240EA064080EA0405202250
:109FA00000230121294203D00133DBB2012B35D834
:109FB000013A4FEA4101F5D1012BD8D920260123DE
:109FC00011461D460FE005EA00076D00284217D034
:109FD0008FB90131C9B20123B5F5807F18D1022AAA
:109FE000C5D9072BC3D0013EEDD1B5F1004FBED18D
:109FF0001829BCD8F8BD0133DBB20132D2B2EBE78D
:10A0000017B90133DBB2E7E70131C9B20123F4E745
:10A01000B5F5803FE5D10B29E3D9A8E7202600223A
:10A02000CDE7D6BE898E70B5002301391A4611F8E6
:10A03000016F7EB100250124264206D0904202D154
:10A040005819C0B270BD0132D2B201356400082D7A
:10A05000E4B2F1D10833DBB2282BE8D10020F1E7DC
:10A0600030B5411E031D002011F8015F1DB1FF2D09
:10A0700004D10830C0B29942F6D130BD0824012283
:10A0800015421CBF0130C0B25200013CD2B2F7D120
:10A09000F1E7F8B548400C461F461646FFF747FF64
:10A0A00000EB001014FA80F080B2FFF740FF00EBE5
:10A0B000001014FA80F080B2FFF739FF00EB0010B7
:10A0C00014FA80F080B244402523B4FBF3F503FB7F
:10A0D0001545C5F3CC02A8B2BA5C05F0070501230B
:10A0E000AB401A4207D104FB06F03946000CBDE82C
:10A0F000F840FFF798BFC0B2F8BD401A002810B56D
:10A1000014460DDD02F02BFF074B33F814303C33BF
:10A110004FF47A72B0FBF2F05843B0FBF2F010BD8E
:10A120000020FCE700BF001E030030B5D0E9034269
:10A13000856822448A1A002A036909DAA54212D0E6
:10A14000CA1A002AA3BF1B19C81AC00F002030BDAD
:10A1500042790132D2B2282A2B4408BF252242710B
:10A160000361E218E6E70120F1E7024A13680133D0
:10A170001360EAF75ABAB81A0020024A1368013B82
:10A180001360EAF758BAB81A002070B50C461546A5
:10A190001731062206460DF0C2FB062204F11D010E
:10A1A000B0180DF0BCFBA37D2B700C2070BD2C30C3
:10A1B000FBF7D1BF0000F8B5174C17496078FBF7E3
:10A1C0004AFE30B3D4E919560123237025236B715D
:10A1D00006B173714FF001136362104B11480027F1
:10A1E0001F70E77003F0EDFA0F4BC3E9007302F044
:10A1F0007AFB01462861012002F029FB1EB1D5E956
:10A200000323134433612969084802F09AFE0020B1
:10A21000F8BD1220FCE7F0310020502E0020EC3178
:10A22000002000310020F83000202832002010B536
:10A23000134CB0B163790133DBB20022022B2271DF
:10A2400008D06371FCF7F5F8A38C013B03400133A0
:10A25000E38410BDA38C6271012BF3D95B08A38446
:10A26000F0E7237960710133DBB2022B01D0237157
:10A27000E8E7A38C2071FF2BE4D85B00EFE7F03117
:10A28000002010B5184A18490446407904F071F9C5
:10A290000021084604F031F904F019F902F019FE22
:10A2A000D0B104F0FAFB02F050FE104B1B780021F5
:10A2B000184404F016FB08B1062813D1A378DB0775
:10A2C0000DD500F03EFE2379022BBDE810400CBFF7
:10A2D00003200220FBF733BF04F0EFFBE3E700F0BD
:10A2E00031FEF0E710BD55555500D6BE898E50336E
:10A2F00000202DE9F0418468D4F86480FFF735FF31
:10A300002578074675B904F1380002F01CFE29468D
:10A31000284602F09CFA02F0CCFA3846BDE8F0413B
:10A32000FFF72BBF236E0BB9E3781BB1012384F831
:10A330005C30F2E702F009FE01464046FFF7F5FE09
:10A34000D8F810100546012002F081FAD8F8106004
:10A3500015B1D8F80C301E44FBF7F7FE013805287C
:10A3600026D8DFE800F01A1D031A251A04F02FF989
:10A3700075B1FCF73EFE606EFFF783FF3846FFF7CE
:10A38000FCFE314604F13800BDE8F04102F0D9BDD1
:10A390002846FBF7D4FEFCF72CFE02F08AFAEDE724
:10A3A00004F015F9002DE6D12846FBF7C8FEF4E7C6
:10A3B000002DE0D1F1E738B51B4C1B4D8022002168
:10A3C00020460CF04EFB1422002128460CF049FBDD
:10A3D0000C22002104F12C000CF043FB144B42F240
:10A3E0001070C4E90C3402F0B4FDA86042F21070A1
:10A3F00002F0AFFD012384F86C30E86007F04FFBFA
:10A400000C49E060224604F1380002F094FD0C2271
:10A41000002104F150000CF024FB064B636500237F
:10A42000A36538BD00BFF03100207032002065E622
:10A43000010021E50100E5EB0100034BDA781AB1D8
:10A440000020D870FFF7F3BE7047F031002038B518
:10A4500004461A4802F077FD94B1FFF786FE0546E0
:10A46000FBF773FE022803D0032806D1012C04D188
:10A4700004F0ADF80020FBF762FE2846FFF77DFEF2
:10A48000FFF773FE0F4BDA7804460020187083F84C
:10A490005C0012B1D870FFF7CAFE2046FFF76DFED0
:10A4A000FFF763FE00210446084602F0D0F902F0EF
:10A4B00000FA2046BDE83840FFF75FBE00BF2832F3
:10A4C0000020F031002010B50E4A0346506E04798A
:10A4D000012C14D113B1981F44424441D07838B1B3
:10A4E0000020042BD07005D10B8843F008030B80AB
:10A4F000204610BD072BF7D0FFF799FEF8E70024A0
:10A50000F6E7F0310020F0B5C21F012ADDE906654B
:10A5100014D90A46059F12F8024B0128C4F380148F
:10A520003C701A6003BF01F1080333600B7800230D
:10A530000CBFDB09336000202B70F0BD4FF0FF3003
:10A54000FBE72DE9F04F044689B030B9A948FBF785
:10A5500002FE002009B0BDE8F08F05682F7807F0F3
:10A560000F030293002900F0B680029A5723D340CC
:10A5700013F00103049300F0AE80DFF880B2DBF843
:10A5800064300393012A07F0400305F102080593A4
:10A59000C7F3801640F091800835FF09FF23E37769
:10A5A000314640460196FBF709FC8246002800F040
:10A5B000C280012806D103F012FD40B20028E077E6
:10A5C00080F2AA804FF0000AC1465646B5B139461E
:10A5D0002846FBF7F3FB002800F0C28001280DD1CC
:10A5E000002E00F0B680311D284602F043FC002802
:10A5F00000F0AF80228B42F400522283039B9A78B2
:10A60000D50700F1C180228B049B42F040022283D7
:10A61000002B00F0B380039B1A79012A40F0AE8032
:10A62000029B6FF041021A41D00700F1A780714AE6
:10A63000724F1578002D40F0B080704DEA8C2AB131
:10A64000013A92B2EA84002A40F09880059B6A7829
:10A65000002B14BF83270327D10740F1B38068493B
:10A6600047F0400793070ED5002E00F0AD80B2787A
:10A67000002A00F0A980012106AA304602F0A1FBC1
:10A6800006A947F0400706225F488BF816700DF0C8
:10A6900046F9062241465C480DF041F958495B48AD
:10A6A000022204F06CF9002868D101238BF80330F2
:10A6B000238B43F4804323834BE7029B042B28D155
:10A6C000038B190707D59BF81630B6EBD31F08D0BC
:10A6D0000020FFF7ACFD238B6FEA43436FEA53433F
:10A6E00015E006220BF11D0140460CF090F9002800
:10A6F000EED103F074FC40B20028A8BF238BE077B2
:10A70000A4BF43F480632383238B43F0400323835C
:10A7100034E000252F4641E736233D4A10FB03F085
:10A7200000F12409135C019386189144228B42F4B2
:10A73000806222834AE70199404602F0D8F9064632
:10A7400000283FF43FAF42780AB9C278B2B9C14697
:10A750003CE7039B9A78920710D5002304934DE7BA
:10A76000039B5A78930702D50EB1B27832B93946B5
:10A770002846FBF7A8FB00287FF440AF0020FBF73A
:10A78000DEFC4FF0FF30E5E601995246484600F006
:10A7900090FB00287FF437AFF0E7062249463846A1
:10A7A0000CF035F938B937F8042C019B02F001029E
:10A7B0002BB1002AE2D1013DEDB20A373AE7002A77
:10A7C000DCD0F8E714494DE707F069F9EB68C31AE4
:10A7D000002B06460BDB06211048FBF7E8FD6B7DDE
:10A7E00003F03F036B7502F0E6FA0644EE600A4997
:10A7F00047E740320020EC310020A0310020F0314A
:10A800000020502E0020073200200D320020FDE4F1
:10A810000100AC330020562E00200032002070B51D
:10A82000134C237813B3FFF7A0FC94F85C30054673
:10A830005BB1002304F12C0084F85C30FBF78BFC47
:10A840002846BDE87040FFF798BC02F07EFB064644
:10A85000FBF77BFC0028F3D1606E3146FFF765FC07
:10A860000028EDD0606EFFF70CFDE9E770BDF03118
:10A87000002008B5074B1A784AB1DA781AB10020DF
:10A88000D870FFF7D4FCBDE80840FFF7C8BF08BD8B
:10A8900000BFF031002010B5114CE3781BB100204F
:10A8A000E070FFF7C4FC236EABB10D48FBF753FC1F
:10A8B00003F08DFE02F049FB0146606EFFF735FCA8
:10A8C00018B9BDE81040FBF73ABC636E064A06496A
:10A8D000587903F04EFEBDE8104004F01EB8F03188
:10A8E00000204032002055555500D6BE898E2DE9F6
:10A8F000F74F914612880C68019102F0C003C02BFB
:10A90000054640F0A080160400F19D80A84B1B78FE
:10A91000002B00F09880012813BF002304F10803E6
:10A920000093009318BF9846277899F9073008BF1D
:10A930004FEAD718002B4DDA0234C7F38017900482
:10A940000AD59A4E707800F00100FBF7D0FA96F81D
:10A950000180009008F00108954B9B7893B3DFF8D5
:10A9600058A2DAF8006007F0010B002E3BD19048A6
:10A9700002F063FF064658B9DAF804305B681E68D7
:10A98000D6E90223002A70D0D360D6E902231A60E8
:10A990001022002130460CF064F830460023F37199
:10A9A000062200F801BB21460CF0B9FFDAF80020BE
:10A9B000334643F8082F002A5AD0D360CAF8006003
:10A9C000C6F80CA0062D56D8DFE805F05662B7553C
:10A9D0005555B50036202424774910FB03444343E2
:10A9E0000C44CF5CABE733785B4501D0B668BCE77D
:10A9F00006222146701C0CF00AF80028F6D1012D21
:10AA0000F37925D103F00203DAF80020964211D041
:10AA1000D6E9021219B3CA60D6E902121160DAF857
:10AA20000010324642F8081FE1B1CA60CAF800605F
:10AA3000C6F80CA0002BC5D0B9F800301B0702D512
:10AA40000120FFF7F4FB03B0BDE8F04FFFF7E7BECE
:10AA5000042D0CBF03F0040303F00103D4E7CAF88C
:10AA60000420D9E7CAF80420E0E7CAF804308CE7EC
:10AA7000CAF80430A2E70425019B01981B685E78A0
:10AA80000821063E02F0CCFBF6B24FF0020A0AE0C3
:10AA900000984146FBF77CF90026B04214BF4FF006
:10AAA0000B0A4FF0020AB9F8003099F904B05905C1
:10AAB00044BF0237FFB29A0444BF08F102085FFAAC
:10AAC00088F8BAF10B0F3AD15046FEF7B0FC0028D7
:10AAD000B2D00120FBF72DF806460028ACD03E236B
:10AAE00003701223437006220123C370037180F8A0
:10AAF00002A04771214610440CF011FF009986F81E
:10AB00000C80062206F10D000CF009FF86F813B048
:10AB10003046FEF729FA00288ED1244B9B78002B73
:10AB20008AD0254B1A68BAF10B0FD37937D143F08D
:10AB30000203D37180E702259EE703259CE70220EC
:10AB4000FEF775FC00283FF477AF06F10C03442BA9
:10AB500000933FF671AF0120FAF7EBFF8046002823
:10AB60003FF46AAF009B43703E2202230270837061
:10AB700006220123C37005714771214610440CF071
:10AB8000CEFE88F80C6032464644019808F10D0369
:10AB9000002102F019FB86F80DB04046B9E7042DFC
:10ABA0000CBF43F0040343F00103C2E700BFF031E0
:10ABB000002000310020AC330020F83000200729AD
:10ABC0002DE9F041054635D11C4B1C7884BB037838
:10ABD000012B2FD8B0F80100031F9BB243F6FC7283
:10ABE000934227D8B5F803703B1F9BB2934221D8FC
:10ABF000B8421FD36B79032B1CD8AB79032B19D820
:10AC00000F4E0123F37040F271282B78337108FB4B
:10AC100000F002F09EF9B06008FB07F002F099F92D
:10AC2000F060AB79B3706B7973702046BDE8F0814A
:10AC30000C20FBE71220F9E700BFF0310020703252
:10AC40000020022970B54FD10178427841EA020311
:10AC5000012B49D8274C237831B90BB9002070BD9E
:10AC60000120FFF7F4FBF9E743B194F86F1094F873
:10AC7000703009B1022B39D0A270EFE7C4E9193363
:10AC80001D4BA270DA789AB103F1080207CA04F1E9
:10AC900074051E7984F8706085E807005A785B882F
:10ACA000A4F86E3004F16C0384F86D206366627062
:10ACB000656EADB9114B636642F21070012384F8E2
:10ACC0006F30657084F8705002F043F9606742F2AB
:10ACD000107002F03EF984F86E50A06784F86D5051
:10ACE000BDE87040FFF767BA1220B8E70C20B6E75E
:10ACF00000BFF0310020703200205C320020054B94
:10AD00001A782AB15B6E9878C04300F00100704752
:10AD10000120704700BFF03100202DE9F041134CB5
:10AD2000037B6370002704F16C036366A7660379F5
:10AD300084F86E300546008840F2712808FB00F068
:10AD40000E4602F006F96067688808FB00F002F022
:10AD500000F90223A06784F87030FFF72CFA1EB1C7
:10AD6000B84218BF3C463460BDE8F08100BFF03106
:10AD70000020014B1878704700BFF03100200048D8
:10AD80007047F63100200048704707320020014626
:10AD9000062201480CF0C3BD00BFF6310020004878
:10ADA000704706320020024B5B6E987800F001007D
:10ADB0007047F031002010B50C4B1B7813B1002008
:10ADC000FFF745FB0A4B0A480024214650221C701D
:10ADD0000BF047FE084802F0F4FC074BC3E90043C0
:10ADE000BDE81040FFF7E7BA00BFF0310020EC31BA
:10ADF00000209C31002000310020F830002007B5F1
:10AE0000084B00931022074B0848082102F09FFCD2
:10AE1000074B0022C3E9002303B05DF804EBFFF702
:10AE2000CABA67DE02001C31002000310020F83071
:10AE3000002008B500F0A5FE20B1FFF760FF003844
:10AE400018BF012008BDF8B50D4D06460F4600237A
:10AE500015F8022C5C1C5AB115F8013CBB4207D115
:10AE60000622314628460BF0D2FD08B92046F8BD2F
:10AE7000082C234605F10805EAD10020F7E78632C1
:10AE8000002008B5FFF7D5FF48B10023054A194651
:10AE900002F833100133082BFAD1002008BD0C2032
:10AEA000FCE7843200200823037001230B7000208C
:10AEB0007047FFF7C8BF072970B506461FD1FFF7D7
:10AEC000B8FFF0B1354615F8011B2846FFF7BBFF68
:10AED00008B1002070BD0B4C23784BB906222946DF
:10AEE000A01C0CF01CFD3378637001232370F0E785
:10AEF0000130082804F10804EED10720EAE7122007
:10AF0000E8E70C20E6E784320020072910B5044664
:10AF100010D1FFF78EFF78B1204610F8011BFFF724
:10AF200092FF08B9002010BD054B0138002203F83C
:10AF30003020F7E71220F6E70C20F4E700BF843258
:10AF4000002070477047024A136801331360E9F725
:10AF50006CBBB81A0020024A1368013B1360E9F782
:10AF60006ABBB81A002038B505460C46FFF7EBFF60
:10AF70006B891C436C81BDE83840FFF7ECBF38B5E6
:10AF800004460D46FFF7DFFF638923EA050161816F
:10AF9000BDE83840FFF7DFBF38B500F1340541792F
:10AFA000044600F128020123284601F04CFFA0B11D
:10AFB00001212046FFF7D7FFA3895A071ED56179E3
:10AFC000002304F13A02284601F03DFF68B1204613
:10AFD0000221BDE83840FFF7C6BF2379D907E7D47F
:10AFE00001212046FFF7CBFFE6E76379DB07EED4CC
:10AFF00020460221BDE83840FFF7C1BF38BD10B57B
:10B000000446FFF7A0FF638923F030036381BDE8A6
:10B010001040FFF7A0BF10B50446002003F095FADA
:10B0200004F154010648F0F7AEFD0020FBF787F865
:10B030002046FFF7E4FF024B00221A6010BD702E7D
:10B040000020C432002038B5074B1C7883890C449B
:10B050001B07C0E90644054604D5034801F079FF03
:10B0600004442C6238BD503300200088130038B5EA
:10B070000121104B03670446C06680F86010C07958
:10B08000FBF7B1F8A3895A070FD500F5FB700A4BFF
:10B09000E5691B78EB1A6366002384F862301E3082
:10B0A00001F057FF0544A56638BDDB0748BF00F532
:10B0B0005570ECE700BF31F401005033002038B583
:10B0C0002B4BC4681C600546FFF73DFF638923F0E6
:10B0D000300343F010036381FFF73DFF638903F4FE
:10B0E000C063002B3ED194F9090003F02EFA2049E9
:10B0F000214AA07903F03DFA204BA97818786B68B3
:10B10000184403F026FC68BB03F0E1F9FF23237227
:10B1100001F0DFFED0B103F0C0FCA389DA0618D538
:10B120009B0716D00021084603F0E7F902221348D6
:10B13000214603F024FC0546A0B9E3787BB1FFF774
:10B1400000FF0120FAF7FBFF284638BD03F0B5FCED
:10B15000E3E70B48214603F0D0F90022E7E7FFF7C9
:10B16000F1FEEEE72046FFF756FF0125ECE7C4327B
:10B170000020D6BE898E5555550050330020F9F475
:10B18000010089F30100F8B50D6C06460C4605B1C7
:10B190002D7CA3896189AF1D5807FFB228D511F016
:10B1A000020F14BFA12321230C27002541F3000126
:10B1B00001F040010B43B81CE07104F12801137049
:10B1C000304606220CF0ABFBA3895B0706F10606AE
:10B1D00005D5062204F13A0130460CF0A0FB2DB152
:10B1E000206C33462A46002101F0EEFF3846F8BDB8
:10B1F000D80705D413F0020F0CBF02230623D5E7AE
:10B200002023D3E7F8B58C6C06460D4604B1247CA8
:10B210006B8913F0010F14BF44230423A71D13707F
:10B2200005F1280106223046FFB20CF078FB2CB164
:10B23000A86CB31D2246002101F0C6FF3846F8BDB8
:10B2400038B5438913F4C06F04461DD013F400755C
:10B250000FD0436C33B1006C01F028FF636C2364A2
:10B26000002363644FF400712046BDE83840FFF7C7
:10B2700086BE5B0508D5806C01F018FFE36C4FF4C7
:10B280008061C4E91235EFE738BD38B5037804466C
:10B2900073B301F00EFB04F1600001F062F8FFF7F8
:10B2A00052FE0546FAF751FF012809D103F08FF944
:10B2B0000020FAF744FF0E4B00221A60FFF7AFFAA6
:10B2C0002846FFF748FE0B4804F15401F0F795FCBF
:10B2D000206D18B1FAF749FC002323652046FFF7DB
:10B2E0008EFE002323702046BDE83840FFF7A8BF3C
:10B2F00038BDC4320020702E0020F8B50646006824
:10B300000F46154608B101F0D1FE0021284601F094
:10B31000B7FE044628B1038A2B441F2B04DD01F03D
:10B32000C5FE00243460F8BD2A46394601F0C8FE47
:10B330000028F7D02046F2E7000008B5FDF712FE1E
:10B34000074B48B158895A7810F0800003D0002A82
:10B350000CBF1846002008BD1846FCE700BFC832E5
:10B36000002010B50D4C8022002120460BF079FB07
:10B370004FF40063E38123820C220723002104F1B0
:10B380005400A3700BF06DFB054BC4E91634A38980
:10B3900043F01203A38110BD00BFC83200209DF806
:10B3A0000100430705D410F0020F0CBF2520262012
:10B3B00070472720704710B50379012B04460BD93D
:10B3C0004389DB0508D5FFF7E7FD20464FF4807180
:10B3D000BDE81040FFF7D3BD10BD2DE9F34704468B
:10B3E00004F1600601F065FA2046FFF729FF04F139
:10B3F0005407304600F0B5FF4A48DFF82881394647
:10B40000F0F7FBFBA5782846FFF7CBFFA279824235
:10B410003AD1FFF704FAA378D9072BD413F0020F1F
:10B420000CBF27232623A371606901F092FDA56953
:10B4300098F800A00544C4E90655814601F085FD51
:10B440002D1AB5EB0A0517D40025A3891A072ED5A6
:10B45000D4E907239A422AD32346226D3C210020B7
:10B46000FEF79AF800232046236502B0BDE8F047B6
:10B47000FFF70BBF2523D6E7A369ED1A4B44DD4246
:10B48000FCD4C4E90633DFE7531CDBB2A3F125008B
:10B49000012181400D4204BF0232D3B2A37101F0F9
:10B4A00054FD98F800300344E3610125CDE72046C0
:10B4B000FFF781FF2046FFF7DAFD35BB94F86130D6
:10B4C000BBB9A3891B0717D442F2107001F041FDEC
:10B4D000024601A9304600F06AFE78B1304600F01D
:10B4E00040FFA078FFF75DFF3946A0710D48F0F7E7
:10B4F0004AFB02B0BDE8F0872A46EAE798F8003038
:10B50000019A1344C4E90633F3E7304600F0EDFE38
:10B510000028EED00348394602B0BDE8F047F0F706
:10B5200032BB702E0020503300208068FFF755BFDB
:10B53000000010B5084C00232178227903B110BD1A
:10B540000029FCD0012AFAD903484FF48071FFF793
:10B550000AFD0123F0E7C832002008B501468078D3
:10B56000FFF71FFF8871BDE8084001485431F0F72C
:10B570000ABB702E002038B50A4C25687DB100202A
:10B5800002F0E3FF05F154010748F0F7FCFA002050
:10B59000FAF7D5FD2068FFF732FD0023236038BDA0
:10B5A00000BFC4320020702E00200F292DE9F8437F
:10B5B000044644D1304D2B78002B59D10379B0F893
:10B5C0000090B0F80280877B042B38D8DFE803F0C6
:10B5D000033A4C4E4400132633070DD4C1452ED8F0
:10B5E000A9F120039BB243F6E072934227D8A8F159
:10B5F00020039BB2934222D86379032B1FD8A379EF
:10B60000012B1CD800236B726379012B04D91A48D3
:10B610000622E11D0CF083F9637B5A1E062A0ED820
:10B62000032F0CD862792A71A2796A71EF70AB701E
:10B63000A5F80E90A5F81080AE81002000E0122041
:10B64000BDE8F883C11D00270C4806220CF067F9FD
:10B650001D26B846B946BFE7C11D062207480CF0B3
:10B660005EF900271526B7E71226B5E71026B3E7DF
:10B670000C20E5E700BFC8320020FC320020034662
:10B680000020187001230B7070470129F8B501D014
:10B690001220F8BD0578FFF750FE0446002800F0A0
:10B6A0008D80012D40F084800378002B7CD10B210C
:10B6B000FFF765FC44492079FAF7CDFB0028E7D075
:10B6C000A389DF0707D5236D2BB90220FAF731FADA
:10B6D000002875D020652379DE0745BF6389394985
:10B6E0003A4943F0010348BF6381062204F1280070
:10B6F0000CF015F9A3895D070DD5062204F134017C
:10B7000004F13A000CF00BF96379D80742BF638962
:10B7100043F0020363812379012B02D92046FFF70E
:10B720003BFC012323700023A4F87E30FEF71DFCB0
:10B73000A38919075DBF238A40F27122534340F663
:10B74000A6636361A37880EA1040DA07A4F87C005E
:10B750002CD413F0020F0CBF27232623A37101F072
:10B76000C2F80546FAF765FE074601F0EEFB42F225
:10B7700010730646B7FBF3F003FB107001F0E9FB12
:10B780000644E6612046FFF772FC626E531B002BF5
:10B7900004DAA36E65669B1A2B44A3660C4900224B
:10B7A00004F1600000F0A7FC002072E72523D5E734
:10B7B000002D7FF46DAFFFF768FDF5E7422068E7E5
:10B7C000072066E700BF502E0020562E0020B9F358
:10B7D0000100202970B501D0122070BD06781F2EFF
:10B7E000FAD8451CFFF7A9FD044658B3838903F036
:10B7F0001203002BF0D00378DBB1C36C43B14FF4DC
:10B800008061FFF7BCFBE06C01F050FC0023E364B7
:10B810003246294604F14C00FFF76FFDE36C0BB98B
:10B820000720DAE74FF480612046FFF79CFB0020F9
:10B83000D3E7324629464830FFF75FFDA36C002B63
:10B84000F5D1EDE74220C8E7202970B501D01220DC
:10B8500070BD06781F2EFAD8451CFFF76EFD044612
:10B86000002838D08389D90615D55A070ED440212F
:10B870002046FFF784FB237883B93246294604F13A
:10B880004000FFF73AFD236C1BBB1BE0FDF76AFB92
:10B890000028ECD0DBE79B07E9D5D8E7636C4BB118
:10B8A0004FF400712046FFF76AFB606C01F0FEFB6D
:10B8B000002363643246294604F14400FFF71DFD6E
:10B8C000636C0BB90720C3E74FF400712046FFF704
:10B8D0004AFB0020BCE74220BAE72DE9F84FDFF829
:10B8E000689182460D4649B9D9F80000FFF793FBED
:10B8F0004FF0FF340020FAF722FC44E012B9C9F8F7
:10B900000020F5E7032801D0052861D1D9F80060AF
:10B910002C68062204F1080106F128000BF077F8E4
:10B920008346002854D196F8038014F8027BBAF1BC
:10B93000030F0CBF08F0010808F00208C7F38017D6
:10B9400001F0C7FA10BBB8F1000F06D05A463946CD
:10B950002046FFF7AEFA00283AD02B8BBAF1030F3E
:10B9600043F040032B8346D13448314602F0C5FDF5
:10B9700033480022314603F002F8044650BB2B8BBB
:10B9800043F010032B832046BDE8F88F394620464C
:10B99000FAF7FEF910B302F022FB40B20028307231
:10B9A00013DB2B8B43F480632B8396F90830B8F1BB
:10B9B000000FD2D036212424224A11FB03444B43EA
:10B9C0001444D75C4FF0010BC0E7B8F1000FC4D0AE
:10B9D0004FF0FF340023C9F800308BE7394620468A
:10B9E00001F085F80028AED04378002BABD1C378A6
:10B9F000002BA8D0ECE7134B1D684DB9B3895B074A
:10BA0000E6D50622214606F13A000BF000F8DFE702
:10BA10000622214605F193000AF0F9FF38B995F89E
:10BA20009230012F03F0010304D1002BD0D1D5F8BF
:10BA3000B450E2E7002BFAD1CAE789F3010077F5A9
:10BA40000100AC3300201C2F0020C43200202DE95F
:10BA5000F843394C237888469146002B6BD01388E5
:10BA60001D0607D43548FFF7CAFABDE8F843324847
:10BA7000FFF7B3BC05285AD1A189628901F01000F3
:10BA800002F008020243EDD05806EBD547464907BD
:10BA900017F8025B03F48066C5F3801514D5002EF9
:10BAA00043D094F90830254A3620242110FB031195
:10BAB00043431144D55C6379AB42D3D1214806227C
:10BAC0000AF0A5FF0028CDD1DEB1062239461D4877
:10BAD0001B4D0BF024FF94F90800394601F087F95B
:10BAE00094F908102423362616FB01312944062236
:10BAF00038460BF014FF94F908307343ED5C0235BF
:10BB0000EDB2A38983F01003C3F300134A4629461C
:10BB10004046FCF7BEF90028A4D063891A070AD46E
:10BB2000BDE8F8430548FFF7B0BB3946C3E7032833
:10BB300098D1DB0696D5BDE8F883C8320020AC3337
:10BB40000020FC320020F632002008B50C4A0346E3
:10BB5000032B106807D1838999070ED4FFF75BFA8E
:10BB60004FF0FF3008E0052BF8D18389DA07F5D5CF
:10BB700083F01000C0F3001008BD0120FCE7C432C0
:10BB80000020044BD8781B781BB1B0FA80F0400934
:10BB9000704701207047C832002010B5064B04469C
:10BBA0001A6D00211965FDF7F7FC2046BDE810402D
:10BBB00000F06CBD00BFC832002010B50379012B26
:10BBC00002D80024204610BD4389DB07F9D500F1D7
:10BBD000280401212046FAF7DBF80028F2D1F0E72B
:10BBE0002E307047000008B502F0F1FC034B1868D6
:10BBF000BDE80840FFF70FBA00BFC432002010B5FF
:10BC0000074C2046FFF741FB206C01F04FFAA06C77
:10BC100001F04CFABDE81040FFF7A3BB00BFC832EB
:10BC20000020024B1878003818BF01207047C83236
:10BC30000020FFF796BB10B54A6843689C1A002C99
:10BC400006DA8068801A0028D4BF0020012010BDC9
:10BC50008868181AC00FFAE70000024A1368013317
:10BC60001360E8F7E2BCB81A002010B50446FAF7F2
:10BC70006CFA042808D1FAF7AAFF6368C01A0028F2
:10BC8000D4BF0020012010BD0020FCE70000024AC4
:10BC90001368013B1360E8F7CEBCB81A0020064ACF
:10BCA0000346106838B9194641F8140F9A61C2E981
:10BCB000003101225A70704700BF48330020F8B5A8
:10BCC000244E3468002C42D0D4E90523CAB19361D4
:10BCD000D4E9052300271A606770FAF736FA05469B
:10BCE00001F033F9C5B12378042B0CD1AB1EDBB2C4
:10BCF000012B11D902F06BFC012D25D1FFF73BFC84
:10BD00000AE07360E4E702F062FC022D12D13846CB
:10BD1000FAF715FAFEF791FB236920469847346835
:10BD20001CB161680C4801F00CF92046BDE8F840F0
:10BD300000F0A3BD032DDFD13846FAF700FAFEF775
:10BD40007CFBFBF756F9E7E7FBF78BFBE4E7F8BD75
:10BD500000BF48330020543300202DE9F84F544BE6
:10BD60001A78436F9B1AC0F8D030C379022B04466F
:10BD700000F1CC0926D1D0F8880001F0EAF8D4F817
:10BD8000D030013B1B1AC4F8D030002384F8CE30E9
:10BD9000E36DC4F8D430D4F8D05001F0D6F82D1AA1
:10BDA000002D0ADBFFF759FF82464846FFF75DFF8B
:10BDB000074650B15046FFF76AFF4FF0FF3738464D
:10BDC000BDE8F88F90F87830E0E7DFF8EC8039488C
:10BDD00001F0B9F8D8F80050BB463E4665B9D8F82E
:10BDE0000430C4F8E430C4F8E050C3F8009004F123
:10BDF000E003C8F8043027E029464846FFF71BFF58
:10BE000090B12B78032B04D0002E45D1AB462E46A3
:10BE100043E0E968D4F8D800FAF7D3FE0028F3D15C
:10BE200006464FF0FF3712E0D4F8D4306A689B1A08
:10BE3000002B32DCAB69C4F8E430234643F8E05F02
:10BE4000AA69C2F80090AB61012384F8CD300024C8
:10BE50009EB133787569012B21D0032B03D1F06893
:10BE60009C30FAF778F9D6E90523E2B19361D6E977
:10BE70000523B3451A60747018D1D8F80040A14565
:10BE800002D1204600F0F9FC5046FFF700FF616840
:10BE9000094801F056F892E7AB466D699EE7F068F5
:10BEA000FFF75BFBDFE7C8F80430E0E72E46CFE79B
:10BEB00000BF5033002054330020483300202DE9C8
:10BEC000F84F0E46044600F1CC0901F03EF8B37875
:10BED000242B26D900F13905D4F87CA03E4FFFF77A
:10BEE000BCFEC4F8D05080464846FFF7D8FE05F1A6
:10BEF000A4060346002846D0384801F024F83968E3
:10BF0000AB46F9B9ABEB0503534561D87B68C4F880
:10BF1000E430C4F8E010C3F8009004F1E0037B6063
:10BF200024E096F90530012B02D100F16205D3E738
:10BF3000022B02D100F15D05CEE7032B08BF00F113
:10BF4000DF05C9E7C4E934B64B68F31A002B35DCCA
:10BF5000ABEB050353453BD822468B69C4F8E4306C
:10BF600042F8E01F8B69C3F800908A61012384F8CE
:10BF7000CD30ABEB050000F0F2FF5D4640F2E2434E
:10BF8000B0FBF3F39BB2A4F87230144BE6651B7858
:10BF90002B4463670023C4E9345684F878301C4688
:10BFA0003D68284600F069FC4046FFF770FE69686E
:10BFB0000A4800F0C6FF2046BDE8F88F4846FFF764
:10BFC0003AFE18B1D1F808B00BF1A406496998E718
:10BFD0004FF0FF34E4E7483300205433002050335F
:10BFE00000202DE9F047404B456F1F78044600F1D3
:10BFF000CC06D0F8880000F0ACFFED1BE36DC4F870
:10C00000D430013D2D1A0023C4F8D05084F8CE302E
:10C01000FFF723FE07463046FFF727FE054638B1F7
:10C020003846FFF734FE4FF0FF352846BDE8F0876D
:10C030003046FFF734FE8246002853D02C48DFF804
:10C04000B09000F080FFA8465146D4F8D4304A683A
:10C05000DAF814A09B1A002B1ADC8B69C4F8E430C0
:10C06000234643F8E01F8A6916608B61012384F838
:10C07000CD301F4B1C68A64202D1204600F0FDFBCC
:10C080003846FFF704FE6168194800F05AFFCCE714
:10C090003046FFF7D0FD88B10B78032B1FD1C8685D
:10C0A0008B6981F80180BAF1000F15D0CAF81830F9
:10C0B000D1E905329C301360FAF74DF8BAF1000F60
:10C0C000C2D10B4BC4F8E0A05A68C4F8E420166053
:10C0D00004F1E0025A60C9E7C9F80430E8E74FF01C
:10C0E000FF35C6E73446C8E700BF5033002054335D
:10C0F0000020483300202DE9F8430446D0E90169C7
:10C100000D469046FFF7A9FD07462046FFF7C7FDFD
:10C1100080B96168002D41D1204600F0AEFB264673
:10C120003846FFF7B4FD71681F4800F00AFF002091
:10C13000BDE8F883A9EB0606DFF870901A4800F016
:10C1400002FFD9F8001049B9D9F80430A361616140
:10C150001C6004F11403C9F804300CE0A3684A68B9
:10C160009B1A002B10DC8B69C4E905138B691C60DA
:10C1700004F114038B61012363706168D9F80060D6
:10C180006DB9B442CCD1C7E72046FFF754FD18B1D2
:10C190008B6863603344A3604969D4E72646E0684E
:10C1A0004246A847EDE754330020483300202DE9EC
:10C1B000F84FD0E90173DF1B1344836004468B46BC
:10C1C0001646FFF74AFD82462046FFF768FD804687
:10C1D000002841D0434800F0B6FE4FF000094D461C
:10C1E00041462046D8F81480FFF725FD70B18946F6
:10C1F00045B3B8F1000FF3D175B93A4B65615A6890
:10C20000A261146004F114025A6025E0A3684A6830
:10C210009B1A002BEDDCBDB16368FA18A2602A46B8
:10C22000A16850686D69A1EB000CBCF1000F38DC0F
:10C230009369C4E9052393691C6004F11403461A49
:10C24000936109E00D46D4E78B69C4E905138B6956
:10C250001C6004F114038B610123637046B1FAF78B
:10C26000E8F8B0FBF6F303FB160063680344636071
:10C2700063681F44A760CBF800301A4B1B68A342C9
:10C2800002D1204600F0F9FA00245046FFF7FFFCE7
:10C29000154B13481B68596800F053FE2046BDE853
:10C2A000F88F91686160C8194A45A060B7D13344DE
:10C2B0005B1A9E4211D304F114023DB90A4965612B
:10C2C0004868A06104604A601E46C5E7A969C4E9E0
:10C2D0000551A9690C60AA61F6E74FF0FF34D4E775
:10C2E00000BF543300204833002070B50446FFF7E8
:10C2F000B4FC0646F9F729FF062803D85223C340A9
:10C30000DB0723D42046FFF7CAFC054688B1014667
:10C310002046FFF790FCC8B9104800F014FEAB6946
:10C32000C4E90553AB691C6004F11403AB6101233C
:10C3300063700A4B186800F0A0FA3046FFF7A7FCBC
:10C340006168054800F0FDFD002070BD3046FFF734
:10C350009EFC4FF0FF30F8E700BF54330020483315
:10C360000020F8B5044650B3FFF777FC6378054624
:10C370001BB3134E3768BC4202D1124800F0E3FDF4
:10C38000D4E90523BAB19361D4E90523BC421A600C
:10C390004FF00003637008D134681CB1616809482C
:10C3A00000F0CFFD204600F068FA00242846FFF791
:10C3B0006EFC2046F8BD7360E6E70124F6E7012431
:10C3C000F7E7483300205433002010B50446FFF748
:10C3D00044FC054B1B6833B15B6823600124FFF705
:10C3E00056FC204610BD1C46F9E7483300200148A2
:10C3F00000F0A9BD00BF5433002008B5DF2000F0D5
:10C40000A8FD044B054918700022044800F093FD74
:10C41000002008BD00BF503300203100020054331B
:10C42000002010B504460720FDF701F8E0B1022016
:10C43000F9F77FFBC0B13E2202700B224270072247
:10C440008270A288A0F80320A27BA0F80520228B8E
:10C45000A0F80720E27BA0F80920628BA0F80B204F
:10C46000BDE81040FCF780BD10BD38B5054606207C
:10C470000C46FCF7DCFFE0B10220F9F75AFBC0B133
:10C480003E2202700B22427006228270AA88A0F817
:10C4900003202288A0F805206288A0F80720A2883F
:10C4A000A0F80920E288A0F80B20BDE83840FCF78E
:10C4B0005BBD38BD38B5044603200D46FCF7B7FF19
:10C4C000C8B10220F9F735FBA8B13E2202700A225A
:10C4D000427003228270C570A2888280B4F86820FE
:10C4E000C280B4F86A200281B4F86C204281BDE8B1
:10C4F0003840FCF739BD38BD38B583785B07054651
:10C500000C461AD40820FCF7B4FF88B10220F9F7D2
:10C5100010FB68B108220270042284704270B4FAE1
:10C5200084F4AA88A0F8032064094471FCF71CFD78
:10C53000AB7843F00403AB7038BD3020FCF799FFB3
:10C540000028F9D00220F9F7F4FA0028F4D03022BC
:10C550000270032242708470AA88A0F80320BDE80C
:10C560003840FCF701BD10B504460520FCF75FFF1D
:10C57000D8B10220F9F7DDFA08B9002010BD3E223B
:10C5800002700D22427005228270A288A0F803205A
:10C59000D4E94412C0F80510C0F80920B4F802210B
:10C5A000A0F80D20FCF7E0FCE7E74FF0FF30E5E7EF
:10C5B00070B5054604200E46FCF739FFD8B10220BD
:10C5C000F9F7B7FA0446B0B13E2303700C23437069
:10C5D0000423C6708370AB88838095F83F308371E5
:10C5E000072205F1400110440BF099F92046BDE8FF
:10C5F0007040FCF7B9BC70BD38B504460C200D4640
:10C60000FCF737FFC0B10220F9F793FAA0B10C2272
:10C610000270082242708570A288A0F8032094F866
:10C620003E204271B4F84E20C280B4F850200281FE
:10C63000BDE83840FCF798BC38BD10B50446102062
:10C64000FCF717FF50B10220F9F773FA40B110223E
:10C650000270012242708470FCF786FC002010BD3D
:10C660004FF0FF30FBE708B51A20FCF702FF60B17E
:10C670000220F9F75EFA40B11A22027001224270DC
:10C680008270BDE80840FCF76FBC08BD10B50446D9
:10C690001420FCF7CCFEA0B10220F9F74AFA80B1D1
:10C6A0003E2202700422427014228270A288A0F8F6
:10C6B0000320A278C2F300124271BDE81040FCF7DB
:10C6C00053BC10BD0000024A136801331360E7F742
:10C6D000ACBFB81A0020024A1368013B1360E7F7A9
:10C6E000AABFB81A0020F8B5FFF7EDFF074600F023
:10C6F0002CFC0E4C0546F9F728FD94F8243006462C
:10C700001BB1A36AEB1A002B0CDA94F825301BB18D
:10C71000E36AED1A002D05DA26B9237813B102F089
:10C72000D5F926703846BDE8F840FFF7D4BF6C3322
:10C73000002010B5064C237843B90123237000F084
:10C7400004FC2063BDE8104002F0BDB910BD6C339D
:10C750000020024B00221A77FFF7EBBF00BF6C33BB
:10C76000002038B51A4C94F8242094F82530D2B122
:10C77000A56A2BB1E36AEA1A15EA220538BF1D46FD
:10C78000237F3BB1236AAB421FD00023114823779C
:10C7900000F0D9FB00F0D9FB281A00280CDCBDE81A
:10C7A0003840FFF7C6BF0BB1E56AE9E72377201DE4
:10C7B000BDE8384000F0C7BB012323772562294636
:10C7C0000448BDE8384000F0BCBB38BD00BF6C3346
:10C7D00000207033002038B50C4C002540F2FA5090
:10C7E000257000F0B6FB094960802A46201D257798
:10C7F00000F0A1FB0C22294604F134000AF031F9C3
:10C80000044BC4E90E3538BD00BF6C330020C50AA7
:10C810000200590A020038B50B4C0025201D25776F
:10C82000256200F090FB084804F13401EFF7E5F9C8
:10C83000237813B102F04AF92570C4E90B55A562BB
:10C84000A58438BD00BF6C330020702E002070B569
:10C8500006460C46FFF737FF074B5A8883F82460DB
:10C860000546A41A9C62FFF77CFF2846BDE870408D
:10C87000FFF731BF00BF6C33002038B50446FFF727
:10C8800022FF002C0A4B14BF0122002283F825202E
:10C890001CBF6268598805461CBF521ADA62FFF74E
:10C8A00060FF2846BDE83840FFF715BF00BF6C3376
:10C8B000002038B5FFF707FF094D04462946084810
:10C8C000EFF79BF915F8343C1BB105482946EFF703
:10C8D0005AF92046BDE83840FFF7FDBE00BFA0333F
:10C8E0000020702E002038B5FFF7EDFE0546FFF75B
:10C8F00020FF084B1A78022A07D100F026FB0446D5
:10C900002846FFF7E8FE204638BD1C6B5B880134E3
:10C910001C44F5E700BF6C330020421E00F10F03FA
:10C9200012F8010F10B99A42FAD1704701207047EE
:10C93000000008B5FFF775F940B9FEF71AFA044B85
:10C940001B68034314BF0120002008BD0120FCE741
:10C9500000BFAC30002008B5054B1B782BB1FFF7AA
:10C96000E8FFB0FA80F0400908BD0120FCE78434FC
:10C9700000202DE9F0410E4DDFF83C8006460F46C1
:10C98000002398F803209A4201DC00200CE015F8FF
:10C99000242CBA4203F1010408D10622314628466C
:10C9A0000AF035F810B92046BDE8F0812346363547
:10C9B000E7E7D03300208434002030B58DB021B3B8
:10C9C00000F12A05041DE81CF9F747FD2146102255
:10C9D00068460AF0A4FF0D22002104A80AF041F8DD
:10C9E0006B798DF81D302B798DF81E306846EB7809
:10C9F0008DF81F3001F047FABDF82E305BBA2B805E
:10CA00009DF82D30AB700DB030BD00F1300500F158
:10CA10001404D8E70000024A136801331360E7F7F3
:10CA200004BEB81A0020024A1368013B1360E7F7FE
:10CA300002BEB81A002007B54FF0FF330548009337
:10CA400000231A460321806805F0C9FB03B05DF896
:10CA500004FB84340020F8B5144C144F0025FB78F7
:10CA6000AB4207DC79681248EFF7C5F9BDE8F8403A
:10CA7000FEF75FBDA3784BB1FFF7CDFF012106465E
:10CA80002046FFF79AFF3046FFF7CDFFE3784BB122
:10CA9000FFF7C1FF002106462046FFF78EFF304614
:10CAA000FFF7C1FF36340135D9E7AC3300208434B9
:10CAB00000208C34002010B5FFF74DFF40B1054B2E
:10CAC00000245C8001F053FAFFF7B5FF204610BD4B
:10CAD0000C20FCE700BF84340020034B5B7803701C
:10CAE00001230B700020704700BF843400202DE923
:10CAF000F0410E4CDFF83C8006460F46002598F8C2
:10CB00000330AB4201DC00240DE02378BB4202D0AD
:10CB100036340135F3E70622314604F1240009F0EA
:10CB200076FF0028F4D12046BDE8F08100BFAC3389
:10CB300000208434002027292DE9F047804603D0C7
:10CB400012252846BDE8F087FFF705FF00286CD0C6
:10CB5000384EF27873789A4269D2C14619F8011BAF
:10CB60004846FFF706FF05460028E9D108F1070A05
:10CB70005046FFF7D2FE2F4CF2783627002851D0CE
:10CB8000B37803FB0770D21AA0F136012144204488
:10CB90007A4309F04CFFB37803FB074436220021A7
:10CBA000204609F05EFF204698F8003000F8243B4C
:10CBB000062249460AF0B3FE5046FFF7AEFE58B1D2
:10CBC000514604F11400102201F0D3F80123E37060
:10CBD00000212046FFF7F1FE08F117010846FFF794
:10CBE0009CFE40B1201D102201F0C3F80121A1706C
:10CBF0002046FFF7E2FE00236370E3783BB104F1C7
:10CC0000140001F0BAF9B37801330546B370F37834
:10CC10000133DBB2012BF37093D171680748EFF752
:10CC2000EAF88EE702FB0744B8E70C2589E70725F9
:10CC300087E784340020AC3300208C34002007299F
:10CC4000F8B5044629D1FFF786FE40B3204610F818
:10CC5000011BFFF78EFE054618B3124C134FE37805
:10CC60003622461E02FB06F05B1B811839445A43EC
:10CC7000384409F0DCFEE378013BE370A378AB4273
:10CC800005DB304601F091F9A378013BA370E3780E
:10CC90000BB9FFF7D0FE0020F8BD1220FCE70C20F6
:10CCA000FAE70220F8E784340020AC3300200129A1
:10CCB00010B5044601D0122010BDFFF73AFE28B986
:10CCC0002378012BF7D8024A1370F5E70C20F3E71D
:10CCD00000BF84340020072938B514461D4613D1FF
:10CCE00010F8011BFFF703FF0622014638B130316F
:10CCF00020460AF014FE002006232B7038BD204683
:10CD000009F0AFFE0220F7E71220F7E7072938B550
:10CD100014461D4613D110F8011BFFF7E8FE06224A
:10CD2000014638B12A3120460AF0F9FD00200623D9
:10CD30002B7038BD204609F094FE0220F7E7122040
:10CD4000F7E7022908B515D101884B1E9BB24AF2BC
:10CD5000B71293420ED84FF47A73074859438902A9
:10CD6000B1FBF3F1C378416013B10830EFF743F83A
:10CD7000002008BD1220FCE700BF8434002070B5FD
:10CD800005460E46FFF7D5FD044678B9082E02D0B9
:10CD90001224204670BD284610F8011BFFF7A7FE9D
:10CDA00030B1EB79012BF3D84370F2E70C24F0E7B4
:10CDB0000224EEE70000014B5868704700BF84343E
:10CDC0000020F8B5144605460F46FFF724FE06225C
:10CDD00006464FB105F12A0120460AF0A0FD304673
:10CDE000BDE8F840FFF71FBE05F13001F4E770B56C
:10CDF00005460E46FFF70FFE074B04463620314628
:10CE000000FB053006220AF08AFD2046BDE870408E
:10CE1000FFF709BE00BFDC33002070B505460E46A3
:10CE2000FFF7F9FD074B04463620314600FB05307D
:10CE300006220AF074FD2046BDE87040FFF7F3BDFE
:10CE400000BFD633002038B515461C46FFF74FFE0D
:10CE500070B124B183782BB91C46204638BDC37805
:10CE6000002BFAD021462A46FFF7ABFF0124F4E756
:10CE70000446F2E730B58DB00B6800934B68019320
:10CE80008B680293CB6803930024C378CDE90644F2
:10CE900005468DF81F3003798DF81E3043798DF8E3
:10CEA0001D306846CDE9044400F0EDFF9DF82F20C9
:10CEB0002B789A420AD19DF82E206B789A4205D1A0
:10CEC0009DF82D40AB78E31A5C425C4120460DB0E2
:10CED00030BD014B1878704700BF8434002010B576
:10CEE000094C4FF46123636001F077F8042828BFF0
:10CEF00004206070054A054904F108000023BDE8DC
:10CF00001040EEF750BF84340020C90D0200702E8F
:10CF1000002008B5054B00221A70FFF78CFDFFF7C3
:10CF2000CAFDBDE80840FFF7DABF8434002001469F
:10CF3000052000F0DABD13460A460146052000F040
:10CF400020BE00F030BE00F06EBE052000F005BE31
:10CF50000000014BA3FB00307047D07B630843F611
:10CF60000952C0F30803400A5343504300EB5320D7
:10CF700070474379072B00F1100298BF0023006827
:10CF80001344C01A80B270478268C188128800F1C9
:10CF90001003134402680A44981A80B2704710B50F
:10CFA000074A11680346084618B909B1506808389D
:10CFB00010BD04889C42FBD28068F5E700BF70007A
:10CFC000002010B50C4A13682BB9836053681860B1
:10CFD000083050600CE0198804888C42996801D8A8
:10CFE0000B46F1E7816011B900F1080151609860CA
:10CFF000002010BD00BF70000020024B0022C3E9DA
:10D000000023704700BF70000020103A028041608A
:10D010000020704738B503888B4204460D460CD378
:10D02000406800F00AFC38B10023C360436000F19F
:10D0300010032B440360846038BD0020FCE710B56A
:10D040000C46FFF7ACFF20B12146BDE81040FFF7CA
:10D05000E1BF10BD38B5038801F10805AB420DD31F
:10D06000FF2D0BD80021FFF7D5FF30B103684571C4
:10D070002B4403600023C0E9043338BD0020FCE7E3
:10D080000830084410B580B20C46FFF788FF20B185
:10D09000E1B2BDE81040FFF7DDBF10BD08B50146A5
:10D0A000806810B1406800F002FC08BD10B500B9FE
:10D0B00010BDC468FFF7F2FF0028F9D12046F6E75B
:10D0C0002DE9F0470F4615460646002846D0D0F811
:10D0D00008A003469946DB68002BFBD148462C4646
:10D0E000FFF752FF98B1A842A8BF28460446D9F8D6
:10D0F0000030B9F806002246394618440AF00FFC01
:10D10000B9F8063023442744A9F806302C1B002C1C
:10D1100005DD00215046FFF77DFF804638B9737961
:10D12000072B16D8201E18BF0120BDE8F087BAF8DB
:10D130000020A242A8BF2246C280394600680AF0F9
:10D14000EEFBB8F80630C9F80C801F44E41AC1465B
:10D15000DDE7338A1D442D1B3582E3E70220E4E737
:10D1600010B530B1C488C3688C4201DC02D10BB960
:10D17000118010BD091B1846F3E7F7B505460846B0
:10D1800011460DF106021F46FFF7EAFF064617B9E2
:10D19000384603B0F0BDAEB1BDF80630F488316852
:10D1A000E41ABC42A8BF3C46A4B222461944284611
:10D1B000FFF786FF0028ECD13C1BF668ADF80600AF
:10D1C000A7B2E4E70220E4E7F8B505461F46144697
:10D1D0003AB92046F8BD05B3EB888B4203DCED6815
:10D1E000C91A0029F7DC002C05DC002CD4BF002470
:10D1F00001246442EDE7002DF7D0EE882B68761A03
:10D20000A642A8BF26461944384632460AF087FB94
:10D21000A41BED6837440021E5E74FF0FF34D8E761
:10D2200070B550B100291DDB08D100234279072ACF
:10D2300003D9028A521A1344038270BD02460B4678
:10D240000025D4889C4207DCD580D2681B1B002AAD
:10D25000ECD0002BF5D1E8E7E41AD48014681C4424
:10D260001460E2E74B4204460025E2882646E46863
:10D270001544002CF9D19A4208DB9BB2D21AF280F5
:10D280004279072AD9D9028AD31AD5E743792944A2
:10D2900021EAE171072B88BF0182C3888B420446D3
:10D2A000C06807DBE1800028C7D0FFF7FFFE00233E
:10D2B000E360C2E7C91A0028EFD1BEE72DE9F743C2
:10D2C0001E1E17461DDD0DF10602FFF749FF04463D
:10D2D00020B96FF0004003B0BDE8F0830025A946F7
:10D2E000BDF80600E288731B121A9A42A8BF1A46BC
:10D2F0001FFA82F8B8F1000F05D14544ADB2B5422E
:10D300000AD10020E7E7236892B27919184409F09E
:10D310007EFB0028F1D0DEE7E468ADF80690002C33
:10D32000DED1D6E72DE9F7431E461446002301AAB5
:10D33000ADF80430ADF80630BDF82870FFF710FFE7
:10D34000314605460DF106022046FFF709FF064665
:10D35000002F43D0BDF8043000227DBB0AB1ADF8E8
:10D360000430BDF8062000219EB3F38893422CD9E7
:10D3700009B1ADF8062065B3BDF80490EC88BDF89E
:10D38000068031682868A4EB0904A4B2BC42A3EB70
:10D39000080328BF3C469BB29C4228BF1C4622463D
:10D3A0004144484409F033FBA8B9A144A0443C1BC4
:10D3B000ADF80490ADF80680A7B2C9E7E9889942B4
:10D3C000CCD8ED6801220023C7E7F66801210022CE
:10D3D000CAE76FF0004003B0BDE8F0833846FAE7D3
:10D3E0002DE9F0410E4604464FF000082046FFF7B5
:10D3F000C0FDE28861792368B042A8BF304612FAC6
:10D4000080F20729A3EB0003E28088BF228A236011
:10D4100083B284BF9B182382361A0CD00729A068D8
:10D420000CD90839C9B2FFF715FE054650B9204698
:10D43000FFF73CFE2C462046BDE8F0810021FFF7B7
:10D44000E9FDF2E76279072A0CD900F110073846A6
:10D4500004F110010AF063FA63796B711F442F60C5
:10D4600084F805802846FFF78FFD2B68EC600344A5
:10D470002B602C46BAE72DE9F34791460DF10602E1
:10D48000074688461C46FFF76BFE054660B34FF023
:10D49000000ABDF80600EE88361AA642A8BF264646
:10D4A000002E07DD2B684946324618440AF037FA49
:10D4B000B144A41BA4B1EB681BB1ADF806A01D4696
:10D4C000E7E7A2B249462846FFF7FAFD48B97B795B
:10D4D000072B05D93B8A44449C42B8BF1C463C827A
:10D4E000002002B0BDE8F0874FF0FF30F9E710B53B
:10D4F00003461A46DB68002BFBD1D1604379072B2A
:10D5000006D94B79072B0ED9038A0A8A1344038262
:10D5100000234B7110BDDC88028A22440282DB6842
:10D52000002BF8D1F4E70B46FAE72DE9F041D0F8EB
:10D530000880B8F800308B4205460C4602D2002025
:10D54000BDE8F08107463E46FF68002FFBD130461C
:10D55000FFF71AFDA04207D239464046FFF75AFDB1
:10D560000028ECD0F0600646F38830681A19F28083
:10D570006A79072A01D81844E2E72A8A14442C82DF
:10D58000F9E72DE9F041C5888D4204460E4632D2B6
:10D59000D0F80880FFF7F8FC2844B0422EDBE7689B
:10D5A00067B3751BAEB225462846FFF7EDFC8046F3
:10D5B000FC88E888396846453346A8BF43469C4204
:10D5C000A8BF1C462B68224618440AF0A8F9EB882D
:10D5D000A2B21344EB80FB889B1AB61A9BB2B6B278
:10D5E000FB80A8EB04082BB33B6823443B603C461C
:10D5F0007EBBEC602C462046BDE8F081B8F80030D8
:10D6000062799B1A9E421FDC00214046FFF702FD13
:10D610000546C8B16279072A0AD900F110073846D1
:10D6200004F110010AF07BF963796B711F442F60DC
:10D630002746B9E73846FC68FFF730FD002ED8D002
:10D640003CB92846FFF72AFD2046FFF72FFD0024AE
:10D65000D1E72746ACE710B50C46FFF7C1FE20B175
:10D660002146BDE81040FFF78CBF10BD70B5C388E0
:10D67000054613B12C46204670BDC468002CF9D075
:10D68000E38883B12046FFF774FC6A799042F1D3B6
:10D69000627105F1100104F110000AF040F928460A
:10D6A000FFF7FCFCE7E7E668EE602046FFF7F6FCD4
:10D6B0003446E3E72DE9F8438046F0B109B1FFF7BE
:10D6C00016FF44462046FFF754FC58B16379E288C0
:10D6D000216804F11005072B88BFED18284609F0D2
:10D6E000A6F92560E3882268E568204602EB030975
:10D6F000FFF74AFC07462FB315B94046BDE8F8834B
:10D70000EE882968BE4228BF3E46B6B24846324639
:10D710000AF005F9E3883344E3802B6833442B6037
:10D72000EB88BF1B9B1BB144BFB2EB80EB88002B87
:10D73000E1D1EB68E3602846FFF7B0FCE568002D17
:10D74000F4D1D8E7002DD8D02C46BBE7000070B547
:10D75000044610B10AB113B919B1032026E09D07A0
:10D760002AD1900714BF22F00300104622604FF028
:10D770000002A272049AE18018BF0430C4E90532A5
:10D780002181A180E3601D460A464642012A0ED847
:10D790004A1E002992B208BF00224243002098503E
:10D7A000074B20615A68146010345C6070BD0544FA
:10D7B000013AAD5192B2E9E70420F7E700BF7800E3
:10D7C000002030B5F0B103688188C468C1809A0731
:10D7D00018BF23F003030181446118BF04330A46D4
:10D7E0002046012A08D84A1E002992B208BF00220A
:10D7F0005A430020A05030BDC518013A056092B2CE
:10D800002846EEE70320F6E703689A07C2681CBFC4
:10D8100023F0030304338A420DD8808803FB0020E1
:10D82000814208D2891AB1FBF3F203FB1211B1FA5B
:10D8300081F0400970470020704770B50446B8B1C8
:10D840000E4D2B6801332B60E6F7EFFEE3888BB1BA
:10D85000666932686261013B22899BB29A42E38029
:10D8600000D923812B68013B2B60E6F7E4FE3446A8
:10D87000204670BD1E46F5E700BFB81A002070B5FF
:10D880000A4D2B6804460E4601332B60E6F7CDFEA9
:10D8900063693360E38866610133E3802B68013B91
:10D8A0002B60E6F7C8FE002070BDB81A002010B447
:10D8B0000A46034680B179B1847AE40706D5C46983
:10D8C00024B12346026A5DF8044B18475DF8044B07
:10D8D00011461846FFF7D3BF03205DF8044B70478D
:10D8E00000004309044900F01F0001224033824038
:10D8F00041F82320704700E100E0024A1368013339
:10D900001360E6F792BEB81A0020024A1368013B82
:10D910001360E6F790BEB81A00202DE9F0410769C0
:10D920000446FFF7EAFFD7F80455D7F804316668D4
:10D9300080465BB106F1807666600023D7F8045517
:10D94000C7F8043194F90100FFF7CBFF4046354397
:10D95000FFF7DBFF2846BDE8F08130B48478036927
:10D9600044B34FF48022C3F80823D3F80445D3F816
:10D97000045142681DB1D3F8044502F1807222437C
:10D980008A1A022A04DC30BC90F90100FFF7A9BF13
:10D99000B2F1807F34BF21F07F4104F500044FF4E1
:10D9A000802234BFC3F84815C3F84845C3F80423A0
:10D9B00030BC70474FF40022C3F80823C3F84C155D
:10D9C000C3F84C41C3F8042301229A64D3F84835C4
:10D9D0005B1A002BECDBD6E700002DE9F0472B4C5F
:10D9E0002669D6F8483113B10023C6F84831D6F875
:10D9F000043133B10023C6F80431636803F1807346
:10DA00006360A368DFF888A00133A360FFF775FFA8
:10DA10004FF0010807464FF00009656955B1A2783B
:10DA200092B15046FFF779FF6FF00202EB68C01A1F
:10DA300090420FDA6369E3B9A278236922B34FF405
:10DA40008022C3F8082318E02369C3F84880D3F87C
:10DA50004805EBE7D5E904234AB15361D5E904232E
:10DA60001A60D5E90130C5F814909847D5E7A3614D
:10DA7000F4E7D9680648FFF770FF3846FFF745FF1F
:10DA8000D6F84831BDE8F0874FF40022D9E7A0343A
:10DA90000020052810B51BDC0F4B53F82030BBB11C
:10DAA0001C78ACB9052813D10C4B0C4901229A7093
:10DAB0000B200B4A1A6158700B4B4FF40062C3F8ED
:10DAC0008020E02283F80B23E6F79BFD204610BD63
:10DAD0001620FCE700BF401E0300A03400204D1DAF
:10DAE000020000B0004000E100E0052870B52BDC2A
:10DAF000174B53F820303BB3052801D0002070BDF0
:10DB0000144C267806BBB1F5004F1DD12369DBB15B
:10DB100001252570E160FFF7F0FE236902225D60B8
:10DB2000C3F80865C3F80461C3F804231D60627874
:10DB300094F9013002F01F0295405B09064A42F851
:10DB40002350FFF7E2FED9E71620D8E700BF401EBA
:10DB50000300A034002000E100E005280DDC074BA5
:10DB600053F8200050B183780BB1FFF7D6BE03699C
:10DB700001229A64D3F84805704700207047401E80
:10DB80000300052810B509DC064C54F820402CB1E0
:10DB9000C1E90123002048610C6010BD1620FCE79C
:10DBA00000BF401E030070B50446002839D0436909
:10DBB000002B36D14368002B33D00568C160FFF7D6
:10DBC0009CFE6B6906466BB1E168DA688A1A002A26
:10DBD0001CDA5A69C4E904325A69146004F110026B
:10DBE0005A6107E0224642F8103F2B46AA6143F8EB
:10DBF000144F63616B699C4203D1E1682846FFF7CB
:10DC0000ACFE3046FFF781FE002070BD1B69002B83
:10DC1000DBD12361AB6963611C6004F11003AB616C
:10DC2000E8E71620F1E770B5044660B30568FFF732
:10DC300064FE62690646A2B16B692169A3420BBF0B
:10DC4000012000200B46002381B14A61D4E904126F
:10DC500011600022626120B153B1D9681868FFF7E2
:10DC60007CFE3046FFF751FE002070BDAA61EDE753
:10DC7000AA782B6922B14FF48022C3F80823F0E779
:10DC80004FF40022F9E71620EFE7F7B5089F0C469E
:10DC90009DB2099B0093164603463A462946204604
:10DCA000FFF755FD40B92B46BAB22146304603B0C6
:10DCB000BDE8F040FFF7A9B903B0F0BD70B5046846
:10DCC0000E461946238AB342054603D80023036053
:10DCD000204670BD30469047044670B129683346EF
:10DCE0000022FFF74AFA40B928683146FFF798FA50
:10DCF0002868FFF7BBFC2860EAE72046FFF7D6F963
:10DD00000024E5E70170090A417070470B0A0170B1
:10DD100043700B0C090E8370C1707047110A0270BA
:10DD20004170110C120EC2701A0A037142711A0C62
:10DD30001B0E81708271C371704700887047006844
:10DD400070470346006859687047006800BA70471A
:10DD500030B5421E002308440139CC1AA34200DB2F
:10DD600030BD12F8014F10F8015D157001330470D9
:10DD7000F3E710B510440023934200DB10BDCC5CE8
:10DD800000F8014D0133F7E7000013B5FFF735F94F
:10DD9000094C094B01934FF49273009308490848CA
:10DDA0000C232246FFF771FF204602B0BDE8104069
:10DDB000FFF707B900BFD83400207CDE0200BC3476
:10DDC0000020E43400200B4B1A680B4B3AB90121B8
:10DDD000C3F80813C3F80021D3F800327047D3F812
:10DDE000001131B10021C3F80011D3F80805C0B209
:10DDF0001047704700BFD842002000D0004037B520
:10DE00004FF080530546D3F8A04014F0010414D11C
:10DE1000D3F8A42001920422D3F8A83000930DEB8C
:10DE20000201013009F07BFD02226946681D09F0FC
:10DE300076FD2C70204603B030BD4FF0FF30FAE77E
:10DE4000000010B54FF080530446D3F8A030DB0734
:10DE500011D50A490422013009F061FD0949022265
:10DE6000601D09F05CFDA37963F03F03A3710123FA
:10DE70002370002010BD4FF0FF30FBE700BFA4006F
:10DE80000010A80000100A4B012200215A60C3F8BC
:10DE90000011C3F80411C3F804051A60D3F8002177
:10DEA000D3F804010243F9D0003818BF01204042E2
:10DEB000704700E0004038B50C4B044691B1012298
:10DEC000C3F8042564B1094D0A49E02385F80D33F0
:10DED0000D20E6F796FB4FF400532B60064B1C60B9
:10DEE000002038BDC3F80415ECE700D0004000E185
:10DEF00000E039210200D842002010B50C4C236804
:10DF000001332360E6F791FB0A4B0022C3F800219E
:10DF1000094A1168012209B1C3F804231A60236871
:10DF2000013B2360E6F787FB002010BD00BFB81A55
:10DF3000002000D00040D842002038B50A4C2368A9
:10DF400001332360E6F771FB084B01220025C3F87B
:10DF500008235A60C3F800512368013B2360E6F7A9
:10DF60006AFB284638BDB81A002000D00040014B9B
:10DF700000221A7070479442002010B5094C237893
:10DF8000042B01460AD00748102200EB031009F0C9
:10DF9000C6FC237801332370002010BD0720FCE766
:10DFA00000BF944200209842002009490A7882422A
:10DFB00003460DDD013AD2B282420A7008DD0548FF
:10DFC000D21A00EB8300120100F1100108F02FBDFE
:10DFD0007047944200209842002010207047064B62
:10DFE000D3F800212AB1D3F8042112B1D3F80004E8
:10DFF00070474FF0FF30704700BF00F00040064A06
:10E00000D2F850353BB123F00801042903D1D2F8EE
:10E0100050159942FAE7704700BF0010004070B5F4
:10E02000002A3ED0224B224A9B7AD35CC3F11503CF
:10E030000B44DBB2204C1E2B94BF821E00F1FF323A
:10E04000D4F84015D4F80405A1EB000121F07F417C
:10E0500088BF1E3B01F1FF3188BFDBB2022922F0ED
:10E060007F4521D9281A20F07F4110F400001BD1F0
:10E07000022919D911490126CE60C1F840354FF463
:10E080008033C1F84001C4F84001C4F84055C4F8D9
:10E0900044330A4B4FF00041C3F80415044B1A6394
:10E0A00070BD01F11503C4E74FF0FF30F8E71847E2
:10E0B0000020641E030000B000400080004000F01B
:10E0C00001402F49304AC879304BF0B13048C3F88D
:10E0D000040503F56043C3F80C05C3F810252C4A6A
:10E0E000C3F814252C4AC3F804252B4AC3F8082585
:10E0F0000022C3F80022C3F80821C3F8042101223A
:10E100001A6003F580334FF00072C3F804250B7AD0
:10E1100083B3224B0322C3F80025214AC3F8082504
:10E12000214AC3F814250022C3F80021C3F80421B2
:10E13000C3F808211D4B4FF41002C3F80825012332
:10E14000CB700022114B8A714A730821C3F8601505
:10E15000C3F80421C3F81421C3F82821C3F81C21F3
:10E16000C3F8302140F25312C3F800220222C3F850
:10E1700004237047CB79002BDCD1084AC2F8003564
:10E18000D8E71847002013450020001000400C4439
:10E1900000200043002001000001DC42002000F0CC
:10E1A0000040984200202847002000F001400A4B20
:10E1B00043F2FF42C3F8082301210022C3F80022E2
:10E1C000196103F5F0330549C3F80815054B022121
:10E1D000C3F88011044BDA70704700100040300023
:10E1E000B08200E100E01847002070B5154C2368AC
:10E1F00001332360E6F719FA134B01220026DA6097
:10E20000C3F84025C3F840610546FEF79EFE0E4A5E
:10E2100003304FF48031C2F84061C2F84005C2F8C3
:10E22000441302F5A0324FF00041C2F804152368F0
:10E23000074A013B106323602846BDE87040E6F7BB
:10E24000FAB9B81A00200080004000B0004018471A
:10E2500000202DE9F0418B684D79B3F800E00A8A7F
:10E26000AEEB05050E46043D0F46AA42944628BF74
:10E27000AC462CF0030C3968A7F806C0A2EB0C02E0
:10E28000E046444603E050F8083041F80830B8F161
:10E290000408F8D500190919032A03D8A5EB0C05C1
:10E2A000AA4202D9FF687546DFE7FB881344FB806A
:10E2B00001E0835C8B54013AFBD5034906F1180059
:10E2C0001022BDE8F04109F02ABB3047002030B5EC
:10E2D000164B01289C7A154B05BF154AD3F84835D3
:10E2E000D3F84035525C13480CBF993328331A4495
:10E2F000124B1B5D28331A440D4BC3F84C250022EA
:10E30000C3F84C210E4A30241021C0F80445C2F84D
:10E31000041301215964D3F84455D3F84C359D4278
:10E3200084BFC0F80845116130BD18470020008047
:10E330000040601E030000F001405C1E030000105E
:10E3400000402DE9F0473F4F404DDFF820813F4826
:10E3500040F201137B812823BB703D4B0024012632
:10E3600043F2FF423E73BC734FF00309C3F8FC4F06
:10E37000C3F8FC6FC3F80823374AC3F81095C3F8F5
:10E380001425354AC3F81825D3F850263243C3F86C
:10E39000502640F20312C3F82C45C3F83065C3F889
:10E3A000342540F25B62C3F838259622C3F8442531
:10E3B0004FF0FF3A4FF04063C8F804354FF48672CF
:10E3C000C5F808A32146C5F80062C5F8084108F061
:10E3D00048FB224B3C61C5F80835214BC5F808A322
:10E3E0000422C5F80041C5F80441C5F80841C5F844
:10E3F00004455E601E61C3F80895C3F80445C3F880
:10E400001025A3F5DD437C3BC8F8303503F5DE432A
:10E410004833C8F8343503F58073C8F83835114DE2
:10E420001249A3F5E2433C3BC8F83C35304685F839
:10E430000143E6F7E6F802232B603B7803B93E7010
:10E440000020BDE8F0871847002000F0004000439E
:10E4500000200010004008011000FF000302984255
:10E4600000200080004000E100E05D29020000F093
:10E470000140F8B50F4C07460E46154619461022C6
:10E48000204609F04CFA0822294604F119002761B8
:10E49000666109F044FA9DF818302376064B012294
:10E4A000DA71054B0022C3F800250222C3F80025CB
:10E4B000F8BDDC4200201847002000F00040024B6D
:10E4C000186159611A76704700BFDC420020074B83
:10E4D0004FF00072C3F80825064A01239360002319
:10E4E000C2F80831C2F80035034AD371704700F012
:10E4F000014000F0004018470020014BC3E90A101A
:10E50000704718470020032812DC1DD0002811DABC
:10E51000031D11DA10F1080F11DA10F10C0F11DAE6
:10E5200010F1150FCCBF6FF013006FF0270070478C
:10E5300004207047002070476FF0030070476FF0B1
:10E54000070070476FF00B00704708B5FFF7DBFF5F
:10E55000034BC3F80C05024B5870002008BD001097
:10E56000004018470020014B9873704700BF1847C0
:10E570000020272810B522D8124B0C02C3F81C45E6
:10E58000D3F8244524F0FF0444EA1164C3F8244579
:10E590000D4C6161D3F8741721F0807121F00101F5
:10E5A00041F08071C3F87417C3F83C25074AA07086
:10E5B000125CC3F80825C3F85405002010BD0320E1
:10E5C000FCE70010004018470020681E0300054BC0
:10E5D00001225A601A6103F540534FF48032C3F8A8
:10E5E0004823FFF7E4BD00800040F8B59F4B9F4CE7
:10E5F000D3F8085315F0020F03D0D3F80421002AF2
:10E600006ED1EF0600F1E3802B0763D5974BD3F86B
:10E610000C21002A5ED00022C3F80C210822C3F886
:10E620000823934A4FF40011C2F80815D3F848158F
:10E63000A27B521A2277D3F830318E49DBB20879A7
:10E64000E3B1238B43F080022283E279B2B18A4A9C
:10E6500028B1D2F8005415B943F0A0032383D2F8AF
:10E6600008311BB1238B23F080032383834BD3F822
:10E6700004311BB9238B23F080032383804AA57FB9
:10E68000804ED2F84835755D7F4E6E335B1BA57AA0
:10E69000755D5B1BC2F84035764D0023C2F84031F2
:10E6A0004FF480160123C5F80465D364D2F84C7585
:10E6B000D2F84025974284BFC5F808656371CB78CE
:10E6C00048710B7171487149F7F797FC002801DA1E
:10E6D000FFF77DFF00236371644BD3F80032F8BD70
:10E6E00000261222C3F80461C3F80823614B3022CC
:10E6F000C3F80825F7F729FDA378A27A2083A3762B
:10E700006448216B2162012363775C4BA277E67634
:10E71000825CD3F844652832964238BF1E36A6EB99
:10E72000020638BF01F1FF31304638BF2163FEF7E2
:10E7300010FC0746FEF713FC301A226A1F2808BF98
:10E7400001373A4408BF0020C4E90820474AD2F8FC
:10E750005035D2F8281141B9002BF8D143F2FF41CE
:10E76000C2F80813C2F800324BE7237AE3B14148FC
:10E77000C3785E0618D503F00F03D91F4B424B41F7
:10E780005B00D91C01443C48C0F810150021C2F8B8
:10E79000281137494FF40000C1F80405617B0833A4
:10E7A00001EBC303C2F86035394AA1783A48F7F75C
:10E7B000FAFB002808DB0123A3712B4B0822C3F8C6
:10E7C000042325F010051FE7FFF701FFF9E7264BAB
:10E7D000D3F81021002A3FF417AFE278012A05D1BF
:10E7E0000020C3F81001F7F78EFB0DE7002A3FF475
:10E7F0000BAFE179A77A00221020C3F81021C3F8EB
:10E800000803C3F80C21D3F8003229B11B4BD3F80D
:10E81000081109B1C3F80821E36A0BB1A06A98474F
:10E820002379164E022B17D1FFF74BFC00223946F5
:10E830000120FFF74CFD184BD6F84825DB5D6C3204
:10E840001344C6F840350023C6F84031094B4FF455
:10E850000012C3F80425D7E6012373603361044B2B
:10E860000F4AC3F80825CFE600BF00100040184744
:10E87000002000F001401045002000F00040008022
:10E880000040581E0300641E03001445002030475A
:10E8900000205C1E030013450020601E03003000B2
:10E8A000108010B5FFF7ABFB0D4BD3F850254AB1E4
:10E8B000D3F8502502F00702022A03D0FFF787FEA3
:10E8C000012010BD002443F2FF42C3F80823C3F81F
:10E8D0000C41C3F81041FFF7F4FB2046F1E70010AC
:10E8E000004038B50C4D4FF48013C5F808350022B0
:10E8F000FFF795FB044610B1FFF777FC01244FF4B6
:10E900000013C5F80435FFF7CCFF10B9002C18BF71
:10E91000062038BD00BF00F0014008B50B4B0122B6
:10E920005A601A6103F540534FF48032C3F848230C
:10E93000FFF73DFCFFF759FC054B4FF40012C3F8FD
:10E940000425BDE80840FFF7ACBF0080004000F0A0
:10E95000014010B5094C4FF40013C4F808350122EA
:10E96000FFF75DFB18B1FFF732FE052010BD4FF435
:10E970008013C4F80435F9E700BF00F001402DE929
:10E98000F743304D95F80590804616460846B9F194
:10E99000000F05D0FFF71BFE052003B0BDE8F08394
:10E9A000FFF72DFB294B294AC3F80825EA79284FA0
:10E9B000A3F58033002A3DD00122C3F80022254C64
:10E9C000264AC3F80C45C3F81075C3F814254FF058
:10E9D0008072C3F80891C3F80425204AC3F80825BB
:10E9E00001460DF10702E01CC0479DF80730237077
:10E9F0000023A370EB79607013B1194B01221A60E8
:10EA0000194900230322C1F80475C1F80031C1F887
:10EA10000C31C1F81031C1F800221022C1F80423D2
:10EA20002E716872D1F850250B2A08D00222EA70A4
:10EA30001846B2E70D4AC3F808253C46D0E7FFF771
:10EA4000C6FD0120A9E71847002000F00140300072
:10EA50008002144600200C44002000430020DC42C9
:10EA6000002000F000400010004098420020014BC0
:10EA70005869704700BF18470020014B98797047CC
:10EA800000BF18470020024BD3F85005C0B27047B2
:10EA900000BF00100040FB207047044B1A78044B65
:10EAA000C3F80425044B01221A72704700BF944238
:10EAB000002000F0004018470020014B00221A728D
:10EAC000704718470020002001F065BD01F08DBDA2
:10EAD000000013B5936818681446F5F7BEFCB0F54E
:10EAE000285F05D042F60123984210D00E200CE09A
:10EAF0002378E3B91148646808F02FFF0F4982B208
:10EB00002046FEF7DDFAA8B9002002B010BD237838
:10EB10006BB90A4B60681B88ADF8063002220DF114
:10EB20000601FEF7CDFA002818BF1120EDE7012BF2
:10EB3000DCD1E9E71120E8E700BFD40000204C4712
:10EB4000002070B5054608F008FF1F28044608DCC1
:10EB5000054E02462946304608F0E1FE00203055B9
:10EB600070BD0320FCE7D4000020014B188000207A
:10EB700070474C47002010B5044C2046F2F7C9F905
:10EB80002046BDE81040F2F7A0B9901E030010B572
:10EB900004215068FEF7C9FC044650B1064B1988A1
:10EBA000FFF7B0F8054BA01C1988FFF7ABF8002061
:10EBB00010BD0620FCE7504700204E47002010B54E
:10EBC000044C2046F2F7A5F92046BDE81040F2F7C4
:10EBD0007CB9B01E030007B5002211460120F5F7ED
:10EBE00049FD38B16846FFF72CF930B90DF1010045
:10EBF000F5F7C5FC03B05DF804FB1520FAE708B58E
:10EC0000024650B1FFF7E7FF15280FD10022BDE8FB
:10EC1000084011461046F5F72DBD0146F5F72AFDCF
:10EC2000152803D1BDE80840FFF7D5BF08BD70B572
:10EC3000C2B00D461646014616AA68461C4600F0AC
:10EC4000BBFB10B9112042B070BD32462946684660
:10EC500000F0DDFB0028F5D06946204600F041FCBD
:10EC60000028EFD00020EEE708B5F5F703FBB0FA77
:10EC700080F0400908BD2DE9F04196B00D462021F5
:10EC80001F46144680461C9EF5F7DCFA20212846D4
:10EC9000F5F7D8FA20461021F5F7D4FA202241469C
:10ECA00005A8FFF766F8202229460DA8FFF761F8AE
:10ECB0002146102201A88DF85470FFF75AF8334608
:10ECC000412205A901A8FFF7B2FF044658B9102157
:10ECD0003046FFF73DF810213046F5F7B3FA2046ED
:10ECE00016B0BDE8F0811124F9E72DE9F04F9BB093
:10ECF0003D4CDDE927989A460CAB07460E46154673
:10ED000004F1300C9B46206861681A4603C208343F
:10ED100064451346F7D12068106022791A712021CA
:10ED20003846F5F78FFA10213046F5F78BFA1021A7
:10ED30002846F5F787FA2022394604A8FFF719F884
:10ED40002A486B46202204A9FFF771FF20B1112445
:10ED500020461BB0BDE8F08F10216846F5F772FA27
:10ED6000102231460DF13500FFF703F81022294635
:10ED70000DF14500FEF7FDFF24998DF855A0062200
:10ED80000DF15600FEF7F5FF9DF8943026998DF8A9
:10ED90005C3006220DF15D00FEF7EBFF4B4635229D
:10EDA00059466846FFF743FF0028D0D11021484656
:10EDB000F5F748FA10214846FEF7CAFF01238DF8FF
:10EDC00030303522434659466846FFF730FF044647
:10EDD0000028BCD140461021F5F734FA10214046F6
:10EDE000FEF7B6FFB4E7B01F0300D01E03002DE905
:10EDF000F04F97B00E4610211C461546DDE92497CA
:10EE0000DDF888A0DDF880B08046F5F71BFA102108
:10EE10003046F5F717FA10212846F5F713FA204681
:10EE20001021F5F70FFA03215846F5F70BFA0121E7
:10EE300021A8F5F707FA06215046F5F703FA012154
:10EE400023A8F5F7FFF906214846F5F7FBF910224C
:10EE5000314605A8FEF78DFF1022294609A8FEF7C6
:10EE600088FF214610220DA8FEF783FF0322594692
:10EE700011A8FEF77EFF9DF884308DF847300622FA
:10EE8000514612A808F04BFD0622514612A8FEF783
:10EE900070FF9DF88C308DF84E30062249460DF1FA
:10EEA0004F0008F03CFD062249460DF14F00FEF7E9
:10EEB00060FF1022414601A8FEF75BFF3B4641225E
:10EEC00005A901A8FFF7B3FE044658B9102138463A
:10EED000F5F7B8F910213846FEF73AFF204617B08B
:10EEE000BDE8F08F1124F9E70000F0B50E4699B0A7
:10EEF00020211D4614460746F5F7A4F92021304687
:10EF0000F5F7A0F920461021F5F79CF910212846C5
:10EF1000F5F798F92022394604A8FEF72AFF2022A7
:10EF200031460CA8FEF725FF1022294614A8FEF74B
:10EF300020FF214610226846FEF71BFF6B46502239
:10EF400004A96846FFF773FE044680B9102168469D
:10EF5000F5F778F903A8FEF7F8FE054BB0FBF3F2DE
:10EF600002FB13001E9B1860204619B0F0BD11244F
:10EF7000FAE740420F0070B5A0B00E4615460146B4
:10EF8000202210A81C46FEF7F4FE2022314618A8C5
:10EF9000FEF7EFFE20220DEB02002946FEF7E9FE08
:10EFA0000C4910A801F0A9F9002802DA112020B0BC
:10EFB00070BD074B6A4608A910A801F00FFA002897
:10EFC000F4D0204620226946FEF7D3FE0020EEE76B
:10EFD00000BF001F0300F0B5134F134E91B005465C
:10EFE0000C463A462146684601F0AAF9012818D194
:10EFF00020223146204607F00AFD0028F1D02022C9
:10F0000069462846FEF7B5FE20220DEB0201A8183E
:10F01000FEF7AFFE20462021FEF79AFE002011B039
:10F02000F0BD1120FBE7001F0300E01E03000148B4
:10F0300000F039BB00BFDB2F0200CB7802785340D1
:10F0400003704B884278534043700A68837883EAA0
:10F05000122383700A68C3785340C370CB79027956
:10F0600053400371CB884279534043714A68837996
:10F0700083EA122383714A68C3795340C371CB7A00
:10F08000027A53400372427A4B89534043728A6832
:10F09000837A83EA122383728A68C37A5340C372E5
:10F0A000CB7B027B53400373CB89427B534043733A
:10F0B000CA68837B83EA12238373CA68C37B534085
:10F0C000C373704700000449431E0F3013F8012F2B
:10F0D0008A5C1A708342F9D17047E51F03001FB59F
:10F0E00002788DF8002042798DF80120827A8DF81F
:10F0F0000220C27B8DF8032002798DF80420427A29
:10F100008DF80520827B8DF80620C2788DF80720C7
:10F11000027A8DF80820427B8DF8092082788DF8DC
:10F120000A20C2798DF80B20027B8DF80C204278E2
:10F13000C37A8DF80D2082798DF80E208DF80F306E
:10F1400010236A46194600F0ECF805B05DF804FBA0
:10F15000F8B5064608780C4600F0F2F805466078E7
:10F1600000F0EEF8A27863785340E27853405D40B7
:10F17000684030706078277800F0E2F80546A078A3
:10F1800000F0DEF8A3785F40E3785F407D406840A0
:10F19000707063782778A0785F4000F0D1F805465A
:10F1A000E07800F0CDF8E3785F407D406840B070D3
:10F1B000207800F0C5F8627823785340A278534055
:10F1C00080EA0305E07800F0BBF8EDB24540F57049
:10F1D000F8BDF0B5264E07460C460FCE8DB001ADFA
:10F1E0000FC50FCE0FC596E8070085E80700384623
:10F1F000002F38D0002C38D0381F2146024610345A
:10F200004B780D781B0443EA0563CD782B438D784A
:10F21000043143EA05238C4242F8043FF0D1144CF8
:10F2200004218A07036916D1C3F30742A55C1A0EAD
:10F23000A25C42EA0562C3F30725DBB2655DE35CCD
:10F2400042EA054242EA032221F0030330336B44D1
:10F2500053F82C3C534050F8042F013153402C29D3
:10F260000361DED101200DB0F0BD2046FBE7E820B0
:10F270000300E51F030070B5144688B0054600285A
:10F2800049D0002949D0002A49D010230A466846AF
:10F29000194600F046F821466846FFF7CEFE1034C6
:10F2A00001F1A0066846FFF70EFF6846FFF717FF5B
:10F2B000694604A8FFF74CFF01A905A8FFF748FF1E
:10F2C00002A906A8FFF744FF03A907A8FFF740FF1C
:10F2D000102319460DEB0302684600F022F8214680
:10F2E00068461034FFF7A9FEB442DBD1FFF7EBFE0E
:10F2F0006846FFF7F4FE21466846FFF79EFE10239E
:10F3000019466A46284600F00CF86846102200218B
:10F3100000F014F8012008B070BD0846FBE7104665
:10F32000F9E738B50D46AB4211461C4604D81A46DB
:10F3300008F0F5FA204638BD0024FBE707F091BB42
:10F34000C30903EB430303EBC30383EA4000C0B2EA
:10F35000704710B50A460F3012F9103B002BACBFB6
:10F360000023872312F8014D83EA44038A4200F800
:10F37000013902D01378DB09F4E710BD08B520B1DC
:10F3800058220021FFF7DAFF012008BD10B504461E
:10F3900088B110220021FFF7D1FF102204F13000C4
:10F3A0000021FFF7CBFF0023636400224FF480337A
:10F3B000C4E91423012010BD70B504460D4616465D
:10F3C00010B311B358220021FFF7B8FF2946A664F5
:10F3D0003046FFF7FEFE102200212046FFF7AEFF69
:10F3E00004F11005A26C21462046FFF744FF214698
:10F3F0002846FFF7AEFF294604F12000FFF7A9FFDA
:10F400002046FFF7C3FF012070BD0846FCE72DE949
:10F41000F0410E4615460446002860D0FAB1002996
:10F420005DD0D0E9143253EA020158D0013BD0F844
:10F43000448042F1FF32C0E91432B8F1000F2CD001
:10F44000C8F1100708F13000BD4220440AD22B4613
:10F4500032462946FFF765FF636C2B446364012045
:10F46000BDE8F0813B4632463946FFF75AFF103D72
:10F470000023636445443E44631E04F10F0113F806
:10F48000012F93F830008B4282EA00021A70F6D105
:10F49000A26C21462046FFF7EEFE04F10F07102D67
:10F4A0000AD8002DDBD02B463246294604F1300025
:10F4B000FFF737FF6564D2E7631E711E13F8012F53
:10F4C00011F8010FBB4282EA00021A70F6D1A26C59
:10F4D00021462046FFF7CFFE1036103DDFE7002023
:10F4E000BEE770B50C460546E8B169B34A6C102A10
:10F4F0001AD11031631E013904F10F0013F8012FE6
:10F5000093F83060724011F8016F984282EA060267
:10F510001A70F3D1A26C21462846FFF7ACFE2046B4
:10F52000FFF72CFF012070BD02F130000021C2F175
:10F5300010022044FFF702FF636C2344802283F80B
:10F54000302004F12001D5E70846ECE7F0B50024AF
:10F550000646204665B2AB4200DCF0BD51F824708F
:10F5600052F824503D440544AF4218BF002046F8ED
:10F57000245088BF40F001000134EBE700EB81012B
:10F580000023884200D3704751F8042D43EA520308
:10F590000B60D307F5E770B5036813F00106054665
:10F5A000144605D013460A460146FFF7CFFF06462C
:10F5B00021462846FFF7E2FF46B104F18042013AB6
:10F5C00055F8223043F0004345F8223070BD2DE954
:10F5D000F74F4FF0000C0092654664464FFA8CF9E5
:10F5E0004B4516DC4FF0FF3606EB430601964FF015
:10F5F0000008019A53FA88FE4FFA8EFE96455FFA8C
:10F6000088F629DB00EBC30040F8044C03B0BDE8EA
:10F61000F08F009A4FF0000E02EB8C0AF04651F882
:10F620002E705AF80469A6FB076736190EF1010E11
:10F630006F4134464FFA8EF64FF0000B28BF4FF063
:10F64000010B4E45D8443D46E9DD40F82C40454687
:10F650000CF1010C3C46C1E7009A0136A94676B28E
:10F6600002EB8E0A002577B2BB4205DC40F82E4043
:10F6700008F101084C46BCE76FF0030202FB06F7F5
:10F6800051F826205AF80770A7FB027C3F195CEB63
:10F69000090C4FF0000B28BF4FF0010B5D44E14611
:10F6A0003C460136DFE7014B1860704700BF544706
:10F6B0000020014B1868704700BF5447002000230A
:10F6C00010B51C465AB2914200DC10BD40F82340F0
:10F6D0000133F7E710B500231A465CB2A14203DC00
:10F6E000B2FA82F0400910BD50F8234001332243A2
:10F6F000F3E74A11012350F8220001F01F018B406B
:10F70000184070474B1E10B55BB2041D1A0603D497
:10F710005A1E54F8221061B101335BB25BB103F1A0
:10F720008042013A50F82220B2FA82F2C2EB431032
:10F7300010BD1346EAE71846FAE710B500235CB29D
:10F74000A24200DC10BD51F8234040F823400133B1
:10F75000F5E710B5013A52B2130601D5002010BDED
:10F7600050F8224051F822309C4205D802F1FF3275
:10F77000F2D24FF0FF30F2E70120F0E730B5013A66
:10F7800052B20023140603D5181E18BF012030BD45
:10F7900050F8224051F822506C402343013AF1E7DF
:10F7A000F0B5002406469C46204665B2654500DB60
:10F7B000F0BD51F8247052F824303D1AED1AAF42D2
:10F7C00018BF002046F8245038BF40F00100013433
:10F7D000EBE7F0B5082289B0FFF7AFFFCB6A0393E0
:10F7E0000B6B04934B6B05938B6B0693CB6B07935F
:10F7F00013466A460C460646002711461046CDE9D8
:10F8000001770097FFF7A2FE314605463046FFF725
:10F810009DFE216B0391616B0491A16B0591E16BDE
:10F820000544CDE9061710461146FFF78FFE314615
:10F8300005443046FFF78AFE0544206A0090606A5E
:10F840000190A06A0290A06B0690E06B0790304692
:10F85000CDE904770397FFF779FE0544606A0090CD
:10F86000A06A0190E06A0290A06BD4F834C00490C2
:10F87000E06BCDF80CC0CDE9050C206A079030464E
:10F88000FFF764FE0544E06A0090206B0190606B16
:10F890000290206A0690A06A07903046CDE904776E
:10F8A0000397FFF77DFF236B0093636B0193A36BBB
:10F8B0000293E36B0393636A0693E36A07932D1A3B
:10F8C00008233046FFF76CFF636B0093A36B019333
:10F8D000E36B0293236A0393636A0493A36ACDE9FB
:10F8E0000537236B07932D1A08233046FFF758FF7F
:10F8F000A36B0093E36BCDE90137636A0393A36ABB
:10F900000493E36A0593636B07932D1A082330462B
:10F91000FFF746FF2D1A10D40D4C35B90822314699
:10F920002046FFF716FF01280FD008232246314654
:10F930003046FFF735FF2D1AEFE7044A082331461A
:10F940003046FFF703FE2D18F8D409B0F0BD18219A
:10F95000030070B59DF910601D4633460446FFF75D
:10F96000F5FD30B9324621462846FFF7F2FE012860
:10F9700007D033462A4621462046BDE87040FFF7AF
:10F980000FBF70BD70B59DF910601D46334604462B
:10F99000FFF706FF38B133462A4621462046BDE828
:10F9A0007040FFF7D3BD70BD2DE9F04FA5B01D46E7
:10F9B00014ABCDE902310190294610461746FFF7F6
:10F9C000A1FEC0EB851424B2002C2146B8BF04F17F
:10F9D0001F01634203F01F0341F3471104F01F06A8
:10F9E00004A858BF5E42FFF76AFE002E4FEA81006E
:10F9F0002DDD04AB00221844C6F1200E13469D42B3
:10FA00001AD804AB03EB850300936F1E24AB4FEAB7
:10FA100045084FEA8509012603EB8707002C53DAD6
:10FA200024AB03EB8606019856F8881C2A46FFF79C
:10FA300084FE25B0BDE8F08F57F823C00CFA06F11C
:10FA40000A4340F8042B01332CFA0EF2D7E704AB3B
:10FA50002A4639461844FFF770FED2E75AF8883C28
:10FA600053F8202024AB03EB80030CF1010C53F876
:10FA7000803C0B44D31A34BF4FF0010B4FF0000B06
:10FA80009A425EF8882C42F8203018BF59464FFA47
:10FA90008CF04045E2DB731A5E42294604A85E41C1
:10FAA000FFF76CFD09F190036B44009853F8802C2C
:10FAB00057F8803C294643EAC273013C47F8803C32
:10FAC00024B2FFF75BFDA9E724AB4FF0000C86F0F2
:10FAD000010E614603EB860A03EB8E0ED7E730B5C5
:10FAE0001C4691B0054693F900306846FFF76FFD5C
:10FAF000D4F8AC3069462846984711B030BD13465B
:10FB00000A46FFF7ECBF2DE9F04793F9006092B089
:10FB1000044689461046314615461F46FFF7DAFD72
:10FB2000002840F091803A46494602A8FFF7E7FFD7
:10FB30003B4602AA21460AA8FFF7D1FF02A90846C0
:10FB40003A46FFF7DCFF3B462A4649464846FFF760
:10FB5000C6FF07F104083A4629462846FFF7CFFFBB
:10FB600043462A46214620460096FFF7F2FE4346CA
:10FB70002A46294628460096FFF7EBFE43462A46CA
:10FB8000214628460096FFF7FDFE3B462A462146C1
:10FB90002046FFF7A4FF434622462146284600960A
:10FBA000FFF7D7FE434600962A4621462046FFF738
:10FBB000D0FE2368DB074AD533464246214620461D
:10FBC000FFF7C4FC314682462046FFF7D7FC06F11A
:10FBD0008043013B54F8232042EACA7244F82320B0
:10FBE0003A4621462846FFF78AFF43460AAA294695
:10FBF00028460096FFF7C6FE43460AAA294628462D
:10FC00000096FFF7BFFE0AA9084643462A4600961B
:10FC1000FFF7B8FE3B460AAA21462046FFF75FFFE2
:10FC200002AA4346104621460096FFF7ABFE324635
:10FC300029462046FFF781FD49462846FFF77DFD0E
:10FC400002A94846FFF779FD12B0BDE8F0873146BA
:10FC50002046FFF793FCC3E72DE9F04115468AB033
:10FC600004460E461C22002103A806F0FAFE2F1DB2
:10FC700095F9008003232A46314620460293FFF778
:10FC80003EFF3B4602AA21462046CDF80080FFF702
:10FC900079FE2B46324621462046FFF720FFCDF85D
:10FCA00000803B4605F1840221462046FFF751FEC5
:10FCB0000AB0BDE8F0812DE9F0479AB01646DDF8AC
:10FCC00088804446994614F9045B009507468A46A5
:10FCD00023460246314602A8FFF754FE02A94246D7
:10FCE0000846FFF70CFF434602AA39463846FFF79D
:10FCF000F6FE434602AA31463046FFF7F0FE2346A1
:10FD00005246494602A80095FFF723FE2346524675
:10FD1000494648460095FFF735FE23463A463146A8
:10FD20000AA80095FFF72EFE43460AAA5146504600
:10FD3000FFF7D5FE2346324639460AA80095FFF75D
:10FD400008FE424649463046FFF7D9FE23460AAA36
:10FD5000314630460095FFF715FE234632463946B8
:10FD600012A80095FFF70EFE434612AA49464846E0
:10FD7000FFF7B5FE23465246494648460095FFF731
:10FD800001FE424602A912A8FFF7B9FE12A92346B6
:10FD90000AAA08460095FFF7F5FD23463A4612A940
:10FDA0000AA80095FFF7EEFD0AA9434602AA0846F5
:10FDB000FFF795FE234652460AA950460095FFF7E5
:10FDC000E1FD2A4612A93846FFF7B7FC1AB0BDE894
:10FDD000F087F0B50F46A1B00646194638461546DD
:10FDE0001C46FFF777FC28B1304621B0BDE8F04053
:10FDF000FFF765BC224639466846FFF79EFC294658
:10FE000008A8FFF79AFC10A82146FFF758FC012329
:10FE100018A81093FFF753FC224608A96846FFF77D
:10FE200098FC30B9224610A93046FFF786FC21B075
:10FE3000F0BD009BDA0709D421466846FFF79EFB18
:10FE40002246294610A8FFF7A6FBE5E7089BDB073B
:10FE500007D4214608A8FFF791FB2246294618A897
:10FE6000F1E7002823461CDD08AA69466846FFF72B
:10FE700097FC21466846FFF781FB224618A910A887
:10FE8000FFF767FC002805DA10A923462A46084632
:10FE9000FFF75CFB10A9234618AA0846FFF780FC71
:10FEA000CEE76A4608A8FFF77BFC214608A8FFF7C3
:10FEB00065FB224610A918A8FFF74BFC002805DABD
:10FEC00018A923462A460846FFF740FB18A92346EF
:10FED00010AA0846FFF764FCBFE70978490049B259
:10FEE000FFF7F8BBF0B5154689B01C4607460E462D
:10FEF0001A4629466846FFF702FE23466A463946F7
:10FF00003846FFF7ECFD23462A4669466846FFF768
:10FF1000E6FD23466A4631463046FFF7E0FD09B06C
:10FF2000F0BD2DE9F0478AB01446DDF848A05546EB
:10FF30001F4615F9046B0096804689462B460246FB
:10FF4000214602A8FFF71EFD02A952460846FFF708
:10FF5000D6FD534602AA41464046FFF7C0FD534630
:10FF600002AA21462046FFF7BAFD2B464A463946EB
:10FF700038460096FFF706FD5246394602A8FFF7BD
:10FF8000BEFD02A92B46424608460096FFF7FAFC42
:10FF900002A92B46224608460096FFF7F3FC2B46A3
:10FFA0004246214620460096FFF7ECFC5346224687
:10FFB00049464846FFF793FD2B4602AA4146204694
:10FFC0000096FFF7DFFC5346224639463846FFF7D6
:10FFD00086FD2B464A46394638460096FFF7D2FC46
:10FFE000324602A92046FFF7A8FB0AB0BDE8F08719
:10FFF0002DE9F04FAFB09146399C039094F9006021
:020000022000DC
:1000000016A832461D46FFF798FBB300049301EB98
:1000100086030F4626A819460293FFF78EFB002D94
:100020007FD0294606A8FFF788FB324616A90EA8FE
:10003000FFF783FB26A91EA8FFF77FFB234606AA2E
:1000400016A8FFF74FFFD4F8A450234606AA26A906
:1000500016A8A847234606AA1EA90EA8FFF742FF26
:10006000BDF9E050023D2DB2002D61DCD9F8005001
:10007000009405F001050EAB03EB45181EAB03EB36
:1000800045190EAB85F0010503EB451A1EAB03EBDA
:1000900045152B4652464946404604F1040BFFF7EE
:1000A0000AFE5B460EAA16A906A80096FFF76AFC90
:1000B00006A923464A460846FFF711FD06A923462E
:1000C0003A460846FFF70BFD06A933465A4608464E
:1000D000FFF77FFE06A9029A23460846FFF7FFFCBA
:1000E00006A9234642460846FFF7F9FC4B4642461E
:1000F000294650460094FFF714FF234606AA1EA97E
:100100000EA8FFF7EFFE039832460EA9FFF715FB86
:10011000DDE903031EA91844FFF70FFB2FB0BDE86C
:10012000F08F314606A8FFF7CAFA012306937CE751
:1001300029464846FFF7DDFA002814BF01210021B7
:100140000EAB03EB411B1EAB03EB41110CBF4FF099
:1001500001084FF000080EAB03EB481A1EAB03EB8F
:10016000481843465246584600940591FFF7A3FDB0
:10017000059900940B465A4641465046FFF7D1FE7A
:10018000013D70E72DE9F843B3F9029019F11F061C
:1001900048BF09F13E060F4603F1240546F3471612
:1001A0000146904633462A463846FFF7CFF90446C3
:1001B00090B9B9EB461F06DA49463846FFF799FA77
:1001C000041E18BF012433462A4639464046FFF72D
:1001D000BDF92046BDE8F8830124F4E730B51446A4
:1001E00095B005460CAA2346084604A9029103923D
:1001F000FFF7C8FFB0FA80F301945B0914AA02EB81
:100200008302638801331BB2009352F8482C002309
:1002100004F144012846FFF7EBFE21462846FFF78C
:100220005CFEB0FA80F0400915B030BDF0B5002595
:100230004F1E6CB28C4205F1010500DBF0BD3B1B8B
:1002400023F0030603F003039659DB0026FA03F3B9
:100250000355EEE7F8B50E46D11C48BF911D41F39A
:1002600087011446FFF72BFA0025671E6AB2A242E7
:1002700005F1010500DBF8BDBB1A23F00301B25CF8
:1002800003F00303DB009A40435813434350EDE768
:10029000F0B591B091F9006005460C46FFF71DFEE0
:1002A00028BB271D324629463846FFF752FA012857
:1002B00020D1324605EB86013846FFF74AFA01287D
:1002C00018D122466846FFF71AFCD4F8A830224617
:1002D000294608A89847324608A96846FFF74EFA0B
:1002E000002814BF6FF00200002011B0F0BD4FF0E5
:1002F000FF30FAE76FF00100F7E7F0B50C4691F92F
:10030000017091B02646014605463A466846FFF719
:10031000A1FF16F9440B3A46E9190DEB8000FFF7EF
:1003200099FF102231466846FFF713FA28B121469B
:100330006846FFF7ADFF11B0F0BD6FF00300FAE7BC
:100340002DE9F0410546A8B00F461446402602F1BB
:100350002408FFF7AEF9034600283DD0402108A845
:100360009847C8B3B4F9022012F11F0348BF02F145
:100370003E0308A94246684643F34713FFF714FBC0
:100380002246694618A8FFF729FF18B3B4F90230CE
:10039000D91D48BF03F10E016A46C9103846FFF760
:1003A00045FF94F9011018AA2846FFF73FFF94F97A
:1003B000011094F9002018AB03EB82026818FFF7D4
:1003C00035FF20220021684606F04BFB012028B0B3
:1003D000BDE8F081013EBCD10020F8E72DE9F047EF
:1003E0001C4693F9017093F900A0B3F90230A4B050
:1003F0009046DA1D48BF03F10E0204AD81460CAEF3
:100400002846D21002950396FFF724FF3A46494644
:1004100014A8FFF71FFF14AB09EB070103EB8A00D9
:100420003A46FFF717FF2346324629462846FFF78C
:10043000A9FEB0FA80F3019424AA5B0902EB8301C0
:10044000638801331BB2009351F8882C14A9002350
:100450000846FFF7CDFD14AA39464046FFF7E6FEF1
:10046000214614A8FFF739FD02AF044608220021F7
:10047000384606F0F6FA20220021304606F0F1FA5E
:1004800020220021284606F0ECFAB4FA84F0400954
:1004900024B0BDE8F0870649074A074B9B1A03DDE5
:1004A000043BC858D050FBDC02F041F8E3F749FDAB
:1004B00000003C2803000000002000020020FEE7AE
:1004C000FEE7FEE7FEE7FEE7FEE7FEE7FEE7FEE704
:1004D000FEE738B5074C051EA4F1080308BF1C460B
:1004E00023682BB11A6822605B6828469847F7E7B3
:1004F00038BD6847002020B9054B01225A70FFF72C
:10050000E8BF012802D1014A9070F8E770475847C8
:10051000002038B5094C23786BB908486360A360A4
:100520002361E36000F075F8054600F07EF80123D2
:100530002370284638BD8525FBE7584700206948C9
:10054000020038B5134CA378054603F0FF0073B1E1
:1005500015B16B6801209847002001F0B4FFE368F3
:100560000133E360BDE83840002001F0AEBF01F088
:10057000AAFF25B1226913463BB92A602561E368C9
:10058000002BECD100F063F8E9E79D42F7D01B683F
:10059000F2E75847002038B5134C6378054603F05E
:1005A000FF0073B115B16B6800209847002001F07F
:1005B0008AFF636801336360BDE83840002001F0C2
:1005C00084BF01F080FF25B1A26813463BB92A60C1
:1005D000A5606368002BECD100F065F8E9E79D4267
:1005E000F7D01B68F2E75847002038B5084C0020C8
:1005F00001F069FF6368013B6360656815B900F04D
:1006000062F86570BDE83840002001F05EBF5847D1
:100610000020044B0246187918B91A6001229A800A
:100620007047852070476C470020074B1A68D20737
:100630005FBFC02283F8002301221A604FF080437D
:100640000122C3F81825704700BF00E100E037B56C
:100650004FF080430022C3F80421D3F80421019213
:10066000019A0222C3F804230D4AD2F8FC0040F09C
:100670008073C2F8FC300A4B1C6844F00101196019
:100680005D685968491BB1F50A5FFAD31C604FF0E9
:100690008043C2F8FC0001229A6003B030BD00ED37
:1006A00000E0001000E04FF080430022C3F800217A
:1006B00082B0D3F800210192019A0122C3F80423E9
:1006C0001A6002B070474FF0804201235360D2F8A5
:1006D0000C3403F00113B3F1011FF8D0024B0022D8
:1006E0005A71704700BF6C47002007B54FF0804338
:1006F000D3F800217AB10022C3F80021D3F80021F9
:100700000092009A0122C3F808230F4B587910B9C0
:100710005A711B6898474FF08043D3F8042182B187
:100720000022C3F80421D3F804210192019A022285
:10073000C3F80823054B1B68012003B05DF804EBE8
:10074000184703B05DF804FB00BF6C47002000F1C0
:10075000804000F5C040002382B00360036801932D
:10076000019B02B07047800000F1A040D0F8003734
:1007700023F44033C0F80037D0F8003743EA014390
:10078000C0F800377047C208012300F0070083401B
:10079000885C03438B5470470000054B4FF0FF32D9
:1007A000072843F8202084BF1B1883F8482070478F
:1007B00000BF7447002010B5174C94F8583043BB65
:1007C00004F12F032021FF22013911F0FF0103F86A
:1007D000012FF9D1C8B20131FFF7DFFF0C29F9D1A0
:1007E00004220D48002106F03CF90C4BC02283F88E
:1007F000062340221A604FF4BE70FFF7A8FF084B93
:100800004FF00042C3F80423012384F8583000203D
:1008100010BD0820FCE774470020C847002000E115
:1008200000E000600040034B93F85800003818BF08
:100830000120704700BF744700202DE9F041DFF828
:10084000E08008EB0003044693F93030002B0F469C
:1008500063DA8978C1F3400100290BBF0823002324
:100860000C260826B34202D10420BDE8F08158F8D6
:10087000230001304FEA83053AD108EB04005EB251
:1008800048F8232080F8306011B9434483F8484089
:10089000BB7859070ED4DA072CD5A30003F1A04387
:1008A000D3F8002722F00202C3F800271C49204693
:1008B000FFF769FFBB783A789B0724D505F18043A1
:1008C00003F5C0432402D3F8101521F4473121F475
:1008D0004071C3F810151204D3F8101504F4F8543D
:1008E00002F4403214430C43C3F810450020BCE727
:1008F0000133B7E77A7804F5E0734FF0A041920036
:1009000041F82320D2E7083E48FA86F696F85030A0
:1009100043EA821386F85030E8E70820A5E7C84785
:1009200000207447002038B51E4C251895F930205A
:10093000072A16DD144494F848309B09032B0BD189
:100940004FF0A043D3F81015C14001F0010102316E
:10095000BDE83840FFF707BF012B0CBF0221032180
:10096000F6E7D3B2072B1BD8930003F1804303F5BE
:10097000C043D3F8100540F00100C3F8100502F1A0
:100980004000800080B2FFF7E2FE49B195F93030B7
:1009900054F8233023B101239340024AC2F80433B0
:1009A00038BD74470020006000400E4B034493F9AB
:1009B0003020072A02DD0021FFF7D5BED3B2072B76
:1009C0000FD8930003F1804303F5C043D3F810150B
:1009D00021F00101C3F8101501239340034AC2F826
:1009E0000833704700BF7447002000600040F8B52E
:1009F0000446FFF7DAFF15490A1992F9303092F8E8
:100A00003020072A9FBF124A03F5A273002042F844
:100A1000230004F00702012393400E48E208855C9E
:100A20001D420AD004F5E0754FF0A046022746F8B3
:100A30002570855C25EA03038354214491F8300036
:100A4000FFF7ABFEFF2381F83030F8BD00BF7447DD
:100A5000002000600040C8470020084B034493F981
:100A6000300093F83030072B9DBF4030800080B2BB
:100A70004FF4BE7000F1804000F5C04070477447ED
:100A800000202DE9F04F87B00024584D03944FF417
:100A90008072012102F1804303F5C0431B68012BE2
:100AA00007D1D5F80433194203D090B2FFF74FFEB7
:100AB0000C430432B2F5907F4FEA4101EAD14B4B2F
:100AC000D3F87C31012B0AD14FF4BE70FFF73FFE03
:100AD0004FF0A04344F00044D3F810350393E3B241
:100AE000D3B1434F01260025344210D0AB0003F1AF
:100AF000804303F5C043D3F81005D3F8101557F819
:100B0000253023B1C1F30141C0F3042098470135DA
:100B1000082D4FEA4606E7D1002C64DA00224FF098
:100B2000FF33CDE90423DFF8C890DFF8C880002642
:100B3000374618F9014F631C46D0C4F3C20318337B
:100B40006B440122E5B204F03F0A04F0070402FA04
:100B500004F413F8042C224236D009EB0A02AD0942
:100B600092F9302059F822B0BBF1000F08D1032DC3
:100B70002AD104A950460193FFF705FE019B01E02D
:100B8000032DF6D00AF5E0714FF0A04213F80C3CAB
:100B900052F821102342C1F3014105D0022913D19B
:100BA000032D0BD1294604E003290DD1032D05D1D6
:100BB00002215046FFF7D7FD0136F6B2BBF1000F18
:100BC00002D029465046D8470137042FB1D156B13B
:100BD0004FF0A043039AD3F810359A4203D0039301
:100BE000049B0593A1E707B0BDE8F08F00BF00604C
:100BF000004074470020C347002000F1804000F50A
:100C0000E040002382B0036003680193019B02B0BF
:100C10007047F0B5544B544CD3F8043194F82E205F
:100C200085B0002B3BD04FF48270FFF7E6FF2AB36C
:100C300094F82F3013BB4B4AD2F80031002B32D03E
:100C40004FF48070FFF7D9FF638B94F82D00834237
:100C500050D921891B1A9BB289B26383CB1A616870
:100C600001EB4301C2F82C16C2F830064FF4827033
:100C7000FFF7C3FF3C4B01225A6014E06368029304
:100C80002389ADF80C30E36800218DF8041033BBE4
:100C90002374236801A89847002384F82F3094F820
:100CA0002E30002BC7D12F4BD3F810315BB14FF44E
:100CB0008870FFF7A2FF0023237402238DF804300D
:100CC00001A823689847274BD3F814310BB34FF48E
:100CD0008A70FFF792FF0023237405B0F0BD208BCC
:100CE000608363602081E160002AD2D11E4B012223
:100CF0001A60CEE7BAD1E168012084F82F0031B143
:100D000000206083C2F82C16C2F83036AEE761834B
:100D1000ACE766694FF000470125002EDDD0B6FA3A
:100D200086F227FA02F34632920026EA030602F11F
:100D3000804303F5E0431B68002BEED01046A2F57C
:100D40008C72FFF75AFFD30882F00402C2F38002CC
:100D50008DF808308DF8045023688DF8092001A81B
:100D60009847DAE700BF00700040D047002038B550
:100D7000204A92F82C300446002B37D111601D49CF
:100D80000078C1F8F0056078C1F8F405E0781374D4
:100D900082F82D30536182F82F3001256FF0004327
:100DA00082F82E0082F82C504FF48270C1F808337C
:100DB000FFF723FF4FF48070FFF71FFF4FF48A7097
:100DC000FFF71BFFA3780C485B01DBB280F8073309
:100DD000802303600223C1F8043392F82E300BB154
:100DE000C1F80453C1F80055002038BD0820FCE7C5
:100DF00000BFD04700200070004000E100E010B5C7
:100E00002C4B1A7C02F0FF04002A4FD10A79012AE8
:100E10009CBF284AC2F8004500F10C0403EB4402D1
:100E2000127922B993F82D20013283F82D2003EB9B
:100E30004403CA791A710A7A5A714B788A781B016D
:100E4000120202F4E06203F0300313430A7802F066
:100E500003021343CA78120302F4805213430A793F
:100E6000120402F4E02213434A79120502F48012BC
:100E700013438A79120602F0807213430E4A02EB82
:100E80000014000100F18040C4F8183500F5E0407E
:100E9000CB790C7AC0F81445C0F810350B79012BCA
:100EA0009CBF0123C2F80035002010BD1120FCE7D3
:100EB00000BFD04700200070004038B5254A254BC0
:100EC00004461220C2F808031D7C022D03D1C2F88B
:100ED0000403112038BD187C01281CD1D86818B132
:100EE0000223C2F80433F4E7DC60198393F82E3050
:100EF0005BB9D2F80031002BFBD04FF48070FFF7C4
:100F00007CFEC2F82C46C2F83016114B0222C3F800
:100F100004230020DEE70220C2F804030020D8608A
:100F200093F82E005C6001251D74198138B1598336
:100F300093F82D30C2F82C46C2F83036E9E7C2F8F3
:100F40002C464FF48070C2F83016FFF756FE15603D
:100F5000DFE700700040D0470020074B197C0129D3
:100F6000CAB208D193F82E10054B11B11A600020B7
:100F700070475A60FBE708207047D0470020007098
:100F80000040F0B51B4F8BB207EB001443EA02435D
:100F9000C4F81C35184B40005C6900F1010C4FF09F
:100FA000004611F5006F26FA0CF64FF0800505FAA1
:100FB00000F50BBFB44334435C615C610CBFC7F800
:100FC0000853C7F8045340244FF000455969844042
:100FD00025FA00F040F2FF75AA42054A0BBF814393
:100FE0000143596159610CBFC2F80843C2F8044378
:100FF000F0BD00700040D047002010B5124B1A7CA5
:10100000F2B900F10C0103EB4102127922B193F81D
:101010002D20013A83F82D2003EB410300249C800E
:10102000030103F1804303F5E0430749C3F8144586
:1010300040F2FF72C3F81045FFF7A3FF204610BD32
:101040001120FCE700BFD047002000F8FFFF134B42
:101050006FF0004270B5C3F80823114A8021C2F82E
:10106000801001229A6042F21072D3F8141109B96B
:10107000013AFAD10C4D0024C3F8004505F11C06D5
:101080002C7416F8143013B1E0B2FFF7B6FF013438
:10109000082CF6D1002385F82C3070BD00BF0070FD
:1010A000004000E100E0D047002010B50446E9F719
:1010B000E4F9A46BE9F7E9F9B4FA84F0400910BD4A
:1010C00070B51646026C856B044642B906689EB937
:1010D000406800F080FF66600135A56370BD6EB9A1
:1010E000806806F01CFCA368226C13446268A3604D
:1010F000934224BF2368A3600020EDE7C06806F098
:101100000EFC226CE36851429B1A2268E360934212
:101110003EBF63685B18E360022EEDD10DB1013D67
:10112000EAE72846D8E7034610B41A6C08466AB1C5
:10113000DC68596814448C4228BF1968DC6028BFF9
:10114000D960D9685DF8044B06F0E9BB5DF8044B43
:10115000704770B50446E9F790F994F8455004F1EA
:1011600024066DB2002D01DD636AB3B9FF2384F854
:101170004530E9F78AF9E9F780F994F8445004F129
:1011800010066DB2002D01DD23697BB9FF2384F8C1
:101190004430BDE87040E9F778B9304600F027FEEA
:1011A00008B100F092FE013D6DB2DBE7304600F081
:1011B0001EFE08B100F089FE013D6DB2E2E738B5D0
:1011C00004460D46E9F759F9D4E90F312268A260C7
:1011D0004B43D0185B1A1A446060FF230020A063C1
:1011E000E26084F8443084F845309DB923696BB1DE
:1011F00004F1100000F0FBFD40B10A4B4FF08052AB
:101200005A6040BFBFF34F8FBFF36F8FE9F73DF9CF
:10121000012038BD04F1100001F0B7FA04F12400F8
:1012200001F0B3FAF2E700ED00E0F8B506464843F6
:1012300050300D461746E2F7EEFE044658B165B150
:1012400000F15003C4E90F65236001212046FFF738
:10125000B6FF84F84C702046F8BD0346F2E710B59F
:1012600002220C460021FFF7E0FF00B1846310BDAD
:1012700000002DE9F04385B00027DFF8F0900192DF
:1012800004460E461D46B846E9F7F7F8A26BE36B35
:101290009A421AD22A4631462046FFF711FF636A66
:1012A0001BB104F1240000F0A2FD40B1304B4FF01F
:1012B00080525A6040BFBFF34F8FBFF36F8FE9F783
:1012C000E4F8012005B0BDE8F083022DE2D0019BD7
:1012D0001BB9E9F7DAF80020F4E717B902A800F023
:1012E000C0FDE9F7D2F800F0CCFBE9F7C6F894F8B6
:1012F0004430FF2B08BF84F8448094F84530FF2B1E
:1013000008BF84F84580E9F7C0F801A902A800F0F9
:10131000B4FD30BBE9F7B1F8A26BE36B9A420ED192
:10132000E9F7B3F8019904F1100000F03CFD204604
:10133000FFF70FFF00F037FC48B10127A4E7E9F7FA
:10134000A4F82046FFF705FF00F02DFCF5E74FF06D
:101350008053C9F8043040BFBFF34F8FBFF36F8F86
:10136000EBE72046FFF7F5FE00F01DFCB3E700EDCC
:1013700000E010B5024600210120FFF756FF0446A9
:1013800038B10023C0E90033C3601A461946FFF79D
:1013900070FF204610BD38B50446456800F0B5FD25
:1013A00085420BD1E368013BE3600BB1012038BDFE
:1013B0001A4619462046FFF75CFFF7E70020F6E7DC
:1013C0002DE9F843044616461F468946E9F767F8B3
:1013D000A26BE36B9A42804601D3022F1FD194F88F
:1013E00045503A466DB249462046FFF769FE6B1CF0
:1013F00010D1636A3BB104F1240000F0F8FC10B195
:101400000EB10123336001244046E9F74CF8204631
:10141000BDE8F88301356DB284F84550F3E7002448
:10142000F2E770B504460D46E9F739F8A26BE36BB5
:10143000934206461BD994F845100132FF294BB25E
:10144000A2630FD1636A3BB104F1240000F0CFFC2A
:1014500010B10DB101232B6001243046E9F723F8C8
:10146000204670BD01335BB284F84530F4E70024B8
:10147000F3E72DE9F04385B00027DFF8E49001920F
:1014800004460E46B846E8F7F8FFA56BDDB13146D5
:101490002046013DFFF747FEA56323696BB104F1C8
:1014A000100000F0A4FC40B12E4B4FF080525A6067
:1014B00040BFBFF34F8FBFF36F8FE8F7E6FF012008
:1014C00005B0BDE8F083019B1BB9E8F7DEFF002003
:1014D000F6E717B902A800F0C4FCE8F7D6FF00F061
:1014E000D0FAE8F7CAFF94F84430FF2B08BF84F81D
:1014F000448094F84530FF2B08BF84F84580E8F716
:10150000C4FF01A902A800F0B8FCF8B92046FFF713
:10151000CCFDA8B1019904F1240000F044FC204660
:10152000FFF717FE00F03FFB40B94FF08053C9F8BA
:10153000043040BFBFF34F8FBFF36F8F0127A2E787
:101540002046FFF706FE00F02EFBF7E72046FFF7E8
:1015500000FE00F028FB2046FFF7A7FD0028EDD095
:10156000B5E700ED00E02DE9FF410025DFF8188127
:10157000019104462F462E46E8F77FFFA36BE3B1A7
:10158000013BA363236813B900F09DFD60602369EC
:101590006BB104F1100000F02AFC40B13A4B4FF05F
:1015A00080525A6040BFBFF34F8FBFF36F8FE8F791
:1015B0006CFF012004B0BDE8F081019B1BB9E8F786
:1015C00064FF0020F6E717B902A800F04AFCE8F72C
:1015D0005CFF00F056FAE8F750FF94F84430FF2B18
:1015E00008BF84F8446094F84530FF2B08BF84F8A6
:1015F0004560E8F74AFF01A902A800F03EFC48BB9D
:101600002046FFF752FDF8B123683BB9E8F735FFF4
:10161000606800F090FC0546E8F737FF019904F197
:10162000240000F0C0FB2046FFF793FD00F0BBFA5A
:1016300040B94FF08053C8F8043040BFBFF34F8F1C
:10164000BFF36F8F012797E72046FFF782FD00F079
:10165000AAFAF7E72046FFF77CFD00F0A4FA20463F
:10166000FFF723FD0028EDD0002DAAD0E8F705FFF5
:10167000616A19B1236B1968C1F10301606800F058
:10168000E2FC9CE700BF00ED00E070B50446466850
:101690000D4600F03AFC864204D1E3680133E36072
:1016A000012070BD29462046FFF75DFF0028F8D0D5
:1016B000E3680133E360F4E72DE9F8430446894623
:1016C0009046E8F7ECFEA56B0746C5B194F8446078
:1016D000494676B22046FFF726FD013D731CA563FF
:1016E00013D1236953B104F1100000F080FB28B13D
:1016F000B8F1000F02D00123C8F8003001253846A8
:10170000E8F7D1FE2846BDE8F883013676B284F8C2
:101710004460F3E710B50446E8F7AFFEA46BE8F7C2
:10172000B4FE204610BD806B7047054B1A6812B19D
:101730009A682AB9012243F8321003EBC2035860B9
:1017400070470048002070B504460D461646E8F77D
:1017500094FE94F84430FF2B04BF002384F84430F7
:1017600094F84530FF2B04BF002384F84530E8F798
:101770008CFEA36B2BB93246294604F1240000F0FD
:1017800022FB2046BDE87040FFF7E3BC0000F8B53F
:101790001A4B1A4D1C680646286804300F4601F0A3
:1017A00024F840B92A681649D06A0B6801228240A1
:1017B00023EA02030B60731C07D137B12968114873
:1017C000BDE8F840043100F0EEBF2B68A4195C605E
:1017D00007D30D4B18682968BDE8F840043100F0C4
:1017E000EDBF0A4B18682968043100F0E7FF084B89
:1017F0001A68A24288BF1C60F8BD34480020E8483F
:101800000020304800203C4800207C4800208048D0
:10181000002018480020094B0A4A1B681268D06A49
:1018200050B9084A12681343012B06D8074B1868B1
:10183000074B1B68C01A70470020704700BF304834
:101840000020E8480020AC48002018480020344818
:101850000020064A13681968064B19B94FF0FF3289
:101860001A6070471268D268D2685268F8E78048F8
:101870000020184800202DE9F0479500064628462C
:10188000DDF824808A461F46E2F7C5FB814618B979
:101890004FF0FF30BDE8F0874820E2F7BCFB04467C
:1018A000002800F09C80C0F830902A464846A521C8
:1018B00005F0D7F8236B043D2B4423F0070904F10E
:1018C00033020AF1FF330AF1030A13F8011F02F889
:1018D000011F09B15345F8D1089D022D28BF0225EB
:1018E000002304F1040AC4E9105384F83730E56298
:1018F000504600F055FFC5F1030504F1180000F053
:101900004FFF2461A56164623A4631464846E8F7D4
:101910007EFD2060B8F1000F01D0C8F80040E8F764
:10192000ACFD304B314D1A68314E01321A602A68D5
:10193000002A4AD12C601B68012B1FD12D48DFF8EB
:10194000E0802C4F00F021FF2C4800F01EFF2B48B8
:1019500000F01BFF404600F018FF384600F015FF6E
:10196000284800F012FF274800F00FFF274800F03A
:101970000CFF264BC3F80080264B1F60264A2649E1
:101980001368086801331360E26AA363012393407C
:1019900003430B60174B142000FB0230514600F04C
:1019A00002FFE8F772FD33686BB12B68DA6AE36A0D
:1019B0009A4208D21A4B4FF080525A6040BFBFF390
:1019C0004F8FBFF36F8F012064E73268E36A002A0C
:1019D000D4D12A68D26A9A4298BF2C60CEE7484692
:1019E000E2F79BFB54E738480020E84800202C48E9
:1019F0000020AC48002084480020C0480020D44883
:101A0000002068480020544800203C4800208048BE
:101A100000207C4800201C4800203048002000EDB9
:101A200000E09848002013B5104B019300240F49A3
:101A30001048009423467822FFF71DFF012811D19A
:101A400000F097FB01280DD172B60A4B4FF0FF3220
:101A50001A60094B1860094B1C6002B0BDE81040C9
:101A6000E8F7E7BC02B010BD00BF1448002083DED9
:101A7000020021600200184800202C480020344851
:101A80000020024A136801331360704700BF1048FA
:101A90000020014B1868704700BF34480020014BFC
:101AA0001868704700BF34480020024A1368034496
:101AB0001360704700BF344800202DE9F84F2E4BCB
:101AC0001B68002B54D12D4B1D6801351D605DB97D
:101AD0002C4A2C4B1168186810602B4A1960136847
:101AE00001331360FFF7B5FE294F3B68AB4208D9BD
:101AF0000026274B1B68002B0CBF30460120BDE899
:101B0000F88FDFF87CA0DFF89490DFF894B000261F
:101B1000DAF800301B681BB94FF0FF333B60E8E791
:101B2000DAF80030DB68DC6863689D42F6D304F1C4
:101B30000408404600F059FEA36A1BB104F11800E6
:101B400000F053FEE26AD9F80010012393401420FC
:101B50000B4300FB02B04146C9F8003000F023FE01
:101B60000D4BE26A1B68DB6A9A4228BF0126CFE769
:101B70000A4A136801331360BAE71048002034485A
:101B80000020804800207C48002020480020184881
:101B9000002024480020E848002028480020304841
:101BA0000020AC4800202DE9F843E8F766FC2A4BFA
:101BB0001A68013A1A601C682CB10024E8F765FC29
:101BC0002046BDE8F883254B1B68002BF5D0244D3B
:101BD000254EDFF8A4801FE0EB68DC6804F10409FF
:101BE00004F1180000F001FE484600F0FEFDE26A34
:101BF0003168012707FA02F314200B4300FB02802F
:101C00004946336000F0CFFD184BE26A1B68DB6A7F
:101C10009A4201D3164B1F602B68002BDCD10CB10C
:101C2000FFF717FE134D2C6844B1104E0127FFF744
:101C300044FF00B13760013CF9D12C600C4B1B68AC
:101C4000002BBAD00C4B4FF080525A6040BFBFF30C
:101C50004F8FBFF36F8F0124B0E710480020384842
:101C600000206848002030480020E8480020244830
:101C700000202848002000ED00E0AC48002008B516
:101C800048B9094B4FF080525A6040BFBFF34F8FA5
:101C9000BFF36F8F08BD0021FFF7F3FEFFF777FD5D
:101CA000FFF781FF0028ECD0F4E700ED00E0F8B585
:101CB0001B4C1B4F1C4E2368DBB91B4B1B68012BB5
:101CC00008D91A4B4FF080525A6040BFBFF34F8F74
:101CD000BFF36F8FFFF79FFD0128EBD9FFF7D1FE10
:101CE000FFF799FD012801D9E8F72DFBFFF75BFF0E
:101CF000E0E7E8F7C2FBFB68DD68281D00F075FD32
:101D00003368013B33602368013B2360E8F7BDFB88
:101D1000286BE2F702FA2846E2F7FFF9CBE75048D2
:101D200000205448002038480020AC48002000ED36
:101D300000E070B5174B1A68174B12B101221A60F8
:101D400070BD154C1A602268236812681B6B9A429A
:101D500004D8206821683431E2F7C5FB104B1049E4
:101D60001B68B3FA83F3C3F11F03142606FB03F2C7
:101D70008818083245686D6845600A44954204BF7A
:101D80006A68426006FB03114B68DB682360D7E793
:101D900000BF1048002024480020E84800203048B8
:101DA0000020AC48002010B5064B0C4619681831CD
:101DB00000F004FD20460121BDE81040FFF7E7BC1C
:101DC00000BFE848002038B5084B0D461968144696
:101DD000183100F0E8FC002C21460CBF28464FF0DB
:101DE000FF30BDE83840FFF7D2BCE848002038B5E6
:101DF000C368DC6804F11805284600F0F6FC124BB5
:101E00001B68F3B9251D284600F0EFFC1049E26A73
:101E100008680123934003430B600D4B14202946AF
:101E200000FB023000F0BFFC0B4BE26A1B68DB6A70
:101E30009A4285BF094B012000201860FFF709FD79
:101E400038BD06482946EDE700BF1048002030485D
:101E50000020AC480020E8480020244800206848C2
:101E60000020034B1B680360034B1B6843607047F3
:101E700000BF204800203448002070B50C460546BD
:101E8000E8F7FBFA0F4B196823685A1C10D00D486D
:101E90002E6800686A68864201D08A420FD9881A83
:101EA00083420AD95B1A134423602846FFF7D9FFFF
:101EB0000024E8F7EAFA204670BD002323600124DD
:101EC000F7E73448002020480020014B01221A6027
:101ED000704724480020084B186860B9084B1B68FD
:101EE00053B9074B1868074B1B68013B98420CBF5E
:101EF00002200120704700207047684800202448D5
:101F000000203C48002038480020014B18687047EA
:101F100000BFE8480020054B1B6833B1054B18682B
:101F2000B0FA80F0400940007047012070472C480B
:101F30000020104800202DE9F041044600282ED052
:101F4000224DC36A2A68D26A934236D282691F4FF1
:101F5000002AA1BF2A68D26AC2F103028261142654
:101F6000426906FB03739A4215D100F1040840460A
:101F700000F03BFC174AA0B12B681168D86AE062F8
:101F8000012383400B4313601423414603FB00707D
:101F900000F009FC02E02B68DB6AC3620120BDE8A7
:101FA000F081E06A4643BB59002BE5D1136801215B
:101FB000814023EA01031360DEE72B68006CDB6AD3
:101FC00098422CBF00200120E9E7E8480020AC48F7
:101FD000002030480020F8B5044608B90020F8BDBC
:101FE000436CC16A026C013B91424364F6D0002B02
:101FF000F4D1061D304600F0F8FB104F114A50B9DD
:10200000E16A14234B43FB582BB9136801258D401B
:1020100023EA05031360236CE362C3F10301A161AA
:102020001168012404FA03F514200D4300FB03702A
:102030003146156000F0B7FB2046D0E700BFAC4842
:10204000002030480020F8B50446002836D0036C44
:10205000994238BF1946C36A8B422FD0426C012A7D
:102060002CD18269164EC162002A4FF014054269D4
:10207000A8BFC1F1030105FB0363A8BF81619A42B8
:102080001CD1071D384600F0B0FBE26A0D4C40B988
:10209000554373592BB923680121914023EA010369
:1020A00023602168012393400B43236014203946A9
:1020B00000FB0260BDE8F84000F075BBF8BDAC481D
:1020C000002030480020044B1A681AB119684A6C85
:1020D00001324A641868704700BFE8480020914206
:1020E00008B5416000610AD8D21A83699A420DD2BC
:1020F000084B011D186800F061FB002008BD9A42E2
:1021000001D2994202D2034B011DF3E70120F5E70A
:1021100000BFF8480020FC480020F8B50F4CE8F755
:10212000ACF92568ADB90D4F0E4E384600F02DFBC9
:10213000304600F02AFB0B4B1F600B4B2A46102148
:1021400020201E60FFF771F8206010B10849FFF7EA
:10215000ECFABDE8F840E8F798B9F44800201449D3
:10216000002000490020FC480020F848002088DEBC
:10217000020007B5FFF7D1FF084B186850B1074BB5
:102180000193012300930649074800234FF49672F8
:10219000FFF771FB03B05DF804FBF4480020F04842
:1021A00000208DDE0200216602002DE9F04180460C
:1021B0002C200F4616461D46E1F72DFF044658B168
:1021C000FFF7ABFF069BC4F80080C4E906762562E2
:1021D0006362201D00F0E4FA2046BDE8F0817FB57F
:1021E0000F4C0546206816461A4680B10529CDE9F0
:1021F000001602950DDCFFF78EFE0023022808BFB3
:10220000089A206818BF1A466946FFF732F804B0EA
:1022100070BD00236946FFF7D3F8F8E700BFF44824
:1022200000202DE9F347DFF880800646FFF731FCF8
:10223000D8F800308342054609D9194F3B681A681F
:102240006AB9184A116839601360012300E000235D
:1022500028463360C8F8005002B0BDE8F087DB685C
:10226000DC68D3F8009004F1040A504600F0BDFA8F
:10227000636A20469847E369012BDFD1A3694B4489
:10228000994506D2386863602461514600F096FA99
:10229000D4E7002300934A4619462046FFF79FFFE4
:1022A000CCE7FC480020F8480020EC4800202DE94D
:1022B000F047594E88B04FF0000833681D68002D74
:1022C0005BD0DB68D3F80090554FFFF7DAFB04A82A
:1022D000FFF7A7FF049C8246002C6AD1002D4ED048
:1022E000484552D3FFF75FFC3368DB68DD68281D83
:1022F00000F07BFAEB69012B0ED1A9694B465246DF
:1023000049442846FFF7EBFE30B1009423464A4685
:1023100021462846FFF763FF6B6A284698473868CE
:10232000002204A9FFF7A5F80028C6D0049B069850
:10233000002B41DB069C6369002B44D103A8FFF707
:1023400070FF049B0246092BE9D801A151F823F044
:1023500000BF4167020041670200416702009166C9
:102360000200736702008367020041670200416751
:1023700002009166020073670200A946A4E7284B99
:102380001B681C68B4FA84F4640938682246A9EB17
:102390000A01FFF7D8F9FFF706FC0028BFD1214B4F
:1023A0004FF080525A6040BFBFF34F8FBFF36F8F23
:1023B000B5E7FFF7F8FBB2E7059B07999847049B41
:1023C000002BACDBB6E7201D00F00FFAB6E7A169E1
:1023D000059B20461944FFF782FE00289FD0636AC0
:1023E00020469847E369012B99D1A2690599CDF858
:1023F000008000230A4420461946FFF7F0FE8EE7CE
:102400000599A161034601442046FFF768FE86E76F
:102410002046E1F782FE82E700BFFC480020F44836
:102420000020F848002000ED00E04068704710B53B
:102430000446E8F722F86469003C18BF0124E8F775
:1024400024F8204610BD10B50446E8F716F8246AB3
:10245000E8F71BF8204610BD1FB50021039001AA24
:1024600044F20100CDE9011100F003F805B05DF878
:1024700004FB72B6094BD3F8F020D20700D500BE9A
:10248000BFF34F8FD968054A01F4E0610A43DA606F
:10249000BFF34F8F00BFFDE700BF00ED00E0040079
:1024A000FA0572B6024A136801331360704728496F
:1024B0000020034A1368013B136003B962B67047FA
:1024C00000BF28490020FFF7ECBFFFF7F2BF4FF035
:1024D000704393F8E02F062A10D1D3F8E42F1207A7
:1024E0000CD1D3F8E80F00F0F003302B08D000F047
:1024F000E000A0F140035842584170470020704767
:10250000012070474FF0704393F8E02F062A0CD15A
:10251000D3F8E42F120708D1D3F8E80F00F0F00049
:10252000A0F130035842584170470020704708B569
:10253000FFF7CDFF40B14FF08053884AD3F82433E2
:10254000C3F30423C2F84035FFF7DCFF10B1844B1E
:10255000854A5A67FFF7BBFF48B14FF080534FF0F1
:102560008042D3F84432C3F34233C2F83C35FFF71C
:10257000C9FF30B17D4AD2F8FC3023F08073C2F835
:10258000FC30FFF7A4FF40B14FF080430022C3F8B6
:102590000C21C3F81021C3F83825FFF7B3FF20B191
:1025A0004FF080430322C3F8A025FFF7ABFF60B1D3
:1025B0006F4B0522C3F810260122C3F8882600229B
:1025C000C3F818263F22C3F814264FF0704393F83F
:1025D000E02F062A50D1D3F8E42F11074CD1D3F8BD
:1025E000E83F03F0F003502B46D14FF08052604B90
:1025F000D2F80414C3F82015D2F80814C3F824152F
:10260000D2F80C14C3F82815D2F81014C3F82C15FE
:10261000D2F81414C3F83015D2F81814C3F83415CE
:10262000D2F81C14C3F84015D2F82014C3F844158E
:10263000D2F82414C3F84815D2F82814C3F84C155E
:10264000D2F82C14C3F85015D2F83014C3F854152E
:10265000D2F83414C3F86015D2F83814C3F86415EE
:10266000D2F83C14C3F86815D2F84014C3F86C15BE
:10267000D2F84424C3F87025FFF729FF48B14FF082
:1026800080534FF08042D3F8583203F04F03C2F822
:10269000E43EFFF71CFF48B14FF08043D3F800241D
:1026A000D20744BF6FF00102C3F800244FF08053FB
:1026B000D3F83021062A0AD1D3F83431062B01BFD2
:1026C0002D4AD2F83C3743F48063C2F83C37264A9F
:1026D000D2F8883043F47003C2F88830BFF34F8FCC
:1026E000BFF36F8F4FF01023D3F80022002A03DBD3
:1026F000D3F80432002B2EDA204B0122C3F8042534
:10270000D3F80024002AFBD04FF010221521C2F884
:102710000012D3F80024002AFBD04FF0102315221A
:10272000C3F80422154BD3F80024002AFBD0002262
:10273000C3F80425D3F80024002AFBD0BFF34F8F41
:102740000A490E4BCA6802F4E0621343CB60BFF340
:102750004F8F00BFFDE70A4B0B4A1A6008BD0030DF
:10276000014000C007400DF0ADBA00ED00E00050A0
:10277000004000C000400010004000E001400400A4
:10278000FA052C0100200090D00300F108034FF05F
:10279000FF32C0E9022343600361002303607047F6
:1027A00000230361704743684B609A688A605160F8
:1027B00099600861036801330360704730B50C68A5
:1027C000631C0AD103695A684A6091608B60596042
:1027D000086103680133036030BD00F1080213464D
:1027E00052681568A542FAD9EDE7D0E901120369EC
:1027F0008A60416851605A68824204BF82685A60A8
:10280000002202611A68013A1A601868704703686A
:10281000013304D04068431C58425841704701209E
:10282000704710B504680B689C4209D0406849683D
:10283000884205D08C4203D0181A18BF012010BD61
:102840000020FCE740F30903B3F1FF3F08BF01306C
:10285000C0F309000430704710B5031F0439083075
:1028600053F8042F51F8044F834282EA04021A609D
:10287000F6D110BD08B503681B0D024613F4E060E5
:1028800005D0101DFFF7CDFFB0FA80F0400908BD5C
:1028900010B5836E1A6A436DD31A1944B1FBF2F373
:1028A00002FB1311836D8B420AD94C09406E01F073
:1028B0001F0150F8243001228A40134340F824308D
:1028C000002010BD000030B5164A0368164C11F008
:1028D000805F18BF144683EA010525421FD043F3E9
:1028E000090401341BD001EA02040F4A1A4042F0E5
:1028F0009F4242F4E002944211D00A0D02F4E064D7
:10290000B4F5806F09D1C3F38924C1F389218C42C6
:1029100022BF52B203EB82230360002030BD0120AE
:10292000FCE700FCFF7F00FC0F7000FC0F0002467C
:1029300008B50846FFF786FF1368034413600020BC
:1029400008BD036B1944C1F30903003B18BF012301
:1029500021F0004141EAC371016300207047036820
:10296000013303600020704710B5836E1B6B044673
:1029700013B9C068E1F724FBA36E5B6B13B9E06980
:10298000E1F71EFBA36E9B6B13B9606EE1F718FBBA
:10299000002010BD2DE9F04F87B08A460292826E6A
:1029A00010990493136A139E8B42DDE91148814606
:1029B00040F2AB80D269A319934200F2A680049B37
:1029C000013B05930EB930469CE0BAF1000F3FD0B1
:1029D000DAF80030109A9A423AD1DAE9015305EB5D
:1029E000030BA34534D9A54211D8ABEB040BB34577
:1029F000DAF80C1028BFB346651B40465A462944F6
:102A000004F08DFFD8445C44A6EB0B06DAE72D1BDF
:102A1000B54228BF3546029B109A1B689A421DD1C9
:102A2000029BD3E901130B449C4217D28C4211D371
:102A30001B1B9D4228BF1D46029BDB68611A404656
:102A40002A46194404F06BFFA8442C44761BB9E7CE
:102A50003546E0E7091B8D4228BF0D46049BB34273
:102A600020D8D9F868004369B4FBF3F203FB1242A3
:102A7000C2B99E4216D3B5FBF3F203FB1253A5EB8A
:102A8000030BCDF800B00393436810991F4622460C
:102A90004346B847002835D1039B5B1BD8445C44B0
:102AA0001E448FE7029A109B1360D9F86830029990
:102AB0005A69B4FBF2F302FB1343E21A4A60D9F8F5
:102AC00068500599D5F814C001EB0C002044B0FB08
:102AD000FCF10CFB1101401AE9691B1B884294BFF1
:102AE0001B185B18A96A8B4228BF0B4602998B60A2
:102AF000D9F868000093CB6845681099A84700286A
:102B00003FF460AF07B0BDE8F08F6FF05300F9E716
:102B100000002DE9F04F9A46D1E9038387B00646BD
:102B20003C3091460F460593FFF7A4FEC9F3892B6D
:102B3000044658B1BBF1000F78D0F36B3D4CC3F3A2
:102B40008922CAF389239A4288BF0024059D28461A
:102B5000FFF778FE031D434534D80423A8EB000893
:102B6000039305ABCDE901833B6800933246042310
:102B700000213046FFF70EFF30BB059B1BBA6B40B0
:102B800023F000430593BBF1000F23D02A0D02F47C
:102B9000E063B3F5806F1DD1AAEB0403C3F3892072
:102BA000C5F38921884215D323F07F4323F47003B2
:102BB00023F47F7323F0030343F0804343F4801333
:102BC000AB4204D16FF0010007B0BDE8F08F52B204
:102BD00004EB8224AAEB0401694011EA0901B5D192
:102BE00045F309030133EDD0129BC5F3090999455B
:102BF00028BF9946119B0293109BCDF80C9004338B
:102C0000434401933B68009332464B463046FFF7FE
:102C1000C1FE0028D8D1129BA3EB0902119B0146EB
:102C200003EB090003F01DFF6019CDE75C468DE75B
:102C300000BF00FCFFFF1FB5C3F309040294069C0C
:102C4000019400240094FFF764FF04B010BD30B578
:102C500087B003AD094B00951446084AFFF7EBFF18
:102C6000002804DA831C00D1002007B030BD2946BB
:102C70002046FFF7F1FDF7E700BF0C00F07F0000F2
:102C8000F07FF0B51C4640F2FF339A4285B005460E
:102C90000E4604F1080C08D11B49604604F0B1FE51
:102CA00002232370002005B0F0BDC36ECDF800C034
:102CB000013343EA82239702144AFFF7BCFF00283E
:102CC000F1DB000D02AB2070009347F000530F4A78
:102CD00043F0080331462846FFF7ADFF0028E2DB4A
:102CE00040F20223B3EB105F4FEA105202D1039B74
:102CF0006360D7E740F201239A42D3D1C0F30900C1
:102D00006060CFE700BF95DE020000FC0F7800FC9A
:102D10000F702DE9F04F93B01E46BDF880300C9334
:102D2000BDF884300D931E9BBDF988B0DDF870A00E
:102D3000C3F38F230B934FEA8B23074688469146B4
:102D40000A933046FFF77EFDD8F80C3000EB0904FB
:102D50009C4252D2042303930FABCDE90143D8F830
:102D6000003000933A46042300213846FFF712FE54
:102D700000283FD10F9B1BBA734043F00046D8F8A0
:102D800000301093231D0F961193A14610AD1F9B89
:102D90000F9C5C401E9B1C40424B1C40D1D10B9BA6
:102DA000002B38D10F99C1F30A53002BC9D040F240
:102DB000011293424FD1249A0892C1F30903239A36
:102DC0000792C1F389215A1CCDE90432C91A354B47
:102DD0004FF000525944CDE9023209B20022069167
:102DE000CDE900224FF0FF3329463846FFF791FF27
:102DF0000028A6D013B0BDE8F08F1D9B002B4EDD40
:102E0000DAF800300F931D9BDAF80450013B0AF109
:102E1000080A1D93BBE70FAB0893234BCDE906438C
:102E20001D9BCDE90444CDE900A3CDE9024433461E
:102E30004A4641463846FFF76CFF0028DADB80D16E
:102E40000F9B0C9AC3F389239A423FF67AAF0D9AEF
:102E50009A42A7D875E7B3F5817F19D10F9BC3F3C9
:102E600009029442BFF46DAFA9686A68C3F389236D
:102E70005B4441EA83212B7803F5407341EA035117
:102E8000DDE9233098470C350028B3D10134E5E75C
:102E90000A9B2A461944DDE923309847A8E7002019
:102EA000A8E70000F07F00FC0F60396C020030B52D
:102EB000134687B00268044604AD0820916E039063
:102EC0000295586801901B680093CB69104602F187
:102ED0001001FFF75FFD30B9211D2846FFF7A1FC67
:102EE000003818BF012007B030BD2DE9F04F93B076
:102EF000164609931368826E126A934207460C467F
:102F000005D36FF05305284613B0BDE8F08F716804
:102F10008A42F6D900214FF004080CAACDE901122B
:102F20000093CDF80C8043460246CDE90C11FFF723
:102F300031FD054610B110F1540FE4D1CDF80C80ED
:102F40000DAB4FF000080293CDF804807368009336
:102F50003A46042341463846FFF71CFD0D9B0546C3
:102F6000002849D010F1540FCDD1414656F82130F8
:102F7000236081F00103079356F82330636012AB9E
:102F800003EB81014FF0FF3551F8183CA36000239B
:102F9000E36002230893B14A92E803000EAB83E892
:102FA0000300042204F108014FF0FF3002F0B7FCE7
:102FB0000023CDE905330A90A8464FF0FF3A994621
:102FC0005046FFF73FFC0DF12C0B8144BB6ECDE961
:102FD000019B0422039222680092DB693A46002199
:102FE0003846FFF7D7FC064668B110F1540F40F0A1
:102FF00034810023A37529E00C9A9B1A002BD4BFBF
:1030000000210121B2E759460A98042202F087FC08
:103010000B9B0A901BBA8AEA030BBBF1000FCDF899
:103020002CB02EDA4FEA1A5A0AF4E06ABAF5A06F09
:10303000E36808D1BA6E9269B3FBF2F102FB113377
:10304000B3FA83F6760906F00106A675E368002B4D
:1030500000F02881214607F13C00FFF70BFC002817
:1030600000F00A81FB6BC5F38922C3F389239A42DE
:1030700040F0FB8045F000451D9B002B40F0FE809A
:1030800007E15846FFF7DEFBBB6EDB694844984218
:10309000AFD84FEA1B5202F4E062B2F5A06F21688C
:1030A00040F086800422039210AA029209F10402E1
:1030B000CDE90012384631463A46FFF76BFC06462A
:1030C00030B110F1540F40F0C8804FF0000391E789
:1030D000109A0A9B9A42F8D10B9BF86A1B0D0422A6
:1030E0000AA98BEAC37B02F01AFCF8620B98FFF77F
:1030F000A9FB059BA3820E9BA36148440F9BE36140
:10310000C4E9030B069BE3754FF0FF330A93434674
:103110004546DA46984653E70A98012210A902F07C
:10312000FEFB0AF1010A0A900B98FFF78BFB504552
:10313000236817D90121BA6E039110A902910AEBF5
:103140000901CDE900313846D36900213A46FFF73D
:1031500021FC06460028DFD010F1540F7DD14FF03E
:103160000003A3750B9B20681A0D12F4E06122D1B5
:10317000059AC3F389239A4201D8013305931C9A17
:103180000B99236881EA020A099A1AEA020A4ED1C7
:10319000109309F10403119310AADDE91E3098473A
:1031A000061E41DA16F1540F57D184F816A04DE7E8
:1031B0004FF0040AB8E7B1F5806F1DD1059851B200
:1031C00040FA82F292B20592264A08EA020242F0DE
:1031D0009F4242F4E002934202D148F00048CEE719
:1031E000B8F1FF3FCBD0C3F38923C8F389229342C0
:1031F000C5D808EB8128C2E7B1F5C06FBFD102F096
:10320000010308220693BB6E03920EAA029209F1F3
:103210000402CDE900020021DB693A463846FFF797
:10322000B9FB5430ABD1E4E60B9B03D1984643463F
:10323000A8466DE70C4A88EA03010A4052B1022E03
:10324000F5D1C8F38922C3F389218A42EFD343F031
:103250000048ECE74FF0FF38E9E7354653E6D02168
:10326000030000FC0F0000FCFF7F691C3FF404AF6B
:103270009A4288BFA5F580651D9B3BB1A28AC5F324
:103280008923934228BF13461D9A1380002DBFF651
:103290003AAEA38AC5F38925AB4294BF00256FF0EF
:1032A000010530E6D4E90032C4E90023079B12AAE5
:1032B00002EB830353F8183CA360089B012B3FF4F7
:1032C00020AE0123089366E600BF2DE9F0470123F5
:1032D0000024C2E90643184FDFF86480DFF86490E9
:1032E00088B005460E4692460AF118021046FFF7CE
:1032F0008EFA10B16FF0010018E0AB6E1B6AB4EBF0
:10330000530F16D2336806937368079305ABCDE964
:103310000273CDE900804B4651462846013405959D
:10332000FFF7E3FD0028DFD0831CDDD008B0BDE847
:10333000F0876FF05300F9E700BF21720200080028
:103340000020FF03F07F1FB50023CDE90233019376
:103350004FF0FF330093FFF7C8FD05B05DF804FBA5
:103360002DE9F04101230024C2E9064306468846C0
:10337000154602F118073846FFF749FA10B16FF009
:10338000010011E0B36E1B6AB4EB530F0ED241463D
:1033900038460134FFF745FA30B13A4629463046FF
:1033A000FFF7D1FF0028E6D0BDE8F0816FF05300B1
:1033B000FAE72DE9F04F8DB01668069281468846EF
:1033C00005931BB1059A40F2FF331380D9F82030E2
:1033D000C8F81830D9F82430434CC8F81C3042499A
:1033E000304603F004FB35184049284603F0EEFA56
:1033F0000128074605EB000623D13C490246284632
:1034000003F005FB0028EAD0B2464FF0010B364925
:10341000504603F0ECFA82443449504603F0D6FAA1
:103420000246B8B1022811D107903149504603F045
:10343000EEFA079A50B9BBF1010B09D10AF1020665
:10344000CDE70228E0D12A490246D8E70BF1010B6B
:103450009244DCE72B78002B3DD0069B1D60C4F323
:103460000A53022B3BD1C4F3892440F2FF339C4220
:1034700008F1180A23D10DF1240B2F21284603F05F
:1034800098FA059B1C4ACDF80CB0002818BF002301
:10349000CDE9013200974FF0F0435246414648468D
:1034A000CDE909950B97FFF720FD041E13DB96D19C
:1034B00098F81730002BE0D16FF001040BE00E4BB1
:1034C0000F4ACDF800A043EA842341464846FFF75F
:1034D000B2FB041ECFDA20460DB0BDE8F08F6FF0CE
:1034E0001304F8E700BF00FC2F0095DE020098DE11
:1034F000020097DE02009D7902000800002000FC17
:103500000F702DE9F04F87B01546826E119C139E07
:10351000D2698946A119914207464FD8DFF8A4B075
:103520006FF0010A03F1FF380EB9304643E02B6813
:10353000E868023318D1D5E901120A44944213D243
:103540008C4211D3121BB242A4EB010128BF3246B8
:1035500001441298059204F0E2F9059A129B134473
:1035600012931444B61ADFE7C5F800A0BB6E5B697E
:10357000B4FBF3F203FB1242A21A6A60D7F868C0E8
:10358000DCF814E008EB0E032344B3FBFEF10EFB62
:1035900011315B1ADCF828108B4228BF0B46AB6058
:1035A0004946CDE901030092109B5A463846FFF781
:1035B000B0FA0028B8DA07B0BDE8F08F6FF053001A
:1035C000F9E700FCF7FF2DE9F04F87B00746129EA0
:1035D000884691469A4600240DF1100BA64201D868
:1035E00000201BE0351B109B082D28BF0825E31881
:1035F000CDE900A3CDE902B5A9EB040342460021C1
:103600003846FFF7C7F948B9119B2A461919584699
:1036100003F0FDF9002804D005DA012007B0BDE869
:10362000F08F2C44DAE70220F8E730B513468268C1
:10363000C1F3090585B0AA4228BF2A460292416813
:1036400001915968009101681B6804460846FFF71C
:10365000BAFF28B9A368AB4202D034BF01200220D0
:1036600005B030BDF8B5C6690D68083EB5420F46D5
:1036700013D3B5FBF6F0013805F025FF841CA5EB4C
:103680008404B4FBF6F4204605F01DFFA5EB80058D
:1036900004FB16553D602046F8BD0020FCE72DE9EF
:1036A000F04F89B00646DDF84C8005920F464BB9C5
:1036B0004FF0FF32C8F80020149A0020136009B0C0
:1036C000BDE8F08F846E013B07A920460793FFF702
:1036D000C9FF12A905462046FFF7C4FF4FF0040AB0
:1036E00081460DF1140BA945059A03D3129BC8F826
:1036F0000020E1E7A5EB0904B4FA84F495FAA5F3F8
:10370000B3FA83F3C4F11F049C4228BF1C46A300F4
:10371000CDE90023CDE902BA04233A460021304620
:10372000FFF738F90028CAD10123A340ED1ADAE7E0
:103730002DE9F04F89B00646DDE9120A0F469046A2
:103740001D4688B30138059005A9B06EFFF78AFFC2
:103750000DF1180B044614982946D04720BB1CB322
:1037600004F00109C9F102039B00CDE90050CDE945
:1037700002B3424639463046FFF70CF9A0B9E5439B
:1037800005F00105A84207DB08AB03EB8505023C09
:1037900055F8085C4C44DEE706991498D047034678
:1037A0000120002BEED0184609B0BDE8F08F2DE9BE
:1037B000F04F91B004460D46164600211C2208A881
:1037C000059303F04EF901230F934FF0000840F2E8
:1037D00002290EA8FFF71BF820B1A76A002F55D1C8
:1037E000384641E0A36E1B6AB8EB530F7BD20E99AB
:1037F000304608F10108A847002835D10F99304616
:10380000A84788BB0EAA08A92046FFF79CFD58BB15
:10381000DFF8E0A0DFF8E0B00746BDF83420BBB227
:103820009A42D6D906AA0AEA8723009243EA0B03F2
:103830002F4A08A92046FFF7FEF9002803DA831C67
:1038400012D10137E9E7B9EB105F4FEA10530ED1FF
:10385000079B0093CDE90156069B22460021204696
:10386000FFF766FF0028ECD011B0BDE8F08F059A95
:10387000002AE6D0B3F5007FE3D106993046A84789
:103880000028F1D107993046A847EBE7BB79012B17
:1038900001D03F68A2E73B6B03F48813B3F5803F88
:1038A00013D03B6B03F49013B3F5003FF1D1CDE996
:1038B00001567B6B0093BB6B224607F1400120460B
:1038C000FFF736FF0028E4D0CEE7CDE90156FB6ACA
:1038D0000093BB6A224607F140012046FFF728FF0C
:1038E0000028DED0C0E76FF05300BDE700BF00FC4A
:1038F0000F7000FCFF0308000020F8B504460D46D9
:103900000126A36DD4E91712994225D1002A52D07D
:10391000A16E606D0344086AB3FBF0F700FB173338
:103920006365CB6A606EDB000027934294BFA3659A
:10393000A265E765CA6A394603F093F82049012376
:1039400022462046FFF733FF0028DAD0C4E9167775
:10395000A36E1B6A236625E0481CE065013A606E91
:1039600022664F0901F01F0250F8270006FA02F202
:103970000242C7D1A26E636D126A0B44B3FBF2F12F
:1039800002FB11332B60A66D0125E36DB34210D00D
:10399000616E5A0903F01F0051F8222005FA00F069
:1039A000104000D1F8BD0133E365236E013B23666F
:1039B000EBE70020F6E76FF01B00F3E700BF036CB6
:1039C00002007FB50C4604310646FFF796FF054618
:1039D00080BB21463046FFF790FF054650BB22468C
:1039E000042342F8080FCDE90223019022680092D7
:1039F000014632463046FEF7CDFF10B110F1540FAC
:103A00001BD1B36E5A6A002A0BDDA368013242F063
:103A10000102013B1344B3FBF2F102FB11329B1A8A
:103A2000A3604FF0FF330422C4E903230022C4E95A
:103A30000523E361284604B070BD0546FAE707B5E3
:103A400000230449019301AAFFF7B1FE00B90198D0
:103A500003B05DF804FBD16C0200C368184710B5D1
:103A60000C46826AE068FF2102F0FBFF4FF0FF3353
:103A7000236010BD10B581660B6B0446002B37D058
:103A8000C360A36E5A6B002A3ED0E261A06E21464D
:103A9000FFF7E5FFA06E04F11001FFF7E0FFA36E52
:103AA0009A6B002A37D06266A26ED36B002B08BFD8
:103AB000FF23E366136C002B08BF6FF000432367FE
:103AC000536C40F2FE32002B08BF134600206367A0
:103AD0004FF0FF33C4E90833C4E90A00C4E90F001A
:103AE000C4E90C00C4E912006064A063206510BD45
:103AF000886AE0F760FAE0600028C2D12046FEF74D
:103B000033FF6FF00B00F2E7986AE0F754FAE061D8
:103B10000028BBD1F2E7D86AE0F74DFA60660028CA
:103B2000C2D1EBE72DE9F0430D4609689846CB1C5E
:103B300085B00646174603D9002005B0BDE8F083DE
:103B4000806EAC6882691444013CB4FBF2F302FB62
:103B50001343E41A0094D0F80890EB686A68C847E9
:103B60000028EAD1B8F1000F04D1B06E2946FFF762
:103B700076FFE1E74FF0FF333B600294EB6801937F
:103B80006B6800932B68224639463046FFF71BFDD1
:103B90000028D2DBE9D06FF05300CEE72DE9F84FD3
:103BA0000B9EDDF8348007460C46924699464FF04E
:103BB000000BB8F1000F01D1404630E023680A9AAB
:103BC00093422ED16068B0422BD8BB6E9D6A0544EB
:103BD000B54226D9AD1BE3680C99454528BF45463B
:103BE000301A2A46184403F09AFE6368A2682E44ED
:103BF000F31A934238BF1346A360BA6E926A9A4290
:103C000005D00C9B2B440C93A8EB0508D1E74B4641
:103C1000524621463846FFF785FF0028F1D0BDE81F
:103C2000F88F0A9B2360BB6E9A69B6FBF2F302FB26
:103C30001363F31AC4E9013BBBE7F0B585B0CDE9E6
:103C400002231D464B6801930B6800930C461746F0
:103C50000023024600F11001FFF7A0FF064640B91D
:103C6000E0682A46394601F05AFE6368E0602B445A
:103C70006360304605B0F0BD2DE9F04F064687B0D1
:103C800010469946FEF7DEFD4B6893464A690344A9
:103C900093420C46804641D88B682BF0004A8AEA52
:103CA00003031BBA059305AA04233046FFF7C5FF9B
:103CB000054678BBBBF1000FA8F1040720DA0DF12F
:103CC000130B2FB30123CDE902B3D9F80430043B21
:103CD0004344DB1B0193D9F80030009332463B4646
:103CE00000213046FEF756FE40B901235A462146D0
:103CF0003046FFF7A2FF013F0028E2D0054609E069
:103D00003B464A4621463046FFF797FF0028F5D14B
:103D1000C4F808A0284607B0BDE8F08F6FF01B0577
:103D2000F8E713460A46D0E90001FFF7A5BF2DE9E1
:103D3000F04F044687B00D4605A92046FFF7DDFD8C
:103D4000064658B9DDF81480A06E4146FFF785FE9F
:103D50000646002853D010F1540F56D0304607B015
:103D6000BDE8F08F2A6BCDF80C900DF1130A12F418
:103D7000801FCDE9017AA3EB07031CD0AA88244950
:103D800041EA8222009205F108015A462046FFF7D7
:103D9000B8FB70B9CDE902A9CDE90087012322461D
:103DA00004F110012046FFF7F9FE60B110F1540F45
:103DB0002BD00646D2E7AA6B0092594622462046EF
:103DC000FEF7E8FDE5E70137EB6BBB42CAD8A36E0F
:103DD000E1699A6AE86C03F0A2FD23692B646369C8
:103DE0006B64A369AB64A06E04F11001FFF737FEAA
:103DF0002B6BC5F8388043F400332B63AEE70746DE
:103E000005F1400B4FF00109DEE74FF0FF3323616E
:103E100092E700001020F0B50B6B0C46590397B0E9
:103E2000054608D5DA0258BF4FF0FF3223F480234D
:103E300058BF22642363216B8B0302D4002017B088
:103E4000F0BD11F48011666BE76A3FD1542201A8DE
:103E500002F007FEA36ACDE90B370123CDE90D3649
:103E600095E80F0011AF87E80F004FF0FF372F6084
:103E7000626BE36A9A4212D304F1400701232A4697
:103E800039462846FFF74EFE20B310F1540FD6D125
:103E900021462846FFF74BFF0028EFD0CFE701234C
:103EA0000DF1030201A9284600F095F90028C6DBB0
:103EB00001230DF103022146284600F017F80028DF
:103EC000BDDB2B680133D3D01197D0E7B7422CBFAD
:103ED00067636663A36BA362636BE362236B23F484
:103EE000003343F48033C4E90C36A7E72DE9F04FE3
:103EF00093B0064606930B6B09925D030C461FD4E4
:103F0000276B390525D4D4F83480069B326F08EB33
:103F10000301914200F25B8117F400371FD0236B3D
:103F2000DA022ED4069B059304F140030D93059A03
:103F3000236B002A51D123F40023069D236304E060
:103F4000FFF769FF05460028DAD0284613B0BDE820
:103F5000F08FE26A616B8A4288BF6263D3E7E36AEB
:103F60009845DCD96363636B9845D8D9012311AABE
:103F7000214630468DF84470FFF7B8FF051EF2DA8F
:103F8000E3E7069B606BB26EC118E36A956A9942DB
:103F900038BF1946936CD3B140F2FE32AA424FEAC1
:103FA000D30328BF2A46934228BF13468B42B9D277
:103FB000E063B36E1B6A336621463046FFF7B7FEF7
:103FC000236B054628B143F400232363BDE7D3697F
:103FD000E2E723F480132363A4E713F4003205D04F
:103FE000B16EE06BC969884240F0A480DB0200F149
:103FF000D98004F140030793BAB9636BABB104F104
:104000003C020292013B04F1380201920093D4E990
:104010000A2307993046FFF742FB054608B1236B98
:10402000D1E70799B06EFFF71AFDB36E1B6A3366CE
:10403000A36B0B93636B0893013B0C930FA9304662
:10404000FFF75BFC05460028E9D1DDF83C90B06E37
:104050004946FFF702FD054630B115F1540FDED198
:104060004FF0FF332364E9E7089B1BB9C4F838908D
:10407000E3635BE0B76E0C9B109310A93846FFF723
:10408000F1FA109B03F1010AFB69CDF840A09A45B3
:1040900073D100F1010898FAA8F80B9B1193B8FAB4
:1040A00088F808F1010BAA4611AF4FEA8A030A9378
:1040B0000423CDE902730A9B0799CDE900933246A8
:1040C00001233046FFF76AFD119B05460028C4D145
:1040D000C24557D10AF1010AD345E6D8C4F8389051
:1040E0004FEA8B03C4E70B9B0093CDE9027BCDF82D
:1040F0000480AAEB0803324600213046FEF74AFC52
:10410000054600288BD1CDE9027BCDE900980799BF
:10411000012332463046FFF741FD054600289CD179
:1041200008F10108C245DED8C4E90E9A236B43F4B6
:1041300000332363B36EDF69E36BFF1A059B9F4275
:1041400028BF1F46099B03970293E36B0193A36B60
:1041500000930D99012332463046FFF71FFD0546B7
:1041600028B310F1540F7FF45AAF21463046FFF7C1
:10417000DEFD05460028E5D051E7A8464FF0010BCB
:1041800011AFCFE70422CDE902720A9A0146CDE9C8
:104190000032304604233246FEF7FCFB0546002879
:1041A00098D03CE76FF00103A363636B60E7636B38
:1041B0003B446363E36B3B44E363099B3B440993E8
:1041C000059BDB1B0593B36E1B6A3366AFE66FF08E
:1041D0001A05BAE600002DE9F04F1D460B6B9E0351
:1041E00085B007460C46904605D4636BE66AB34239
:1041F00008D3002003E0FFF70EFE0028F5D005B03D
:10420000BDE8F08FF61AAE4228BF2E46DFF8B0B0F8
:10421000B14604F1400AB9F1000F01D13046EEE792
:10422000226B510304D5BB6EE16BDB69994215D15A
:10423000D202636B36D404F13C02029204F13802DC
:10424000CDE900325146D4E90A233846FFF727FA70
:104250000028D4D1236B43F480232363BB6EE26B2D
:10426000DB69216B01929D1A4D4528BF4D4611F423
:104270008011CDE902851AD0A2884BEA82220092F1
:1042800004F1080152463846FFF73BF90028B6D141
:10429000636B2B446363E36B2B44E363A844A9EB98
:1042A0000509B8E76FF00102C4E90E23D2E7A26B5B
:1042B000009238465246FEF76DFBE7E700BF00006C
:1042C00010202DE9F04F836E4E689A691644073628
:1042D0008BB0B6FBF2F302FB1363F61A00230493D0
:1042E0009B46A6F1080380460D4605936B68B342D2
:1042F00020D341464FF0FF3341F8103B42460023A4
:104300004046FFF70FFC0446002840F0B680D8F87E
:104310006800036998470446002840F0AE802F6982
:10432000DA46B74280F0A9800AF104034FF0FF3962
:10433000059385E003F1040AA6EB0A0340F2FE327E
:10434000934294BF0AEB03070AEB0207B74203D27A
:10435000059B9F4228BF1F4607AACDE901724FF077
:10436000FF330793042303932A68009200214246F7
:104370004046FEF70FFB044610B110F1540F7CD1FC
:10438000079BE8681BBA6FEA03094FEAD97303F584
:10439000A063A7EB0A0747EA035747F47F27AB68F8
:1043A00047F4406708AC07975F40214604223FBAB4
:1043B000089701F0B4FA0823E860CDE902436B687E
:1043C00001932B68099000934246002308F11001E5
:1043D0004046FFF7E3FB044600284ED16968BBF175
:1043E000000F03D1EB68049301F1040B079AC2F3A9
:1043F000090304330B4409F000496B6089EA0202A7
:104400004FF0FF33AA60EB6070E7BB4502D1049B1D
:104410004B452FD10123039308ABCDE901732B68E2
:104420000093059B4246DB1B00214046FEF7B2FA93
:1044300010BB4846012208A901F071FA01378146F4
:10444000059BBB42E1D8B9F1000F1AD1A6EB0A02D5
:1044500040F2FE339A4294BF0AEB02070AEB0307CD
:10446000B74204D2A6F108039F4228BF1F4607F1B6
:10447000040A56E76FF05300044620460BB0BDE82F
:10448000F08F6FF05304F8E738B514460D464A6BC9
:1044900013B1012B07D11444036FA34217D39442E5
:1044A0000ED1204638BD022B08D1D1E90B3189034A
:1044B00002D5934238BF13461C44EDE71446EBE7A0
:1044C0002946FFF7A8FC0028ECD16C63E9E76FF000
:1044D0001500E7E700002DE9F04F9DB09A460B6804
:1044E0000C93BDF89C704B68BDF8A0900B920446ED
:1044F0000D460D934FF00008A9EB0706012E60DC76
:10450000AB680133AB60A26E526A002A2DDD013226
:1045100042F00102B3FBF2F102FB11332BBB012687
:1045200014A9284614931596FEF77BF9002836D176
:104530002046FFF784FAB0F1000BC0F28D80A36E25
:104540001B6ABBEB530F10D2269B0093CDE9017978
:104550000B9A53462946204600F097FD83460028D3
:1045600000F0828010F11C0F76D1002600234FF05E
:10457000FF32CDE91532CDE917236968A06E149199
:10458000836C002B74D0083B1993FFF766FA024640
:1045900000286FD012F1540F40F0AD8100264FF08B
:1045A000FF3323614FF00108002314A92846CDE909
:1045B0001438FEF736F9002840F09F816FF01B0B8E
:1045C0004AE014AB0893AA4B07937B421BB2CDE998
:1045D0000593A84B2699CDF85080CDE901A30B9BFC
:1045E0000093CDE903874FF0FF3300222046FEF70A
:1045F00090FB834680BBFE2E15DCA36EDA69986CB7
:10460000A2F1240160B342089869431E1344B3FB2E
:10461000F0F200FB12329B1A8B42149A28BF0B4611
:104620009A427FF66DAF07EB6606269B0093B6B203
:10463000CDE901690B9A53462946204600F025FD35
:10464000834678B110F11C0F06D1A36E1499DB6973
:10465000243B8B42BFF454AF58461DB0BDE8F08FE9
:104660005208D1E7B14647E7B9467EE746467DE7BF
:10467000C36988E70DF1500805F10802042341469B
:104680002046FFF7DAFA0246002883D10EAB0893E2
:104690007A4B07937B421BB2CDE90593764B269963
:1046A000CDE901A30B9B0093CDE903074FF0FF3346
:1046B0002046CDE90E48FEF72CFB024600287FF489
:1046C00069AF05F118010846FEF7A1F870B9EA7D57
:1046D0000B466A4902F5C06241EA02522046414651
:1046E000FFF7CAFA024600287FF454AF0023CDE951
:1046F000103312934EB904F13C0110A8FEF7ACF848
:1047000004F1300110A8FEF7A7F804F1480B594650
:1047100010A8FEF7A1F8109B10AA6FF30903294611
:1047200020461093FEF793FA0246002840F0E380FB
:10473000DDE910321343129A134309D0514A10ABEA
:1047400041462046FFF798FA024600287FF422AF40
:1047500041462046FFF7B5FD024600287FF41AAF18
:10476000D5E90031C5E90013159BEB60A9EB0707FC
:10477000169BAF822B61A064CBE90100002E00F0F4
:10478000B28004F120010CA8FEF74BF818B92B6891
:1047900023626B686362A66AD6B942460CA92046BA
:1047A000FEF793FDB0F1000B2BDA1BF1020F7FF443
:1047B00053AF42460CA92046FEF7D2FD834600289F
:1047C00063D010F1020F7FF447AF4FF0000B43E7C7
:1047D00006F108010CA8FEF724F818B92B68B3609D
:1047E0006B68F360B379022B09D106F12C010CA898
:1047F000FEF717F818B92B68F3626B6833633668F5
:10480000CAE701212046FEF79CF8C8B9414604F1E9
:104810003000FEF72FF8A8B9002310930023CDE94C
:10482000113B10AA022341462046139500F079F867
:1048300030B94FF0FF312046FEF783F80028B8D09A
:10484000834609E7236BA663C3F389216FF39E2395
:10485000C4E90C36CBF38923994205D2ABF5806BC2
:10486000094B43EA8123D8E740F2FF339942D3D082
:10487000F6E7A16C020000FC0F409580020008FCE6
:104880000F000CFCFF7F0000F04F414604F13000A8
:10489000FDF7F0FFB0B900239DF8672010930023C7
:1048A00011931D4B02F5C06243EA0253CDE9123564
:1048B00010AA02234146204600F033F88346002820
:1048C00083D0C9E6236BC4F838B0C3F389216FF3F2
:1048D0009E23C4E90C3B40F2FF339942DBD00F4BDF
:1048E00043EA8123D8E704F13C03303494E807001D
:1048F00083E8070069E79346AEE6291D2046FEF7E8
:10490000FCFF834600283FF4B1AE10F11C0F7FF48A
:10491000A3AE002E3FF452AE28E608FC0F000000C4
:10492000F04F2DE9F04F866AA1B005460C4690463F
:104930009946002E6BD1A446BCE80F0010AF0FC7FC
:104940009CE80F0087E80F00434608EBC90140F2DE
:10495000014040F2FF47994240F0898076B1A38A36
:1049600063B918AA21462846FEF7FAFC84460028B7
:1049700000F0A08010F1020F40F0AA80A37D13B9CF
:10498000A38AFE2B30D9E268236818934FF0FF31D9
:10499000CDE91B122369A86E19921A93816C002924
:1049A00000F09E8008391D910BA90891A449079138
:1049B0000021CDE90511CDE90311CDE901910DF1FA
:1049C000600BCDF80080214628460B95CDF830B01D
:1049D000FEF79FF98446002800F084801CF11C0F2C
:1049E00002D01CF1540F73D14FF0FF332B61A38A17
:1049F00002930023CDE9004342464B462146284618
:104A0000FFF769FD8446002800F0B08060E006F101
:104A10000800A04201D136688BE72146FDF701FF6F
:104A20000028F8D1B379012BF5D1336BDB02F2D535
:104A3000AB6EF26A9B6A9A42EDD9736BF363AB6E0D
:104A40001B6A2B6631462846FFF771F9844650B938
:104A5000336B23F48013336331462846FFF7DBF9C9
:104A600084460028D7D0604621B0BDE8F08F1A6890
:104A70004FEA125CC2F30A52824204D1A28A013286
:104A8000A282083367E7BA4204D1A28A013AA2821D
:104A90000126F6E70CF4E062B2F5C06FF1D15A6876
:104AA0001268A2615A685268E2611A68C2F3005241
:104AB000E275E6E79DF87730002B3FF45FAF2246C2
:104AC00018A9284600F0BFF8844600283FF456AFE6
:104AD00010AD0FCD0FC495E80F0084E80F00C2E7BA
:104AE000C1695FE705F13007CDE90D000F90394648
:104AF0000DA805F13C06FDF7AFFE05F1480A314669
:104B00000DA8FDF7A9FE51460DA8FDF7A5FEDDE9AC
:104B10000E210D9B0A436FF309031A430D9311D025
:104B20000DAA21462846FEF792F884460028CFD1E8
:104B3000444A0DAB59462846FFF79EF884460028A4
:104B40007FF44CAF59462846FFF7BBFB844600284C
:104B50007FF444AF199BE3601A9B236197E8070039
:104B600086E80700C5F848C0CAE901CCAE6A40F241
:104B7000014B4FF0FF3A26B9AC6A002C43D1A44652
:104B800071E706F10807A74201D13668F3E710A9DB
:104B90003846FDF746FE86460028F6D1A446BCE816
:104BA0000F000FC79CE80F0087E80F00CE45ECD040
:104BB00058F83E3040F2FF41C3F30A528A4213D103
:104BC000B288C3F389239A4204D1C6E902AA0EF13E
:104BD000010EEBE7FBD9B379013A022BB280F6D193
:104BE000B36A013BB362F2E75A45F0D1B288C3F32E
:104BF00089239A42EBD3B3790132022BB280E6D1FA
:104C0000B36A0133EEE704F1080610A93046FDF758
:104C100008FE38B904F12007A388A18B8B4201D389
:104C2000E07F08B92468A8E75B1AA3803A463146BA
:104C30002846FEF788FB84460028EDD013E79580D0
:104C400002000CFCFF7F73B514460E4600F14802CB
:104C500021460546FDF7FBFF70B9E27D084B02F5E2
:104C6000C06243EA02530093183401236A46314676
:104C700028460194FFF755FE02B070BD00BF08FC46
:104C80000F0070B50B6B1E0386B005460C463FD473
:104C9000FFF7C1F8226B20B142F40022226306B074
:104CA00070BDD10334D504F108063046FDF7AFFDE1
:104CB00000282DD1D3025DBFD4E90A016B46C3E9B8
:104CC0000001E26AA1884BBFE36C082240F2012098
:104CD00040F2022042EA812242EA0052CDE9022358
:104CE000226D936843EA812343F081530493536810
:104CF000059302AA022331462846FFF712FE236BD2
:104D000018B143F400232363C9E723F480332363FA
:104D10000020C4E770B505460C46FFF7B2FFAB6A4A
:104D2000064605F128021BB19C42196808D11160A2
:104D3000236D1B6813B9E06CDFF742F9304670BD94
:104D40001A460B46EFE770B5C36B1B0D13F4E06F0B
:104D50009EB0044605D1206BC0F30900F8B91EB01F
:104D600070BD00F1400216A9FEF7EDFA0028F6D159
:104D7000E36BA063C3F38922236B6FF39E23C4E923
:104D80000C30344B43EA8223CDE90E300EAA0123C6
:104D900016A92046FFF7C5FD0028DCD0DFE71C225E
:104DA000002106A801F05DFE01238DF82F300D9340
:104DB0000CA8FDF72CFD40B1216B494249B22046B9
:104DC0001EB0BDE87040FDF7BCBD0CAA0EA9204680
:104DD000FEF7B9FA0028C2D19DF82F30002B31D14F
:104DE00016AA0CA92046FEF770FA002809DA831CDF
:104DF000B5D10EAA06A92046FFF725FF0028AED19F
:104E0000D6E702AD0346144A009516A92046FDF7E1
:104E100012FF0028A3DBDDE90C31029A9A420CD183
:104E2000039B99420ED00D4B04AACDE9043506A987
:104E300001232046FFF775FDE0E79142F3D1039A85
:104E40009342EFE70EAE0FCE06AD0FC596E80F000A
:104E500085E80F00ACE70000F04F00FCFF7F08FC86
:104E60000F602DE9F0478AB013F0020F06460D4699
:104E70000392984634D1129B2B6505F10807002355
:104E80006B63EB63EB64C5F830802B1D03AA3946D6
:104E90003046FEF78EFA041E06DAA21C17D1AA8845
:104EA00040F2FF339A4212D00123AB71B36A2B60F8
:104EB000A31CB56251D118F4807F08D0039C204612
:104EC00002F04BFDF36E834213D26FF023042B6B81
:104ED00043F400232B6329463046FFF71BFF04E011
:104EE000FFF731FF04460028C5D020460AB0BDE8D0
:104EF000F087AB88614A40EA832040F48010CDE916
:104F000006045E4C42EA8322049244EA8323002290
:104F1000CDE908320592032304AA39463046FFF74B
:104F200000FD0028D1D1DFF85CA14FF000084FF060
:104F30000C092B6D9A68424535D81B68002B62D04E
:104F4000EB64B06E05F14001FEF789FD40F20123EC
:104F5000B3EB145F61D00024C7E718F4007F40F082
:104F60008380240D012C40F08280AB8818F4806F80
:104F70004FEA832308D043F000542B6B43F4803373
:104F800044F480142B63CEE705F1280243F000536C
:104F9000009243F008033A4A39463046FDF74BFE8B
:104FA000041EC0DA93E72A6BD00706D42B6B2A6D58
:104FB00099071DD408F10108BBE75868B5F804C08B
:104FC00009FB08F28118825C8B684968009143EA0A
:104FD0008C2302F5407243EA02533946524630466A
:104FE000FDF729FE0028E1DA831CDFD004466EE7D6
:104FF000526809FB08229168726F91423AD843F4D3
:1050000080332B63D6E7B36E986ADEF7D4FFE8648B
:10501000002896D16FF00B0459E72B6B43F48013F3
:105020006FF001022B63C4F309040023AA62EC624F
:105030002A646B64B36E9A6AAA64002C8BD040F227
:10504000FE339342A98828BF134643EA8123EA6CC2
:10505000009243F000530A4A39463046FDF7EBFD13
:10506000041EBFF678AF32E76FF010042FE76FF041
:1050700014042CE76FF01B0429E700001040000027
:10508000102000FC0F7000FCFF7F2DE9F0439846D4
:10509000836E8DB01B6A03660C4604A9BDF854905C
:1050A00006461746FEF78DFC054628BBE37D8DF8C6
:1050B0002730A3690A93E3690B93BDF85830CDE913
:1050C0000193149B00933A46434604A93046FFF7E8
:1050D00002FA054680B9049F059AA7610123E2619F
:1050E000E37506F120012046FDF79BFB20B9B9F1DD
:1050F000000F01D1C6E9087228460DB0BDE8F08363
:10510000000030B597B00546FEF7B4FC0446002811
:105110004FD1AB6E0146DA6A686E01F0A2FCAB6E4D
:105120006C65DA6A196AEC65D2008A4294BFAA6596
:10513000A9651B6A2B660EA92846FEF742FC0446A9
:10514000002833D14FF400330293AB6EDA691B6A47
:105150000493EB6E05932B6F06936B6F0793164BBF
:105160000392CDE90830154B0A93154B0B93154B61
:105170000C9302AB0D9308AA03230EA92846FFF750
:10518000D0FB044690B98DF84E00034602460EA9A6
:105190002846FFF7C6FB044640B9009001236A4643
:1051A0000EA928460193FEF7CEF804462846FDF7DF
:1051B000DBFB204617B030BD00BF000010400800E8
:1051C000F00F9ADE020018001020FDF7CDBB2DE98C
:1051D000F04397B00446FEF74DFC054670BB014610
:1051E0001C220EA801F03DFC444FDFF81881DFF8C7
:1051F0001891012315932E4614A8FDF708FB08B358
:1052000004F12000FDF703FB0346002872D1226B56
:1052100002EBD272226304F1300207CA04F13C06A9
:1052200086E80700A16EE26A086AB2FBF0F600FBAE
:105230001622C4E91523E3650B6A2366284617B0D6
:10524000BDE8F083A36E1B6AB6EB530F4FD2082361
:10525000079305ABCDE90283294B0190009314AA73
:10526000284B0EA92046CDE90547FDF73EFE002854
:1052700006F1010619DB31D040F3090001302DD0D1
:105280000E9B23620F9B636208AB00931D4A4B4643
:105290000EA92046FDF7CFFC002806DB089B9AB23A
:1052A0001B0C022B06D06FF0150005462046FFF7B9
:1052B0008CFFC3E7002AF6D10B9B1BB1E26E934231
:1052C000F1D8E3660C9B1BB1226F9342EBD82367A6
:1052D0000D9B1BB1626F9342E5D8636704F1300206
:1052E0000EA92046FDF7B3FC002885D0DDE76FF05E
:1052F0005300DAE76FF01505D8E79ADE02000800E0
:10530000F00F00FCFF7F9D79020018001020F0B51F
:1053100099B004460391FFF716FD00285DD10346BE
:1053200003AA06A92046FEF744F8002855DBC0F37F
:10533000892340F2FF32934251D0050DA26A0E92AA
:10534000022D4FEA832704AE21D147F00053254AAE
:10535000009643F0080306A92046FDF76CFC0028E0
:105360003BDB324610A92046FDF7EDFF002834D183
:10537000159B33F47F032ED101212046FDF7E1FA7E
:1053800058BB0EAB8DF83E00ADF83C00A362002385
:1053900047F09F47059347F4E0070123324606A9EB
:1053A00020460497FFF7BDFA0E9BA362A8B9022D11
:1053B00013D14FF0FF312046FDF7C3FA68B906AAB2
:1053C00010A92046FDF7CCFF38B910AA06A920463F
:1053D000FFF739FC01E06FF0260019B0F0BD6FF067
:1053E0001500FAE700BF00FC0F702DE9F04FAFB0D9
:1053F000CDE906120546FFF7A6FC0346002840F05B
:105400000F810DF1280906AA49462846FDF7D1FF6C
:10541000061EC0F2078140F2FF38C6F389274745D0
:1054200005D16FF0150420462FB0BDE8F08F0DF1C7
:10543000160307AA12A92846FDF7BBFF041E2ADBA4
:10544000C4F389234345ECD012A94846FDF7E9F996
:10545000AB6A1A93A11C804629D1079802F07DFA05
:10546000EB6E984200F2E080BDF81630B8F1000F04
:1054700018D02B6B6FF39E2343EA872343F09F439F
:1054800043F4E0032B630A9B6B63A21C0B9BAB638F
:1054900047D13A4609E0A01CC5D1BDF816304345B6
:1054A000D2D1C0E79F42F4D37A1C00233FE0330DF2
:1054B000B3EB145F4FEA145240F0B980BDF81630D8
:1054C000002840F0B7809F4201D10024ABE7022AB8
:1054D00027D15A4A0DF1900A42EA8323CDF800A061
:1054E000584A12A92846FDF7A6FB002859DB524668
:1054F0001CA92846FDF727FF002852D1219B33F431
:105500007F034CD101212846FDF71BFA002848D122
:105510001AAB8DF86E00ADF86C00AB62B8F1000FFD
:10552000A7D1BDF81620474B43EA82233A4624937D
:105530004649BDF8163003926FF3130641EA832102
:105540004FEA832B46EA8326079B02934FF0000A1B
:105550001846CDE9261ACDF894A002F0FEF9029B78
:1055600029934BEA070343F08053064343F4801327
:10557000CDE92A392896B8F1000F14D1324B039A9D
:1055800043EA82232C9300232D9324AA052312A9F6
:105590002846FFF7C6F940B11A9BAB6201E06FF0F5
:1055A000260004463FE75346ECE7B8F1000F16D05B
:1055B0002B6B1A0D12F4E06F11D06FF39E23C5E927
:1055C0000C30204BA86343EA8723CDE9083008AAB2
:1055D000012349462846FFF7A4F90028DCD11A9B8D
:1055E000AB62A31C3FF471AF240D022C7FF46DAFAE
:1055F0004FF0FF312846FDF7A4F9044600287FF458
:1056000012AF12AA1CA92846FDF7AAFE04460028DC
:105610007FF409AF1CAA12A92846FFF714FBC0E7C4
:10562000044600E73446FEE66FF02304FBE66FF025
:105630001404F8E6022A3FF44CAF1AE700BF080052
:10564000002000FC0F700000F04F0000104030B54B
:105650008BB015460191002301AA02A90446FDF76B
:10566000A8FE002806DBC0F389222B4602A92046AB
:10567000FDF707FB0BB030BD000013B5034C0094E1
:10568000FFF7EFFB02B010BD00BFC4210300FFF71E
:1056900041BBFEF7A0BDFEF729BCFEF7F5BE2DE924
:1056A000F047A6B005460191FFF74DFB80B9AB6A04
:1056B0001C9301AA0DF102031EA92846FDF779FEED
:1056C000831C08D1BDF8027040F2FF339F4207D11E
:1056D00026B0BDE8F0870028A8BF6FF01000F7E7FC
:1056E000DDF80480404602F038F9EB6E9842064639
:1056F00071D8AB6E04AC1B6A2B6621462846FEF7B8
:1057000060F90028E4D10DF1780EBEE80F000DF12C
:10571000300CACE80F009EE80F008CE80F000DF194
:10572000480A9DF84730002B4DD1DFF8B89001238F
:1057300002AA21462846CDE9029AFFF7F2F800288E
:10574000C6D19DF88F30F3B101212846FDF7F9F855
:105750000028BDD11CAB8DF87600ADF87400AB62AB
:1057600014AA01230CA92846CDE91494FFF7D9F80F
:105770001C9BAB620028ABD14FF0FF312846FDF7F0
:10578000E0F80028A4D1154B43EA872314930023A3
:105790001593134B43EA8723CDE918349DF88F30D6
:1057A000002B104B46EA872618BF0023CDE91A3498
:1057B00046F40016042314AA1EA92846CDE916684B
:1057C000FFF7AFF884E752460CA92846FDF7BBFD6A
:1057D0000028A6D07CE76FF0230079E700BF000027
:1057E00010400800002008FC0F60F0B587B001F100
:1057F000080603920C46002303AA31460546FDF72E
:10580000D8FD00282ADB030D022B29D1C0F3892003
:1058100040F2FF33984204AF15D12B6A04936B6AB0
:1058200005933A4631462846FDF78DFDB0B9A36889
:10583000E362E36823630223A080A062A371AB6AE2
:105840002360AC620AE0074B084A009743EA8023D2
:1058500031462846FDF7EFF90028E2DA07B0F0BD3F
:105860006FF01300FAE70800002000FC0F702DE92C
:10587000F0410C46154606464FF484720021284636
:1058800001F0EFF8A36A63B92846022300F8083B49
:105890001A4902F0B6F8A36A0133A3620120BDE8F9
:1058A000F081012B22D004F1200804F10807A2881E
:1058B000A38B9A420AD1E07F0028F0D042463946B5
:1058C0003046FDF740FD0028E9D1A080A2882B4694
:1058D00039463046FDF7D5F908B1831CDFD1A388DE
:1058E000023003F10103A380E1D0D4E7284602236C
:1058F00000F8083B0249CCE700BF98DE020097DEC3
:10590000020010B501F12C020C460831FDF71BFD19
:1059100008B9A080A06210BDFEF791B8000030B5B4
:105920000C4D0A44914200D130BD11F8013B83EA8D
:10593000000404F00F0455F8244084EA101080EAB3
:10594000131303F00F0355F8233083EA1010E9E72F
:1059500000BFD82103000B460146184601F07DBF69
:1059600000F074B80268D207034605D4427802B149
:10597000FFDE01205870704700207047012303604C
:105980007047012838BF012010B504462046DEF7D5
:1059900012FB00B110BD00F05CF808B900F0D5FEB4
:1059A0008047F3E708B500F0D0FE08B500F0CDFE63
:1059B00008B500F0CAFE012A30B403D10B78037099
:1059C00030BC7047002AFBD030BC01F030B82DE964
:1059D000F041DDE906680D4617461C4636B1964291
:1059E00030D8324619462846FFF7E5FFB8F1000FD8
:1059F00011D0BE420FD04246E919A819FFF7DBFFCC
:105A0000BE4208D9EB19A219934206D33246214669
:105A10002846FFF7D0FFBDE8F081A34208D8641BF9
:105A2000E41B3444324629192846E2F783FFF2E7A3
:105A30001F1B3A4621462846FFF7BDFFF21BA91956
:105A4000E819F2E7B8F1000FD5D1DBE7DEF7B8BA15
:105A50000000024B1868BFF35B8F704700BF2C49F2
:105A6000002008B52DED028BB0EE408A00F057F90A
:105A7000B4EE488AF1EE10FA06D6DFED098AB4EEEC
:105A8000E88AF1EE10FA02D4BDEC028B08BD01F0F9
:105A9000B4FE88EEA80ABDEC028B2123036008BD8A
:105AA00000BF0000000010EE103A184923F0004239
:105AB0008A421AD9B2F1FF4F02D330EE400A704742
:105AC00000B583B0684600F02EF900F0030001280D
:105AD000DDED010A9DED000A10D0022809D090B931
:105AE00000F053F803B05DF804FBDFED090A00F0A5
:105AF0004CB800F04AF8B1EE400AF3E700F0C7F8FE
:105B0000B1EE400AEEE7012000F0C1F8EAE7D80F55
:105B1000493F0000000010EE103A194923F00042FE
:105B20008A421BD9B2F1FF4F02D330EE400A7047D0
:105B300000B583B0684600F0F6F800F003000128D5
:105B4000DDED010A9DED000A13D002280BD098B9B3
:105B5000012000F09CF803B05DF804FBDFED0A0AB9
:105B6000002000F094B8012000F091F8B1EE400A56
:105B7000F1E700F00AF8EEE700F007F8B1EE400AAE
:105B8000E9E7D80F493F0000000010EE103A23F07B
:105B90000043B3F1485F2CD2FDEEC07A17EE903A85
:105BA000002B60D060EE007A9FED317A9FED315A84
:105BB000DFED315A9FED316ADFED316AA7EE875A8A
:105BC0009FED307AE7EE855AA7EEA56AA7EE867AB2
:105BD000E7EE876A67EEA66A60EEC00AB6EE007A64
:105BE000E7EEA60AB7EE000AD7EE870A30EE600AA3
:105BF000704760EE007A9FED1D7A9FED1D5ADFED34
:105C00001D5A9FED1D6ADFED1D6A1E4AA7EE875AD9
:105C100093429FED1B7AE5EE275AA5EEA76AA6EE02
:105C2000277AE7EE276A66EEA76AD5D9174A934224
:105C300014D803F17F4307EE103AB7EE006A36EE50
:105C4000476A60EEC00AF6EE005A97EEA57AE7EED4
:105C5000A60A37EE607A36EE470A7047B6EE076A54
:105C6000B5EE027AEDE7B7EE000A704700BF4ED7F7
:105C700047ADF6740F317CF293B4010DD037ABAA67
:105C80002A3D610BB6BA9999993E0000483F10EE43
:105C9000103A23F00043B3F1485F04D2FDEEC07A1E
:105CA00017EE903A5BB360EE007A9FED157ADFED68
:105CB000155A9FED156ADFED156AE7EE875A9FEDDD
:105CC000147AA5EEA76A20EE275AE6EE276AA6EE1A
:105CD000A77A30B9DFED106AE7EE876AA6EE850A8B
:105CE000704727EE457AF6EE006AA0EEA67ADFED61
:105CF0000A6AD7EE270AE5EE260A30EE600A7047F8
:105D000000BFD3C92E2F342FD7B21BEF3836010D69
:105D100050B98988083CABAA2ABEABAA2A3EB1EE8C
:105D2000C00A704700BF70B510EE103A884A23F0E1
:105D30000044944286B0054671D9854A94421E4675
:105D400024D823F00042002BDFED837A834922F030
:105D50000F02B0EE407A40F3E0808A4270EE677A3C
:105D600009BF9FED7E7ADFED7E6ADFED7E6A77EE1A
:105D7000C77A37EEE67A77EEC77A80ED007A77EE6B
:105D8000E67AC0ED017A012006B070BD774A9442F0
:105D900052D9B4F1FF4F48D2E215863AA4EBC25370
:105DA00007EE903ABDEEE77ADFED716AB8EEC77A9A
:105DB00077EEC77A8DED037A67EEA67ABDEEE77AC5
:105DC000B8EEC77A77EEC77A8DED047A67EEA67AD9
:105DD000F5EE407AF1EE10FACDED057A40F09880BC
:105DE000B5EE407AF1EE10FA0CBF012302236049B0
:105DF00001910221009103A8294600F0CCF8002E61
:105E0000C2DA95ED007AD5ED017AB1EE477AF1EE7E
:105E1000677A85ED007AC5ED017A4042B4E7002249
:105E200085ED000A42600020AEE770EE407AC0EDDA
:105E3000017AC0ED007AF6E700F0A5F89FED4E7A02
:105E40009FED456AF6EE007AE0EE077A9FED457A1F
:105E5000FDEEE77A17EE900AF8EEE76A1F28A6EE45
:105E6000C60A66EE877AB1EE666A20DC434A411EB6
:105E700026F0004352F8212023F0FF03934216D06E
:105E800030EE677A30EE470A002E30EE670A85ED75
:105E9000007A85ED010ABFF677AFB1EE477AB1EE31
:105EA000400A85ED007A85ED010A40426CE730EE4C
:105EB000677AE21517EE103AC3F3C753C3EBD45316
:105EC000082BDFDD9FED267A9FED275AF0EE405A32
:105ED000E6EE075A70EE657AE6EE077AD6EE857A38
:105EE00035EEE77A17EE103AC3F3C753D21A192AE0
:105EF00010DD9FED227A9FED225AB0EE650AA6EEE4
:105F0000070A75EEC07AE6EE077AD6EE857AB7E72D
:105F100003236CE7B0EE650AB4E78A4270EE277A95
:105F200009BF9FED0E7ADFED0E6ADFED0E6A77EEA8
:105F3000877A37EEA67A77EEC77A80ED007A77EE29
:105F4000A67AC0ED017A4FF0FF301DE700BFD80FF1
:105F5000493FE3CB1640800FC93FD00FC93F0044F3
:105F600035374344353708A3852E800F4943000059
:105F700080439822030084F9223F1822030000A3E3
:105F8000852E32318D2410EE103A23F0004300EEBE
:105F9000103A704700BF2DE9F04F2DED048BDBB0B8
:105FA0001C46944603930A46CD4B68991CF1040F96
:105FB00053F82160824604F1FF38C0F24982BCF1F7
:105FC000030348BF0CF10403DB10029301334FEAD3
:105FD000C30EACEB0E030593029B16EB0800A3EB7C
:105FE000080316D401309FEDBE7A699C18441EA99F
:105FF000002BA4BF54F8235007EE905A03F101037D
:10600000ACBFF8EEE77AF0EE477A8342E1EC017A32
:10601000EED1002EC0F2B182039B1EA901EB8304D6
:1060200046AD4FEA83094046F7180AEB8301B8F101
:10603000000FDFEDAB7A09DBA3465346F3EC016AB0
:106040003BED017A8B42E6EE877AF7D10130B84218
:10605000E5EC017A04F10404E9D10DF1280B0BEB16
:106060008603CDE9062E043B9FEDA09ADFED9E8AC4
:10607000059804930AEB090446AF0BEB86090096DA
:10608000CDF820C05AAB03EB8603002E13ED140AA3
:106090004FEA860515DD7B195A4660EE097AB0EEA7
:1060A000407AFDEEE77A73ED016AF8EEE77ABB42DB
:1060B000A7EEE87A37EEA60ABDEEC77AA2EC017A1F
:1060C000EBD1019000F0CFFAF4EE007AB0EE408A06
:1060D00020EE270A00F07DFAF2EE007AA0EE678A41
:1060E00001980028FDEEC89AF8EEE97A38EE678A42
:1060F0006CDD06F1FF3EC0F108035BF82E2042FA8A
:1061000003FC0CFA03F3D21AC0F1070119EE903A1E
:106110004BF82E200A416344002A09EE903A00F31E
:10612000F080B5EE408AF1EE10FA40F09D80009BC1
:106130009E420ADD5D44002355F8041D4D4543EAA7
:106140000103F9D1002B40F0F280009B013B5BF88A
:106150002330002B40F0E780049B012153F8042DED
:106160000131002AFAD0731C31449C46029D039AE7
:1061700005EB030E0EF1804E699D32440EF1FF3E99
:1061800007EB83061EAB05EB8E0E03EB8205DEEDFF
:10619000017AF8EEE77AB8F1000F0EF1040EE5ECA3
:1061A000017ADFED4F7A09DB2A465346F3EC016AA8
:1061B00032ED017AA342E6EE877AF7D10CF1010CB9
:1061C0006145E6EC017AE2DA0E465BE740F08F804B
:1061D000731E5BF82320D211002AA2DD19EE903A3B
:1061E000002E03F1010309EE903A40F3D4815946A1
:1061F0004FF0000E51F8043B002B6AD0C3F58073BA
:1062000041F8043C04E00B68C3F1FF0341F8043B90
:106210000EF1010E7645F6DC01239E4600280ADDCC
:10622000012878D0022806D1711E5BF8213003F0D6
:106230003F0C4BF821C0022A7FF473AFB7EE000A7F
:10624000734630EE488A002B3FF46BAF0992019001
:1062500000F009FA38EE408A0198099AB5EE408AB2
:10626000F1EE10FA3FF463AF9246DDE9062EDDF859
:1062700020C00196AEEB0C00B0EE480A009E0092E2
:1062800000F0F1F9DFED186AB4EEE60AF1EE10FA6B
:10629000DDE90023F0EE407AC0F250819FED137AE1
:1062A000059920EE077A0831BDEEC77A0591B8EE60
:1062B000C77A5C1CE7EE667ABDEEC77AFDEEE77A38
:1062C00017EE901A4BF8231017EE103A4BF82430C3
:1062D00046E00EF1010EB6458CDB9E469EE7DC25BE
:1062E000030000000000000080430000803BF6EE49
:1062F000007AB4EEE78AF1EE10FA80F2988000227C
:106300000FE70133002E09EE903A3FF770AF0023FC
:1063100001289E4686D1711E5BF8213003F07F0C68
:106320004BF821C087E7731C9C4619461EE733468D
:106330009246DDE905125C1EA1F108005BF824100D
:10634000009E059061B903F18043013B0BEB830391
:10635000014653F8040D013C08390028F9D0059195
:1063600005980092B7EE000A00F07DF9002C009A23
:10637000B0EE407AC0F20581601C46AD5FED256A43
:1063800081000BEB800305EB800073ED017AF8EEE2
:10639000E77A5B4567EE877A27EE267A60ED017A29
:1063A000F3D10DF1C8080B1F46A8C718C646A4466E
:1063B00000259146002E73DB844ADFED847A38464F
:1063C000002301E0AB4208DCF2EC016AB0EC017A98
:1063D00001339E42E6EE877AF4DA0CF1FF3CBCF121
:1063E000FF3FEEEC017A05F10105A7F10407E1D1C9
:1063F000689B022B4A4656DC002B2EDC0ED1DFEDCB
:10640000737A414431ED017A414577EE877AF9D1CB
:106410005346002B40F0AE80C2ED007A19EE903A60
:1064200003F007005BB0BDEC048BBDE8F08F19EE04
:10643000903A002E03F1010309EE903AC8BF022200
:106440003FF7D5AEF7EE007A37EEC88A022268E64B
:1064500000234FF0080E0293BBE59FED5C7A4144A8
:1064600071ED017A414537EE277AF9D1DDED327AC7
:10647000534677EEC77A002B75D182ED007A64B16E
:1064800033A90123B1EC017A01339C4277EE877A7C
:10649000F8DA53460BB1F1EE677AC2ED017ABDE747
:1064A000DFED4B7A99E7689B032BB7D1002C7ED0A8
:1064B00008EB840595ED007AA0002B46294671ED86
:1064C000017AF0EE476A37EE277A414577EEC77AD0
:1064D00081ED007A77EEA67AC1ED017AEFD1012C39
:1064E00065D095ED007A08F1040173ED017AF0EEC4
:1064F000476A37EE277A994277EEC77A83ED007ABA
:1065000077EEA67AC3ED017AEFD1031DDFED307A85
:10651000434408F1080833ED017A984577EE877A0D
:10652000F9D15346DDED326A9DED337A73B9C2ED90
:10653000006A82ED017AC2ED027A6FE7FDEEC07A61
:106540001C4617EE901A4BF8231009E7F1EE666A25
:10655000B1EE477AF1EE677AC2ED006A82ED017A18
:10656000C2ED027A5AE7B1EE477A82ED007A002C4A
:1065700086D190E7F1EE677A4EE7039B4FEA8309F5
:106580006BE5689B022B0EDC002B13DC7FF446AF1F
:10659000DFED0F7A3CE7022A7FF4C3ADF7EE007A15
:1065A00037EEC88ABDE5689B032B7FF437AFDFED7C
:1065B000077AB6E75346DDED327A13B9002313604C
:1065C0006BE74FF00043136065E7B0250300000060
:1065D000000010EE102AC2F3C7537F3B162B22F0A7
:1065E000004129DC002B104618DB1A4919410A42E8
:1065F00021D0DFED197A70EE277AF5EEC07AF1EE50
:1066000010FA18DD002A04DA4FF4000242FA03F30C
:10661000184420EA010300EE103A7047DFED0F7ACC
:1066200070EE277AF5EEC07AF1EE10FA03DD002A5B
:1066300008DB9FED0A0A7047B1F1FF4FFBD330EE44
:10664000000A7047DFED077A0029BFEE000A08BF95
:10665000B0EE670A7047FFFF7F00CAF24971000081
:1066600000000000008010EE103A33F000411A469E
:1066700027D0B1F1FF4F21D213F0FF4F22D1DFED30
:106680002B7A2B4A60EE277A904217EE903A33DB52
:106690004CF2503CC3F3C75160451A46A1F11901B1
:1066A00016DDDFED247ADFED246A002BB0EE677A89
:1066B000B8BFF0EE667A27EE870A704730EE000A20
:1066C000704770474CF2503C60454FEAD151E8DCCE
:1066D0000144FE29E5DC002915DC11F1160F19DB58
:1066E000193122F0FF4242EAC15207EE902A9FED93
:1066F000130A27EE800A7047DFED127A07EE103A90
:1067000027EE270A704722F0FF4242EAC15300EE0B
:10671000103A7047DFED0B7ADFED0B6A002BB0EE1D
:10672000677AB8BFF0EE667A27EE870A70470000F6
:10673000004CB03CFFFFCAF24971CAF249F10000B7
:1067400000336042A20D6042A28D08B5062001F020
:1067500034F8012003F06BF80028B8BF40427047BE
:10676000000008B5064B044613B10021AFF30080CA
:10677000044B1B6803B19847204603F058F800000B
:106780000000684A00200CB430B5174B0C1E1D6881
:106790009DB008DA8B232B604FF0FF301DB0BDE8B1
:1067A000304002B070474FF40273ADF8143014BF9C
:1067B00004F1FF332346049307934FF6FF730290CF
:1067C0000690ADF81630209A21AB02A92846019315
:1067D00001F0E3F9431CBCBF8B232B60002CDDD000
:1067E000029B00221A70D9E700BF440100200EB4BA
:1067F00000B59CB01DAB029006906FF000410948B7
:1068000007910491094953F8042B059100680193FD
:1068100002A901F0C2F9029B00221A701CB05DF8B7
:1068200004EB03B07047440100200802FFFF00237F
:1068300010B50446C0E90033C0E9043383608181A8
:106840004366C2818361194608225C3000F009F971
:106850000D4B63620D4BA3620D4BE3620D4B236343
:106860000D4B24629C4206D003F16802944202D090
:10687000D0339C4205D104F15800BDE8104000F02F
:10688000E6BF10BD00BFC9C50200EFC5020027C6A4
:1068900002004BC6020030490020024A0349034867
:1068A00000F069B800BF3001002025C50200480192
:1068B000002041680C4B994210B5044601D001F00C
:1068C00078FCA168094B994202D0204601F071FC86
:1068D000E168064B994204D02046BDE8104001F023
:1068E00068BC10BD00BF3049002098490020004A14
:1068F000002010B50B4B0B4C0C4A1A6020460022AE
:106900000421FFF794FF04F1680001220921FFF739
:106910008EFF04F1D0000222BDE810401221FFF7E3
:1069200086BF684A0020304900200DAC02000148B3
:1069300000F08FBF00BF934A0020014800F08BBFDA
:1069400000BF934A002010B50446FFF7F0FF236A0A
:106950001BB1BDE81040FFF7F0BF044B2362044BAE
:106960001B68002BF5D1FFF7C4FFF2E700BF25AC91
:106970000200684A00202DE9F8430746884614467D
:106980000026D4E90195B9F1010905D52468002C48
:10699000F7D13046BDE8F883AB89012B07D9B5F9AB
:1069A0000E30013303D029463846C04706436835C8
:1069B000E9E7C9B20346184613F8012B12B18A421F
:1069C000F9D17047002918BF0020704770B5034601
:1069D0001E4613F8014B44B14A1E01E0A54204D003
:1069E00012F8015F002DF9D1F2E7301A70BD70B5D1
:1069F00003461E4613F8014B3CB14A1E01E0A54276
:106A0000F7D012F8015F002DF9D1301A70BD10B522
:106A100001390244904201D1002005E0037811F8C9
:106A2000014FA34201D0181B10BD0130F2E788428C
:106A300010B501EB020402D98442234607D8431E55
:106A4000A14208D011F8012B03F8012FF8E7024406
:106A500001468A4200D110BD13F8014D02F8014DE4
:106A6000F7E702440346934200D1704703F8011B45
:106A7000F9E738B50B4B1D686B6B044653B92420FE
:106A8000DDF799FA0246686320B9064B07483221C0
:106A900000F0BFFF696B2046BDE8384000F007B842
:106AA00000BF44010020A3DE0200BADE02002DE98F
:106AB000F0410C46074600F09CFE2146054638464C
:106AC00001F0DBFC43699907044603F26C7806D1B8
:106AD000642298FBF2F302FB1383002B71D14FF475
:106AE000C87298FBF2F302FB1383B3FA83F35B09DA
:106AF0005E42644B06F030061E4400F002FC00F0DB
:106B00000CFC614B1B68002B6AD06B6843455AD163
:106B1000D7E900232F68D5E90801002F5BD1824215
:106B200073EB01015EDB012323622B6D61684FF47F
:106B3000616293FBF2F002FB10333C2293FBF2F50F
:106B400002FB153223689B1AA2682360491B121AA4
:106B50003B2B6160A26051DD013161603C3B2360F1
:106B600063683B2B50DD0132A2603C3B6360A3684D
:106B7000172B4FDDE2690132E261A2690132072A77
:106B8000A8BF0022A261E268183B0132A36023691A
:106B9000E26056F823108A420EDD0B2BA2EB0102B5
:106BA000E26003F1010209BF63692261002201333F
:106BB00002BF22616361E26100F0A9FB2046BDE8EB
:106BC000F081012394E7404600F0E7FA00289FD1C6
:106BD0004FF0FF3304E0824273EB010102DA00233D
:106BE000236209E0D5E9120182428B41B4BF01233F
:106BF00000232362002B98D1AB6A97E7002BAFDA12
:106C0000013961603C33AAE7002BB0DA013AA26097
:106C10003C33ABE7002BCFDAE269013AE261A269CB
:106C2000013A48BF0622A261E2681833013AE260E5
:106C3000A360002AC0D12369013B05D423612369E5
:106C400056F82330E360B7E70B23236163695A1ECC
:106C50006261920703F26B7305D1642193FBF1F239
:106C600001FB123262B94FF4C87293FBF2F102FBDE
:106C70001133B3FA83F35B0903F5B673E361DEE71F
:106C80000123F9E700BF482603008C4A0020F7B52E
:106C900001683B29044611D93C22684600F0D7FE22
:106CA000019A63680099002A0B446360BBBF3C32C1
:106CB00003F1FF3322602260B8BF636061683B2943
:106CC00011D93C22684600F0C2FE019AA3680099DF
:106CD000002A0B44A360BBBF3C3203F1FF33626068
:106CE0006260B8BFA360A168172911D9182268464D
:106CF00000F0ADFE019AE3680099002A0B44E360BE
:106D0000BBBF183203F1FF33A260A260B8BFE360DB
:106D100021690B2911D90C22684600F098FE019ACE
:106D200063690099002A0B446361BBBF0C3203F115
:106D3000FF3322612261B8BF636163699A071CD186
:106D4000642193FBF1F201FB1232C2B903F26C73BE
:106D50004FF4C87293FBF2F102FB1133002B0CBF0E
:106D60001D231C23E268002A0BDC314D0B2064211B
:106D7000E668002E30DD03B0F0BD1C23F2E71D23D2
:106D8000F0E72B4DD4E90312012A14BF55F8220075
:106D900018468142EFDD0132091A0C2AE1602261B6
:106DA000F0D1636900215A1C2161910762613CD1D5
:106DB000642192FBF1F001FB1022002A37D103F28B
:106DC0006D734FF4C87293FBF2F102FB1133002B89
:106DD0000CBF1D231C23D5E72269013A2261013231
:106DE00016D163695A1E9707C4E9040219D192FBB0
:106DF000F1F701FB1722B2B903F26B734FF4C872BB
:106E000093FBF2F702FB1733002B0CBF1D231C234F
:106E10002269012A14BF55F822201A463244E26042
:106E2000A6E71C23F4E71D23F2E71C23AAE71D2392
:106E3000A8E7182603002DE9F04F85B0074600F0BB
:106E4000D8FC81463846FFF722FFD7E900433C22B1
:106E500002FB0344BB687D694FF4616202FB03449B
:106E6000D7E90363C04A52F82320013E012B1644A0
:106E700011DDA9070FD1642295FBF2F302FB135336
:106E800043B905F26C734FF4C87293FBF2F102FB45
:106E9000113303B9013605F51C53103344F6206253
:106EA0009342FE6100F26A81462D40F38E804623B4
:106EB00040F26D1C64214FF4C8709A077FD193FB98
:106EC000F1F201FB1232002A7CD103F26C7292FBC8
:106ED000F0FE00FB1E22002A0CBF4FF4B772624680
:106EE00001339D421644E8D1A04B4FEAE478C6FB3B
:106EF000034800F006FA00F010FA9C4B1B68002BC8
:106F000000F04381D7F820A078695346012BA8BF31
:106F100001230193D9F8043000F26C70834240F0F1
:106F20009680D9E90821D9F85000D9F84CC0131A35
:106F30000393D9F848300293029AD9F8283061EBCC
:106F4000E07BB2EB030E6CEBE371744578EB01026E
:106F500080F28580D9F80020002A00F08D80039A05
:106F6000944278EB0B02C0F20D81744578EB01017D
:106F7000B4BF4FF0010B4FF0000BBAF1000F80F2DD
:106F80008780BBF1010F40F00281D9F850301C1905
:106F900048EBE3784FF0010B00F0B9F90436072312
:106FA00096FBF3F3C3EBC303F61A00F1E580C7F8D1
:106FB00020B0BE612046414605B0BDE8F08F40F2EA
:106FC0006D128DE74FF4B7728AE78DD0452340F2FA
:106FD0006D1C64214FF4C87012E062BB93FBF1F2A8
:106FE00001FB123252BB03F26C7292FBF0FE00FB0B
:106FF0001E22002A0CBF4FF4B7726246B61A013B3C
:107000009D4203F00302E8DBDAB9642295FBF2F358
:1070100002FB1353C3B905F26C734FF4C87293FBB0
:10702000F2F102FB1133002B40F26D1308BF4FF455
:10703000B773F61A58E740F26D12DFE74FF4B772F4
:10704000DCE740F26D13F4E74FF4B773F1E700F0BB
:10705000A4F800287FF465AFDDF804B091E7029A48
:10706000121A02924FEAE0726CEB020C029A9442FE
:1070700078EB0C0CF0DB6DE7039A944278EB0B0293
:10708000FFF673AFBAF1000FFFF67FAF4FF0010BC1
:10709000019A82EA0B0ABAF1010F7FF472AFBBF1D9
:1070A000000F37D01B1A3A681A441C193A60384648
:1070B000FA68019248EBE378FFF7E9FDFB68019A73
:1070C0009B1A3FF45EAF012B26DCB3F1FF3FA8BF54
:1070D0009A46FB691AEB0303564426D56B1E9907A3
:1070E0001DD1642293FBF2F102FB1133D3B94FF4AB
:1070F000C87305F26B7595FBF3F203FB1255002D77
:1071000040F26D1318BF4FF4B673FB6139E74FF0CF
:10711000000BBDE7C31AC6E74FF0FF3AD9E74FF4BB
:10712000B673F2E740F26D13EFE7AA0717D16421B7
:1071300095FBF1F201FB1252DAB94FF4C87205F275
:107140006C7595FBF2F102FB1155002D40F26D12AA
:1071500008BF4FF4B7729342A8BF9B1AD5E740F21D
:107160006D12F8E700BFE8250300805101008C4A4A
:1071700000204FF4B772EEE7073618E74FF0FF3400
:10718000A04617E7BAF1000FC1DA4FF0000BD9F8AB
:1071900028301C1948EBE378FEE62DE9F843044655
:1071A00000F027FB40F2B1739C4240F3A3806FF4E0
:1071B000F6616518A4F2B27340F26D12AD1002FBD5
:1071C00003556FF4C8666FF06302A4F26D7393FB0E
:1071D000F2F31D44A319484E44604FF4C8720146AF
:1071E000B3FBF2F300F150071D440B7AD1F814C041
:1071F0004A2B38D1A20705EB0C0306D14FF0640EE1
:1072000094FBFEF20EFB124232B94FF4C87E94FB9F
:10721000FEF20EFB12421ABBBCF13B0FD4BF4FF083
:10722000000C4FF0010C6344013B8A694FEAE27C99
:10723000C3FB062C8B6AD2184CEBE373C1E908231D
:1072400028318F42D1D1D0E90843D0E912128C42C3
:107250009341B4BF0123002303600120BDE8F883FC
:107260004FF0000CDFE7442B02D105EB0C03DCE709
:10727000A30705D1642294FBF2F302FB134393BBF3
:107280004FF4C87294FBF2F302FB1343B3FA83F397
:107290005B09DFF868E0D1F80C905B4203F0300343
:1072A0002A464FF00008734408F10108C14553F81D
:1072B00028E01ADC02F10408072398FBF3F3C3EB80
:1072C000C303A8EB0303BCEB030C0B6903F1FF330F
:1072D00048BF0CF1070CC3EBC3039C44F44506DA2A
:1072E00002EB0C03A1E70123D3E77244DCE7ACF126
:1072F000070CF3E70020B1E700BF805101004426EE
:107300000300014800F0A4BA00BF904A00200148E1
:1073100000F0A0BA00BF904A0020014B186800F0AE
:1073200002B8440100202DE9F04F8DB0074600F06F
:1073300060FABC49BD4D0446384600F0CCFB064619
:1073400010BBBA4BBB4A1860BB4BA0621860BA4B6B
:107350002065C3E900224A2100220023C4E903007A
:10736000C4E90500C4E90D00C4E90F00C4E908231D
:10737000C4E912232868217284F83010DCF720FE5B
:107380002E600DB0BDE8F08F2968002940F08E8096
:107390002868DCF715FE304600F0DFFA411C38465D
:1073A000DCF70BFE2860002840F08680A24ADFF858
:1073B0008882DFF878A200231360A04ACAF8003060
:1073C00000200021C8E90022C4E90333C4E90533E1
:1073D000C4E90801C4E90D33C4E90F33C4E912015B
:1073E0004A222272A36284F83020236533783A2B34
:1073F00008BF013633783C2B62D1751C914A914904
:107400000AAB284600F0FDFE0028BADD0A9BDA1E12
:10741000072AB6D8EB5C3E2BB3D102360A9BF5188F
:10742000F35C2D2B5AD101354FF0FF390023ADF815
:107430001E30ADF8203008AF0AABCDE90137039319
:107440000DF11E03009380490AAB07AA284600F0FD
:10745000D8FE002895DDBDF81E30BDF820603C2226
:1074600002FB0366BDF81C304FF4616202FB036649
:107470000A9B09FB06F605EB0309EB5C3C2B40F08D
:10748000EE8009F10105714A6F490AAB284600F008
:10749000B8FE002828DC99F801303E2B24D1684B37
:1074A000A662C8E90033CAF800606AE700F09FFAF4
:1074B00000287FF46DAF64E7314600F0A2FA75E76B
:1074C000604A63490AAB304600F09BFE00287FF714
:1074D00058AF0A9B033B072BA0D952E72B2B08BFC1
:1074E00001354FF00109A1E70A9BDA1E072A3FF692
:1074F00048AFEB5C3E2B7FF444AF09F102090A9BD5
:1075000009EB030519F803302D2B40F0B780013546
:107510004FF0FF390023ADF81C30ADF81E30ADF848
:1075200020300A930AABCDE9027301930DF11E03DB
:10753000009345490AAB07AA284600F062FE0028DE
:1075400000F3A280A6F5616304930A9B27461D44BD
:107550004FF0000B2B782C2B08BF013595F80090CD
:10756000B9F14D0F40F0A3800AAB0DF12602CDE931
:10757000013209AA0092374903930DF122022846ED
:1075800000F03FFE03287FF4FCAEBDF822104B1E36
:107590000B2B3FF6F6AEBDF82420531E042B3FF60E
:1075A000F0AEBDF82630062B3FF6EBAEC7E903126E
:1075B00087F808907B610A9B05EB030900254FF0D3
:1075C0000203ADF81C30ADF81E50ADF820500A95FE
:1075D00099F800302F2B40F096800AAB08AACDE92D
:1075E00001320DF11E0200921C49039307AA48467E
:1075F00000F007FEA84200F386804A210022002303
:10760000C4E90355C4E90555C4E90823C4E90D5587
:10761000C4E90F55C4E912232172A56284F8301021
:107620002565AEE600BF1CDF02006C4A0020884AD8
:1076300000201FDF02008C4A00203C01002044DCB7
:1076400002007C4A002023DF020058DF0200704A5B
:10765000002036DF020044DF020057DF02003E4A0E
:107660003F490AAB484600F0CCFD00287FF717AF32
:107670000A9B033B072B7FF642AF82E62B2B08BF0A
:1076800001354FF0010945E7BDF81E20BDF8203057
:107690003C2101FB0233BDF81C204FF4616101FB6A
:1076A000023309FB03F34FE74FF0010B52E7B9F147
:1076B0004A0F06BF01354B4644230A220BA9284630
:1076C000059300F0BEFEDDF82C90059BADF826007A
:1076D000A94514D14D23BBF1000F07D1237203211B
:1076E0000223C4E90313C4F814B067E784F8303008
:1076F0000B220123C4E90D230023E3635EE780B27C
:107700003B7278615AE7BDF81E20BDF820303C215D
:1077100001FB0233BDF81C204FF4616101FB023311
:10772000BB610A9D28374D44BBF1000FBCD0049BC0
:1077300023650B4BC8F800306068074BA662C8F899
:107740000430FFF72AFDA26A236DCAF800209B1AB5
:10775000054A18BF0123136013E6704A002036DF84
:1077600002007C4A00208C4A00201F2938B50546BB
:107770000C4604D9162303604FF0FF3038BDC26BAE
:1077800012B152F821304BB9284600F030F82246A9
:1077900001462846BDE8384000F017B8012B0AD052
:1077A000591C03D1162303600120E7E7002142F8AA
:1077B0002410204698470020E0E7024B0146186855
:1077C000FFF7D3BF00BF4401002038B5074D0023A9
:1077D0000446084611462B6002F009F8431C02D10A
:1077E0002B6803B1236038BD00BF944A002001F02C
:1077F000EEBF0048704798010020014B18687047A1
:1078000000BF4401002070B50D4D0D4C641BA41049
:107810000026A64209D10B4D0C4C02F00AF8641B5D
:10782000A4100026A64205D170BD55F8043B984728
:107830000136EEE755F8043B98470136F2E7F401CC
:107840000020F4010020F4010020FC01002070471A
:107850007047704770477047000010B504460448F1
:10786000134620B10A4602202146AFF3008010BD26
:1078700000BF00000000000000000000000001F058
:10788000FF01102A2BDB10F0070F08D010F8013B86
:10789000013A8B422DD010F0070F42B3F6D1F0B46D
:1078A00041EA012141EA014122F007047FF000078B
:1078B0000023F0E80256083C85EA010586EA010645
:1078C00085FA47F5A3FA87F586FA47F6A5FA87F60B
:1078D0008EB9EED1F0BC01F0FF0102F0070232B127
:1078E00010F8013B013A83EA010313B1F8D10020FB
:1078F000704701387047002D06BF354603380738FA
:1079000015F0010F07D1013015F4807F02BF01305F
:1079100015F4C03F0130F0BC0138704700BF0A4485
:10792000914200F1FF3300D1704710B511F8014BBF
:1079300003F8014F9142F9D110BD10B50C4600F08B
:1079400014F8D4F8020010BD0000024B014618687C
:10795000FFF7F3BF00BF44010020034613F8012BDB
:10796000002AFBD1181A01387047F8B5036B054699
:107970000C46B3B91820DCF71EFB0246286320B979
:10798000164B16488B2100F044F81549164BC0E9F8
:107990000013154B83600B23838100210120C2E972
:1079A0000401286B678803892588C6888189B4F813
:1079B00004C0408905FB03F27B4305FB061106FB6F
:1079C000072206FB0C3302EB114205FB003303EBED
:1079D000124321806280A380F8BDA3DE02006ADF2B
:1079E00002000E33CDAB34126DE6ECDE050010F86C
:1079F000012B11F8013B012A28BF9A42F7D0D01A77
:107A00007047034611F8012B03F8012B002AF9D126
:107A100070471FB514461A46094B1B680546D868BF
:107A20004CB1074B0091CDE9013406492B4600F0DB
:107A300058FCFEF78AFE044B1C46F3E700BF4401E6
:107A40000020CDDF0200DADF020044DC020010B5C6
:107A500091FBF2F402FB14110460416010BD2DE9AA
:107A6000F84FDFF86CA006468946174600F0F1FD96
:107A7000DAF8004034B14B46984613F8012B3AB17E
:107A80003D2AF9D1304600F0EAFD0020BDE8F88F2C
:107A9000A8EB0908A34654F8040B0028F2D042468C
:107AA000494600F0D8FC0028F4D154F8043C03EB1C
:107AB000080513F808303D2BECD1DAF80030ABEBB9
:107AC00003039B1030463B6000F0C9FD681CDDE7F6
:107AD00000BFF001002007B501AAFFF7C0FF03B007
:107AE0005DF804FB2DE9F0478E681F46BE420B6827
:107AF00082460C4690462DD8B1F90C2012F4906FB6
:107B000026D06569096905EB4505A3EB010905EB7D
:107B1000D5757B1C4B446D109D4238BF1D465305E7
:107B200027D52946DCF749FA064660B321694A465B
:107B3000FFF7F5FEA38923F4906343F08003A3814C
:107B4000266165614E44A5EB09052660A5603E46A9
:107B5000BE4200D93E46206832464146FEF767FFE6
:107B6000A3689B1BA3602368334423600020BDE807
:107B7000F0872A4600F0C7FB06460028E0D12169BD
:107B8000504600F072FD0C23CAF80030A38943F080
:107B90004003A3814FF0FF30E9E72DE9F04F98460D
:107BA0008B891B069DB007460D46144610D50B6900
:107BB00073B94021DCF701FA2860286130B90C2341
:107BC0003B604FF0FF301DB0BDE8F08F40236B618C
:107BD0000023099320238DF82930CDF80C80302321
:107BE000DFF89C818DF82A304FF0010923469A4630
:107BF00013F8012B0AB1252AF9D1BAEB040B0BD0EB
:107C00005B46224629463846FFF76CFF013000F0FC
:107C1000A780099A5A4409929AF80030002B00F084
:107C20009F8000234FF0FF32CDE905230AF1010ABE
:107C3000049307938DF853301A935446052214F891
:107C4000011B4E48FFF71BFE049AD8B9D00644BF6B
:107C500020238DF85330110744BF2B238DF8533068
:107C60009AF800302A2B15D0079A544600204FF07E
:107C70000A0C214611F8013B303B092B4BD9B0B11E
:107C8000079214E0A0EB080309FA03F313430493EB
:107C9000A246D2E7039B191D1B680391002BBBBFB3
:107CA0005B4242F0020207930793B8BF0492237825
:107CB0002E2B0AD163782A2B32D1039B1A1D1B6805
:107CC000039243EAE37302340593DFF8C0A02178FE
:107CD00003225046FFF7D3FD38B1049BA0EB0A0006
:107CE0004022824013430134049314F8011B2448BA
:107CF0008DF828100622FFF7C2FD002836D0214B50
:107D00001BBB039B073323F0070308330393099B33
:107D1000334409936AE70CFB02320C460120A8E7C2
:107D200000230134059319464FF00A0C204610F841
:107D3000012B303A092A03D9002BC6D00591C4E79C
:107D40000CFB012104460123F0E703AB00932A4614
:107D50000E4B04A93846AFF30080421C0646D6D12C
:107D6000AB895B063FF52DAF09982CE703AB009379
:107D70002A46054B04A9384600F079F8EDE709E0FA
:107D8000020013E002000000000057BE02000FE0F6
:107D900002002DE9F047164698468A680B69DDF81F
:107DA00020909342B8BF1346336091F843200746B2
:107DB0000C460AB1013333602368990642BF336829
:107DC00002333360256815F0060506D104F1190A5F
:107DD000E36832689B1AAB4226DC94F84330226891
:107DE000003B18BF012392062BD404F14302414605
:107DF0003846C84701301ED02368226903F00603C5
:107E0000042B02BFE5683368ED1AA3680CBF25EAAE
:107E1000E57500259342C4BF9B1AED1800261A345D
:107E2000B5421AD1002008E00123524641463846A7
:107E3000C847013003D14FF0FF30BDE8F08701356E
:107E4000C6E7E1185A1C302081F84300224494F818
:107E5000451082F843100233C7E70123224641460A
:107E60003846C8470130E6D00136D9E700002DE991
:107E7000FF470F7E0C9E782F914680460C469A460F
:107E800001F1430207D8622F0AD8002F00F0D180F9
:107E9000582F00F0B88004F1420684F842703AE0AE
:107EA000A7F16303152BF6D801A151F823F079C28D
:107EB00002008DC2020009C2020009C2020009C20A
:107EC000020009C202008DC2020009C2020009C2FA
:107ED000020009C2020009C202008BC30200B7C23D
:107EE000020045C3020009C2020009C20200ADC37C
:107EF000020009C20200B7C2020009C2020009C2A0
:107F000002004DC3020033681A1D1B68326004F181
:107F1000420684F8423001239CE033682068191D32
:107F20003160060601D51D6803E04506FBD5B3F9AF
:107F30000050002D03DA2D236D4284F84330584859
:107F40000A2311E021683368080653F8045B02D461
:107F5000490648BFADB26F2F5248336014BF0A23A1
:107F60000823002184F843106668A660002E05DB14
:107F700021682E4321F0040121604BD01646B5FB49
:107F8000F3F103FB1157C75D06F8017D2F46BB4295
:107F90000D46F4D9082B0BD12368DF0708D52369D8
:107FA00061689942DEBF302306F8013C06F1FF36D6
:107FB000921B2261CDF800A04B4603AA2146404601
:107FC000FFF7E7FE01304AD14FF0FF3004B0BDE8C3
:107FD000F087236843F0200323603248782784F831
:107FE0004570236831681F0651F8045B02D45F06B0
:107FF00048BFADB23160D90744BF43F020032360CE
:108000001DB11023ADE72648E9E7236823F02003DC
:108010002360F6E71646BDE7336825686169181DD9
:1080200030602E061B6801D5196002E06806FBD59A
:108030001980002323611646BCE733681A1D32609D
:108040001E68626800213046FFF719FC08B1801BEA
:10805000606063682361002384F84330AAE72369E2
:10806000324649464046D0470130ADD023689B0791
:1080700013D4E068039B9842B8BF1846A6E70123D3
:10808000324649464046D04701309DD00135E3682D
:1080900003995B1AAB42F2DCEBE7002504F1190609
:1080A000F5E71AE002002BE00200B1F90C202DE9FF
:1080B000F041160705460C4654D44B68002B02DCF1
:1080C0000B6C002B48DDE66A002E45D0002312F42D
:1080D00080522F68216A2B6030D0626DA3895907C6
:1080E00005D56368D21A636B0BB1236CD21A0023D7
:1080F000E66A216A2846B047431CA38906D129684D
:108100001D292BD82A4ACA40D60727D500226260EB
:10811000D9042269226004D5421C01D12B6803B91D
:108120006065616B2F60B9B104F14403994202D0DC
:10813000284600F09AFA002363630DE001232846E5
:10814000B0470246501CC9D12B68002BC6D01D2B4E
:1081500001D0162B1ED12F60002022E043F04003F7
:108160001BB21BE00F69002FF6D093070E6808BF03
:108170004B690F6018BF0023A6EB07088B60B8F1AE
:10818000000FE9DD216AA66A43463A462846B04711
:10819000002808DCB4F90C3043F04003A3814FF011
:1081A000FF30BDE8F0810744A8EB0008E7E70100D5
:1081B000402038B50B6905460C4613B90025284602
:1081C00038BD18B1036A0BB9FEF7BDFBB4F90C302A
:1081D000002BF3D0626ED00704D4990502D4A06DB1
:1081E000FFF737FB28462146FFF75FFF636EDA078C
:1081F0000546E4D4A3899B05E1D4A06DFFF72BFBD2
:10820000DDE70EB430B59CB01FAC4FF4017254F8EA
:10821000045BADF8142002900690FFF79EFB0B4B19
:10822000039007900B930A48019400230F93149333
:108230004FF6FF73ADF816302A46234602A90068B0
:1082400000F0B7FA1CB0BDE8304003B07047EBC592
:1082500002004401002010B50C46B1F90E1000F0E8
:10826000D4F90028ABBF636DA3891B1823F4805396
:10827000ACBF6365A38110BD002070472DE9F041BC
:108280001F468B89DB0505460C46164605D5B1F918
:108290000E100223002200F0A6F9A389B4F90E10F3
:1082A00023F48053A38132463B462846BDE8F04183
:1082B00000F0BDB910B50C46B1F90E1000F093F9FD
:1082C000431CA38915BF606523F4805343F4805396
:1082D000A38118BFA38110BDB1F90E1000F073B9CE
:1082E00000000EB403B5014603AB054853F8042B58
:1082F0000068019300F0FDFB02B05DF804EB03B0F1
:108300007047440100202DE9F041074614460D4610
:1083100021B9BDE8F0411146DBF74FBE2AB900F0A4
:10832000A4F925462846BDE8F08100F08EFE84427F
:10833000064602D8B4EB500FF4D821463846DBF796
:108340003CFE804608B94546ECE7B4422246294641
:1083500028BF3246FFF7E3FA2946384600F085F990
:10836000F1E72DE9F043344E86460D46284615F8D0
:10837000014B375D17F00807F8D12D2C10D12C7860
:108380000127851C33F0100015D1302C0DD1287831
:1083900000F0DF00582808D16C78023510230AE07D
:1083A0002B2C04BF2C78851CECE7002BF6D1302C4D
:1083B00014BF0A2308234FF0FF380026B8FBF3F858
:1083C00003FB08F96FEA09093046A4F1300CBCF14F
:1083D000090F10D86446A3421EDDB6F1FF3F07D057
:1083E000804516D301D1A14513DB00FB03400126D4
:1083F00015F8014BE9E7A4F1410CBCF1190F01D8C4
:10840000373CE8E7A4F1610CBCF1190F04D8573CE4
:10841000E1E74FF0FF36EBE7731C06D12223CEF8DD
:108420000030304632B9BDE8F08307B14042002A3F
:10843000F9D006B1691E1160F5E7A9260300FFF720
:1084400090BF13460A46014602480068FFF789BFFD
:1084500000BF4401002010B56AB10139841810F83A
:10846000012B11F8013F9A4203D1A04201D0002A0A
:10847000F5D1D01A10BD1046FCE72DE9F0414D4A68
:108480000C460023D0E9000100F0B5FF002ABCBF74
:1084900002F5A83202F5C0724FF4616100F52F2099
:1084A000B2FBF1F301FB13224FF03C01ACBF00F62D
:1084B0006C2000F66B20A360B2FBF1F301FB1322EA
:1084C00063602260C31C072293FBF2F2C2EBC2027C
:1084D0009B1A48BF07330028A361B8BFA0F50E332D
:1084E0003649AEBF90FBF1F1A3F52C7393FBF1F18C
:1084F000334B03FB010048F6AC63B0FBF3F30344DA
:1085000040F2B45CB0FBFCF29B1A40F26D172C4AAF
:10851000B0FBF2F264269B1AB3FBF7F2B3FBFCF359
:10852000B2FBF6F5EB1A034407FB1233992003EB79
:108530008307023703F1010EB7FBF0FC00FB0CF0E0
:1085400002304FF00508B0FBF8F0AEEB000040F24F
:10855000F95E77458CBF6FF00907022767444FF437
:10856000C87C0CFB0121012F98BF0131B3F5997F25
:108570000CD3A3F59973E361A1F26C710023E06061
:10858000C4E9047123622046BDE8F08112F0030FB4
:1085900002D106FB15255DB94FF4C875B2FBF5F69F
:1085A00005FB1622B2FA82F252093B331344E2E78A
:1085B0000122FAE700BF80510100B13A02004FC525
:1085C000FDFFB03A020038B5064D002304460846C8
:1085D0002B6001F0ECF8431C02D12B6803B123603F
:1085E00038BD944A002038B5074D04460846114668
:1085F00000222A601A4601F002F9431C02D12B68BE
:1086000003B1236038BD944A002038B5074D0446B5
:108610000846114600222A601A4601F0F8F8431C69
:1086200002D12B6803B1236038BD944A002038B5CD
:10863000074D04460846114600222A601A4601F0FA
:10864000EEF8431C02D12B6803B1236038BD944A75
:1086500000200148FFF7FDB800BF914A0020014803
:10866000FFF7F9B800BF914A002038B50546002948
:1086700041D051F8043C0C1F002BB8BFE41800F0A7
:10868000D8FC1D4A136833B9636014602846BDE8FE
:10869000384000F0D4BCA34208D9206821188B428E
:1086A00001BF19685B6809182160EDE71A465B682D
:1086B0000BB1A342FAD911685018A0420BD120681F
:1086C0000144501883421160E0D118685B68536020
:1086D00008441060DAE702D90C232B60D6E7206843
:1086E00021188B4204BF19685B68636004BF0918D6
:1086F00021605460CAE738BD00BF9C4A002038B5ED
:108700004B1C144603D14FF0FF35284638BD9389E2
:1087100023F020039381636B5268CDB28BB1A36BBE
:10872000934208DD23685A1E226003F8015C6368E7
:1087300001336360E9E7214600F08FFC0028F1D0A7
:10874000E1E72169236851B1994208D213F8011C6D
:10875000A94204D1013B013223606260D5E7C4E93C
:108760000F3204F1440363630323A363234603F836
:10877000465F23600123DCE710B50C46496B69B105
:1087800004F14403994201D0FFF76FFF236C63604B
:108790000020606313B1E36B236010BD2369236085
:1087A00000236360A38943F02003A3814FF0FF30CF
:1087B000F3E72DE9F04F0C46ADF5237D0021CDE91F
:1087C0004411A649A0910DF10408A549A64FCDF882
:1087D00018810646A191009392F80090B9F1000F1C
:1087E00000F0588117F8093013F0080302F1010571
:1087F00019D06368002B0FDD23681A78BA5C120762
:1088000001D42A46E8E7459A01324592626801336D
:10881000013A62602360ECE7A19B2146304698470D
:108820000028E9D0EDE7B9F1250F40F085804193AC
:10883000439353782A2B02BF1023951C41930A229D
:10884000AA461AF8011BA1F13003092B1ED9DFF843
:1088500018B203225846FFF712F838B1419AA0EB3C
:108860000B000123834013434193554615F8013B08
:10887000782B06D8572B10D8252B5DD057D8002B36
:1088800075D0032347930A23429388E0439B02FB5E
:108890000311303943915546D2E7A3F15802202AFB
:1088A000EFD801A151F822F000BFEFCC0200F5CBC8
:1088B0000200F5CB020049CD0200F5CB0200F5CB5A
:1088C0000200F5CB0200F5CB0200F5CB0200F5CBA0
:1088D0000200F5CB02005FCD020045CD0200A7CC1F
:1088E0000200A7CC0200A7CC0200F5CB020001CD0C
:1088F0000200F5CB0200F5CB0200F5CB0200F5CB70
:1089000002006FCD020009CD0200E7CC0200F5CBDA
:108910000200F5CB02006BCD0200F5CB020045CD85
:108920000200F5CB0200F5CB0200EFCC0200453B84
:10893000022BA6D8052331E06368002B0DDD2368E8
:108940001A784A4540F0A680013362682360459B4F
:10895000013A01336260459353E7A19B21463046BB
:1089600098470028EBD04498002840F08B804FF0C7
:10897000FF308BE0419A42F020024192419A42F44A
:108980000072419210226E2B429202D905E0002320
:108990004293032302E0082342930423479363682E
:1089A000002B39DD419B590604D423681A78BA5C40
:1089B000120738D4479B022B47DC6B46224641A95D
:1089C000304600F0AEF9012864D002287FF419AFD8
:1089D000C9E70A22D7E72946404600F0F0FA419B52
:1089E00043F04003419305460123D7E7419B43F001
:1089F000400341930023D1E70223CFE74198C30608
:108A00003FF5FFAE009B459A191D00911B68C007FA
:108A10004CBF1A801A60F4E6A19B21463046984765
:108A20000028BFD09FE7459A013245926268013A1B
:108A3000002A626002DD01332360B6E7A19B214674
:108A4000304698470028B0D08DE7042B0FDC6B46EA
:108A5000224641A9304600F0BEF9B4E700BF71CA12
:108A60000200EBCA0200A92603000FE002000A4B35
:108A7000002B3FF4C6AE6B46224641A93046AFF309
:108A80000080A0E7A3895B063FF571AF0DF5237D5C
:108A9000BDE8F08F4498F9E700BF0000000093683C
:108AA000013B002B10B4936008DA9469A34201DB08
:108AB0000A2903D15DF8044B00F085BB1368581CEC
:108AC0001060197008465DF8044B7047F8B506460B
:108AD0000F461446D518AC4201D1002007E014F827
:108AE000011B3A463046FFF7DAFF431CF3D1F8BDCD
:108AF00000002DE9F04F0D469DB0144698460646FD
:108B000018B1036A0BB9FDF71EFF6B6ED90705D4C8
:108B1000AB899A0502D4A86DFEF79BFEAB891B07B3
:108B200001D52B699BB92946304600F08AFB70B10C
:108B30006B6EDC0704D54FF0FF301DB0BDE8F08F41
:108B4000AB899805F7D4A86DFEF785FEF3E70023FF
:108B5000099320238DF82930CDF80C803023DFF8DD
:108B6000AC818DF82A304FF0010923469A4613F85C
:108B7000012B0AB1252AF9D1BAEB040B0BD05B46C5
:108B8000224629463046FFF7A1FF013000F0A780BA
:108B9000099A5A4409929AF80030002B00F09F80FD
:108BA00000234FF0FF32CDE905230AF1010A0493B7
:108BB00007938DF853301A935446052214F8011B7D
:108BC0005348FEF75CFE049AD8B9D10644BF20236F
:108BD0008DF85330130744BF2B238DF853309AF888
:108BE00000302A2B15D0079A544600204FF00A0C6B
:108BF000214611F8013B303B092B4BD9B0B107920C
:108C000014E0A0EB080309FA03F313430493A2460C
:108C1000D2E7039B191D1B680391002BBBBF5B426E
:108C200042F0020207930793B8BF049223782E2BD9
:108C30000AD163782A2B32D1039B1A1D1B68039239
:108C400043EAE37302340593DFF8D4A021780322CA
:108C50005046FEF714FE38B1049BA0EB0A004022F8
:108C6000824013430134049314F8011B29488DF802
:108C700028100622FEF703FE00283FD0264B1BBB20
:108C8000039B073323F0070308330393099B3B44FB
:108C900009936AE70CFB02320C460120A8E7002387
:108CA0000134059319464FF00A0C204610F8012BA9
:108CB000303A092A03D9002BC6D00591C4E70CFB32
:108CC000012104460123F0E703AB00932A46124B2F
:108CD00004A93046AFF300800746781CD6D16B6EEE
:108CE000D90705D4AB899A0502D4A86DFEF7B3FD68
:108CF000AB895B063FF51FAF09981EE703AB0093F6
:108D00002A46054B04A93046FFF7B1F8E4E709E02D
:108D1000020013E00200000000003FCE02000FE05E
:108D200002002DE9F84315468A6880460C4632B9A0
:108D30008A69002A14BF4FF0FF3201228A6022683C
:108D4000DFF89090D1065FBF1A68111D1960166890
:108D50000027A06988B1012807D12B681A786369B8
:108D60009B5C53B9002F31D022E0022820D12B6820
:108D70001B7819F803301B071AD42368DA065EBF84
:108D80002B681B7806F8013B2A686B6801322A6061
:108D9000A268013B013A6B600137A26042B1002B2F
:108DA000D7DCD4F880312946404698470028D0D0F7
:108DB000236813F0100305D1E2680132E260A26972
:108DC00002B1337023693B4423610020BDE8F8837E
:108DD00000BFA92603002DE9F04F9846744B0C46BE
:108DE0008246164693E8070087B003AB83E8070086
:108DF000704BA169704A032908BF1A46A368019203
:108E00005A1EB2F5AE7F88BF6FF4AE75274682BF9B
:108E100003EB050940F25D13A36057F81C3B43F4D4
:108E2000506398BF4FF0000923603D464FF0000BA0
:108E3000316803AB097853F82B000222FEF71FFDBF
:108E400028B3BBF1010F59D162682AB92268082101
:108E500042F4007261602260226822F4A062226003
:108E6000A268511EA16092B13268511C3160127823
:108E700005F8012B7268013A002A726007DCD4F809
:108E80008021314650469047002840F085800BF104
:108E9000010BBBF1030FCBD163680BB90A236360ED
:108EA000636845496069C91A00F089F84FF0000B02
:108EB000A3682268002B3DD03168606991F800C03A
:108EC00010F80C00002835D0BCF1300F24D110056B
:108ED00022D50BF1010BB9F1000F03D0013309F1D9
:108EE000FF39A3607368013B002B73601BDD33689F
:108EF00001333360A368013BA360D9E7BBF1020FE4
:108F0000AED1226802F4C061B1F5007FBFD110215B
:108F1000616042F48072A2E722F4106222600B7852
:108F200005F8013BDEE7D4F88031314650469847DA
:108F30000028DFD02368D9050DD5BD4209D915F821
:108F4000011CD4F87C3132465046984705F1FF3970
:108F50004D46BD4228D0226812F0100213D12A706B
:108F60006368019E39465046B047D8F80030216802
:108F70001A1DC8F8002011F0200F1B680FD01860D0
:108F8000E3680133E3602369ED1B5D442B442361F7
:108F9000002007B0BDE8F08F4FF0000BCAE7CA070A
:108FA0004CBF18801860EBE70120F2E700BFAC2748
:108FB000030035D50200B1C702004CE0020070B5D5
:108FC0000B7804465E2B0BBF4B784A1C8A1C002191
:108FD00008BF0121013804F1FF0500F8011FA84274
:108FE000FBD10BB9501E70BD81F00101E154104658
:108FF000024612F8015B2D2D05D05D2D16D0002DF7
:10900000F1D02B46F2E746785D2EFAD0B342F8DC79
:1090100002301A4601329642A154FBDCF21A013AA0
:109020005D1CB342A8BF0022AB18E1E71046DAE7A7
:1090300000000148FEF70DBC00BF924A0020014825
:10904000FEF709BC00BF924A002051F8043C181FEB
:10905000002BBCBF0B58C01870472DE9F0410C46DF
:10906000496B04F1440399421DD14FF48061DAF752
:10907000A4FF18B94FF0FF30BDE8F0814FF48063D2
:10908000A36394F84630606380F8FF3394F845306A
:1090900080F8FE3394F8443080F8FD3300F2FD3060
:1090A00020600020E8E7A66B77003A46FFF72BF92F
:1090B00005460028DED000EB060801463246404651
:1090C000FEF72DFCC4E90D57C4F80080E9E7242B16
:1090D0002DE9F0478646904601D8012B06D1FEF7D0
:1090E0008CFB162303600020BDE8F08734480D4652
:1090F0002A4615F8014B065D16F00806F8D12D2C0E
:1091000010D12C780126951C33F0100215D1302C8B
:109110000DD12A7802F0DF02582A08D16C78023586
:1091200010230AE02B2C04BF2C78951CECE7002BB5
:10913000F6D1302C14BF0A23082306F1004C0CF1A1
:10914000FF3C0022BCFBF3F9104603FB19CAA4F153
:109150003007092F0FD83C46A3421BDD571C07D010
:10916000814514D301D1A24511DB00FB034001224C
:1091700015F8014BEBE7A4F14107192F01D8373C53
:10918000EAE7A4F16107192F04D8573CE4E74FF050
:10919000FF32EDE7531C08D12223CEF800306046A1
:1091A000B8F1000FA0D0691E06E006B14042B8F148
:1091B000000F99D0002AF6D1C8F8001094E7A9262C
:1091C0000300FFF784BFF8B50E461446054618B1F4
:1091D000036A0BB9FDF7B7FBA369A360A3891A075C
:1091E00001D5236943B92146284600F02AF818B171
:1091F0004FF0FF373846F8BD23682269981A636933
:10920000F6B28342374605DC21462846FEF7D1FFF9
:109210000028EDD1A368013BA36023685A1C22609B
:109220001E706269431C9A4204D0A389DB07E1D512
:109230000A2EDFD121462846FEF7BBFF0028D9D0F1
:10924000D6E738B5294B054618680C4618B1036AAD
:109250000BB9FDF778FBB4F90C30190722D4DA0604
:1092600007D409222A6043F04003A3814FF0FF3066
:1092700033E0580712D5616B41B104F144039942C0
:1092800002D02846FFF7F1F900236363A38923F096
:109290002403A3810023636023692360A38943F02F
:1092A0000803A38123694BB9A38903F42073B3F5A1
:1092B000007F03D02146284600F03FF8B4F90C3077
:1092C00013F001020AD00022A26062695242A26138
:1092D000226942B913F08000C5D138BD990758BF43
:1092E0006269A260F4E70020F7E74401002070B54E
:1092F0000C46B1F90E10002996B015461E460DDA3F
:10930000A38913F0800F4FF0000114BF40234FF4E6
:109310008063002031602B6016B070BD6A4600F09B
:1093200048F80028ECDB019901F47041A1F50053E5
:10933000594259414FF48063EBE78B89F7B59D079C
:1093400006460C4607D504F1470323602361012339
:10935000636103B0F0BD01AB6A46FFF7C8FF009F31
:10936000054639463046DAF728FE48B9B4F90C30DC
:109370009A05EED423F0030343F00203A381E2E74E
:10938000A389206043F08003A381019BC4E9040703
:109390005BB1B4F90E10304600F01DF828B1A38976
:1093A00023F0030343F00103A381A3891D43A58197
:1093B000CFE738B5074D00230446084611462B6019
:1093C00000F0FDF9431C02D12B6803B1236038BDC6
:1093D00000BF944A002038B5064D002304460846D5
:1093E0002B6000F0FCF9431C02D12B6803B1236011
:1093F00038BD944A00207BB972B90029BEBF002055
:109400004FF0004106E008BF00281CBF6FF000418C
:109410004FF0FF3000F0C9B9ADF1080C6DE904CE92
:10942000002909DB002B1ADB00F061F8DDF804E00D
:10943000DDE9022304B07047404261EB4101002B9B
:109440001BDB00F054F8DDF804E0DDE9022304B092
:10945000404261EB4101524263EB43037047524289
:1094600063EB430300F043F8DDF804E0DDE9022399
:1094700004B0404261EB41017047524263EB430349
:1094800000F035F8DDF804E0DDE9022304B05242D3
:1094900063EB4303704753B94AB9002908BF00285A
:1094A0001CBF4FF0FF314FF0FF3000F07EB9ADF13F
:1094B000080C6DE904CE00F01AF8DDF804E0DDE9EF
:1094C000022304B07047430803F05533C01A8308E1
:1094D00003F0333300F03330184400EB101000F089
:1094E0000F3000EB002000EB0040000E70472DE92C
:1094F000F047089D0E4604460F46002B4AD194467D
:109500008C45B2FA82F260D942B1C2F12003974091
:1095100020FA03F30CFA02FC1F4394404FEA1C4E5E
:109520001FFA8CF6B7FBFEF1230C0EFB117743EA12
:10953000074301FB06F098420AD91CEB030301F133
:10954000FF3780F01581984240F21281023963445E
:109550001B1AA4B2B3FBFEF00EFB103344EA034423
:1095600000FB06F6A6420AD91CEB040400F1FF3307
:1095700080F00081A64240F2FD806444023840EA57
:109580000140A41B00211DB1D4400023C5E90043C4
:10959000BDE8F0878B4205D90DB1C5E90001002176
:1095A0000846F5E7B3FA83F1002946D1B34202D366
:1095B000824200F2F580841A66EB0302012017460E
:1095C000002DE5D0C5E90047E2E7002A40F093808E
:1095D000A1EB0C034FEA1C471FFA8CFE0121B3FBE1
:1095E000F7F607FB1630230C43EA00430EFB06F0A8
:1095F000984208D91CEB030306F1FF3802D29842C7
:1096000000F2D08046461B1AA4B2B3FBF7F007FB6A
:10961000103344EA03440EFB00FEA64508D91CEBB8
:10962000040400F1FF3302D2A64500F2B6801846CA
:10963000A4EB0E0440EA0640A5E7C1F120078B40E9
:1096400022FA07FC4CEA030C06FA01FE20FA07F4A2
:1096500026FA07F344EA0E0400FA01F84FEA1C4028
:109660004FEA1449B3FBF0FE1FFA8CF600FB1E33E1
:1096700049EA03430EFB06F9994502FA01F20BD9B8
:109680001CEB03030EF1FF3A80F08580994540F210
:109690008280AEF1020E6344A3EB0909A4B2B9FBC8
:1096A000F0F300FB139944EA094403FB06F6A642D3
:1096B00008D91CEB040403F1FF3068D2A64266D936
:1096C000023B644443EA0E40A41BA0FB02E6B44202
:1096D0007346B14652D34FD05DB1B8EB030264EB91
:1096E000090404FA07F722FA01F31F43CC40C5E945
:1096F000007400214CE7C2F1200120FA01F30CFABA
:1097000002FC26FA01F1964033434FEA1C471FFA48
:109710008CFEB1FBF7F007FB1016190C41EA06416D
:1097200000FB0EF68E4204FA02F408D91CEB01018C
:1097300000F1FF382DD28E422BD902386144891BAB
:109740009BB2B1FBF7F607FB161143EA014306FB98
:109750000EF1994208D91CEB030306F1FF3814D22D
:10976000994212D9023E63445B1A46EA004136E749
:109770003946EDE6184602E7F045ADD2BEEB0203EE
:1097800066EB0C060138B146A6E74646ECE7034611
:1097900098E74046D3E7D6467EE76444023847E779
:1097A00008460DE7023E63442DE7704700BF024BB9
:1097B00058221A604FF0FF307047944A0020024B45
:1097C00058221A604FF0FF307047944A0020024B35
:1097D00058221A604FF0FF307047944A0020024B25
:1097E00058221A600020704700BF944A0020024BA4
:1097F00058221A604FF0FF307047944A0020024B05
:1098000058221A604FF0FF307047944A0020024BF4
:1098100058221A604FF0FF307047944A0020024BE4
:1098200058221A604FF0FF307047944A0020FEE73C
:1098300000BFF8B500BFF8BC08BC9E467047F8B53D
:1098400000BFF8BC08BC9E467047256C642E256C92
:10985000642E256C6400646973706C61796170704A
:10986000006465626F756E636554696D657200644E
:1098700065626F756E636554696D65724368617288
:10988000676500496E66696E6954696D65002F628F
:109890006F6E642E6461740050696E6554696D6505
:1098A00000312E32302E3000312E302E3000504913
:1098B0004E453634006E6F74696669636174696F12
:1098C0006E54696D657200100401001004050010EB
:1098D0000101001003010062617369635F737472B8
:1098E000696E673A3A5F4D5F637265617465004EF9
:1098F0006F7420506C6179696E6700416C65727499
:10990000203A204E6F6E6500416C657274203A20DB
:109910004D696C6400416C657274203A2048696737
:1099200068002F73657474696E67732E64617400C8
:109930002F2E73797374656D2F616C61726D2E6457
:10994000617400416C61726D004D41494E006D655E
:1099500061737572654261747465727900486561FE
:1099600072747261746500627574746F6E54696D9F
:109970006572006C6C00626C6500636F00626C6500
:109980005F68735F6863695F65765F706F6F6C00B7
:10999000626C655F6C326361705F7369675F707280
:1099A0006F635F706F6F6C00626C655F6C326361D8
:1099B000705F6368616E5F706F6F6C00626C655F93
:1099C000736D5F70726F635F706F6F6C00626C6558
:1099D0005F6761705F75706461746500626C655F7C
:1099E00067617474735F636C745F6366675F706FE5
:1099F0006F6C00626C655F67617474635F70726F37
:109A0000635F706F6F6C00626C655F68735F636F3C
:109A10006E6E5F706F6F6C00626C655F6174745F17
:109A20007376725F656E7472795F706F6F6C0062CF
:109A30006C655F6174745F7376725F707265705F7E
:109A4000656E7472795F706F6F6C00626C655F68D1
:109A5000735F6863695F66726167003078253034D0
:109A600068780030782530386C78002530327825D9
:109A700030327825303278253032782D25303278E2
:109A8000253032782D25303278253032782D25302A
:109A90003278253032782D253032782530327825CD
:109AA00030327825303278253032782530327800DF
:109AB000626C655F6863695F72616D5F636D645F4F
:109AC000706F6F6C00626C655F6863695F72616D77
:109AD0005F6576745F68695F706F6F6C00626C655C
:109AE0005F6863695F72616D5F6576745F6C6F5FFD
:109AF000706F6F6C00626C655F6C6C5F7363616E3E
:109B00005F6475705F706F6F6C006D7379735F3138
:109B10000049444C4500546D725100546D722053FD
:109B20007663002F002E2E006C6974746C6566736A
:109B3000005245454E54206D616C6C6F6320737507
:109B400063636565646564002F566F6C756D65733E
:109B50002F646174612F6A656E6B696E732F776F06
:109B6000726B73706163652F474E552D746F6F6C08
:109B7000636861696E2F61726D2D31332F7372636B
:109B80002F6E65776C69622D63796777696E2F6ECA
:109B900065776C69622F6C6962632F74696D652FDC
:109BA0006C636C74696D652E6300545A00474D54A4
:109BB000002531315B2D2B302D39412D5A612D7A05
:109BC0005D256E002531315B412D5A612D7A5D2571
:109BD0006E004D256875256E2E256875256E2E251F
:109BE0006875256E002F256875256E3A25687525E0
:109BF0006E3A256875256E002F566F6C756D65730E
:109C00002F646174612F6A656E6B696E732F776F55
:109C1000726B73706163652F474E552D746F6F6C57
:109C2000636861696E2F61726D2D31332F737263BA
:109C30002F6E65776C69622D63796777696E2F6E19
:109C400065776C69622F6C6962632F7374646C69E9
:109C5000622F72616E6434382E63002C2066756E3C
:109C60006374696F6E3A2000617373657274696F13
:109C70006E2022257322206661696C65643A206635
:109C8000696C6520222573222C206C696E65202565
:109C900064257325730A00232D302B2000686C4C3B
:109CA0000065666745464700303132333435363714
:109CB0003839414243444546003031323334353639
:109CC00037383961626364656600412D46612D66EF
:109CD000383930313233343536375D002B2D003092
:109CE0003000785800FF00FF00FF00FF00FF00FF7A
:109CF00000FF00FF00FF00FF00FF00FF00FF00FF6C
:109D000000FF006602ED04EC05EA07E809E60AE553
:109D10000CE30EE110DF12DE12DD14DB16D918D7CA
:109D20001AD51BD41DD30D030ED10D050ECF0E0574
:109D30000FCD0F050FCC100510CA110511C8120563
:109D400012C6130513C5130513C4140514C2150553
:109D500015C0170317BE33BC34BB36BA37B839B693
:109D60003BB43CB33EB140AF09022E0108AD09043B
:109D70002C0308AC08062A0507AB0906290608A922
:109D80000B0529050AA70D032B030CA54CA34DA217
:109D90004FA0519F529D549B559A579859965B944A
:109DA0005D935D925F90618E638C658A668968873A
:109DB000080259020586070457040584080555065C
:109DC00005820906540605810A055505077F0C041E
:109DD0005603097D747B7679777978777A757C7309
:109DE0007E717F70816E836C856B866987688966FA
:109DF0008B648D628F609060915E935C955A0E07C4
:109E000071070A580D0B6D0B08570E0C6C0C08559A
:109E10000F0C6C0B0A53110A6D0B0B529F50A04F85
:109E2000A24DA44BA649A848A8FF00E344AD43AE09
:109E300041B040B13EB23EB33CB53AB739B837B99C
:109E400036BB350E0166013C0109330E0315050EC4
:109E50000416150D0311050E04120309310F041425
:109E6000060D0416150D0410050E04120409300F1A
:109E70000414060D0416150D0410060D0412040931
:109E80002F100414070C0416150D0410060D0412EF
:109E9000040A2D110414070C0416041E0410070CE8
:109EA0000412040B2C110414080B0416041E0410D5
:109EB000070C0412040C2A120414080B0416041EC6
:109EC0000410080B0412040D281304140401040ADE
:109ED0000416041E04100401030B0412040D2813BD
:109EE00004140401040A0416041E04100401040AE4
:109EF0000412040E26140414040204090416041E99
:109F000004100402030A0412040F241504140402AA
:109F100004090416041E04100402040904120410A7
:109F200023150414040304080416041E0410040278
:109F3000040904120411211604140403040804166D
:109F4000041E04100403040804120411201704144E
:109F5000040403080416041E041004030408041275
:109F600004121F170414040404070416041E04102A
:109F700004040308041204131D1804140405030741
:109F80000416130F041004040407041204141B1A0B
:109F90000314040504060416131003100405030734
:109FA000041303151A1B01150406030604161311E6
:109FB00001110405040604140116193204060405EF
:109FC0000416132304060306042C173304070305A1
:109FD0000416043204060405042D161D0115040799
:109FE00004040416042001110407030504140119D4
:109FF000141D0314040704040416041F03100407AB
:10A00000040404130319121D0414040804030416A1
:10A01000041E04100408030404120419121D04147D
:10A02000040804030416041E0410040804030412A4
:10A03000041A101E0414040903030416041E041059
:10A04000040804030412041B0E1F04140409040270
:10A050000416041E0410040904020412041C0D1F3B
:10A060000414040A03020416041E04100409040262
:10A070000412041D0B200414040A04010416041E17
:10A080000410040A03020412041D0B200414040B20
:10A0900003010416041E0410040A04010412041E21
:10A0A00009210414040B0816041E0410040B0301F8
:10A0B0000412041F07220414040C0716041E0410C3
:10A0C000040B0812042006220414040C0716041EB4
:10A0D0000410040C0712042104230414040D0616B2
:10A0E000041E0410040C0712042103240414040D9C
:10A0F0000616041E0410040D061204220224041481
:10A10000040D0616041E0410040D0612044803155F
:10A11000040E0516041E0311040D0612034A0166FF
:10A12000013C01FF00FF00FF00FF00FF00FF00FFF8
:10A1300000FF0010110F090F0409040D0F8B110F00
:10A14000090F0507050D0F8B110F090F0507050DE9
:10A150000F92031903120605060D039E031903123D
:10A160000605060D039E031903120605060D039E40
:10A1700003190312030103030301030D039E0319D3
:10A180000312030202030202030D039E03190312CA
:10A19000030203010302030D039E031903120302CA
:10A1A00003010302030D039E0319031203030503B6
:10A1B000030D0D940319031203030503030D0D94FE
:10A1C0000319031203040304030D0D94031903126E
:10A1D00003040304030D039E031903120305010581
:10A1E000030D039E0319031203050105030D039ECE
:10A1F00003190312030B030D039E03190312030B30
:10A20000030D039E03190312030B030D039E031991
:10A210000312030B030D039E03190312030B030D1B
:10A22000039E03190312030B030D0F920316090F6C
:10A23000030B030D0F920316090F030B030D0FFF02
:10A2400000FF00FF00FF00FF00FF00FF00FF00FF16
:10A2500000FF00FF00FF00FF00FF00FF00FF00FF06
:10A2600000FF00FF00FF00FF00FF00FF00FF00FFF6
:10A2700000FF00FF00FF00FF00FF00FF00FF00FFE6
:10A2800000FF00FF00FF00FF00EC000000000338AB
:10A29000FDD8704700030002030403000600000419
:10A2A00000020001800000000000000000000338F0
:10A2B000FDD87047802EFE00802EF101C82E002EA2
:10A2C000802EFC00802EFB00802EFF00802EFD00E3
:10A2D000802E42B05039212EB0F01030212E16F0D1
:10A2E000802EF2015D505B5201423B8041300142C1
:10A2F0003C80002E01400142212EFFAFB82E03B753
:10A30000802E1800802E1800802E1800802E180035
:10A31000802E1800802E1800802E1800802E180025
:10A32000802E1800802E1800802E1800802E180015
:10A33000802E1800802E1800802E1800802E180005
:10A34000802E1800802E1800802E1800802E1800F5
:10A35000802E180000000000000004010000000032
:10A3600001000000000000000000000000000000EC
:10A3700000000000000000000000000000000000DD
:10A3800000000000000000000000000000000000CD
:10A3900000000000000000000000000000000000BD
:10A3A00000000000000000000000000000000000AD
:10A3B00000000000000000000000982E840120260C
:10A3C000982EF7001030212E59F0982EAE00982EBE
:10A3D000ABB3982EBAB3002E002ED02E982ED401F7
:10A3E000012E5A0000B2102F0030212E5A00415089
:10A3F000982E00B04150982EF2B041504352982E02
:10A40000D5B341504552982ED5B3982EAE00E32DCA
:10A41000012E55F0C02E212E55F0305000304756F9
:10A420000530052CFB7F3EBED2BAB2B96C0B530E81
:10A43000F92F531A012F4D0EF52FD27F04301F2C08
:10A44000E17FC501A303720E032F721A0F2F790F3C
:10A450000D2FE16F4F045FB9B1BFFA0BD26F9606B3
:10A46000B12551BFEB7F0600B2252703DB7FCFBFAD
:10A470003EBF01B8D2BA41BAB2B9070A6E0BC0905A
:10A48000DF2F4091DD2FFB6FD05FB82E1050FB7F88
:10A490002125982E6501FB6F2125F05F1025802E68
:10A4A000B3000031C02E212EBAF0C82EC82EC82EFF
:10A4B000C82EC82EAA000500AA0005002D01D47BD5
:10A4C0003B01DB7A04003F7BCD6CC3048509C304E8
:10A4D000ECE60C460100270019009600A0000100E0
:10A4E0000C00F03C00010100030001000E00000020
:10A4F0004E148800570071007A000040FF7F0080F2
:10A50000AF00FF00FFB7000200B00580B1F080008F
:10A510005EF0C00059F089F05A0000205C00500045
:10A5200054005B00FFFB52F056F03309330700087C
:10A53000900100F8000102019401DD03C0AD0B2F72
:10A54000C0A8032FC090072F80A6052F40A9122F67
:10A550004091012F00AB0E2FC0AC00304B52072FA3
:10A56000C0A9032FC091032F80A7012F40A1052F61
:10A57000C02E17250625C02EF03F4952B82E8386DF
:10A5800001300030944024180600530E4F02F92F7A
:10A59000B82E80A80325102F8090012F410E0C2F7C
:10A5A000F33F180505305D07150E032F551A022FCE
:10A5B000CC0F002F58040125B82EB82E5950413029
:10A5C0000240510A014218824D506042703C4F5483
:10A5D00042426982823243401808020A4042428065
:10A5E000023F014010504A08FB7F11420B310B42E1
:10A5F0003E8001320142002E012E40F01190202FAA
:10A6000003305350515404350630575255321D1AF9
:10A61000E322181A5558E3220430D540B50DE1BEA7
:10A620006FBB8091A90D0189B52310A1F72FDA0E18
:10A630000435EB2F012E2500701A00302130022C3A
:10A640000822303000B2062F212E59F0982EAE008D
:10A65000002E002ED02EFB6FF05FB82E6150052E1D
:10A6600000F05B56D30F0140F433CC080D2FF430CB
:10A670009408B98802A3042F5F584C0A87A2052CBE
:10A68000CB225B544A0AF23BCA083C80272E59F081
:10A6900001400142B82EC82E1A242600802E8300C5
:10A6A000802E1800802E1800802E1800802E180092
:10A6B000802E18007050032E1F01F17F2A25B982C9
:10A6C000E07FDB7F00304530323003300430F66FFE
:10A6D000F209FC13C2ABB509C72380B3E66FB7011B
:10A6E000002E8B414B42052FC57F05304640AE05FD
:10A6F000C56F4642018023BDD3BE03894182DF0C72
:10A7000003A2E42FE06F916F1142C3B2A16F114217
:10A71000002EB16F0142062F0032032E59F0080AB5
:10A72000212E59F0062DF13D012E59F00108212E60
:10A7300059F0DB6F905FB82E6050C37FD47FE77F06
:10A74000F67FB27FA57F3630072E01F0BEBDBEBBBF
:10A75000635877054156655427410641F8BFBE0B43
:10A76000B511D64203895A0EF62F1230252E5A0003
:10A770000231252EB8F0D46FC36FE76FB26FA56FAB
:10A78000F66FA05FC82E7050428ED47FF67F4725AB
:10A790001A186752F1006425013039029441814151
:10A7A000E27FBEBBBD8D02BDB57F8EB5BA0AC67F46
:10A7B000AB7F5125982E4201D56FE26F2A1867545E
:10A7C000B2010230C46F7A0312417425D07F52BCAB
:10A7D000D3416EBADEB6200BC77F917F982E42011F
:10A7E000F26FD56FCA165518DD18956FEA18675ABB
:10A7F000312575010130202539025EBA82BC8EB642
:10A80000210B982E4201E26FB56F2A18E07FF17F8D
:10A8100004306754F2007C02856FD06F0D17681802
:10A82000E018906FC46FC518EB6FB2011B43023084
:10A830007A03FB6F3D8F0B433EBA12BD52BC6EBB19
:10A84000A20A9EB5DEB6300BF77F982E4201F56F57
:10A850003125D16F926FAB6F50434343905F4956A0
:10A86000802E6F011050034019184B5619053625DC
:10A87000F77F4A175418EC18091701300C07E21833
:10A88000DE00F26F97024758DC009102BFB821BD8D
:10A890008A0AC02E0242F05F092E1D01052E1D01FD
:10A8A000A3BC44BE90504FB9072E1D014A259FB846
:10A8B000398FB2BDF27FBFB9EB7F8A0A37890B307F
:10A8C000930A8B7FCB430B4380B2D37FC17F902E03
:10A8D0009DB12025012E560001900E2F6952012EA8
:10A8E0005300B47FA27F982EA3B10030212E5600D2
:10A8F000C16FD36FA26FB46F0B30012E1D0106BC68
:10A9000006BB5725012E1D0194B105BCB67F0FBBB8
:10A910006D5080B30F2F0D2E1D01715EB7092D2EC6
:10A920001D01735C6B5E9B439B43DB439B431B425C
:10A93000CB430B428B4340B2052F6B50002E164089
:10A940000B40767F8B7FCB0A012E530069526F5CE0
:10A95000982EEFB1906F00B20B2FF06F00B2082F5E
:10A960006B586D5012411242213004410442232E93
:10A970005EF0C06F00B2262F746F806F735488BD75
:10A98000C8B84B0A94429142904288BA6B52F36F16
:10A9900054428542C0904042152F6D52002E5240C5
:10A9A0004140A204410640AA042F40900B2FB16FF2
:10A9B0004A0F082FB26F80B2052F6D542130944298
:10A9C0008042232E5EF0D06F00B2132F012E520072
:10A9D000092E5B00041A0D2F7550292E52002442B7
:10A9E0004430024002420980002E0442032D103000
:10A9F000212E5600EB6F705FB82E09864754E44055
:10AA0000C3809404C3401305054025058A1773309D
:10AA100073098C17F308E3004C821501B3B5534258
:10AA20008B1643B652424C1754425542534252423F
:10AA3000544245426D8277545242105079545242EA
:10AA4000FB7F22307B56434244820B3052425B42B2
:10AA50007C844B42358290808B420B42358004309F
:10AA60000B42378015306025982EE2B18B83FB6F47
:10AA70006542C02E4442F05F05800230518202429E
:10AA8000133041404B087D543E805114C02E01428A
:10AA9000002E4051D17F1225023042433230824392
:10AAA000C67FE57FB47FA37F907F8B7F982EEC00DD
:10AAB000C07E00AC012F4950C07E002E906F098AE5
:10AAC000D16F757F4C826341657F117F002E644199
:10AAD0004485527F457F002EA6408040327F828E83
:10AAE000C26E4541F07F277F027F982E69B0236FA9
:10AAF000D16FC240F986237F80B2E07E0F2F326F84
:10AB0000646F8240F27F5082426F506F736F854056
:10AB1000C34004410640E26E982E69B0E07EF331F6
:10AB2000106F3680E16E0240717F5104023040A800
:10AB300091044A22891693084A0095B409188E1682
:10AB400013309308216F607F4D860280B200414030
:10AB500021B5507F437F982ED8B0406F626F556FFC
:10AB6000134084400140454142BE1D184C04310F42
:10AB7000048AC06F1130022F002E032C01422330B3
:10AB80000342002ED66F44418A87768B00B3537FF1
:10AB9000152F046F7F5E8B8DE701C0A58441012FC7
:10ABA00000A1032FC0AD082F00A5062FC640818D40
:10ABB00007303C05D642042CC442022C0730073033
:10ABC0008686946FD77E0E8D00407489C74002B28E
:10ABD000F92945418641BE80214175238240C74203
:10ABE000457F347F207F982ED8B0316F606F246FFF
:10ABF00022400541434013014386AC0FD16F307FA3
:10AC0000002F4442488A4188E140137F047FF57E4B
:10AC1000982ED8B0116F606F346F424003409A0491
:10AC200004414382A20E036F002FC242002E414016
:10AC3000726F982ED8B0256F726F5341930ED16FFB
:10AC400046801B3003300C2F044000914242082FF5
:10AC5000F66E446F8641B40E032F0288DB7E0343F9
:10AC60000B42468D44414780056F940F767F607F8D
:10AC7000022F4589424303434988A56F4091A47F31
:10AC80001530E26FD36E032F04308342802E93B3CE
:10AC900004402529044283424582946F0485C0B252
:10ACA000902E7FB315873C8CC440467FC2860740F8
:10ACB0008641F4BF00B30C2F906F168046250040EC
:10ACC00057250418AE0E1030063075254623606FE8
:10ACD0006425C440FA8600B3337F092F936FD88868
:10ACE000536F0441C340DC0E13300430DC22B32523
:10ACF00040B3022F3B25C090052F916FD06F982E47
:10AD0000E2B14D2C04308D8843408240547FDA0FED
:10AD10000430082FC1804042C20F022F0030C07E95
:10AD20001B2DC07E192DE1BC926F4F04908440A86A
:10AD3000210583404C224B0EB6842130022F113066
:10AD4000042CC17EE36FC17EC142002E00408140D1
:10AD500004BD406F982ED8B0506F1130024051089A
:10AD6000C36E038099150B40B16FD06FB67F5B7FC8
:10AD700004304F540330112C1480556F0640750178
:10AD800058BB6A090542C18647405125BE0156435A
:10AD9000002E4641F403B66F47435E0EED2F316F30
:10ADA000606F424015300282950804425242022CE4
:10ADB000444204303E8E916F4F8C02408341B58DEA
:10ADC000930ED06F012F982EE2B1002EC041814129
:10ADD000C10FC06F012F0442002E706F3C820040F3
:10ADE0004140891695084A0004BC91B4010EE06FF9
:10ADF000072FA16F002E414040B2022FA16F0542E4
:10AE00004442002E8B6FC05EB82E105081524350CA
:10AE1000FB7F982EC9B343524582103050426030B8
:10AE2000FB6FC02E4042F05F105083524550FB7FB5
:10AE3000982EC9B345524582003050427030FB6FA6
:10AE4000C02E4042F05F12301242023012421242D3
:10AE5000124202420380418411420242B82E4884C9
:10AE6000BE8A8440705002412DBB634142844541FB
:10AE7000C27FB57F80B3E67FD07FF37F12305E2F35
:10AE8000312555404191A17F0F2F0130C142002E45
:10AE9000C26F13409342002E13409342002E004095
:10AEA0008042BD80C02E0142905FC7860130C54000
:10AEB000FB864541044143BEC3BBD5BE55BA977F0F
:10AEC0000530D115F709C0B3092F0640C740B705B3
:10AED000073080A9FE05B723740F5523E66F418222
:10AEE0000180C18643A2EC2FB06FA46F281AD16FE6
:10AEF000C36F022F0230182C024305416A29966F56
:10AF000005436E0E102FF46F00B3032F3F89941486
:10AF1000252E5EF04125232515419542002E154131
:10AF20009542002E044184420090092F5040D042A7
:10AF3000002E5040D042002E4040022CC0424242DF
:10AF4000905FB82E802E1800802E1800802E1800DA
:10AF5000802E1800802E1800802E1800802E1800D9
:10AF6000802E1800802E1800802E1800802E1800C9
:10AF7000802E1800802E1800802E1800802E1800B9
:10AF8000802E1800802E1800802E1800802E1800A9
:10AF9000802E1800802E1800802E1800802E180099
:10AFA000802E1800802E1800802E1800802E180089
:10AFB000802E1800802E1800802E1800802E180079
:10AFC000802E1800802E1800802E1800802E180069
:10AFD000802E1800802E1800802E1800802E180059
:10AFE000802E1800802E1800802E1800802E180049
:10AFF000802E1800802E1800802E1800802E180039
:10B00000802E1800802E1800802E1800802E180028
:10B01000802E1800802E1800802E1800802E180018
:10B02000802E1800802E1800802E1800802E180008
:10B03000802E1800802E1800802E1800802E1800F8
:10B04000802E1800802E1800802E1800802E1800E8
:10B05000802E1800802E1800802E1800802E1800D8
:10B06000802E1800802E1800802E1800802E1800C8
:10B07000802E1800802E1800802E1800802E1800B8
:10B08000802E1800802E1800802E1800802E1800A8
:10B09000802E1800802E1800802E1800802E180098
:10B0A000802E1800802E1800802E1800802E180088
:10B0B000802E1800802E1800802E1800802E180078
:10B0C000802E1800802E1800802E1800802E180068
:10B0D000802E1800802E1800802E1800802E180058
:10B0E000802E1800802E1800802E1800802E180048
:10B0F000802E1800802E1800802E1800802E180038
:10B10000802E1800802E1800802E1800802E180027
:10B11000802E1800802E1800802E1800802E180017
:10B12000802E1800802E1800802E1800802E180007
:10B13000802E1800802E1800802E1800802E1800F7
:10B14000802E1800802E1800802E1800802E1800E7
:10B15000802E1800802E1800802E1800802E1800D7
:10B16000802E1800802E1800802E1800802E1800C7
:10B17000802E1800802E1800802E1800802E1800B7
:10B18000802E1800802E1800802E1800802E1800A7
:10B19000802E1800802E1800802E1800802E180097
:10B1A000802E1800802E1800802E1800802E180087
:10B1B000802E1800802E1800802E1800802E180077
:10B1C000802E1800802E1800802E1800802E180067
:10B1D000802E1800802E1800802E1800802E180057
:10B1E000802E1800802E1800802E1800802E180047
:10B1F000802E1800802E1800802E1800802E180037
:10B20000802E1800802E1800802E1800802E180026
:10B21000802E1800802E1800802E1800802E180016
:10B22000802E1800802E1800802E1800802E180006
:10B23000802E1800802E1800802E1800802E1800F6
:10B24000802E1800802E1800802E1800802E1800E6
:10B25000802E1800802E1800802E1800802E1800D6
:10B26000802E1800802E1800802E1800802E1800C6
:10B27000802E1800802E1800802E1800802E1800B6
:10B28000802E1800802E1800802E1800802E1800A6
:10B29000802E1800802E1800802E1800802E180096
:10B2A000802E1800802E1800802E1800802E180086
:10B2B000802E1800802E1800802E1800802E180076
:10B2C000802E1800802E1800802E1800802E180066
:10B2D000802E1800802E1800802E1800802E180056
:10B2E000802E1800802E1800802E1800802E180046
:10B2F000802E1800802E1800802E1800802E180036
:10B30000802E1800802E1800802E1800802E180025
:10B31000802E1800802E1800802E1800802E180015
:10B32000802E1800802E1800802E1800802E180005
:10B33000802E1800802E1800802E1800802E1800F5
:10B34000802E1800802E1800802E1800802E1800E5
:10B35000802E1800802E1800802E1800802E1800D5
:10B36000802E1800802E1800802E1800802E1800C5
:10B37000802E1800802E1800802E1800802E1800B5
:10B38000802E1800802E1800802E1800802E1800A5
:10B39000802E1800802E1800802E1800802E180095
:10B3A000802E1800802E1800802E1800802E180085
:10B3B000802E1800802E1800802E1800802E180075
:10B3C000802E1800802E1800802E1800802E180065
:10B3D000802E1800802E1800802E1800802E180055
:10B3E000802E1800802E1800802E1800802E180045
:10B3F000802E1800802E1800802E1800802E180035
:10B40000802E1800802E1800802E1800802E180024
:10B41000802E1800802E1800802E1800802E180014
:10B42000802E1800802E1800802E1800802E180004
:10B43000802E1800802E1800802E1800802E1800F4
:10B44000802E1800802E1800802E1800802E1800E4
:10B45000802E1800802E1800802E1800802E1800D4
:10B46000802E1800802E1800802E1800802E1800C4
:10B47000802E1800802E1800802E1800802E1800B4
:10B48000802E1800802E1800802E1800802E1800A4
:10B49000802E1800802E1800802E1800802E180094
:10B4A000802E1800802E1800802E1800802E180084
:10B4B000802E1800802E1800802E1800802E180074
:10B4C000802E1800802E1800802E1800802E180064
:10B4D000802E1800802E1800802E1800802E180054
:10B4E000802E1800802E1800802E1800802E180044
:10B4F000802E1800802E1800802E1800802E180034
:10B50000802E1800802E1800802E1800802E180023
:10B51000802E1800802E1800802E1800802E180013
:10B52000802E1800802E1800802E1800802E180003
:10B53000802E1800802E1800802E1800802E1800F3
:10B54000802E1800802E1800802E1800802E1800E3
:10B55000802E1800802E1800802E1800802E1800D3
:10B56000802E1800802E1800802E1800802E1800C3
:10B57000802E1800802E1800802E1800802E1800B3
:10B58000802E1800802E1800802E1800802E1800A3
:10B59000802E1800802E1800802E1800802E180093
:10B5A000802E1800802E1800802E1800802E180083
:10B5B000802E1800802E1800802E1800802E180073
:10B5C000802E1800802E1800802E1800802E180063
:10B5D000802E1800802E1800802E1800802E180053
:10B5E000802E1800802E1800802E1800802E180043
:10B5F000802E1800802E1800802E1800802E180033
:10B60000802E1800802E1800802E1800802E180022
:10B61000802E1800802E1800802E1800802E180012
:10B62000802E1800802E1800802E1800802E180002
:10B63000802E1800802E1800802E1800802E1800F2
:10B64000802E1800802E1800802E1800802E1800E2
:10B65000802E1800802E1800802E1800802E1800D2
:10B66000802E1800802E1800802E1800802E1800C2
:10B67000802E1800802E1800802E1800802E1800B2
:10B68000802E1800802E1800802E1800802E1800A2
:10B69000802E1800802E1800802E1800802E180092
:10B6A000802E1800802E1800802E1800802E180082
:10B6B000802E1800802E1800802E1800802E180072
:10B6C000802E1800802E1800802E1800802E180062
:10B6D000802E1800802E1800802E1800802E180052
:10B6E000802E1800802E1800802E1800802E180042
:10B6F000802E1800802E1800802E1800802E180032
:10B70000802E1800802E1800802E1800802E180021
:10B71000802E1800802E1800802E1800802E180011
:10B72000802E1800802E1800802E1800802E180001
:10B73000802E1800802E1800802E1800802E1800F1
:10B74000802E1800802E1800802E1800802E1800E1
:10B75000802E1800802E1800802E1800802E1800D1
:10B76000802E1800802E1800802E1800802E1800C1
:10B77000802E1800802E1800802E1800802E1800B1
:10B78000802E1800802E1800802E1800802E1800A1
:10B79000802E1800802E1800802E1800802E180091
:10B7A000802E1800802E1800802E1800802E180081
:10B7B000802E1800802E1800802E1800802E180071
:10B7C000802E1800802E1800802E1800802E180061
:10B7D000802E1800802E1800802E1800802E180051
:10B7E000802E1800802E1800802E1800802E180041
:10B7F000802E1800802E1800802E1800802E180031
:10B80000802E1800802E1800802E1800802E180020
:10B81000802E1800802E1800802E1800802E180010
:10B82000802E1800802E1800802E1800802E180000
:10B83000802E1800802E1800802E1800802E1800F0
:10B84000802E1800802E1800802E1800802E1800E0
:10B85000802E1800802E1800802E1800802E1800D0
:10B86000802E1800802E1800802E1800802E1800C0
:10B87000802E1800802E1800802E1800802E1800B0
:10B88000802E1800802E1800802E1800802E1800A0
:10B89000802E1800802E1800802E1800802E180090
:10B8A000802E1800802E1800802E1800802E180080
:10B8B000802E1800802E1800802E1800802E180070
:10B8C000802E1800802E1800802E1800802E180060
:10B8D000802E1800802E1800802E1800802E180050
:10B8E000802E1800802E1800802E1800802E180040
:10B8F000802E1800802E1800802E1800802E180030
:10B90000802E1800802E1800802E1800802E18001F
:10B91000802E1800802E1800802E1800802E18000F
:10B92000802E1800802E1800802E1800802E1800FF
:10B93000802E1800802E1800802E1800802E1800EF
:10B94000802E1800802E1800802E1800802E1800DF
:10B95000802E1800802E1800802E1800802E1800CF
:10B96000802E1800802E1800802E1800802E1800BF
:10B97000802E1800802E1800802E1800802E1800AF
:10B98000802E1800802E1800802E1800802E18009F
:10B99000802E1800802E1800802E1800802E18008F
:10B9A000802E1800802E1800802E1800802E18007F
:10B9B000802E1800802E1800802E1800802E18006F
:10B9C000802E1800802E1800802E1800802E18005F
:10B9D000802E1800802E1800802E1800802E18004F
:10B9E000802E1800802E1800802E1800802E18003F
:10B9F000802E1800802E1800802E1800802E18002F
:10BA0000802E1800802E1800802E1800802E18001E
:10BA1000802E1800802E1800802E1800802E18000E
:10BA2000802E1800802E1800802E1800802E1800FE
:10BA3000802E1800802E1800802E1800802E1800EE
:10BA4000802E1800802E1800802E1800802E1800DE
:10BA5000802E1800802E1800802E1800802E1800CE
:10BA6000802E1800802E1800802E1800802E1800BE
:10BA7000802E1800802E1800802E1800802E1800AE
:10BA8000802E1800802E1800802E1800802E18009E
:10BA9000802E1800802E1800802E1800802E18008E
:10BAA000802E1800802E1800802E1800802E18007E
:10BAB000802E1800802EFD00802EFF00C82E002E44
:10BAC000802EFB00802EDDB0802EFE00802EFC003C
:10BAD000802E0DB15039212EB0F01030212E16F0ED
:10BAE000802E34B165504F5201423B8041300142BB
:10BAF0003C80002E01400142212EFFAFB82E1F7F57
:10BB0000802E1800802E1800802E1800802E18001D
:10BB1000802E1800802E1800802E1800802E18000D
:10BB2000802E1800802E1800802E1800802E1800FD
:10BB3000802E1800802E1800802E1800802E1800ED
:10BB4000802E1800802E1800802E1800802E1800DD
:10BB5000802E1800FD2D00000000000000000000F5
:10BB600000000000000000000000000004010000D0
:10BB7000000001000000000800F8000000000000C4
:10BB800000000000000000000000000800F80000B5
:10BB900000000000000000000000000001000000A4
:10BBA0000000000000000000000000000000000095
:10BBB0000000000000000000000000000000000085
:10BBC0000000000000000000000000000000000075
:10BBD0000000000000000000000000000000000065
:10BBE0000000000000000000000000000000000055
:10BBF0000000000000000000000000000000000045
:10BC00000000000000000000000000000000000034
:10BC10000000000000000000000000000000000024
:10BC2000000000000000012E55F0C02E212E55F01E
:10BC30003050003051560530052CFB7F3EBED2BA45
:10BC4000B2B96C0B530EF92F531A012F4D0EF52F6D
:10BC5000D27F04301F2CE17FC501A303720E032F96
:10BC6000721A0F2F790F0D2FE16F4F045FB9B1BF1B
:10BC7000FA0BD26F9606B12551BFEB7F0600B225B5
:10BC80002703DB7FCFBF3EBF01B8D2BA41BAB2B9FA
:10BC9000070A6E0BC090DF2F4091DD2FFB6FD05F46
:10BCA000B82E0031C02E212EBAF0C82EC82EC82EB4
:10BCB000C82EC82EAA000500AA0005002D01D47BBD
:10BCC0003B01DB7A04003F7BCD6CC3048509C304D0
:10BCD000ECE60C460100270019009600A0000100C8
:10BCE0000C00F03C00010100030001000E00000008
:10BCF0000600060000004728880054005100970005
:10BD0000A00080000040FF7F0080AF00FF00FFB771
:10BD1000000200B00580B1F05EF0C00059F039F0CB
:10BD2000570089F054000020820059005D00810016
:10BD3000FFFB52F056F0330933070008900100F87A
:10BD40000001020160006A004C04A000E8038100C9
:10BD50008200EB07AE07AA007500FF0FDB00B601FB
:10BD6000706926D39C07BC021F059D00A805EE063E
:10BD700001F0BC053708BB0637FAB200FF03982E66
:10BD800015B02026982EF700982EC4B01030212E22
:10BD900059F0982EB900982E7AB4982E89B4002EB6
:10BDA000002ED02E982EA7B0012E580000B21A2FC8
:10BDB0000030212E58004750982E65B0032E1E01EA
:10BDC00047500230982E28B5032E1F0147501230DD
:10BDD000982E28B5012E03F00DBC0FB80090022F4D
:10BDE0004F50212EBCF0012E570000B2252F0030FD
:10BDF000212E57004950982E65B04950982EC1B158
:10BE00004950982E34B649504B52982EA4B44950FC
:10BE10004D52982EA4B4012E1E010FBC0FB80090F5
:10BE20004F50082F032E1F019FBC9FB84090022F38
:10BE3000212EBCF0022D212EBAF0982EB900AF2D84
:10BE40001050FB7F2125982EF401FB6F2125F05F18
:10BE50001025802EBE009401DD03C0AD0B2FC0A8BD
:10BE6000032FC090072F80A6052F40A9122F4091C5
:10BE7000012F00AB0E2FC0AC00305552072FC0A9C8
:10BE8000032FC091032F80A7012F40A1052FC02EA3
:10BE900017250625C02EF03F5352B82E8386013059
:10BEA0000030944024180600530E4F02F92FB82E8C
:10BEB000802E180080A80325102F8090012F410E9E
:10BEC0000C2FF33F180505305D07150E032F551A8B
:10BED000022FCC0F002F58040125B82EB82E635026
:10BEE00041300240510A0142188257506042703C72
:10BEF000595442426982823243401808020A404241
:10BF00004280023F014010504A08FB7F11420B3132
:10BF10000B423E8031320142002E012E40F0139040
:10BF2000202F03305D505B5414350630615255327A
:10BF30001D1AE322181A5F58E3220430D540B50DCC
:10BF4000E1BE6FBB8091A90D0189B52310A1F72F28
:10BF5000DA0E1435EB2F012E2500701A0030213037
:10BF6000022C0822303000B2062F212E59F0982ED4
:10BF7000B900002E002ED02EFB6FF05FB82E70504F
:10BF8000032E2201F17F2A25B982E07FDB7F00307A
:10BF90004530323003300430F66FF209FC13C2AB87
:10BFA000B509C72380B3E66FB701002E8B414B4222
:10BFB000052FC57F05304640AE05C56F464201805E
:10BFC00023BDD3BE03894182DF0C03A2E42FE06FBF
:10BFD000916F1142C3B2A16F1142002EB16F0142A5
:10BFE000062F0032032E59F0080A212E59F0062D93
:10BFF000F13D012E59F00108212E59F0DB6F905FC1
:10C00000B82E6950052E00F04F56D30F0140F4337F
:10C01000CC080D2FF4309408B98802A3042F675878
:10C020004C0A87A2052CCB224F544A0AF23BCA087D
:10C030003C80272E59F001400142B82E012EB1F06C
:10C040006752010A212EB1F0012E1E010FBC0FB85C
:10C0500000904F50082F032E1F019FBC9FB84090A7
:10C06000022FC02E212EBCF0C02E212EBAF070500F
:10C07000F77F002E0F2EB8F0F8BFFFBBC0B3232F01
:10C08000B27F947FC67FE57FD37FA17F3530052EB9
:10C0900001F02EBD2EBB6B586E0547566D54113006
:10C0A00027410641F8BFBE0BB511D64203895A0E8F
:10C0B000F62F232E58004F52232EB8F0B26FE56FA3
:10C0C000D36FA16F946FC66FF76F905FC82E6050EB
:10C0D000C37FD47FE77FF67FB27FA57F3630072E00
:10C0E00001F0BEBDBEBB6F5877054956715427415C
:10C0F0000641F8BFBE0BB511D64203895A0EF62F82
:10C100001230252E57000231252EB8F0D46FC36FA0
:10C11000E76FB26FA56FF66FA05FC82E1A242600D6
:10C12000802E65017050428ED47FF67F47251A1805
:10C130007352F10064250130390294418141E27F5C
:10C14000BEBBBD8D02BDB57F8EB5BA0AC67FAB7FC3
:10C150005125982ED101D56FE26F2A187354B20180
:10C160000230C46F7A0312417425D07F52BCD34190
:10C170006EBADEB6200BC77F917F982ED101F26F89
:10C18000D56FCA165518DD18956FEA18735A312500
:10C1900075010130202539025EBA82BC8EB6210BB2
:10C1A000982ED101E26FB56F2A18E07FF17F04303D
:10C1B0007354F2007C02856FD06F0D176818E01879
:10C1C000906FC46FC518EB6FB2011B4302307A0346
:10C1D000FB6F3D8F0B433EBA12BD52BC6EBBA20A31
:10C1E0009EB5DEB6300BF77F982ED101F56F312565
:10C1F000D16F926FAB6F50434343905F5356802E85
:10C2000000B0105003401918555619053625F77F10
:10C210004A175418EC18091701300C07E218DE0011
:10C22000F26F97025158DC009102BFB821BD8A0A13
:10C23000C02E0242F05F092E1D01052E1D01A3BC78
:10C2400044BE90504FB9072E1D014A259FB8398F23
:10C25000B2BDF27FBFB9EB7F8A0A37890B30930AF0
:10C260008B7FCB430B4380B2D37FC17F902E6CB2C8
:10C270002025012E5F0001900E2F7552012E5C00CB
:10C28000B47FA27F982E72B20030212E5F00C16F62
:10C29000D36FA26FB46F0B30012E1D0106BC06BB1D
:10C2A0005725012E1D0194B105BCB67F0FBB7950F7
:10C2B00080B30F2F0D2E1D017D5EB7092D2E1D01A0
:10C2C0007F5C775E9B439B43DB439B431B42CB439B
:10C2D0000B428B4340B2052F7750002E16400B4087
:10C2E000767F8B7FCB0A012E5C0075527B5C982E8B
:10C2F000BEB2906F00B20B2FF06F00B2082F7758CC
:10C30000795012411242213004410442232E5EF042
:10C31000C06F00B2262F746F806F7F5488BDC8B87D
:10C320004B0A94429142904288BA7752F36F54423A
:10C330008542C0904042152F7952002E5240414014
:10C34000A204410640AA042F40900B2FB16F4A0F60
:10C35000082FB26F80B2052F795421309442804269
:10C36000232E5EF0D06F00B2132F012E5B00092E3A
:10C370008100041A0D2F8150292E5B002442443085
:10C38000024002420980002E0442032D1030212E6B
:10C390005F00EB6F705FB82E09865154E440C38094
:10C3A0009404C3401305054025058A1773307309AB
:10C3B0008C17F308E3004C821501B3B553428B167A
:10C3C00043B652424C175442554253425242544291
:10C3D00045426D8283545242105085545242FB7F35
:10C3E00022308756434244820B3052425B427C8467
:10C3F0004B42358290808B420B42358004300B4299
:10C40000378015306025982EB1B28B83FB6F654263
:10C41000C02E4442F05F0580023051820242133048
:10C4200041404B0889543E805114C02E0142002ED9
:10C430004051D17F12250230424332308243C67FC1
:10C44000E57FB47FA37F907F8B7F982EC601C07E4F
:10C4500000AC012F5350C07E002E906F098AD16F1F
:10C46000757F4C826341657F117F002E6441448556
:10C47000527F457F002EA6408040327F828EC26E62
:10C480004541F07F277F027F982E38B1236FD16F0F
:10C49000C240F986237F80B2E07E0F2F326F646F37
:10C4A0008240F27F5082426F506F736F8540C3406D
:10C4B00004410640E26E982E38B1E07EF331106FF1
:10C4C0003680E16E0240717F5104023040A8910431
:10C4D0004A22891693084A0095B409188E1613301B
:10C4E0009308216F607F4D860280B200414021B5E4
:10C4F000507F437F982EA7B1406F626F556F1340F6
:10C5000084400140454142BE1D184C04310F048A4D
:10C51000C06F1130022F002E032C01422330034242
:10C52000002ED66F44418A87768B00B3537F152F38
:10C53000046F8B5E8B8DE701C0A58441012F00A1A4
:10C54000032FC0AD082F00A5062FC640818D0730F0
:10C550003C05D642042CC442022C073007308686A4
:10C56000946FD77E0E8D00407489C74002B2F929BE
:10C5700045418641BE80214175238240C742457FA7
:10C58000347F207F982EA7B1316F606F246F2240D7
:10C590000541434013014386AC0FD16F307F002F1C
:10C5A0004442488A4188E140137F047FF57E982EFB
:10C5B000A7B1116F606F346F424003409A04044189
:10C5C0004382A20E036F002FC242002E4140726FC1
:10C5D000982EA7B1256F726F5341930ED16F46808D
:10C5E0001B3003300C2F044000914242082FF66E9E
:10C5F000446F8641B40E032F0288DB7E03430B4257
:10C60000468D44414780056F940F767F607F022FEF
:10C610004589424303434988A56F4091A47F153063
:10C62000E26FD36E032F04308342802E62B4044045
:10C630002529044283424582946F0485C0B2902E1E
:10C640004EB415873C8CC440467FC2860740864165
:10C65000F4BF00B30C2F906F16804625004057257D
:10C660000418AE0E1030063075254623606F642521
:10C67000C440FA8600B3337F092F936FD888536F75
:10C680000441C340DC0E13300430DC22B32540B338
:10C69000022F3B25C090052F916FD06F982EB1B21D
:10C6A0004D2C04308D8843408240547FDA0F043093
:10C6B000082FC1804042C20F022F0030C07E1B2DC8
:10C6C000C07E192DE1BC926F4F04908440A82105D3
:10C6D00083404C224B0EB6842130022F1130042CA3
:10C6E000C17EE36FC17EC142002E0040814004BD87
:10C6F000406F982EA7B1506F113002405108C36EA1
:10C70000038099150B40B16FD06FB67F5B7F04300B
:10C7100059540330112C1480556F0640750158BBD5
:10C720006A090542C18647405125BE015643002E85
:10C730004641F403B66F47435E0EED2F316F606FD5
:10C74000424015300282950804425242022C444273
:10C7500004303E8E916F4F8C02408341B58D930E15
:10C76000D06F012F982EB1B2002EC0418141C10F70
:10C77000C06F012F0442002E706F3C820040414088
:10C78000891695084A0004BC91B4010EE06F072F8A
:10C79000A16F002E414040B2022FA16F05424442DA
:10C7A000002E8B6FC05EB82E10508D524B50FB7F09
:10C7B000982E98B44B524582103050426030FB6F37
:10C7C000C02E4042F05F10508F524D50FB7F982E8C
:10C7D00098B44D524582003050427030FB6FC02EED
:10C7E0004042F05F123012420230124212421242B4
:10C7F00002420380418411420242B82E4886905082
:10C80000C4404284F27F5A250241A2BF7785064187
:10C81000FFBB874261BF07416FBB867F7FBB967FAF
:10C82000FE8686408091C340D37FE07F1330052F82
:10C83000866F8091022F966F80B3602F61255740DD
:10C84000C191C17F0F2F01308143002EF26F134041
:10C850009342002E13409342002E00408042BD8040
:10C86000C02E0142705F87837A8D45407B824541AF
:10C870000441D5BF43BEC3BAA57F75BAB67F0530A4
:10C880009740C0B3092F06404740B705073080A93D
:10C89000FE05B723740F5D23B66F41820180560EEB
:10C8A000EE2F4040281AC46FE06FF26F022F033062
:10C8B000192C034305416B29A66F05436E0E112FFA
:10C8C000D46F00B3032F3F89DC14272E5EF0402580
:10C8D00032251541D542002E1541D542002E044186
:10C8E000C442002E002E41404090092F1140914239
:10C8F000002E11409142002E0040022C8042434203
:10C90000705FB82EB0503A25F5869158C442153064
:10C9100093584D098190647FF27FEB7F022F40B3E3
:10C92000902E05B6150B00B3902E05B69A00E33095
:10C93000CB0881404484B1BA4686498E975CC27F59
:10C9400002840725D37F2B2EA9008440E341E30412
:10C95000C441C3432E18955A8B400B42B500995AD7
:10C96000B27F3A8095000540418B0542038AA27F41
:10C97000438440417B8B857F00B2DC05917F042F8F
:10C98000C36F002EC4400189C44247866641757F4B
:10C99000458842823E0F4541342F46403E0E262FA9
:10C9A0008540C133A90E0130022FC340C0B21B2FF6
:10C9B0008234AA0E312F01417F8243A20230022F1E
:10C9C000002E0C2C013000B2D06F1130012F02422A
:10C9D000022D01420130C06F002E02423E810486CA
:10C9E00002420243C242192DC0338042162DA06F6D
:10C9F0002804381E40421130906F2230982E08B61D
:10CA00000C2C0130A16FA900906F0182BA1C424228
:10CA100021301230982E08B60130726FD4B1F5BDB6
:10CA20006BBA9F5A80400518F5BEE30AEBBB3D0B7D
:10CA3000806FE30004406305A1582C18F5BE8342C3
:10CA4000EBBBFD0BB26F5A01DF017D1F15429A044B
:10CA500005405D052C1875BEEBBA2C0BDC049A1C46
:10CA600002420480002E004000B2102FC26FC0337B
:10CA70008240900E0B2FD16F7E8803813C840B3057
:10CA800082864B420B420B438B42CB42213042B257
:10CA900002309D50022241B29B520822F16F409019
:10CAA0001130062F2230020800B2082F232E5EF02C
:10CAB000062D010800B2022F0031212E5EF0EB6F2F
:10CAC000505FB82E0786FC88C6400541311A122FE8
:10CAD0008091222FC133290F0A2F0680002E00409B
:10CAE00000B2012F44A9032F0030C0420043B82EEA
:10CAF000C2420143B82EC133A90E0E2F433CEB00B6
:10CB0000CCA80A2F0586C280C34002423C84C18063
:10CB100081428284C02E8042002EB82E052E200134
:10CB2000113020509108F07F80B2EB7F132F012E3F
:10CB3000740001900230A350032F252E7400982E0C
:10CB4000ADB7F26FA352982E57B600B2062F8030C1
:10CB5000212E5EF0032D1030212E7400EB6FE05F6C
:10CB6000B82E3051428AE17F8388DB7FC57F1A254A
:10CB7000052593400640B3011642CB160640F3024A
:10CB80001342540EF52F04401230A228024288A00E
:10CB90000030902EA9B76D847388927F707F847F58
:10CBA000A27F7086B57F637F7530A552A754BD50B4
:10CBB000AF58B76FF47F517F002ED641D441B77F75
:10CBC000CC177D097501063026034DBED3BA6C0B18
:10CBD000280E05222A0F9022D242437F327F002E58
:10CBE000A95AAB58AD5CA956982E38B1916F326FE7
:10CBF0005042917FB3301025982EDBB7716F882893
:10CC0000436F806F727F580E516F4482A754BD509E
:10CC10007530AF58CD2FB16F4684E16F4E808140A3
:10CC2000B27F907F1230982ECCB7B16F7C8AA26F02
:10CC3000B57F4042982EF40195BC0BB9510A626F42
:10CC4000A17F982EF40195BC0BB9110AA16F491769
:10CC500048188816E818D11827251625807F982EA1
:10CC6000BE00B56FE16F43414B844C8CB07F627F57
:10CC70004A887E8BC090567F132F457F347FB33018
:10CC8000B152B26F982EDBB7716F880E346F456F5B
:10CC9000E16F062F34251B30106F226FDB42D0422C
:10CCA000C2420230006F00A89005136F8623C0A80F
:10CCB000D305DF23B705B35E370F4D8C0730192F2F
:10CCC000447F002E246FB35EA70E446F0730112FF0
:10CCD000C75EDF00C15E5F0E022F002E0B2C0730F7
:10CCE000C9560300C356430E022F002E032C0730F3
:10CCF000824317304186C0910E2FC0400190092F0A
:10CD0000804114300428804306A0032FC880BB58FC
:10CD1000C2420442662C0030906F002E004000A8F2
:10CD200000305E2F004100B200305A2F4982B26FAE
:10CD3000437FB57F947FB3304140982EDBB7716F4E
:10CD4000880FB56FE16F023000304A2F806FC558F1
:10CD50000400BF58440E022F002E432C0030A06F59
:10CD6000B558840E00303C2FB754216FB57F982EF4
:10CD7000CCB71025B3302125982EDBB7026FA07FEA
:10CD8000B3301225982EDBB7126F807FB330122597
:10CD9000982EDBB7816F88288752982ECCB7A16F69
:10CDA000880FB56FE16F023000301A2F446F002EEC
:10CDB000004100B20F2F646F106F0441840E0030E9
:10CDC0000F2F546F206F0441840F0030092F946F90
:10CDD0001030072C02430887B950D042103000436E
:10CDE000C2420B304B437A8BC46F06895243524385
:10CDF0006C0EFB2F7885002E8240021A022F002E27
:10CE0000022C40420030002EDB6FD05EB82E08822C
:10CE1000023012420886C288875A12430543028BA9
:10CE20007C8D42431430BE8B044245814243024212
:10CE30003580B95EA55AC7428443524312425243D9
:10CE4000124252435243410EF72FB82E0A0C555648
:10CE500003090A0400B3072F880C930880B2032F3C
:10CE60005350C02E40AC0322B82EFF8810304A0D1C
:10CE70000A1804154C165FB97908535A95003409FD
:10CE80004090022F0091002F0030D800C0B20B2F2D
:10CE9000D0A0032FF086BB11072CCE1701314B0415
:10CEA00079143312FB11810BCE16C02E7B1A162279
:10CEB000802E1800802E1800802E1800802E18005A
:10CEC000802E1800802E1800802E1800802E18004A
:10CED000802E1800802E1800802E1800802E18003A
:10CEE000802E1800802E1800802E1800802E18002A
:10CEF000802E1800802E1800802E1800802E18001A
:10CF0000802E1800802E1800802E1800802E180009
:10CF1000802E1800802E1800802E1800802E1800F9
:10CF2000802E1800802E1800802E1800802E1800E9
:10CF3000802E1800802E1800802E1800802E1800D9
:10CF4000802E1800802E1800802E1800802E1800C9
:10CF5000802E1800802E1800802E1800802E1800B9
:10CF6000802E1800802E1800802E1800802E1800A9
:10CF7000802E1800802E1800802E1800802E180099
:10CF8000802E1800802E1800802E1800802E180089
:10CF9000802E1800802E1800802E1800802E180079
:10CFA000802E1800802E1800802E1800802E180069
:10CFB000802E1800802E1800802E1800802E180059
:10CFC000802E1800802E1800802E1800802E180049
:10CFD000802E1800802E1800802E1800802E180039
:10CFE000802E1800802E1800802E1800802E180029
:10CFF000802E1800802E1800802E1800802E180019
:10D00000802E1800802E1800802E1800802E180008
:10D01000802E1800802E1800802E1800802E1800F8
:10D02000802E1800802E1800802E1800802E1800E8
:10D03000802E1800802E1800802E1800802E1800D8
:10D04000802E1800802E1800802E1800802E1800C8
:10D05000802E1800802E1800802E1800802E1800B8
:10D06000802E1800802E1800802E1800802E1800A8
:10D07000802E1800802E1800802E1800802E180098
:10D08000802E1800802E1800802E1800802E180088
:10D09000802E1800802E1800802E1800802E180078
:10D0A000802E1800802E1800802E1800802E180068
:10D0B000802E1800802E1800802E1800802E180058
:10D0C000802E1800802E1800802E1800802E180048
:10D0D000802E1800802E1800802E1800802E180038
:10D0E000802E1800802E1800802E1800802E180028
:10D0F000802E1800802E1800802E1800802E180018
:10D10000802E1800802E1800802E1800802E180007
:10D11000802E1800802E1800802E1800802E1800F7
:10D12000802E1800802E1800802E1800802E1800E7
:10D13000802E1800802E1800802E1800802E1800D7
:10D14000802E1800802E1800802E1800802E1800C7
:10D15000802E1800802E1800802E1800802E1800B7
:10D16000802E1800802E1800802E1800802E1800A7
:10D17000802E1800802E1800802E1800802E180097
:10D18000802E1800802E1800802E1800802E180087
:10D19000802E1800802E1800802E1800802E180077
:10D1A000802E1800802E1800802E1800802E180067
:10D1B000802E1800802E1800802E1800802E180057
:10D1C000802E1800802E1800802E1800802E180047
:10D1D000802E1800802E1800802E1800802E180037
:10D1E000802E1800802E1800802E1800802E180027
:10D1F000802E1800802E1800802E1800802E180017
:10D20000802E1800802E1800802E1800802E180006
:10D21000802E1800802E1800802E1800802E1800F6
:10D22000802E1800802E1800802E1800802E1800E6
:10D23000802E1800802E1800802E1800802E1800D6
:10D24000802E1800802E1800802E1800802E1800C6
:10D25000802E1800802E1800802E1800802E1800B6
:10D26000802E1800802E1800802E1800802E1800A6
:10D27000802E1800802E1800802E1800802E180096
:10D28000802E1800802E1800802E1800802E180086
:10D29000802E1800802E1800802E1800802E180076
:10D2A000802E1800802E1800802E1800802E180066
:10D2B000802E180001000600000002000500010891
:10D2C0000000AC0D0000200E03008B0E1600C00EF7
:10D2D00030008B0F4F005410640001010180D042D8
:10D2E000193A3B43238EFE48FC780100060080D0AB
:10D2F00042193A3B43238EFE48FC780000060000AA
:10D3000010000D188023D1BCEA5F782315DEEF12E0
:10D310001230150000000ADC02001EDC020013DCE3
:10D3200002001ADC0200F5DB020020DC0200100023
:10D33000282A1000272A1000262A1000252A10006B
:10D34000242A1000292A10000A18000000000000FA
:10D350000000B5BD000010002B2A100005180000C9
:10D360000000000000009DBF00001000442A1000D3
:10D37000452A1000462A1000482A1000472A1000AB
:10D3800011188023D1BCEA5F782315DEEF12123426
:10D390001500008023D1BCEA5F782315DEEF12125E
:10D3A000311500008023D1BCEA5F782315DEEF122F
:10D3B00012321500000077C295F360D2EF7F35522C
:10D3C000500F2CB6798010000F2A10002B2A100065
:10D3D000051880D042193A3B43238EFE48FC780161
:10D3E000000200001000462A1000111880D04219D7
:10D3F0003A3B43238EFE48FC780C00000080D0426C
:10D40000193A3B43238EFE48FC780B00000080D085
:10D4100042193A3B43238EFE48FC780A0000008004
:10D42000D042193A3B43238EFE48FC7809000000A5
:10D4300080D042193A3B43238EFE48FC7808000016
:10D440000080D042193A3B43238EFE48FC78070007
:10D45000000080D042193A3B43238EFE48FC7806F8
:10D4600000000080D042193A3B43238EFE48FC78EE
:10D470000500000080D042193A3B43238EFE48FC51
:10D48000780400000080D042193A3B43238EFE48C6
:10D49000FC780300000080D042193A3B43238EFE03
:10D4A00048FC780200000080D042193A3B43238EAA
:10D4B000FE48FC780100000080D042193A3B43232B
:10D4C0008EFE48FC780000000080D042193A3B43B1
:10D4D000238EFE48FC780000050080D042193A3BBC
:10D4E00043238EFE48FC7801000500001000192A35
:10D4F00010000F1880726566736E617254656C69F6
:10D50000460002AFAD80726566736E617254656CE1
:10D5100069460001AFAD1000BBFE6DDC02007ADC95
:10D52000020087DC02001000062A1000021880D0DA
:10D5300042193A3B43238EFE48FC780400010080E8
:10D54000D042193A3B43238EFE48FC780300010089
:10D5500080D042193A3B43238EFE48FC78020001FA
:10D560000080D042193A3B43238EFE48FC780100EC
:10D57000010080D042193A3B43238EFE48FC7800DC
:10D58000000100001000372A80D042193A3B4323A3
:10D590008EFE48FC780200030080D042193A3B43DB
:10D5A000238EFE48FC780100030080D042193A3BEC
:10D5B00043238EFE48FC78000003000000000900B1
:10D5C000000010270000983A000000000000000052
:10D5D0000B0B030001000100000000000000000030
:10D5E000000096000000030000000000000001079A
:10D5F00000000000000000000000037005000000B3
:10D600000000D7D4223B536D223C4CF9B53C13D1DA
:10D61000203DF766793D76EEB13D0C92EF3DB4804A
:10D620001A3EF2C5403E60376A3EC7358B3E0379ED
:10D63000A23E33AABA3ECB8BD33E7DDEEC3EEE302B
:10D64000033F7FEA0F3F917B1C3F2CC4283F0EA570
:10D65000343F0000403F1DB84A3F1FB2543FA5D49D
:10D660005D3F7008663FA3386D3FF352733FD94763
:10D67000783FB90A7C3F02927E3F44D77F3F050442
:10D680000203010000000000070600000000C509B9
:10D690000100AF0701008D0801007908010065084D
:10D6A000010051080100000000000000000000001F
:10D6B00000002F0901003D07010029070100E906CC
:10D6C0000100470A01004B0A01004F0A0100570AF6
:10D6D00001003F0A0100430A0100000000000000B1
:10D6E00000000000000000000000530A01003E009E
:10D6F0000000C906010013000000D3080100050066
:10D700000000A1080100080000001507010030001A
:10D7100000000107010010000000ED0601000000FC
:10D720000000E50C010000000000EF0B010000000C
:10D730000000EF0B0100EF0B0100EF0B01000000F8
:10D740000000EF0B010000000000EF0B01000000E3
:10D750000000EF0B010000000000EF0B01000000D3
:10D760000000EF0B01003D0D0100F90C0100EF0B73
:10D770000100EF0B0100EF0B0100EF0B0100EF0BBD
:10D780000100EF0B0100EF0B01000101010A020093
:10D79000000009240100D5140100C9140100A514DA
:10D7A0000100031601002D1401001F140100711661
:10D7B000010055130100392E0100C92F010000009E
:10D7C000000099190100071E0100C91E0100D9249B
:10D7D0000100BD150100651B0100E11B01005B1C80
:10D7E0000100D11C01004F1D0100E7260100DD2EC4
:10D7F00001008D3001004D12010000000300030004
:10D8000004030004020202000200000000000204FF
:10D8100003000400000200020004020004030302EB
:10D8200000030000000000030402000410000328AD
:10D8300000000C000000CD5E01000D000000E15D65
:10D8400001000C0000003D5E01000D000000655D60
:10D85000010007000000D154010009000000135727
:10D86000010003000000475B010003000000D558E1
:10D870000100040000005558010005000000E157B8
:10D88000010008000000A75B010003000000575AD8
:10D89000010004000000ED59010005000000C95A14
:10D8A0000100080000007D590100A35F01009F53A3
:10D8B0000100DF5301001F540100615401007B543B
:10D8C0000100AD540100C7540100F5540100FF549C
:10D8D00001006F5F01002F5F0100E75E0100ED5D59
:10D8E0000100A955010000000000D15F01003B5973
:10D8F0000100B158010031580100BD5701006B57BC
:10D9000001000000000000000000EF5601000000D0
:10D910000000000000001B5E0100215D010000000E
:10D9200000009D5F0100A9530100E9530100295443
:10D9300001006B5401007F540100B7540100CB5427
:10D940000100F954010003550100695F01002B5FDC
:10D950000100A35E0100435D0100BF5901001000FA
:10D96000032810000228100000280000000000001A
:10D97000EF8DE2164FEC430DBF5BDD34C0531EB894
:10D980000100030200000000000001000000818C83
:10D99000010002000000A76F010003000000A78C37
:10D9A0000100040000008570010005000000398DB1
:10D9B0000100060000009571010007000000178EAD
:10D9C00001000800000065730100090000009F8E3F
:10D9D00001000A000000E17401000B0000003B8F11
:10D9E00001000C0000005D7501000D000000778F44
:10D9F00001000E000000D77501000F000000858FA8
:10DA00000100100000007D76010011000000D58F9C
:10DA100001001200000061780100130000009190E5
:10DA20000100160000004979010017000000F39082
:10DA3000010018000000A97A0100190000005791A8
:10DA400001001B000000E17B01001D0000001D7CA7
:10DA500001001E000000DF91010052000000F57877
:10DA60000100CE0150002C00D0020B0701160C0063
:10DA70000001080800000501081717020000080847
:10DA80000202040201002201012A080F0300F4012E
:10DA9000FA00960064004B0032001E0014002000C3
:10DAA00000000040000000000000000028220000EC
:10DAB00000000000000000F7FFFF0F000000003032
:10DAC000F80F0000800700000000000000000000C8
:10DAD0000000000000000000000000000000000046
:10DAE0000000A03400201606021B110602110304D8
:10DAF0000309050403050406080A0C0E1012141687
:10DB0000181C1E20222426282A2C2E303234363887
:10DB10003A3C3E40424446484A4C4E021A500100AC
:10DB20000000D00000200000000080000020000065
:10DB300000000000000000000000000000000100E4
:10DB400000002801002000000000F4000020000078
:10DB500000000000000000000000000000006C88D1
:10DB60008391AAF5A53860370BDB5A6083BE3F4925
:10DB7000F6D4A3C55F3874C9B3E3D2103F504AFF4F
:10DB8000607BEB40B7995899B8A6CD3C1ABD0820E8
:10DB90000001FFFFFFFFFFFFFFFFFFFFFFFF000090
:10DBA0000000000000000000000001000000FFFF76
:10DBB000FFFF512563FCC2CAB9F3849E17A7ADFAD3
:10DBC000E6BCFFFFFFFFFFFFFFFF00000000FFFFBD
:10DBD000FFFF96C298D84539A1F4A033EB2D817D83
:10DBE0000377F240A463E5E6BCF847422CE1F2D1AA
:10DBF000176BF551BF376840B6CBCE5E316B5733EC
:10DC0000CE2B169E0F7C4AEBE78E9B7F1AFEE242DC
:10DC1000E34F4B60D2273E3CCE3BF6B053CCB00630
:10DC20001D65BC86987655BDEBB3E7933AAAD83507
:10DC3000C65A793E0200CB3F0200453B020000621B
:10DC4000746C65000000000000000000000000008F
:10DC500000000000000000000000000000000000C4
:10DC600000000000000000000000000000000000B4
:10DC7000000100637C777BF26B6FC53001672BFE80
:10DC8000D7AB76CA82C97DFA5947F0ADD4A2AF9C12
:10DC9000A472C0B7FD9326363FF7CC34A5E5F171E9
:10DCA000D8311504C723C31896059A071280E2EBF2
:10DCB00027B27509832C1A1B6E5AA0523BD6B32982
:10DCC000E32F8453D100ED20FCB15B6ACBBE394A0F
:10DCD0004C58CFD0EFAAFB434D338545F9027F5016
:10DCE0003C9FA851A3408F929D38F5BCB6DA211015
:10DCF000FFF3D2CD0C13EC5F974417C4A77E3D64AD
:10DD00005D197360814FDC222A908846EEB814DEDC
:10DD10005E0BDBE0323A0A4906245CC2D3AC629166
:10DD200095E479E7C8376D8DD54EA96C56F4EA6550
:10DD30007AAE08BA78252E1CA6B4C6E8DD741F4B4F
:10DD4000BD8B8A703EB5664803F60E613557B986BD
:10DD5000C11D9EE1F8981169D98E949B1E87E9CE6A
:10DD60005528DF8CA1890DBFE6426841992D0FB07F
:10DD700054BB16000000000000000000000100007D
:10DD80000002000000040000000800000010000075
:10DD9000002000000040000000800000001B000088
:10DDA000003608200001FFFFFFFFFFFFFFFFFFFF1E
:10DDB000FFFF000000000000000000000000010064
:10DDC0000000FFFFFFFF512563FCC2CAB9F3849E28
:10DDD00017A7ADFAE6BCFFFFFFFFFFFFFFFF000044
:10DDE0000000FFFFFFFF96C298D84539A1F4A03389
:10DDF000EB2D817D0377F240A463E5E6BCF8474252
:10DE00002CE1F2D1176BF551BF376840B6CBCE5E2F
:10DE1000316B5733CE2B169E0F7C4AEBE78E9B7FE0
:10DE20001AFEE242E34F4B60D2273E3CCE3BF6B0B7
:10DE300053CCB0061D65BC86987655BDEBB3E79311
:10DE40003AAAD835C65A793E0200CB3F0200453B7C
:10DE50000200000000000000000000000000FFFFC2
:10DE6000FFFFFFFFFFFF000000006410B71DC82088
:10DE70006E3BAC30D9269041DC76F4516B6B586127
:10DE8000B24D3C7105502083B8ED44930FF0E8A3E8
:10DE9000D6D68CB361CBB0C2649BD4D2D38678E2A1
:10DEA0000AA01CF2BDBD000FC93F000F494000CBC6
:10DEB0009640000FC9400053FB4000CB164100EDD7
:10DEC0002F41000F49410031624100537B41003A2C
:10DED0008A4100CB9641005CA34100EDAF41007E3A
:10DEE000BC41000FC94100A0D5410031E24100C250
:10DEF000EE410053FB4100F20342003A0A42008324
:10DF0000104200CB164200141D42005C234200A5C3
:10DF1000294200ED2F4200363642007E3C4200C7C7
:10DF20004242000F4942A2000000F90000008300B5
:10DF300000006E0000004E000000440000001500CC
:10DF4000000029000000FC0000002700000057002E
:10DF50000000D1000000F500000034000000DD00EA
:10DF60000000C0000000DB0000006200000095001F
:10DF70000000990000003C000000430000009000F9
:10DF8000000041000000FE0000005100000063009E
:10DF90000000AB000000DE000000BB000000C50078
:10DFA000000061000000B7000000240000006E00C7
:10DFB00000003A000000420000004D000000D200C6
:10DFC0000000E000000006000000490000002E00F4
:10DFD0000000EA00000009000000D10000009200EB
:10DFE00000001C000000FE0000001D000000EB000F
:10DFF00000001C000000B100000029000000A70084
:10E0000000003E000000E800000082000000350033
:10E010000000F50000002E000000BB0000004400DE
:10E02000000084000000E90000009C000000700077
:10E03000000026000000B40000005F0000007E0029
:10E040000000410000003900000091000000D600EF
:10E050000000390000008300000053000000390078
:10E060000000F40000009C000000840000005F003D
:10E0700000008B000000BD000000F9000000280037
:10E0800000003B0000001F000000F80000009700A7
:10E090000000FF000000DE00000005000000980006
:10E0A00000000F000000EF0000002F000000110032
:10E0B00000008B0000005A0000000A0000006D0004
:10E0C00000001F0000006D000000360000007E0010
:10E0D0000000CF00000027000000CB000000090076
:10E0E0000000B70000004F000000460000003F00A5
:10E0F0000000660000009E0000005F000000EA00D3
:10E1000000002D0000007500000027000000BA008C
:10E110000000C7000000EB000000E5000000F10077
:10E1200000007B0000003D000000070000003900F7
:10E130000000F70000008A0000005200000092007A
:10E140000000EA0000006B000000FB0000005F0020
:10E150000000B10000001F0000008D0000005D0005
:10E16000000008000000560000000300000030001E
:10E17000000046000000FC0000007B0000006B0077
:10E180000000AB000000F0000000CF000000BC0069
:10E190000000200000009A000000F400000036009B
:10E1A00000001D000000A9000000E3000000910035
:10E1B0000000610000005E000000E60000001B009F
:10E1C00000000800000065000000990000008500C4
:10E1D00000005F00000014000000A00000006800C4
:10E1E0000000400000008D000000FF000000D8008B
:10E1F0000000800000004D000000730000002700B8
:10E2000000003100000006000000060000001500BC
:10E21000000056000000CA00000073000000A800C3
:10E220000000C900000060000000E20000007B0068
:10E230000000C00000008C0000006B000000000027
:10E24000C93F0000F0390000DA370000A2330000B7
:10E25000842E0000502B0000C2270000D0220000B6
:10E26000C41F0000C61B0000441704000000070084
:10E27000000009000000000000001F0000003B003B
:10E2800000005A0000007800000097000000B50070
:10E290000000D4000000F300000011010000300174
:10E2A00000004E0100001F0000001C0000001F00C5
:10E2B00000001E0000001F0000001E0000001F00E4
:10E2C00000001F0000001E0000001F0000001E00D4
:10E2D00000001F0000001F0000001C0000001F00C5
:10E2E00000001E0000001F0000001E0000001F00B4
:10E2F00000001F0000001E0000001F0000001E00A4
:10E3000000001F0000001F0000001D0000001F0093
:10E3100000001E0000001F0000001E0000001F0083
:10E3200000001F0000001E0000001F0000001E0073
:10E3300000001F000000002020202020202020209E
:10E3400028282828282020202020202020202020A5
:10E3500020202020202020881010101010101010D5
:10E360001010101010101004040404040404040419
:10E3700004101010101010104141414141410101A1
:10E38000010101010101010101010101010101017D
:10E39000010110101010101042424242424202028B
:10E3A000020202020202020202020202020202024D
:10E3B00002021010101020000000000000000000F9
:10E3C000000000000000000000000000000000004D
:10E3D000000000000000000000000000000000003D
:10E3E000000000000000000000000000000000002D
:10E3F000000000000000000000000000000000001D
:10E40000000000000000000000000000000000000C
:10E4100000000000000000000000000000000000FC
:10E4200000000000000000000000000000000000EC
:10E43000000000000000000000004EE0020051E07B
:10E44000020054E002001000000000000000017A09
:10E450005200027C0E011B0C0D0038000000180059
:10E4600000001C94FFFF9E00000000510E10840469
:10E470008503860287015BC7C6C5C40E004C0A42ED
:10E480000B0A420B0E10840485038602870151C7D4
:10E49000C6C5C40E00001000000000000000017A94
:10E4A0005200027C0E011B0C0D0010000000180031
:10E4B0000000A894FFFF1000000000000000000012
:10E4C0000000785AFD7F0100000000000000302E9F
:10E4D000302E300000000000000004000000FF00AB
:10E4E000000000000000640000001000022910007D
:10E4F0000328100002281000012810000028000046
:10E50000000000000000000E0703000000000000F3
:10E5100000000000000000000000000000000000FB
:10E52000000000000000FB349B5F800000800010B2
:10E53000000000000000010000000000000070006A
:10E5400000200000000078000020CC000020452EB4
:10E5500002000000000000000000020000000000B7
:10E560000000C8000020452E02000000000000004E
:10E570000000020000000000000000000000000099
:10E58000000000000000000000000000000000008B
:10E5900000001000012A1000002A100000186E6907
:10E5A0006D626C65000000000000000000000000CB
:10E5B0000000000000000000000000000000240136
:10E5C0000020012F020000000000000000002000D9
:10E5D0000000524700200000000000000000000082
:10E5E000000000000000000000000000000010001B
:10E5F000052A100001180090D0030000000003005D
:10E600000000304900201FDF02001FDF0200480128
:10E610000020000000003049002098490020004AF6
:10E6200000200000000000000000000000000000CA
:10E6300000000000000000000000000000000000DA
:10E6400000000000000000000000000000000000CA
:10E6500000000000000000000000000000000000BA
:10E66000000001000000000000004A00000000005F
:10E67000000000000000000000000000000000009A
:10E68000000000000000000000000000000000008A
:10E6900000004A0000000000000000000000000030
:10E6A000000000000000000000000000000000006A
:10E6B00000000000000000000000984A002089824D
:10E6C0000000358B000061820000076928001000FF
:10E6D000200054C269A24ABC0191F6469D03DF6F37
:10E6E000841BAD5B7BCA747EEA2D73E101072A2F80
:0CE6F000809800030002030400000000FA
:08E6FC00901BFD7F01000000EE
:10E7040004000000FF0000000090D0036902000034
:08E7140035170000410200006E
:040000030000179949
:00000001FF
