:1080200000000120B9970000E1970000E3970000ED
:10803000E5970000E7970000E997000000000000C6
:10804000000000000000000000000000E1840000CB
:10805000ED9700000000000001850000F19700008E
:108060004D990000F3970000F3970000D1940000B1
:10807000F3970000F39700006D9E0000F397000057
:10808000F3970000F3970000F3970000F3970000C8
:10809000F3970000F3970000F3970000F3970000B8
:1080A000F397000061850000F3970000F39700004C
:1080B000F3970000F3970000F3970000F397000098
:1080C000F3970000F3970000F3970000F397000088
:1080D000F3970000F397000000000000000000008C
:1080E000F3970000F3970000F3970000F397000068
:1080F000F3970000F3970000F397000000000000E2
:10810000000000000000000000000000000000006F
:10811000000000000000000000000000000000005F
:10812000000000000000000000000000000000004F
:10813000000000000000000000000000000000003F
:10814000000000000000000000000000000000002F
:10815000000000000000000000000000000000001F
:10816000000000000000000000000000000000000F
:1081700000000000000000000000000000000000FF
:1081800000000000000000000000000000000000EF
:1081900000000000000000000000000000000000DF
:1081A00000000000000000000000000000000000CF
:1081B00000000000000000000000000000000000BF
:1081C00000000000000000000000000000000000AF
:1081D000000000000000000000000000000000009F
:1081E000000000000000000000000000000000008F
:1081F000000000000000000000000000000000007F
:10820000000000000000000000000000000000006E
:10821000000000000000000000000000000000005E
:108220000348044B834202D0034B03B11847704705
:108230001800002018000020000000000548064B30
:108240001B1AD90F01EBA301491002D0034B03B154
:108250001847704718000020180000200000000098
:1082600010B5064C237843B9FFF7DAFF044B13B17E
:108270000448AFF300800123237010BD18000020D4
:10828000000000001867030008B5054B1BB1054945
:108290000548AFF30080BDE80840FFF7CFBF00BF3F
:1082A000000000001C00002018670300A3F5803ABE
:1082B000704700BF174B002B08BF134B9D46FFF7BD
:1082C000F5FF00218B460F461348144A121A03F09B
:1082D000BBF90E4B002B00D098470D4B002B00D064
:1082E00098470020002104000D000D48002802D00E
:1082F0000C48AFF3008003F0AFF92000290001F033
:1083000005FA03F08FF900BF00000800000000002C
:108310000000000000000120180000206804002078
:10832000000000000000000010B5104B1A461B684A
:108330008342FBD354681119884201BF416810463B
:1083400009195160446801198B420DD10849096827
:108350008B4204D05B682344436013681968016052
:10836000904218BF106010BD1946F8E74800002081
:10837000440000202DE9F041044602F09FFA3549FF
:10838000354D0B68F3B9354B354A3648D21A026081
:10839000580718BF0733344A18BF23F007030020DB
:1083A00013605060314A22F00702C2E90000D01A7F
:1083B000C3E900202E4B0A6018602E4B18604FF066
:1083C00000432B602F68274207D002F003FB01F027
:1083D0008DF900263046BDE8F081002CF5D004F17F
:1083E000080362071CBF23F007030833002BECD0FF
:1083F000DFF88080D8F800509D42E6D31A4A14680E
:108400006068984201D2206800BB0968A142DCD0B4
:108410002168166811606268D21A102A06F10806EF
:1084200004D9E01842606360FFF77EFF104962687C
:108430000868AD1A17430023854267602360C8F8B7
:10844000005038BF0D6002F0C5FAC3E7224604466B
:10845000D6E700BF44000020380000206804002058
:1084600000FC00203400002048000020F8FB002021
:108470003C0000204000002010B50446E0B10F4A47
:1084800050F8043C1268134216D050F8081C99B9F1
:1084900023EA020340F8043C02F010FA084A54F8B8
:1084A000043C1168A4F108000B441360FFF73CFF83
:1084B000BDE8104002F08EBA10BD00BF38000020A9
:1084C000400000200548006880F3088862B661B665
:1084D000BFF34F8FBFF36F8F00DF00BF208000001E
:1084E000064B19680868B0E8F04F80F30988BFF3BD
:1084F0006F8F4FF0000080F3118870471404002044
:10850000EFF30980BFF36F8F144B1A681EF0100F42
:1085100008BF20ED108A20E9F04F10604DF8043DAF
:108520004FF0400080F31188BFF34F8FBFF36F8F80
:1085300002F016FB4FF0000080F3118808BC1968A8
:108540000868B0E8F04F1EF0100F08BFB0EC108ABA
:1085500080F30988BFF36F8F704700BF14040020B9
:10856000F7B51B4D0027C5F84071D5F84031019390
:10857000019B00F0F9F8D5F80445C5F80071D5F86D
:1085800000310093009B064602F0A0F9241A24F063
:108590007F4323F0010383B924F07F440025013C8D
:1085A00011D225B10B4B4FF080525A6040BF30467C
:1085B00003B0BDE8F04000F0DBB802F0BDFB0228DC
:1085C000EAD00124EAE702F08FF90543E7E700BFAC
:1085D0000010014000ED00E008B5002001F042F974
:1085E000094B1F22C3F808250122C3F804239A600F
:1085F0001A600222C3F84423044BE02283F81123BB
:108600004FF400321A6008BD0010014000E100E0A4
:108610007FB5054672B62C4CD4F8046502F072FBA7
:1086200000284DD0294A954294BF7319B31823F0FE
:108630007F430122C4F80823C4F840350023C4F85E
:108640004031D4F840310193019B4FF48033C4F89A
:108650000433BFF34F8F95B1F1EE103A23F09F032F
:10866000E1EE103AF1EE103A194B4022C3F88421A2
:1086700020BFD3F80021D3F804110A43F8D04FF4F7
:108680008033C4F808330023C4F84031D4F84021C3
:108690000392039AC4F80031D4F800310293029B8C
:1086A0000123C4F80433D4F80405094B801B4FF4AC
:1086B000003230F07F40C3F8802101D002F00CF985
:1086C00062B604B070BD00BF00100140FDFFFF00A6
:1086D00000E100E072B6FEE74FF0807340E902135C
:1086E000054B40F80C3C6FF0020340F8202C40F89A
:1086F000243C4438704700BFD58600000E4C08B5B6
:10870000E02384F82230FFF767FF0C4B00221A6049
:10871000D4F888300A4A43F47003C4F88830536BA5
:1087200043F040435363236943F010032361FFF791
:10873000C9FE72B6FEE700BF00ED00E05000002069
:1087400000EF00E072B6024A13680133136070470D
:1087500050000020034A1368013B136003B962B65E
:10876000704700BF50000020EFF3108072B67047D2
:1087700080F310887047002201600271427182719B
:10878000704710B586B09F238DF80F3003230093F8
:10879000002404AB01220DF10F010068ADF8104078
:1087A0008DF8124000F02FFB049B2046DAB262F3F2
:1087B0000700C3F3072262F30F20C3F3074363F3F9
:1087C000174006B010BD10B50446FFF7DAFFC0F33E
:1087D00007232071C0F307406371A07110BD000032
:1087E0001FB50D4B039300238DF80B30012300932D
:1087F00004460DF10B03042203A9006800F003FBFB
:108800002046FFF7BEFFC0F307232071C0F30740E7
:108810006371A07104B010BDAB0102031FB501224A
:10882000009205238DF80E300DF10E010DF10F03AE
:10883000006800F0E8FA9DF80F0005B05DF804FB51
:1088400008B5FFF7EBFF00F0010008BD08B5FFF722
:10885000E5FFC0F3400008BD1FB506238DF80F30BB
:108860000023009301220DF10F01006800F0CBFA04
:1088700005B05DF804FB1FB520238DF80C300B0C00
:1088800049BA04468DF80D30ADF80E10FFF7E4FF3D
:108890002046FFF7DBFF60B100230093206804222D
:1088A00003A900F0B0FA2046FFF7CAFF28B904B0C8
:1088B00010BD012002F0FAF8EAE7012002F0F6F814
:1088C000F1E72DE9F043074685B00D4690461E4678
:1088D0004FF0020916B905B0BDE8F08325F0FF049A
:1088E000641B04F580742B0CB4428DF80D303846AF
:1088F0006BBA28BF34468DF80C90ADF80E30FFF7F8
:10890000ABFF3846FFF7A2FF70B1009438684346CA
:10891000042203A900F083FA3846FFF791FF38B923
:108920002544A044361BD5E7012002F0BFF8E8E754
:10893000012002F0BBF8EFE7417111689288428193
:108940000022C260C0F806100261426102767047E0
:1089500010B54169044621B90322012001F002FC4F
:108960006061617A4FF0A043012202FA01F1C3F87D
:108970000815617A01F5E071032043F82100A17A1E
:108980008A40C3F80C25A27A02F5E072002143F870
:108990002200E27A02F5E07243F8221063791BB1FB
:1089A000012B22D0002010BD2A4B627A2360C3F82D
:1089B00008252368A27AC3F80C252368E27AC3F855
:1089C0001025237A002BEDD123684FF00042C3F825
:1089D0002425A3790BB1012BE4D1E1791A460329AF
:1089E000E0D8DFE801F0070531344FF04023DCE741
:1089F00043F002022368C3F8542522680023C2F81A
:108A000010312268C2F820312268C2F81831226879
:108A10004021C2F8041322680220C2F8040322682D
:108A20004FF40020C2F8040322680720C2F80005B2
:108A3000094A82F803130821116060691A46194631
:108A400001F0AAFB0120AEE743F00402D2E743F0B5
:108A50000602CFE70030004000E100E037B50368D0
:108A6000D3F808551B4B1A88ADF80420027E9B787A
:108A70008DF806300446BAB901A9284601F0D2F8AB
:108A800008B102F0C9FB0021284601F041F928464F
:108A900001F0D8F923685A690F4BC3F81005C3F8E1
:108AA00014250122C3F8042523680022C3F81821E5
:108AB00023684022C3F8082323680222C3F808234E
:108AC00023684FF40022C3F808230123237603B060
:108AD00030BD00BFD8B6000000F0014010B504461C
:108AE0000368D3F80805237E2BB101F075F90B4B11
:108AF0000122C3F8082522680023C2F81831226831
:108B00004021C2F8041322680221C2F8041322682B
:108B10004FF40021C2F80413237610BD00F0014089
:108B200070470368C3F844150368C3F84825026812
:108B30000023C2F850350268C2F834350268C2F822
:108B400038350268C2F840350268C2F818317047FB
:108B500037B5C3688BB105698DB1FF2D28BFFF25DF
:108B60002A46C168FFF7DDFFC3682B44C360036971
:108B70005B1B0361036801221A6103B030BD0179F8
:108B800001238B404FF0A041C1F80835C56001A911
:108B90004069019501F0B1FB019B002BEDD0054B25
:108BA0004FF080525A6040BFBFF34F8FBFF36F8FBB
:108BB000E3E700BF00ED00E010B504680023C4F84F
:108BC00044350468C4F848350468C4F8503504686E
:108BD000C4F834150168C1F838250268C2F8403578
:108BE0000268C2F8183110BD2DE9F041069F044615
:108BF00088461E461546002A4BD040694FF0FF318B
:108C000001F01EFC012E84F80480204626D1FFF7D7
:108C100025FFBB6813B1FB683846984723790127C5
:108C20004FF0A04207FA03F3C2F80C35E560266165
:108C30002569E168FF2D28BFFF252A462046FFF75A
:108C400070FF23695B1B2361E3682B44E3602368A7
:108C5000BE421F6105D00120BDE8F081FFF73EFF55
:108C6000D7E72268D2F81831002BFBD022790123F4
:108C700093404FF0A0420025C2F808352046E56039
:108C8000FFF72CFF60692B462A46294601F084FA3B
:108C9000E1E71046E0E7F8B504460F4640694FF0BB
:108CA000FF3115461E4601F0CBFB27712046FFF72A
:108CB00015FF23684022C3F8082323680222C3F863
:108CC000082323684FF40022C3F8082323790127DF
:108CD0004FF0A04207FA03F3C2F80C350023E3601B
:108CE0003246236129462046FFF71BFF23681F6198
:108CF0002268D2F81831002BFBD0DDE9061220469D
:108D0000FFF75AFF236801221A612268D2F818314E
:108D1000002BFBD0237901254FF0A04205FA03F385
:108D2000C2F80835002360691A46194601F034FA82
:108D30002846F8BDF8B504460F4640694FF0FF31AC
:108D400015461E4601F07CFB27712046FFF7C6FE44
:108D500023684022C3F8082323680222C3F80823AB
:108D600023684FF40022C3F80823237901274FF02A
:108D7000A04207FA03F3C2F80C350023E360324641
:108D8000236129462046FFF7CCFE23681F61226835
:108D9000D2F81831002BFBD0DDE906122046FFF790
:108DA000C0FE236801221A612268D2F81831002B14
:108DB000FBD0237901254FF0A04205FA03F3C2F856
:108DC0000835002360691A46194601F0E5F928467E
:108DD000F8BD10B5016002F5E0734FF0A041032427
:108DE000027141F8234001239340C1F8083510BDBA
:108DF00007B5009313460A4601790068FFF7F4FEB1
:108E000003B05DF804FB13B5049CCDE900341346B0
:108E10000A4601790068FFF73EFF02B010BD13B5A6
:108E2000049CCDE9003413460A4601790068FFF737
:108E300081FF02B010BD0000C0E90012034900220A
:108E4000C0E90222C0E90412826170470000FFFFFE
:108E500030B5D0E90143A34227D205688469EB5CB1
:108E60001B1BDBB2C48A4BB98361838AA34208BF50
:108E7000438AC382836801338360EAE7058A240A50
:108E80004C55048AC58A0C44013B6570048A856987
:108E90000234A4B2013594420482DBB28561E1D38D
:108EA00000230382C3680133C36030BD012A02D1AD
:108EB000016000207047022A05D0032AF9D0002A59
:108EC000F7D10260F5E70B780370F2E7012A02D1CF
:108ED000016000207047022A05D0032AF9D0002A39
:108EE000F7D10260F5E70B780370F2E7027801230F
:108EF00093404FF0A042C2F80C357047027801232E
:108F000093404FF0A042C2F80835704710B583680F
:108F1000044613B1032201469847204610BD10B500
:108F20004371002301600271837110BD0068FFF777
:108F30005FBF00001FB50023CDE90033074B03934B
:108F4000074B047902936B468DF80040FFF7EEFF64
:108F50006846FFF7DBFF04B010BD00BFFD8E0000C8
:108F6000CD8E000007B501228DF807100DF1070125
:108F7000FFF7E0FF03B05DF804FB00001FB500231E
:108F8000CDE90033074B0393074B047902936B46FB
:108F90008DF80040FFF7CAFF6846FFF7B7FF04B03F
:108FA00010BD00BFED8E0000AD8E000007B50122A0
:108FB0008DF807100DF10701FFF7E0FF03B05DF832
:108FC00004FB000013B5DF210446FFF7EFFF042286
:108FD000044B01930DEB02012046FFF7ABFF02B0FB
:108FE00010BD00BF5A69020110B5C379044653B1E0
:108FF0001121FFF7DBFF062001F058FD01F066FCB0
:109000000023A060E37110BD10B5044601F05EFCC2
:10901000A368C21A7F2A05D88033BDE81040181A09
:1090200001F044BD10BD10B50446FFF7EDFF20462A
:109030000121FFF7BBFF0123E37101F047FCA060B2
:10904000BDE81040802001F031BD10B53A21044642
:10905000FFF7ACFF20465521BDE81040FFF782BF67
:1090600010B536210446FFF7A1FF20460021BDE8D8
:109070001040FFF777BF2121FFF798BF1321FFF7BB
:1090800095BF000013B5B2210446FFF78FFF064BD2
:10909000186800901B798DF8043005226946204637
:1090A000FFF748FF02B010BDDBB6000010B5C621C7
:1090B0000446FFF77BFF20460A21BDE81040FFF77A
:1090C00051BF000013B5B3210446FFF76FFF074BF4
:1090D0001A88ADF804209B788DF80630032201A988
:1090E0002046FFF727FF02B010BD00BFF8B6000012
:1090F0002921FFF75BBF13B50446D021FFF756FFC8
:10910000A423022201A92046ADF80430FFF712FF84
:109110002046E821FFF74AFFB3212046FFF722FF50
:1091200002B010BD10B5B7210446FFF73FFF20463F
:109130000021BDE81040FFF715BFF7B504461E46F5
:109140000F462A2115467FBAFFF730FF76BA042270
:1091500069462046ADF80070ADF80260FFF7EAFE00
:1091600020462B21FFF722FF6DBABDF82030ADF865
:109170000450042204F10C055BBA0DEB02012846F1
:10918000ADF8063002F08CFA042229462046FFF79B
:10919000D1FE03B0F0BD70B504460D4616462C2135
:1091A000FFF704FF324629462046BDE87040FFF72E
:1091B000C1BE10B5C4210446FFF7F8FE20461021B9
:1091C000BDE81040FFF7CEBEF7B5BDF82040013C2A
:1091D0001444013B0B44A4B2DDE9096700949BB23F
:1091E0000546FFF7AAFF3A463146284603B0BDE8D8
:1091F000F040FFF7D0BF70B5437901254FF0A0468E
:10920000044605FA03F3C6F80C35284601F04EFC77
:10921000637905FA03F3C6F80835E57101F056FBEA
:10922000A060BDE87040802001F040BC13B5027919
:109230004FF0A04302F5E072032143F82210427977
:1092400002F5E072044643F82210417901228A4077
:10925000C3F80825FFF7CFFF2046FFF7E4FE2046BE
:10926000FFF7B0FE2046FFF7BFFE2046FFF7EDFEFA
:109270002046FFF7F5FE00224FF4A073114600933D
:109280002046F023FFF759FF2046FFF7F4FE204663
:10929000FFF7F8FE2046FFF709FF2046FFF712FF11
:1092A0002046FFF7EBFE2046FFF783FF2046FFF73F
:1092B00022FF2046FFF736FF204602B0BDE81040EF
:1092C000FFF716BFF7B54029037906460C4659D972
:1092D000A1F14004A4B21725202C60D0AB42584A1B
:1092E0004FF0010100F09380FF2B17D0554B5160D8
:1092F0000B434FF438609847534B0422C3F80825BA
:109300000222C3F80825307900F022FC33794FF0AF
:10931000A04203F5E073032142F823104B4B01A94F
:109320001A889B78ADF8042028468DF8063000F0A6
:10933000B5FB08B101F070FF284600F03BFC284661
:1093400000F04AFC404F424BC7F82035C7F82405CF
:10935000284600F041FC3F4BC7F81835A3F59E7333
:10936000C7F81C05C7F814390423C7F804350223CD
:10937000C7F80435324B0122C3F840459A601A60A1
:10938000357131E0202904D9A1F12004A4B21625B9
:10939000A2E721F0200292B20E25002A9ED1FF2BD7
:1093A00019D0274B01225A60264B4FF438601343E3
:1093B0009847254B0422C3F808250222C3F8082544
:1093C000307900F0C5FB33794FF0A04203F5E0732C
:1093D000032142F82310FF2333710123AB404FF0E8
:1093E000A0428CB9C2F80835162D4FF0A0431AD010
:1093F000172D4FF480021FD14FF48041C3F80C1594
:10940000C3F80C2503B0F0BDC2F80C35ECE70D4BEA
:1094100051604FF4386043F001039847002128461B
:1094200000F0E8FBA6E74FF48042C3F80C254FF4A8
:109430000002C3F80825E5E7C3F80825F7E700BFF1
:109440000040024000B7000000F0014006B70000F5
:1094500040410240444102400160032903D8DFE853
:1094600001F00B0907056021FFF72CBF4021FBE746
:109470002021F9E70321F7E70021F5E74FF0A043AA
:109480000322C3F83827C3F85827C3F85C274FF4E2
:109490008042C3F80C254FF48002C3F80C254FF42A
:1094A0000002C3F80C25084B0022C3F8082520222F
:1094B000C3F844254FF44032C3F84023034AC3F8AD
:1094C00008230168FFF7C8BF0040024003000F00F7
:1094D00010B5154CD4F80433580609D5D4F8183112
:1094E000012B05D100231148C4F81831FFF730FBD8
:1094F000D4F80433190309D5D4F84C31012B05D124
:1095000000230A48C4F84C31FFF70AFB064BD3F896
:109510000423920706D5D3F80421012A04BF0022B0
:10952000C3F8042110BD00BF0030004098020020A5
:10953000F0B58DB00F49104E104D40F2A55205A860
:10954000FFF77AFC00244FF4F0770B494FF4F072E8
:1095500005A8FFF77DFC01230093A2B2CDE90167C6
:10956000F023002128460134FFF72EFEF02CECD129
:109570000DB0F0BD09B700008C0000206C02002087
:109580002DE9F0431B4A07EE100A85B040F2E113C3
:109590001746013B2AD1DFED187A184EB8EE477A0C
:1095A000DC2527EE277ADFED167AB4EEE77AF1EEC6
:1095B00010FAD8BFF0EE477AFCEEE77A4FF00108D8
:1095C00017EE903A9CB24FEA44092A460135CDE99C
:1095D0000179CDF80080234600213046ADB2FFF777
:1095E000F3FDF02DF1D105B0BDE8F08302F8011BC9
:1095F000CFE700BF8C0000209A9919406C02002030
:1096000000007043F0B52E4B2E4D2F49C3F8005685
:10961000B5B0022001F03CFE08B101F0FDFD2B4881
:109620002B4F274EFFF794F92948FFF7CCF828482D
:10963000FFF7D6F82748FFF721FF2748FFF7F6FD89
:10964000FFF776FF00242146384604F58054FFF7E3
:1096500012F9B4F52C3FC6F80056F4D11F4F1C4E3A
:1096600000243919C82202A802F01AF8C82321469A
:1096700002AA3046FFF725F907EE904A9FED187AC7
:10968000F8EEE76A4FF6FF71C6EE877AC8349FEDB1
:10969000157A67EE877AFCEEE77ACDED017A9DF8D0
:1096A0000400FFF76DFF064BC3F800560E4B9C42BB
:1096B000D7D14EF207016420FFF762FF00BFFDE73C
:1096C000000001403546526E5C00002098020020E8
:1096D00088020020000000206C020020AEBC0000C8
:1096E00000992A480000C842D0AA0200024A136822
:1096F00001331360704700BF58000020024A13680E
:1097000001331360704700BF540000201FB50D4B9C
:109710000D4AC3F8002600F08DF803AB0193002337
:109720000A490B4800934FF4007200F0C1FF012872
:1097300002D0042001F070FD01F092F80F2001F03A
:109740006BFDFBE7000001403546526EE1B60000BC
:109750000596000037B5124B124C1868124D9B88C5
:1097600000906A4600212046ADF80430FFF7E4F887
:10977000052221462846FFF72CFB29460B4D0C48B5
:10978000FEF7F9FF214619222846FFF722FB094878
:109790001A231222294603B0BDE83040FFF7BFBBB1
:1097A000126703009802002090020020800200202F
:1097B000880200206C0200200649074A074B9B1ACA
:1097C00003DD043BC858D050FBDC01F0BBFDFEF7C5
:1097D00071FD000024670300000000201800002035
:1097E000FEE7FEE7FEE7FEE7FEE7FEE7FEE7FEE751
:1097F000FEE7FEE738B5074C051EA4F1080308BFD5
:109800001C4623682BB11A6822605B68284698477B
:10981000F7E738BDC402002020B9054B01225A7079
:10982000FFF7E8BF012802D1014A9070F8E77047BE
:10983000B402002038B5094C23786BB9084863603E
:10984000A3602361E36000F037F8054600F040F8BC
:1098500001232370284638BD8525FBE7B40200208C
:109860001998000038B5134CA378054603F0FF00A3
:1098700073B115B16B6801209847002001F004FD19
:10988000E3680133E360BDE83840002001F0FEBC2E
:1098900001F0FAFC25B1226913463BB92A60256123
:1098A000E368002BECD100F025F8E9E79D42F7D002
:1098B0001B68F2E7B4020020044B0246187918B97D
:1098C0001A6001229A80704785207047C8020020E4
:1098D000074B1A68D2075FBFC02283F8002301221A
:1098E0001A604FF080430122C3F81825704700BF6B
:1098F00000E100E037B54FF080430022C3F80421B7
:10990000D3F804210192019A0222C3F804230D4ADC
:10991000D2F8FC0040F08073C2F8FC300A4B1C689F
:1099200044F0010119605D685968491BB1F50A5F8F
:10993000FAD31C604FF08043C2F8FC0001229A6009
:1099400003B030BD00ED00E0001000E007B54FF0BF
:109950008043D3F800217AB10022C3F80021D3F864
:1099600000210092009A0122C3F808230F4B587976
:1099700010B95A711B6898474FF08043D3F80421FF
:1099800082B10022C3F80421D3F804210192019A84
:109990000222C3F80823054B1B68012003B05DF8C1
:1099A00004EB184703B05DF804FB00BFC8020020B9
:1099B00000F1804000F5C040002382B003600368DE
:1099C0000193019B02B07047800000F1A040D0F8E5
:1099D000003723F44033C0F80037D0F8003743EAAB
:1099E0000143C0F800377047C208012300F00700A8
:1099F0008340885C03438B5470470000054B4FF055
:109A0000FF32072843F8202084BF1B1883F8482022
:109A1000704700BFD002002010B5174C94F85830A2
:109A200043BB04F12F032021FF22013911F0FF0174
:109A300003F8012FF9D1C8B20131FFF7DFFF0C297C
:109A4000F9D104220D48002101F0FEFD0C4BC0228B
:109A500083F8062340221A604FF4BE70FFF7A8FF78
:109A6000084B4FF00042C3F80423012384F8583018
:109A7000002010BD0820FCE7D002002024030020B5
:109A800000E100E000600040034B93F8580000380C
:109A900018BF0120704700BFD002002038B52A4B04
:109AA0001A1892F9304001344CD18C78002C45D0F2
:109AB0001C46002254F8045B01353AD11C1884F886
:109AC0003020002443F82240920002F1804202F547
:109AD000C0420B78D2F810554C7825F498151B0429
:109AE000240525F4F85504F4801403F44033C2F837
:109AF000105523430402D2F8105504F4F8542343BC
:109B00002B43C2F810354A780123012A4FF0A042B6
:109B100003FA00F30CBFC2F80835C2F80C3500F5A3
:109B2000E073032142F823100849FFF75DFF00208E
:109B300003E00132082ABDD1042038BDFE2382F89B
:109B40003030E0E70820F8E7D002002024030020AE
:109B500038B5154C2518014695F83000072809D866
:109B6000FFF74CFF95F93030104A03F5A27300203F
:109B700042F823000C44FF2384F8303001F0070240
:109B8000012393400A48CA08845C1C420AD001F5AC
:109B9000E0714FF0A044022544F82150815C21EA95
:109BA0000303835438BD00BFD00200200060004092
:109BB00024030020074B034493F930309B0003F14A
:109BC000804303F5C043D3F8102542F00302C3F8E5
:109BD00010257047D0020020054B034493F9300054
:109BE0008000C0B200F1804000F5C040704700BF67
:109BF000D00200200A4B0344003993F930304FEA79
:109C0000830303F1804303F5C04318BF0121D3F858
:109C1000102522F4801242EA0152C3F81025704741
:109C2000D00200202DE9F041DFF8E08008EB0003CE
:109C3000044693F93030002B0F4663DA8978C1F37C
:109C4000400100290BBF082300230C260826B3423D
:109C500002D10420BDE8F08158F8230001304FEA1A
:109C600083053AD108EB04005EB248F8232080F85F
:109C7000306011B9434483F84840BB7859070ED48B
:109C8000DA072CD5A30003F1A043D3F8002722F074
:109C90000202C3F800271C492046FFF7A5FEBB7847
:109CA0003A789B0724D505F1804303F5C04324028D
:109CB000D3F8101521F4473121F44071C3F8101581
:109CC0001204D3F8101504F4F85402F4403214438B
:109CD0000C43C3F810450020BCE70133B7E77A789E
:109CE00004F5E0734FF0A041920041F82320D2E741
:109CF000083E48FA86F696F8503043EA821386F812
:109D00005030E8E70820A5E724030020D002002017
:109D100038B51E4C251895F93020072A16DD144455
:109D200094F848309B09032B0BD14FF0A043D3F894
:109D30001015C14001F001010231BDE83840FFF7C4
:109D400043BE012B0CBF02210321F6E7D3B2072B40
:109D50001BD8930003F1804303F5C043D3F81005EB
:109D600040F00100C3F8100502F14000800080B20D
:109D7000FFF71EFE49B195F9303054F8233023B176
:109D800001239340024AC2F8043338BDD0020020B8
:109D9000006000400E4B034493F93020072A02DD97
:109DA0000021FFF711BED3B2072B0FD8930003F1A8
:109DB000804303F5C043D3F8101521F00101C3F827
:109DC000101501239340034AC2F80833704700BFBF
:109DD000D002002000600040F8B50446FFF7DAFF2B
:109DE00015490A1992F9303092F83020072A9FBF9E
:109DF000124A03F5A273002042F8230004F0070280
:109E0000012393400E48E208855C1D420AD004F508
:109E1000E0754FF0A046022746F82570855C25EADC
:109E200003038354214491F83000FFF7E7FDFF233B
:109E300081F83030F8BD00BFD00200200060004043
:109E400024030020084B034493F9300093F830308A
:109E5000072B9DBF4030800080B24FF4BE7000F1F0
:109E6000804000F5C0407047D00200202DE9F04F3F
:109E700087B00024584D03944FF48072012102F101
:109E8000804303F5C0431B68012B07D1D5F8043389
:109E9000194203D090B2FFF78BFD0C430432B2F5A8
:109EA000907F4FEA4101EAD14B4BD3F87C31012B33
:109EB0000AD14FF4BE70FFF77BFD4FF0A04344F092
:109EC0000044D3F810350393E3B2D3B1434F0126D6
:109ED0000025344210D0AB0003F1804303F5C043AA
:109EE000D3F81005D3F8101557F8253023B1C1F376
:109EF0000141C0F3042098470135082D4FEA46067A
:109F0000E7D1002C64DA00224FF0FF33CDE90423BF
:109F1000DFF8C890DFF8C8800026374618F9014FEF
:109F2000631C46D0C4F3C20318336B440122E5B26C
:109F300004F03F0A04F0070402FA04F413F8042CB6
:109F4000224236D009EB0A02AD0992F9302059F8C5
:109F500022B0BBF1000F08D1032D2AD104A950462D
:109F60000193FFF741FD019B01E0032DF6D00AF5B7
:109F7000E0714FF0A04213F80C3C52F8211023423C
:109F8000C1F3014105D0022913D1032D0BD129467C
:109F900004E003290DD1032D05D102215046FFF71E
:109FA00013FD0136F6B2BBF1000F02D02946504630
:109FB000D8470137042FB1D156B14FF0A043039ACF
:109FC000D3F810359A4203D00393049B0593A1E77D
:109FD00007B0BDE8F08F00BF00600040D002002055
:109FE0001F03002010B50446FEF7ACFBA46BFEF780
:109FF000B1FBB4FA84F0400910BD70B51646026C8E
:10A00000856B044642B906689EB9406800F0F4FECC
:10A0100066600135A56370BD6EB9806801F040FBD4
:10A02000A368226C13446268A360934224BF236830
:10A03000A3600020EDE7C06801F032FB226CE3680A
:10A0400051429B1A2268E36093423EBF63685B18EB
:10A05000E360022EEDD10DB1013DEAE72846D8E7D5
:10A06000034610B41A6C08466AB1DC685968144497
:10A070008C4228BF1968DC6028BFD960D9685DF8B8
:10A08000044B01F00DBB5DF8044B704770B50446FE
:10A09000FEF758FB94F8455004F124066DB2002DEC
:10A0A00001DD636AB3B9FF2384F84530FEF752FB44
:10A0B000FEF748FB94F8445004F110066DB2002DF1
:10A0C00001DD23697BB9FF2384F84430BDE870408B
:10A0D000FEF740BB304600F0A1FD08B100F00CFED9
:10A0E000013D6DB2DBE7304600F098FD08B100F0AD
:10A0F00003FE013D6DB2E2E738B504460D46FEF7BA
:10A1000021FBD4E90F312268A2604B43D0185B1ABF
:10A110001A446060FF230020A063E26084F84430AA
:10A1200084F845309DB923696BB104F1100000F04B
:10A1300075FD40B10A4B4FF080525A6040BFBFF3EB
:10A140004F8FBFF36F8FFEF705FB012038BD04F181
:10A15000100001F025FA04F1240001F021FAF2E7E1
:10A1600000ED00E0F8B50646484350300D4617466E
:10A17000FEF700F9044658B165B100F15003C4E997
:10A180000F65236001212046FFF7B6FF84F84C706D
:10A190002046F8BD0346F2E72DE9F04385B00027DD
:10A1A000DFF8F090019204460E461D46B846FEF7D1
:10A1B000C9FAA26BE36B9A421AD22A46314620466C
:10A1C000FFF71BFF636A1BB104F1240000F026FDBA
:10A1D00040B1304B4FF080525A6040BFBFF34F8FB9
:10A1E000BFF36F8FFEF7B6FA012005B0BDE8F0832C
:10A1F000022DE2D0019B1BB9FEF7ACFA0020F4E778
:10A2000017B902A800F044FDFEF7A4FA00F056FBCF
:10A21000FEF798FA94F84430FF2B08BF84F8448086
:10A2200094F84530FF2B08BF84F84580FEF792FA7A
:10A2300001A902A800F038FD30BBFEF783FAA26B3B
:10A24000E36B9A420ED1FEF785FA019904F11000F2
:10A2500000F0C0FC2046FFF719FF00F0BBFB48B13F
:10A260000127A4E7FEF776FA2046FFF70FFF00F07C
:10A27000B1FBF5E74FF08053C9F8043040BFBFF39E
:10A280004F8FBFF36F8FEBE72046FFF7FFFE00F025
:10A29000A1FBB3E700ED00E02DE9F84304461646C4
:10A2A0001F468946FEF760FAA26BE36B9A4280462E
:10A2B00001D3022F1FD194F845503A466DB249465A
:10A2C0002046FFF79AFE6B1C10D1636A3BB104F184
:10A2D000240000F0A3FC10B10EB10123336001246F
:10A2E0004046FEF745FA2046BDE8F88301356DB2D9
:10A2F00084F84550F3E70024F2E770B504460D46B4
:10A30000FEF732FAA26BE36B934206461BD994F830
:10A3100045100132FF294BB2A2630FD1636A3BB1F2
:10A3200004F1240000F07AFC10B10DB101232B6080
:10A3300001243046FEF71CFA204670BD01335BB2A3
:10A3400084F84530F4E70024F3E700002DE9F043FA
:10A3500085B00027DFF8E490019204460E46B84627
:10A36000FEF7F0F9A56BDDB131462046013DFFF760
:10A3700077FEA56323696BB104F1100000F04EFC79
:10A3800040B12E4B4FF080525A6040BFBFF34F8F09
:10A39000BFF36F8FFEF7DEF9012005B0BDE8F08353
:10A3A000019B1BB9FEF7D6F90020F6E717B902A802
:10A3B00000F06EFCFEF7CEF900F080FAFEF7C2F96D
:10A3C00094F84430FF2B08BF84F8448094F845305B
:10A3D000FF2B08BF84F84580FEF7BCF901A902A84D
:10A3E00000F062FCF8B92046FFF7FCFDA8B1019926
:10A3F00004F1240000F0EEFB2046FFF747FE00F0DA
:10A40000E9FA40B94FF08053C9F8043040BFBFF3B8
:10A410004F8FBFF36F8F0127A2E72046FFF736FE6D
:10A4200000F0D8FAF7E72046FFF730FE00F0D2FA46
:10A430002046FFF7D7FD0028EDD0B5E700ED00E09E
:10A440002DE9FF410025DFF81881019104462F46D0
:10A450002E46FEF777F9A36BE3B1013BA3632368B4
:10A4600013B900F041FD606023696BB104F1100085
:10A4700000F0D4FB40B13A4B4FF080525A6040BFDD
:10A48000BFF34F8FBFF36F8FFEF764F9012004B065
:10A49000BDE8F081019B1BB9FEF75CF90020F6E7EF
:10A4A00017B902A800F0F4FBFEF754F900F006FA21
:10A4B000FEF748F994F84430FF2B08BF84F8446055
:10A4C00094F84530FF2B08BF84F84560FEF742F949
:10A4D00001A902A800F0E8FB48BB2046FFF782FD77
:10A4E000F8B123683BB9FEF72DF9606800F034FC41
:10A4F0000546FEF72FF9019904F1240000F06AFBEC
:10A500002046FFF7C3FD00F065FA40B94FF08053D5
:10A51000C8F8043040BFBFF34F8FBFF36F8F0127E0
:10A5200097E72046FFF7B2FD00F054FAF7E7204620
:10A53000FFF7ACFD00F04EFA2046FFF753FD002870
:10A54000EDD0002DAAD0FEF7FDF8616A19B1236B9A
:10A550001968C1F10301606800F086FC9CE700BF48
:10A5600000ED00E0054B1A6812B19A682AB9012281
:10A5700043F8321003EBC203586070472C030020ED
:10A5800070B504460D461646FEF7DCF894F84430E4
:10A59000FF2B04BF002384F8443094F84530FF2B90
:10A5A00004BF002384F84530FEF7D4F8A36B2BB921
:10A5B0003246294604F1240000F01CFB2046BDE889
:10A5C0007040FFF763BD0000F8B51A4B1A4D1C68C8
:10A5D0000646286804300F4601F012F840B92A6890
:10A5E0001649D06A0B680122824023EA02030B60FD
:10A5F000731C07D137B129681148BDE8F840043110
:10A6000000F0DCBF2B68A4195C6007D30D4B186801
:10A610002968BDE8F840043100F0DBBF0A4B186838
:10A620002968043100F0D5FF084B1A68A24288BFA0
:10A630001C60F8BD60030020140400205C030020AF
:10A6400068030020A8030020AC030020440300207E
:10A65000094B0A4A1B681268D06A50B9084A126846
:10A660001343012B06D8074B1868074B1B68C01A09
:10A6700070470020704700BF5C03002014040020D6
:10A68000D80300204403002060030020064A13681A
:10A690001968064B19B94FF0FF321A6070471268FB
:10A6A000D268D2685268F8E7AC0300204403002067
:10A6B0002DE9F047950006462846DDF824808A46B5
:10A6C0001F46FDF757FE814618B94FF0FF30BDE831
:10A6D000F0874820FDF74EFE0446002800F09C80DD
:10A6E000C0F830902A464846A52100F0ADFF236B04
:10A6F000043D2B4423F0070904F133020AF1FF3330
:10A700000AF1030A13F8011F02F8011F09B15345AA
:10A71000F8D1089D022D28BF0225002304F1040A68
:10A72000C4E9105384F83730E562504600F043FF27
:10A73000C5F1030504F1180000F03DFF2461A56197
:10A7400064623A4631464846FDF7C6FF2060B8F1DC
:10A75000000F01D0C8F80040FDF7F4FF304B314D39
:10A760001A68314E01321A602A68002A4AD12C60D8
:10A770001B68012B1FD12D48DFF8E0802C4F00F023
:10A780000FFF2C4800F00CFF2B4800F009FF40465B
:10A7900000F006FF384600F003FF284800F000FFF5
:10A7A000274800F0FDFE274800F0FAFE264BC3F8CC
:10A7B0000080264B1F60264A26491368086801332B
:10A7C0001360E26AA3630123934003430B60174BBA
:10A7D000142000FB0230514600F0F0FEFDF7BAFFF6
:10A7E00033686BB12B68DA6AE36A9A4208D21A4B73
:10A7F0004FF080525A6040BFBFF34F8FBFF36F8F4F
:10A80000012064E73268E36A002AD4D12A68D26A58
:10A810009A4298BF2C60CEE74846FDF72DFE54E7DC
:10A82000640300201404002058030020D8030020F3
:10A83000B0030020EC03002000040020940300205B
:10A840008003002068030020AC030020A803002040
:10A85000480300205C03002000ED00E0C40300205A
:10A8600013B5104B019300240F4910480094234660
:10A870007822FFF71DFF012811D100F08BFB012882
:10A880000DD172B60A4B4FF0FF321A60094B1860B7
:10A89000094B1C6002B0BDE81040FDF72FBF02B0AD
:10A8A00010BD00BF40030020E6B60000DDAA000096
:10A8B000440300205803002060030020024A13686C
:10A8C00001331360704700BF3C030020014B186840
:10A8D000704700BF60030020024A136803441360FE
:10A8E000704700BF600300202DE9F84F2E4B1B6816
:10A8F000002B54D12D4B1D6801351D605DB92C4ACC
:10A900002C4B1168186810602B4A196013680133CA
:10A910001360FFF7BBFE294F3B68AB4208D9002606
:10A92000274B1B68002B0CBF30460120BDE8F88F79
:10A93000DFF87CA0DFF89490DFF894B00026DAF816
:10A9400000301B681BB94FF0FF333B60E8E7DAF8D3
:10A950000030DB68DC6863689D42F6D304F10408CC
:10A96000404600F04DFEA36A1BB104F1180000F050
:10A9700047FEE26AD9F800100123934014200B43EC
:10A9800000FB02B04146C9F8003000F017FE0D4B45
:10A99000E26A1B68DB6A9A4228BF0126CFE70A4AAF
:10A9A000136801331360BAE73C0300206003002002
:10A9B000AC030020A80300204C0300204403002027
:10A9C0005003002014040020540300205C030020E6
:10A9D000D80300202DE9F843FDF7B4FE2A4B1A688E
:10A9E000013A1A601C682CB10024FDF7B3FE204622
:10A9F000BDE8F883254B1B68002BF5D0244D254E70
:10AA0000DFF8A4801FE0EB68DC6804F1040904F1BE
:10AA1000180000F0F5FD484600F0F2FDE26A3168EA
:10AA2000012707FA02F314200B4300FB028049467A
:10AA3000336000F0C3FD184BE26A1B68DB6A9A4280
:10AA400001D3164B1F602B68002BDCD10CB1FFF734
:10AA50001DFE134D2C6844B1104E0127FFF744FF33
:10AA600000B13760013CF9D12C600C4B1B68002B06
:10AA7000BAD00C4B4FF080525A6040BFBFF34F8F9B
:10AA8000BFF36F8F0124B0E73C0300206403002074
:10AA9000940300205C0300201404002050030020D5
:10AAA0005403002000ED00E0D803002008B548B9A9
:10AAB000094B4FF080525A6040BFBFF34F8FBFF336
:10AAC0006F8F08BD0021FFF7F9FEFFF77DFDFFF74F
:10AAD00081FF0028ECD0F4E700ED00E0F8B51B4C56
:10AAE0001B4F1C4E2368DBB91B4B1B68012B08D97D
:10AAF0001A4B4FF080525A6040BFBFF34F8FBFF3E5
:10AB00006F8FFFF7A5FD0128EBD9FFF7D7FEFFF701
:10AB10009FFD012801D9FDF77BFDFFF75BFFE0E713
:10AB2000FDF710FEFB68DD68281D00F069FD336845
:10AB3000013B33602368013B2360FDF70BFE286B6C
:10AB4000FDF79AFC2846FDF797FCCBE77C03002035
:10AB50008003002064030020D803002000ED00E003
:10AB600070B5174B1A68174B12B101221A6070BDED
:10AB7000154C1A602268236812681B6B9A4204D82D
:10AB8000206821683431FEF7B9FD104B10491B686D
:10AB9000B3FA83F3C3F11F03142606FB03F28818EC
:10ABA000083245686D6845600A44954204BF6A688A
:10ABB000426006FB03114B68DB682360D7E700BFE8
:10ABC0003C03002050030020140400205C030020FC
:10ABD000D803002010B5064B0C461968183100F058
:10ABE000F8FC20460121BDE81040FFF7EDBC00BF96
:10ABF0001404002038B5084B0D4619681446183166
:10AC000000F0DCFC002C21460CBF28464FF0FF3042
:10AC1000BDE83840FFF7D8BC1404002038B5C3683D
:10AC2000DC6804F11805284600F0EAFC124B1B68AA
:10AC3000F3B9251D284600F0E3FC1049E26A0868D4
:10AC40000123934003430B600D4B1420294600FB66
:10AC5000023000F0B3FC0B4BE26A1B68DB6A9A42DD
:10AC600085BF094B012000201860FFF70FFD38BD9C
:10AC700006482946EDE700BF3C0300205C030020A6
:10AC8000D803002014040020500300209403002067
:10AC9000034B1B680360034B1B684360704700BF96
:10ACA0004C0300206003002070B50C460546FDF7FC
:10ACB00049FD0F4B196823685A1C10D00D482E68A7
:10ACC00000686A68864201D08A420FD9881A834296
:10ACD0000AD95B1A134423602846FFF7D9FF0024E2
:10ACE000FDF738FD204670BD002323600124F7E7FF
:10ACF000600300204C030020014B01221A607047C2
:10AD000050030020084B186860B9084B1B6853B902
:10AD1000074B1868074B1B68013B98420CBF022089
:10AD2000012070470020704794030020500300204A
:10AD30006803002064030020054B1B6833B1054BFA
:10AD40001868B0FA80F04009400070470120704751
:10AD5000580300203C0300202DE9F0410446002860
:10AD60002ED0224DC36A2A68D26A934236D28269B3
:10AD70001F4F002AA1BF2A68D26AC2F10302826172
:10AD80001426426906FB03739A4215D100F10408A8
:10AD9000404600F035FC174AA0B12B681168D86A0C
:10ADA000E062012383400B4313601423414603FBFD
:10ADB000007000F003FC02E02B68DB6AC362012034
:10ADC000BDE8F081E06A4643BB59002BE5D113682A
:10ADD0000121814023EA01031360DEE72B68006C48
:10ADE000DB6A98422CBF00200120E9E71404002010
:10ADF000D80300205C030020F8B5044608B9002001
:10AE0000F8BD436CC16A026C013B91424364F6D0C9
:10AE1000002BF4D1061D304600F0F2FB104F114A12
:10AE200050B9E16A14234B43FB582BB91368012531
:10AE30008D4023EA05031360236CE362C3F1030131
:10AE4000A1611168012404FA03F514200D4300FBED
:10AE500003703146156000F0B1FB2046D0E700BF1B
:10AE6000D80300205C030020F8B50446002836D043
:10AE7000036C994238BF1946C36A8B422FD0426C8B
:10AE8000012A2CD18269164EC162002A4FF01405A6
:10AE90004269A8BFC1F1030105FB0363A8BF81613B
:10AEA0009A421CD1071D384600F0AAFBE26A0D4CFD
:10AEB00040B9554373592BB923680121914023EAC6
:10AEC000010323602168012393400B432360142076
:10AED000394600FB0260BDE8F84000F06FBBF8BDEA
:10AEE000D80300205C030020044B1A681AB11968CB
:10AEF0004A6C01324A641868704700BF140400208D
:10AF0000914208B5416000610AD8D21A83699A4219
:10AF10000DD2084B011D186800F05BFB002008BD36
:10AF20009A4201D2994202D2034B011DF3E701205C
:10AF3000F5E700BF2404002028040020F8B50F4CDA
:10AF4000FDF700FC2568ADB90D4F0E4E384600F0F8
:10AF500027FB304600F024FB0B4B1F600B4B2A46AF
:10AF6000102120201E60FFF7FDF8206010B1084975
:10AF7000FFF7F8FABDE8F840FDF7ECBB200400202D
:10AF8000400400202C040020280400202404002079
:10AF9000EBB6000007B5FFF7D1FF084B186850B1BA
:10AFA000074B0193012300930649074800234FF400
:10AFB0009672FFF77DFB03B05DF804FB20040020D0
:10AFC0001C040020F0B600009DB000007FB50F4CBF
:10AFD0000546206816461A4680B10529CDE90016B7
:10AFE00002950DDCFFF7A8FE0023022808BF089A8F
:10AFF000206818BF1A466946FFF7CEF804B070BD46
:10B0000000236946FFF748F9F8E700BF2004002055
:10B010002DE9F347DFF880800646FFF757FCD8F8A4
:10B0200000308342054609D9194F3B681A686AB94E
:10B03000184A116839601360012300E00023284694
:10B040003360C8F8005002B0BDE8F087DB68DC6808
:10B05000D3F8009004F1040A504600F0D1FA636A74
:10B0600020469847E369012BDFD1A3694B449945FA
:10B0700006D2386863602461514600F0AAFAD4E72A
:10B08000002300934A4619462046FFF79FFFCCE76E
:10B090002804002024040020180400202DE9F04793
:10B0A000594E88B04FF0000833681D68002D5BD002
:10B0B000DB68D3F80090554FFFF700FC04A8FFF7BA
:10B0C000A7FF049C8246002C6AD1002D4ED0484533
:10B0D00052D3FFF77FFC3368DB68DD68281D00F082
:10B0E0008FFAEB69012B0ED1A9694B4652464944B0
:10B0F0002846FFF705FF30B1009423464A46214613
:10B100002846FFF763FF6B6A284698473868002295
:10B1100004A9FFF71BF90028C6D0049B0698002B52
:10B1200041DB069C6369002B44D103A8FFF770FF45
:10B13000049B0246092BE9D801A151F823F000BF76
:10B14000BDB10000BDB10000BDB100000DB10000F7
:10B15000EFB10000FFB10000BDB10000BDB10000C3
:10B160000DB10000EFB10000A946A4E7284B1B6811
:10B170001C68B4FA84F4640938682246A9EB0A0111
:10B18000FFF7FEF9FFF726FC0028BFD1214B4FF057
:10B1900080525A6040BFBFF34F8FBFF36F8FB5E748
:10B1A000FFF718FCB2E7059B07999847049B002B13
:10B1B000ACDBB6E7201D00F023FAB6E7A169059BDA
:10B1C00020461944FFF79CFE00289FD0636A204662
:10B1D0009847E369012B99D1A2690599CDF80080C0
:10B1E00000230A4420461946FFF7F0FE8EE7059932
:10B1F000A161034601442046FFF782FE86E7204610
:10B20000FDF73AF982E700BF28040020200400205F
:10B210002404002000ED00E01FB50021039001AAE6
:10B2200044F20100CDE9011100F004F805B05DF829
:10B2300004FB000072B6094BD3F8F020D20700D50A
:10B2400000BEBFF34F8FD968054A01F4E0610A439D
:10B25000DA60BFF34F8F00BFFDE700BF00ED00E0F5
:10B260000400FA0572B6024A13680133136070478E
:10B2700054040020034A1368013B136003B962B60B
:10B28000704700BF54040020FFF7ECBFFFF7F2BF88
:10B2900070B5E1B111F0030419D10E4D0E4E0F4BF4
:10B2A00029603070042221460D481C7000F0CCF952
:10B2B0003278286802EB4202D200214600F0C4F93D
:10B2C000FEF7E2FB20B9BDE87040FEF7A5BB0724FE
:10B2D000204670BD5C040020610400206004002052
:10B2E000580400204FF0704393F8E02F062A10D145
:10B2F000D3F8E42F12070CD1D3F8E80F00F0F003D5
:10B30000302B08D000F0E000A0F140035842584133
:10B31000704700207047012070474FF0704393F84A
:10B32000E02F062A0CD1D3F8E42F120708D1D3F866
:10B33000E80F00F0F000A0F1300358425841704788
:10B340000020704708B5FFF7CDFF40B14FF08053A4
:10B35000884AD3F82433C3F30423C2F84035FFF7F7
:10B36000DCFF10B1844B854A5A67FFF7BBFF48B139
:10B370004FF080534FF08042D3F84432C3F342334E
:10B38000C2F83C35FFF7C9FF30B17D4AD2F8FC3036
:10B3900023F08073C2F8FC30FFF7A4FF40B14FF0F8
:10B3A00080430022C3F80C21C3F81021C3F83825CC
:10B3B000FFF7B3FF20B14FF080430322C3F8A0256D
:10B3C000FFF7ABFF60B16F4B0522C3F810260122D7
:10B3D000C3F888260022C3F818263F22C3F8142693
:10B3E0004FF0704393F8E02F062A50D1D3F8E42FA2
:10B3F00011074CD1D3F8E83F03F0F003502B46D1AE
:10B400004FF08052604BD2F80414C3F82015D2F8E4
:10B410000814C3F82415D2F80C14C3F82815D2F870
:10B420001014C3F82C15D2F81414C3F83015D2F840
:10B430001814C3F83415D2F81C14C3F84015D2F808
:10B440002014C3F84415D2F82414C3F84815D2F8D0
:10B450002814C3F84C15D2F82C14C3F85015D2F8A0
:10B460003014C3F85415D2F83414C3F86015D2F868
:10B470003814C3F86415D2F83C14C3F86815D2F830
:10B480004014C3F86C15D2F84424C3F87025FFF7B4
:10B4900029FF48B14FF080534FF08042D3F8583223
:10B4A00003F04F03C2F8E43EFFF71CFF48B14FF032
:10B4B0008043D3F80024D20744BF6FF00102C3F8E1
:10B4C00000244FF08053D3F83021062A0AD1D3F854
:10B4D0003431062B01BF2D4AD2F83C3743F4806348
:10B4E000C2F83C37264AD2F8883043F47003C2F8D9
:10B4F0008830BFF34F8FBFF36F8F4FF01023D3F817
:10B500000022002A03DBD3F80432002B2EDA204B72
:10B510000122C3F80425D3F80024002AFBD04FF001
:10B5200010221521C2F80012D3F80024002AFBD003
:10B530004FF010231522C3F80422154BD3F8002432
:10B54000002AFBD00022C3F80425D3F80024002AE7
:10B55000FBD0BFF34F8F0A490E4BCA6802F4E0627A
:10B560001343CB60BFF34F8F00BFFDE70A4B0B4A7D
:10B570001A6008BD0030014000C007400DF0ADBAB0
:10B5800000ED00E00050004000C00040001000400E
:10B5900000E001400400FA05080000200090D003FC
:10B5A00000F108034FF0FF32C0E90223436003615A
:10B5B00000230360704700230361704743684B60BA
:10B5C0009A688A605160996008610368013303607A
:10B5D000704730B50C68631C0AD103695A684A6029
:10B5E00091608B605960086103680133036030BD6E
:10B5F00000F10802134652681568A542FAD9EDE732
:10B60000D0E9011203698A60416851605A68824238
:10B6100004BF82685A60002202611A68013A1A6007
:10B620001868704708B5064B044613B10021AFF304
:10B630000080044B1B6803B19847204600F03EF899
:10B64000000000006404002002440346934200D13D
:10B65000704703F8011BF9E770B50D4D0D4C641BE5
:10B66000A4100026A64209D10B4D0C4C00F028F87E
:10B67000641BA4100026A64205D170BD55F8043BFA
:10B6800098470136EEE755F8043B98470136F2E754
:10B690000C0000200C0000200C00002014000020F2
:10B6A0000A44914200F1FF3300D1704710B511F800
:10B6B000014B03F8014F9142F9D110BDFEE700BFE5
:10B6C000F8B500BFF8BC08BC9E467047F8B500BF8F
:10B6D000F8BC08BC9E467047030006020301EDED6E
:10B6E000004D41494E0049444C4500546D72510093
:10B6F000546D722053766300000A0A0000000000B7
:10B700000338FDD87047030001FF00FF00FF00FF72
:10B7100000FF00FF00FF00FF00FF00FF00FF00FF31
:10B7200000FF00FF00FF006602ED04EC05EA07E8F9
:10B7300009E60AE50CE30EE110DF12DE12DD14DB90
:10B7400016D918D71AD51BD41DD30D030ED10D054C
:10B750000ECF0E050FCD0F050FCC100510CA110529
:10B7600011C8120512C6130513C5130513C4140519
:10B7700014C2150515C0170317BE33BC34BB36BA47
:10B7800037B839B63BB43CB33EB140AF09022E01E5
:10B7900008AD09042C0308AC08062A0507AB090606
:10B7A000290608A90B0529050AA70D032B030CA5DB
:10B7B0004CA34DA24FA0519F529D549B559A579810
:10B7C00059965B945D935D925F90618E638C658A00
:10B7D00066896887080259020586070457040584AC
:10B7E0000805550605820906540605810A05550512
:10B7F000077F0C045603097D747B76797779787717
:10B800007A757C737E717F70816E836C856B8669BF
:10B81000876889668B648D628F609060915E935CAF
:10B82000955A0E0771070A580D0B6D0B08570E0C31
:10B830006C0C08550F0C6C0B0A53110A6D0B0B5254
:10B840009F50A04FA24DA44BA649A848A8FF00E3D3
:10B8500044AD43AE41B040B13EB23EB33CB53AB761
:10B8600039B837B936BB350E0166013C0109330ED4
:10B870000315050E0416150D0311050E0412030918
:10B88000310F0414060D0416150D0410050E0412D4
:10B890000409300F0414060D0416150D0410060DCE
:10B8A000041204092F100414070C0416150D0410BB
:10B8B000060D0412040A2D110414070C0416041EAC
:10B8C0000410070C0412040B2C110414080B0416AA
:10B8D000041E0410070C0412040C2A120414080B92
:10B8E0000416041E0410080B0412040D281304147B
:10B8F0000401040A0416041E04100401030B0412BC
:10B90000040D281304140401040A0416041E041070
:10B910000401040A0412040E261404140402040987
:10B920000416041E04100402030A0412040F241552
:10B930000414040204090416041E04100402040979
:10B940000412041023150414040304080416041E2E
:10B95000041004020409041204112116041404033F
:10B9600004080416041E041004030408041204113D
:10B9700020170414040403080416041E041004030E
:10B980000408041204121F17041404040407041604
:10B99000041E041004040308041204131D180414E4
:10B9A000040503070416130F04100404040704120B
:10B9B00004141B1A031404050406041613100310C0
:10B9C00004050307041303151A1B011504060306D7
:10B9D000041613110111040504060414011619328A
:10B9E000040604050416132304060306042C173367
:10B9F000040703050416043204060405042D161D6D
:10BA000001150407040404160420011104070305AA
:10BA100004140119141D0314040704040416041F5C
:10BA200003100407040404130319121D041404086A
:10BA300004030416041E0410040803040412041969
:10BA4000121D0414040804030416041E0410040840
:10BA500004030412041A101E041404090303041638
:10BA6000041E0410040804030412041B0E1F041413
:10BA7000040904020416041E04100409040204123A
:10BA8000041C0D1F0414040A03020416041E0410EF
:10BA9000040904020412041D0B200414040A040106
:10BAA0000416041E0410040A03020412041D0B20D1
:10BAB0000414040B03010416041E0410040A0401F8
:10BAC0000412041E09210414040B0816041E041099
:10BAD000040B03010412041F07220414040C0716AC
:10BAE000041E0410040B0812042006220414040C83
:10BAF0000716041E0410040C071204210423041466
:10BB0000040D0616041E0410040C0712042103245D
:10BB10000414040D0616041E0410040D061204225B
:10BB200002240414040D0616041E0410040D06124B
:10BB300004480315040E0516041E0311040D061215
:10BB4000034A0166013C01FF00FF00FF00FF00FF08
:10BB500000FF00FF00FF0010110F090F0409040D82
:10BB60000F8B110F090F0507050D0F8B110F090F13
:10BB70000507050D0F92031903120605060D039E16
:10BB8000031903120605060D039E03190312060589
:10BB9000060D039E03190312030103030301030DA2
:10BBA000039E03190312030202030202030D039E04
:10BBB00003190312030203010302030D039E031979
:10BBC0000312030203010302030D039E0319031270
:10BBD00003030503030D0D94031903120303050367
:10BBE000030D0D940319031203040304030D0D94B4
:10BBF0000319031203040304030D039E0319031224
:10BC000003050105030D039E031903120305010536
:10BC1000030D039E03190312030B030D039E031967
:10BC20000312030B030D039E03190312030B030DF1
:10BC3000039E03190312030B030D039E0319031242
:10BC4000030B030D039E03190312030B030D0F9245
:10BC50000316090F030B030D0F920316090F030BB5
:10BC6000030D0FFF00FF00FF00FF00FF00FF00FFBC
:10BC700000FF00FF00FF00FF00FF00FF00FF00FFCC
:10BC800000FF00FF00FF00FF00FF00FF00FF00FFBC
:10BC900000FF00FF00FF00FF00FF00FF00FF00FFAC
:10BCA00000FF00FF00FF00FF00FF00FF00EC3DB8B9
:10BCB000F39600000000200000001CAA0200000013
:10BCC0000000010000000000000000000000000073
:10BCD000012009480200314802003348020035487B
:10BCE000020037480200394802000000000000004E
:10BCF0000000000000000000000089E500003D4851
:10BD0000020000000000A9E50000414802005D4A71
:10BD100002003589000043480200D58800004348EE
:10BD2000020043480200F54D0200854F02004348DF
:10BD3000020043480200434802004D890000434886
:10BD4000020041890000434802004348020059892B
:10BD5000000009E60000434802004348020043484F
:10BD6000020043480200434802004348020043489F
:10BD7000020043480200434802004348020043488F
:10BD80000200434802000000000000000000434899
:10BD9000020043480200434802004348020043486F
:10BDA0000200434802004348020000000000000077
:10BDB0000000000000000000000000000000000083
:10BDC0000000000000000000000000000000000073
:10BDD0000000000000000000000000000000000063
:10BDE0000000000000000000000000000000000053
:10BDF0000000000000000000000000000000000043
:10BE00000000000000000000000000000000000032
:10BE10000000000000000000000000000000000022
:10BE20000000000000000000000000000000000012
:10BE30000000000000000000000000000000000002
:10BE400000000000000000000000000000000000F2
:10BE500000000000000000000000000000000000E2
:10BE600000000000000000000000000000000000D2
:10BE700000000000000000000000000000000000C2
:10BE800000000000000000000000000000000000B2
:10BE900000000000000000000000000000000000A2
:10BEA0000000000000000000000000000000000092
:10BEB0000000000000000000000000000000000082
:10BEC0000000000000000000000000000000034827
:10BED000044B834202D0034B03B118477047000262
:10BEE000002000020020000000000548064B1B1A3D
:10BEF000D90F01EBA301491002D0034B03B118473E
:10BF0000704700020020000200200000000010B571
:10BF1000064C237843B9FFF7DAFF044B13B104480A
:10BF2000AFF300800123237010BD00020020000049
:10BF30000000B827030008B5054B1BB105490548AB
:10BF4000AFF30080BDE80840FFF7CFBF00BF00009F
:10BF5000000004020020B8270300A3F5803A7047D0
:10BF600000BF174B002B08BF134B9D46FFF7F5FF93
:10BF700000218B460F461348144A121A22F081FD05
:10BF80000E4B002B00D098470D4B002B00D098474C
:10BF90000020002104000D000D48002802D00C48AC
:10BFA000AFF3008023F03FFC2000290000F091FB5C
:10BFB00022F0E7FB00BF00000800000000000000C6
:10BFC00000000000012000020020A04A0020000024
:10BFD00000000000000000F02EB8084600F02BB86A
:10BFE00000F0ABB800F0CFB8000010B5104B1A4607
:10BFF0001B688342FBD354681119884201BF416812
:10C00000104609195160446801198B420DD1084945
:10C0100009688B4204D05B68234443601368196845
:10C020000160904218BF106010BD1946F8E7300259
:10C0300000202C0200202DE9F04104461DF031FDC6
:10C040003549354D0B68F3B9354B354A3648D21A68
:10C050000260580718BF0733344A18BF23F007039C
:10C06000002013605060314A22F00702C2E900004C
:10C07000D01AC3E900202E4B0A6018602E4B1860BE
:10C080004FF000432B602F68274207D01DF09BFD27
:10C0900000F031FA00263046BDE8F081002CF5D0E2
:10C0A00004F1080362071CBF23F007030833002BC9
:10C0B000ECD0DFF88080D8F800509D42E6D31A4AD1
:10C0C00014686068984201D2206800BB0968A142E8
:10C0D000DCD02168166811606268D21A102A06F155
:10C0E000080604D9E01842606360FFF77EFF10493C
:10C0F00062680868AD1A17430023854267602360B1
:10C10000C8F8005038BF0D601DF05DFDC3E7224642
:10C110000446D6E700BF2C02002020020020B04ACF
:10C12000002000FC00201C02002030020020F8FB50
:10C130000020240200202802002010B50446E0B1AF
:10C140000F4A50F8043C1268134216D050F8081CED
:10C1500099B923EA020340F8043C1DF0A2FC084A06
:10C1600054F8043C1168A4F108000B441360FFF775
:10C170003CFFBDE810401DF026BD10BD00BF2002F1
:10C180000020280200202DE9F04105460C4601B3AD
:10C1900008461DB9BDE8F041FFF74DBF0E4B55F8FD
:10C1A000046CD3F8008016EA080FF3D0FFF743FFC2
:10C1B000074658B126EA0802083AA24228BF22469A
:10C1C000294623F0BCFB2846FFF7B7FF3846BDE8F9
:10C1D000F0810F46FAE720020020014B9878704763
:10C1E00000BF38020020014B5878704700BF38026A
:10C1F0000020034B1868B0F5803F34BF00200120B9
:10C200007047380200200A4B07B518600246FFF756
:10C21000E4FF0146FFF7E7FFD2B2CDE900020B468B
:10C22000054A05480C2122F0BEFA03B05DF804FB74
:10C2300000BF38020020BCDB020004000020009A8E
:10C2400041608260704713B50022044601210A2034
:10C250001CF0FBFF0023E0600949009309480194AA
:10C2600023464FF400721DF016FB012805D0042070
:10C2700002B0BDE810401EF0FFB802B010BDC8DB30
:10C280000200498700002DE9F0418CB000240546EA
:10C290000B460094104940F2A55205A806F021FE75
:10C2A00005F110064FF4F07801274FF4F072314693
:10C2B00005A806F020FECDE901680097A2B26868E3
:10C2C000F0230021013400F049FCF02CEDD10CB03A
:10C2D000BDE8F08100BF57E002004FF6FF71FFF7A5
:10C2E000D2BF2DE9F04300F1100707EE101A85B018
:10C2F000064600F5F8713B46994229D1DFED167AE2
:10C30000B8EE477ADC2527EE277ADFED137AB4EE14
:10C31000E77AF1EE10FAD8BFF0EE477AFCEEE77A52
:10C320004FF0010817EE903A9CB24FEA4409CDE96C
:10C330000179CDF800802A46013570682346002136
:10C34000ADB200F00BFCF02DF1D105B0BDE8F083EB
:10C3500003F8012BD0E79A991940000070431FB5EC
:10C360000446C822C0680DF10F011DF092F828B1F3
:10C370009DF80F30032B26D00B2B30D0A3689A7872
:10C38000FAB1D3ED026A93ED017ADB68022B29D072
:10C39000032B2BD0012B14D1B8EE477AF8EE666A46
:10C3A0004FF6FF72C6EE877A9FED127A67EE877AB4
:10C3B000FCEEE77ACDED017A9DF804102046FFF7F8
:10C3C00090FF04B010BDA06801F075FF20B1FF21FF
:10C3D0002046FFF758FFD1E74FF6FF71F8E74FF41B
:10C3E000FC61F5E74EF207026421E7E7FF22FBE775
:10C3F00000BF0000C84210B50446FFF76EFF20469C
:10C40000FFF7ADFFFBE71FB500238DF80710C068ED
:10C41000039303AA0DF107011CF0E2FF039B43B154
:10C42000064B4FF080525A6040BFBFF34F8FBFF3AF
:10C430006F8F05B05DF804FB00BF00ED00E07047B2
:10C440007047704770470148092106F092BB5802B7
:10C45000002007B5002300931A4603211DF0CFFEEC
:10C460000348122103B05DF804EB06F082BB5802CA
:10C4700000200246034652F8080B904203D0996808
:10C48000013121F07DBA704710B58368044613B1BD
:10C49000032201469847204610BD10B5044600F51A
:10C4A000F860FFF7E6FF04F5F560FFF7E2FF04F53B
:10C4B000F260FFF7DEFF04F5B860FFF7DAFF04F57E
:10C4C000B560FFF7D6FF04F5B260FFF7D2FF074B68
:10C4D000C4F87C3304F56770FFF7D6FF054BC4F84A
:10C4E000E43204F53E70FFF7CFFF204610BDD816AA
:10C4F0000300C4160300024A136801331360704737
:10C5000000BF50020020024A1368013313607047D5
:10C5100000BF4C02002030B51C2885B006D114485D
:10C52000082105B0BDE8304006F023BB00241328E5
:10C53000039419D1032915D10F4B1D681DF0BFFAC3
:10C5400003AB02460094062128461DF058FE039BCB
:10C5500043B1094B4FF080525A6040BFBFF34F8F39
:10C56000BFF36F8F05B030BD0D28FBD1044BE4E75E
:10C5700000BF580200203018002000ED00E0341801
:10C58000002010B5154CD4F80433580609D5D4F85A
:10C590001831012B05D100231148C4F8183100F0DF
:10C5A0002CFDD4F80433190309D5D4F84C31012BF0
:10C5B00005D100230A48C4F84C3100F006FD064BB3
:10C5C000D3F80423920706D5D3F80421012A04BF27
:10C5D0000022C3F8042110BD00BF00300040E8185D
:10C5E0000020014B1B68184700BF48020020014B88
:10C5F0001B68184700BF44020020014B1B68184706
:10C6000000BF40020020054B002282B0C3F8002189
:10C61000D3F800310193019B02B0704700BF0000C6
:10C6200001400B2808D00D2804D0012801D1034B6C
:10C6300019607047034BFBE7034BF9E700BF480263
:10C6400000204402002040020020EFF3108072B668
:10C6500000F00100704700B962B670470000004862
:10C6600070473C02002010B5044C4FF0FF312046CB
:10C6700007F073FA43689847F7E73C02002008B5D3
:10C68000FFF7F1FF000008B50022042120201CF074
:10C69000DCFD0C4B186019F088FB07F0E8FD11F089
:10C6A000EEF90021052019F004FA4FF4004018F0CB
:10C6B0004EFC11F0CEFD11F086FABDE808400248AC
:10C6C00007F01DBA00BF3C020020D189000011F024
:10C6D00028BD73B54FF080440123C4F878351BF0B2
:10C6E00028FF00201BF03DFF1BF0C1FFD4F81834D9
:10C6F000DB03FBD54FF0A04540F203632A4EC5F89B
:10C700001C378023C5F80835102446F00106D5F8FB
:10C710000435DA4302F0800203F08003C5F80825EF
:10C720004FF4A070C5F80C35013CB04714F0FF047D
:10C73000EDD10223C5F81C371C4B0093224623463B
:10C740000A211A481B4D1B4E1DF03FFD1B4B186064
:10C750001B4B009322462346C82119481DF035FD86
:10C76000194B1860194BD3F84005FFF74CFD2B68A7
:10C77000B34210D1164B1648D3E9002301F055FE01
:10C78000154805F0FAFEFFF77EFF1DF05CF90F205B
:10C790001DF072FEFBE71048114A2146121A22F0E2
:10C7A00070F92E60ECE700E6020099870000D3DB09
:10C7B0000200A84A00200000ADDE34180020A58742
:10C7C0000000E1DB02003018002000A00040A04A79
:10C7D00000201013002058020020A04A0020AC4A7C
:10C7E00000202DE9F04F674B684C18689B8895B086
:10C7F00012AA129000216548ADF84C3000F0F0FA12
:10C8000063496348192200F056FD1A2361496148C3
:10C81000122200F022F905225D495F4800F04BFD2D
:10C820005E495E4800F0B1F9072300934FF0C462FF
:10C8300006234FF040215A4806F0CAF95949594891
:10C84000152205F00CFC56495848182200F05BFEF2
:10C8500054495648442200F0ACFD554801F035FCDF
:10C86000554B524955484FF480721A800025534A5F
:10C870009D70C3E90155DD60DD6106F078FB474935
:10C88000504806F0DAFF4E494F4805F0A8FA4D49E6
:10C890004E4801F01CFE23464FF0050A03F8045BE6
:10C8A00018466522002122F0ECF8BAF1010A03468D
:10C8B000856680F86C5080F86D5003F17003EFD1FD
:10C8C000DFF80081414E414F424DDFF8289184F856
:10C8D0003CA20423424631463846C4E98D3A05F06D
:10C8E000DAFA3C49C5F80CA00123C5E901AA2B746A
:10C8F000C9F800A0A9F808A0CDE908713749079147
:10C900003749DFF898A0DFF8B4B006912E483449D3
:10C91000059028480090CDE90161CDE90B8ACDE969
:10C92000034B234B204A1B490A952E48FFF787FCEF
:10C9300022490D911D490991284908911C49294B0B
:10C9400021480A90CDE9064126491A48164A029024
:10C95000CDE90BB3174B0193CDE904710092104B55
:10C960000B49CDF83880524603961F48CDE90F5940
:10C9700005F0B5FD1E4A1E491C4815B0BDE8F04F34
:10C9800020F0F9BF00BF06E60200C8100020E8183A
:10C990000020E0180020CC180020C4180020BC188B
:10C9A0000020941800208C1800204018002038180F
:10C9B0000020201800200018002070140020F0171C
:10C9C0000020A41300206813002010130020301052
:10C9D00000201C10002010000020581000206013C0
:10C9E000002008130020200E002058020020000024
:10C9F0000020ED87000010100020012A02D1016004
:10CA000000207047022A05D0032AF9D0002AF7D166
:10CA10000260F5E70B780370F2E7012A02D10160AA
:10CA200000207047022A05D0032AF9D0002AF7D146
:10CA30000260F5E70B780370F2E702780123934078
:10CA40004FF0A042C2F80C357047027801239340A2
:10CA50004FF0A042C2F80835704710B5437100236B
:10CA600001600271837110BD006800F033BC1FB516
:10CA70000023CDE90033074B0393074B047902935E
:10CA80006B468DF80040FFF7EFFF6846FFF7FCFCB0
:10CA900004B010BD00BF9D8D00006D8D00001FB55E
:10CAA0000023CDE90033074B0393074B047902932E
:10CAB0006B468DF80040FFF7D7FF6846FFF7E4FCB0
:10CAC00004B010BD00BF8D8D00004D8D000007B576
:10CAD00001228DF807100DF10701FFF7E0FF03B009
:10CAE0005DF804FBF7B504461E460F462A2115469D
:10CAF0007FBAFFF7ECFF76BA042269462046ADF80C
:10CB00000070ADF80260FFF7B2FF20462B21FFF75F
:10CB1000DEFF6DBABDF82030ADF80450042204F1F8
:10CB20000C055BBA0DEB02012846ADF8063022F089
:10CB300006FF042229462046FFF799FF03B0F0BD07
:10CB400070B504460D4616462C21FFF7C0FF32464D
:10CB500029462046BDE87040FFF789BFF7B5BDF80C
:10CB60002040013C1444013B0B44A4B2DDE90967B9
:10CB700000949BB20546FFF7B5FF3A46314628467A
:10CB800003B0BDE8F040FFF7DBBF00220160027197
:10CB90004271827170477FB5B9238DF80730002349
:10CBA000CDE90233CDE90433006802AB01220DF177
:10CBB000070100F08FFB049B1BB102A9032208466A
:10CBC000984707B05DF804FB10B586B09F238DF839
:10CBD0000F3003230093002404AB01220DF10F0159
:10CBE0000068ADF810408DF8124000F07EFB049B09
:10CBF0002046DAB262F30700C3F3072262F30F2084
:10CC0000C3F3074363F3174006B010BD10B50446E5
:10CC1000FFF7DAFFC0F307232071C0F30740637109
:10CC2000A07110BD00001FB50D4B039300238DF8BC
:10CC30000B300123009304460DF10B03042203A9DA
:10CC4000006800F052FB2046FFF7BEFFC0F3072349
:10CC50002071C0F307406371A07104B010BDAB0137
:10CC600002031FB50122009205238DF80E300DF14D
:10CC70000E010DF10F03006800F037FB9DF80F0067
:10CC800005B05DF804FB08B5FFF7EBFF00F001000D
:10CC900008BD08B5FFF7E5FFC0F3400008BD1FB5AC
:10CCA000032400938DF80C400C0C49BAADF80E101B
:10CCB000134603A9042200688DF80D4000F015FB0F
:10CCC00004B010BD1FB506238DF80F30002300936C
:10CCD00001220DF10F01006800F007FB05B05DF8BF
:10CCE00004FB1FB520238DF80C300B0C49BA044609
:10CCF0008DF80D30ADF80E10FFF7E4FF2046FFF77A
:10CD0000C8FF60B1002300932068042203A900F04B
:10CD1000ECFA2046FFF7B7FF28B904B010BD012098
:10CD20001CF0BDFFEAE701201CF0B9FFF1E71FB5D9
:10CD3000012200922B238DF80E300DF10E010DF122
:10CD40000F03006800F0D1FA9DF80F0005B05DF800
:10CD500004FB08B5FFF7EBFFC0F3401008BD08B5B2
:10CD6000FFF7E5FFC0F3801008BD2DE9F04307464B
:10CD700085B00D4690461E464FF0020916B905B023
:10CD8000BDE8F08325F0FF04641B04F580742B0CD0
:10CD9000B4428DF80D3038466BBA28BF34468DF852
:10CDA0000C90ADF80E30FFF78DFF3846FFF771FF9E
:10CDB00070B1009438684346042203A900F0A1FA38
:10CDC0003846FFF760FF38B92544A044361BD5E745
:10CDD00001201CF064FFE8E701201CF060FFEFE792
:10CDE00041711168928842810022C260C0F8061029
:10CDF0000261426102767047000010B54169044645
:10CE000021B9032201201CF020FA6061617A4FF001
:10CE1000A043012202FA01F1C3F80815617A01F575
:10CE2000E071032043F82100A17A8A40C3F80C2561
:10CE3000A27A02F5E072002143F82200E27A02F5BC
:10CE4000E07243F8221063791BB1012B22D000203D
:10CE500010BD2A4B627A2360C3F808252368A27AA2
:10CE6000C3F80C252368E27AC3F81025237A002B37
:10CE7000EDD123684FF00042C3F82425A3790BB10C
:10CE8000012BE4D1E1791A460329E0D8DFE801F06B
:10CE9000070531344FF04023DCE743F002022368FA
:10CEA000C3F8542522680023C2F810312268C2F862
:10CEB00020312268C2F8183122684021C2F80413D8
:10CEC00022680220C2F8040322684FF40020C2F84E
:10CED000040322680720C2F80005094A82F80313F8
:10CEE0000821116060691A4619461CF0D2F9012028
:10CEF000AEE743F00402D2E743F00602CFE700308A
:10CF0000004000E100E037B50368D3F808551B4B3B
:10CF10001A88ADF80420027E9B788DF8063004460E
:10CF2000BAB901A928461BF098FC08B11DF0A4FA73
:10CF3000002128461BF007FD28461BF09EFD2368B4
:10CF40005A690F4BC3F81005C3F814250122C3F822
:10CF5000042523680022C3F8182123684022C3F85F
:10CF6000082323680222C3F8082323684FF4002211
:10CF7000C3F808230123237603B030BD00BF0CE6BD
:10CF8000020000F0014010B504460368D3F808051C
:10CF9000237E2BB11BF03BFD0B4B0122C3F8082570
:10CFA00022680023C2F8183122684021C2F8041315
:10CFB00022680221C2F8041322684FF40021C2F84B
:10CFC0000413237610BD00F0014070470368C3F8D6
:10CFD00044150368C3F8482502680023C2F8503599
:10CFE0000268C2F834350268C2F838350268C2F8FF
:10CFF00040350268C2F81831704737B5C3688BB145
:10D0000005698DB1FF2D28BFFF252A46C168FFF7AE
:10D01000DDFFC3682B44C36003695B1B03610368C6
:10D0200001221A6103B030BD017901238B404FF01A
:10D03000A041C1F80835C56001A9406901951CF0FF
:10D0400000FA019B002BEDD0054B4FF080525A6047
:10D0500040BFBFF34F8FBFF36F8FE3E700BF00ED1B
:10D0600000E010B504680023C4F844350468C4F82F
:10D0700048350468C4F850350468C4F834150168AC
:10D08000C1F838250268C2F840350268C2F8183184
:10D0900010BD2DE9F041069F044688461E46154600
:10D0A000002A4BD040694FF0FF311CF06CFA012E82
:10D0B00084F80480204626D1FFF725FFBB6813B112
:10D0C000FB6838469847237901274FF0A04207FABA
:10D0D00003F3C2F80C35E56026612569E168FF2D90
:10D0E00028BFFF252A462046FFF770FF23695B1BF8
:10D0F0002361E3682B44E3602368BE421F6105D0CF
:10D100000120BDE8F081FFF73EFFD7E72268D2F8A3
:10D110001831002BFBD02279012393404FF0A0421D
:10D120000025C2F808352046E560FFF72CFF60694E
:10D130002B462A4629461CF0ACF8E1E71046E0E70A
:10D14000F8B504460F4640694FF0FF3115461E46BC
:10D150001CF019FA27712046FFF715FF23684022BB
:10D16000C3F8082323680222C3F8082323684FF476
:10D170000022C3F80823237901274FF0A04207FAC1
:10D1800003F3C2F80C350023E360324623612946DD
:10D190002046FFF71BFF23681F612268D2F8183171
:10D1A000002BFBD0DDE906122046FFF75AFF23686B
:10D1B00001221A612268D2F81831002BFBD02379A2
:10D1C00001254FF0A04205FA03F3C2F80835002309
:10D1D00060691A4619461CF05CF82846F8BD002123
:10D1E0000368D3F8002592B9427A4FF0A04302F5C4
:10D1F000E072022143F82210827A02F5E07243F8CD
:10D200002210C27A02F5E07243F822107047C3F888
:10D210000015E5E7FFF7F1BDF8B504460F46406994
:10D220004FF0FF3115461E461CF0ADF92771204620
:10D23000FFF7A9FE23684022C3F8082323680222CF
:10D24000C3F8082323684FF40022C3F80823237986
:10D2500001274FF0A04207FA03F3C2F80C35002370
:10D26000E3603246236129462046FFF7AFFE23687C
:10D270001F612268D2F81831002BFBD0DDE90612BD
:10D280002046FFF7A3FE236801221A612268D2F824
:10D290001831002BFBD0237901254FF0A04205FA6D
:10D2A00003F3C2F80835002360691A4619461BF0DB
:10D2B000F0FF2846F8BD10B5016002F5E0734FF0AD
:10D2C000A0410324027141F8234001239340C1F897
:10D2D000083510BD07B5009313460A46017900686A
:10D2E000FFF7D7FE03B05DF804FB13B5049CCDE94E
:10D2F000003413460A4601790068FFF721FF02B0A7
:10D3000010BD13B5049CCDE9003413460A460179DB
:10D310000068FFF781FF02B010BD10B5C9031B4CB8
:10D320001A430139C4F80C25C4F80415D4F808359B
:10D330004FF0804243F00103C4F80835D2F80034BE
:10D340004FF0FF31C2F80014DA0712D49C0712D450
:10D35000590712D41A0712D4DC0312D4990312D439
:10D360005A0312D413F4002F14BF072308230360B9
:10D3700010BD0023FBE70123F9E70223F7E70323AE
:10D38000F5E70423F3E70523F1E70623EFE70000C1
:10D390000140014B01221A60704700000140024B1E
:10D3A000034AC3F80026704700BF0000014035461D
:10D3B000526E0160027170477FB5082200920179B8
:10D3C000006804AB05F023FD9DF817209DF81110AF
:10D3D0009DF810009DF8153002F00F0242EA01227C
:10D3E000C0009DF8121040EAC3209DF816300901D4
:10D3F000C9B203F0070303430A43002062F30F009E
:10D400009BB263F31F4007B05DF804FB1FB5012317
:10D4100000938DF80F200DF10F030A460179006883
:10D4200005F023FD05B05DF804FB1FB50123009353
:10D430000A460DF10F030179006805F0E8FC9DF83C
:10D440000F0005B05DF804FB10B501210446FFF79D
:10D45000ECFF60F07F02D2B220460121FFF7D6FF39
:10D4600020462F22BDE810400C21FFF7CFBF10B59A
:10D4700001210446FFF7D9FF012100F07F02204679
:10D48000FFF7C4FF20460022BDE810400C21FFF743
:10D49000BDBF38B54FF0A0430025C3F87857044608
:10D4A000FFF7E5FF64201CF0FAFB20465022012123
:10D4B000FFF7ACFF20462F220C21FFF7A7FF2046E5
:10D4C00077221621FFF7A2FF2A4620461721BDE842
:10D4D0003840FFF79BBF20B1034B800143F00103AD
:10D4E0001847704700BF20E6020038B5054D0446D6
:10D4F00045F001054FF47A40A847013CFAD138BD08
:10D5000000BF20E6020002710022C0E910228287DB
:10D5100080F83E2082640122016002740549427550
:10D52000054A816202630449C1621022C06082839D
:10D530007047A798000029980000D198000007B50F
:10D54000009313460A460179006805F060FC03B0B9
:10D550005DF804FB10B50446184613460A462146FA
:10D56000FFF7EDFF002010BD07B5009313460A46F4
:10D570000179006805F079FC03B05DF804FB10B593
:10D580000446184613460A462146FFF7EDFF0020E1
:10D5900010BD2DE9FF4191F83C3004460D464BB9D2
:10D5A0004A6C01324A64C4E90033A360204604B0E7
:10D5B000BDE8F08101F10808414602A800F01CFB1B
:10D5C00020B1AB6C0133AB640023ECE795F83B2052
:10D5D000BDF90860BDF90A70BDF90C500D4B019002
:10D5E000414601A833F91230B602BF0296FBF3F6AA
:10D5F00097FBF3F736B23FB2AD0295FBF3F500F0BF
:10D6000047FD2DB2019B2360A780E6802581CDE7F1
:10D6100000BF10E60200083000F011BD38B500234D
:10D6200000F10805044680F83D30284600F016FC5D
:10D6300030B9012084F83D00BDE83840FFF755BF00
:10D640000A20FFF752FF284600F008FC0028F0D01F
:10D6500038BD38B5002380F83C30036C01330364D7
:10D6600090F83D30044633B104F10805284600F037
:10D6700007FC38B138BDFFF7D1FF94F83D30002BDF
:10D68000F2D1F7E7237A112B04D0132B31D084F891
:10D690003E00EFE7012384F83E30284600F005FC09
:10D6A0000028E7D12946012000F0C0FB0028E1D185
:10D6B00001212A46084600F01CFC0028DAD1294640
:10D6C00000F08FFC0028D5D12946012000F089FB0D
:10D6D0000028CFD120464FF4027340F8383F294646
:10D6E00000F026FA0028C5D1012384F83C302064DC
:10D6F000C0E70223CFE790F83E00704748B1036AC5
:10D700003BB1436A2BB14068B0FA80F04009404217
:10D7100070474FF0FF30704770B5054618461C46FD
:10D72000FFF7ECFFB8B9B1B1237A0BB905F07F056B
:10D730002846666A6368B0470546607270B994F817
:10D740002E20A36A6168012A0CBF02204FF4E17009
:10D750009847284670BD4FF0FF35FAE76FF0010596
:10D76000F7E72DE9F84F834600AF1846884615467F
:10D770001C46FFF7C3FF40BB39B3E27A2A44D31DEE
:10D7800023F00703E946ADEB030D237AEA460BB914
:10D790004BF0800B266A636851465846B04760726A
:10D7A00088B16FF00100CD46BD46BDE8F88FE17A43
:10D7B0000AEB0306715C08F8031093B29D4202F174
:10D7C0000102F4D8EFE70246F7E74FF0FF30EBE74E
:10D7D00013B5002304468DF806308DF80730FFF7A7
:10D7E0008DFF48B9234601220DF106015B20FFF7AA
:10D7F000B8FF18B16FF0010002B010BD234601223E
:10D800000DF107015C20FFF7ACFF0028F2D19DF875
:10D8100006209DF8073002F00F0242EA0312A38AA5
:10D8200002EB530202F00F0312098DF806308DF857
:10D830000720234601220DF106015B20FFF76CFF54
:10D840000028D9D1234601220DF107015C20FFF702
:10D8500063FFD1E710B50446FFF750FF80B92346B8
:10D86000012204F117015B20FFF756FF40B9234660
:10D8700004F118010122BDE810405C20FFF74CBF05
:10D8800010BD13B50023044608468DF80730FFF796
:10D8900035FF78B974B10B4601220DF107017C20E8
:10D8A00000F00BF820B99DF8073003F00103237056
:10D8B00002B010BD4FF0FF30FAE72DE9F74F1D46DB
:10D8C0000746002328468DF80730FFF717FF0E465E
:10D8D00014468146002874D1002972D05E2F69D188
:10D8E00029460DF10700FFF7CCFF9DF80780B8F13E
:10D8F000010F074609D12946484600F068F8AB6A8F
:10D90000696807464FF4E170984714F001095BD14C
:10D91000AB7DA34258D3002F56D1AF8AA74242D243
:10D92000B4FBF7FA2846FFF795FF07FB1A47CB46EB
:10D9300004465FFA89F39A4520D847B1D4B92B46FB
:10D940003A4606EB0B015E20FFF70BFF04468CB94D
:10D950002846FFF77FFF044660B9B8F1010F09D1EF
:10D960002946404600F033F8AB6A696804464FF434
:10D97000E1709847204603B0BDE8F08FAA8A2B4695
:10D9800006EB0B015E20FFF7ECFE044640B928468B
:10D99000FFF71EFF044618B9AB8A5B441FFA83FBEE
:10D9A00009F10109C5E72B46224631465E20FFF703
:10D9B000D8FED0E72B46384603B0BDE8F04FFFF75E
:10D9C000D0BE4FF0FF34D5E76FF00904D2E737B58A
:10D9D0000023054608460C468DF80730FFF78EFEFB
:10D9E000C0B90B4601220DF107017C20FFF765FF4E
:10D9F00080B99DF8073005F0010523F0010343EAE3
:10DA000005008DF80700234601220DF107017C2057
:10DA100000F002F803B030BD2DE9F04F1C4685B090
:10DA20000746002320460E4615468DF80F30FFF7B7
:10DA300065FE002876D1002974D05E2F6BD1214677
:10DA40000DF10F00FFF71DFF9DF80FA0BAF1010FB8
:10DA5000074609D140B92146FFF7B9FFA36A6168BB
:10DA600007464FF4E170984715F001095DD1A37D99
:10DA7000AB425AD3002F58D1B4F814B0AB4543D2BF
:10DA80002046FFF7E7FE034628BBB5FBFBF7C84679
:10DA90005FFA89F2974222D80BFB17523AB1D3B9F9
:10DAA000234606EB08015E20FFF736FE034693B9D6
:10DAB0002046FFF7CFFE034668B9BAF1010F0AD13D
:10DAC00021465046FFF783FFA26A019061684FF438
:10DAD000E1709047019B184605B0BDE8F08F2346E2
:10DAE000A28A06EB08015E20FFF716FE034640B946
:10DAF0002046FFF76DFE034618B9A28A42441FFA7A
:10DB000082F809F10109C3E723462A4631465E201F
:10DB1000FFF702FECFE72346384605B0BDE8F04FD9
:10DB2000FFF7FABD4FF0FF33D5E76FF00903D2E7F7
:10DB300073B50023044608460E46ADF80430FFF7DF
:10DB4000DDFD60BB5CB3A5786378012D24D1022B89
:10DB500028D82278511E0B2924D8ED0145EA031557
:10DB60002A43E378D2B203F003038DF80420D209EC
:10DB70008DF8053086F82E203346012201A9402079
:10DB8000FFF74AFF30B9334601220DF1050141206C
:10DB9000FFF742FF02B070BD25B9072BD8E74FF061
:10DBA000FF30F7E76FF00700F4E713B500230446F2
:10DBB0008DF806308DF80730FFF7A0FD0246B0B9AA
:10DBC000237ABBB90122E27223460DF10701FFF768
:10DBD00074FE024658B9012223460DF106010020C9
:10DBE000FFF76BFE024610B99DF806302370104611
:10DBF00002B010BDE072EEE7F7B500230646084616
:10DC00000F460093ADF80430FFF778FD00283AD1B5
:10DC1000002E38D00B46062269461220FFF74DFE33
:10DC2000E0B9BDF90050BDF90240BDF904203580CE
:10DC30007480B2803B7B0C2B12D1002DB8BF0F3506
:10DC4000002CB8BF0F34002A4FEA25154FEA2414E0
:10DC5000B8BF0F32358074801211B28003B0F0BDAE
:10DC60000E2BFBD1002DB8BF0335002CB8BF0334F9
:10DC7000002A4FEAA5054FEAA404B8BF0332358055
:10DC800074809210E9E74FF0FF30E7E70000F7B546
:10DC90000546294600208DF804008DF80500FFF7A1
:10DCA00096FEAB6A696804464FF4E17098474CB938
:10DCB0002B46012201A95920FFF7AEFE0446002899
:10DCC00000F08780204603B0F0BD73092F698DF8FE
:10DCD00006302846C6F3430337448DF80730FFF774
:10DCE0000DFD002872D1002F70D02B4601220DF1BE
:10DCF00007015B20FFF790FE044678B92B4601220E
:10DD00000DF106015C20FFF787FE044630B9AA8AB0
:10DD10002B4639465E20FFF7FFFC0446AB8A3344AE
:10DD20009EB2AB8DB342D0D8002CCBD101262B466E
:10DD3000324601A959208DF80460FFF76DFE0446B4
:10DD40000028BFD1AB6A69682548984732462B4600
:10DD50000DF105012A20FFF7B0FD9DF8056006F0E2
:10DD60000F068DF8056004460028ABD1012E32D194
:10DD700029463046FFF72BFE04460028A2D18DF835
:10DD800006008DF807002846FFF7B8FC0446002877
:10DD900098D12B4632460DF106015B20FFF7E1FCDE
:10DDA000044600288ED12B4632460DF107015C2037
:10DDB000FFF7D7FC0446002884D19DF8063003F015
:10DDC0000F03EB759DF807302B767BE74FF0FF34A0
:10DDD000A4E70646A5E76FF0040473E700BFF04927
:10DDE000020037B50023044608460D468DF807307B
:10DDF000FFF784FCC0B90B4601220DF107017D201D
:10DE0000FFF75BFD80B99DF80730A40023F0040301
:10DE100004F004041C4301222B460DF107017D2070
:10DE20008DF80740FFF7F8FD03B030BD07B58DF85A
:10DE300007000846FFF762FC50B99DF80730012B38
:10DE400009D80B4601220DF107015520FFF7E4FD2B
:10DE500003B05DF804FB6FF00700F9E707B5B623E0
:10DE600002468DF80730FFF749FC30B913460DF133
:10DE7000070101227E20FFF7CFFD03B05DF804FB10
:10DE800010B50446FFF791FE70B9237803F0FD0347
:10DE9000112B01BF0C2323734623A37506BF4FF438
:10DEA000C053A3856FF0030010BDA8B1027802F043
:10DEB000FD03112B13D1838A991E442912D8D90747
:10DEC00044BF03F1FF3383820849084B112A08BF7E
:10DED0000B460361FFF7DBBE4FF0FF3070476FF07A
:10DEE000030070476FF00900704726E6020026FE27
:10DEF000020070B592B0154604460E464622002137
:10DF0000684620F0BEFD002D65D02B7803F0FD03A0
:10DF1000112B63D12B46462269465E20FFF7CDFCCC
:10DF2000A0BB012E04F0010304F0020004F0040180
:10DF300004F0080204F010042AD12BB19DF83B3004
:10DF400043F010038DF83B3028B19DF83B3043F08F
:10DF500020038DF83B3029B19DF8403043F0010398
:10DF60008DF840302AB19DF83C3043F001038DF824
:10DF70003C302CB19DF83E3043F001038DF83E302B
:10DF80002B46462269465E20FFF746FD12B070BD63
:10DF90002BB19DF83B3023F010038DF83B3028B1B6
:10DFA0009DF83B3023F020038DF83B3029B19DF8DC
:10DFB000403023F001038DF840302AB19DF83C3009
:10DFC00023F001038DF83C30002CD9D09DF83E3071
:10DFD00023F00103D2E74FF0FF30D7E76FF00300E3
:10DFE000D4E730B593B00D4604464622002168467A
:10DFF00020F047FDEDB12B7803F0FD03112B1BD171
:10E000002B46462269465E20FFF757FC78B99DF8FB
:10E010003B20E40022F0080204F0080422438DF8BB
:10E020003B202B46462269465E20FFF7F5FC13B0E5
:10E0300030BD4FF0FF30FAE76FF00300F7E710B59F
:10E0400092B0044646220021684620F01AFDCCB169
:10E05000237803F0FD03112B17D12346462269468E
:10E060005E20FFF72AFC58B99DF83B3043F00403CB
:10E070008DF83B304622234669465E20FFF7CCFCF4
:10E0800012B010BD4FF0FF30FAE76FF00300F7E772
:10E0900013B50023019304460B4679B10A7802F0C8
:10E0A000FD02112A0DD104220DEB02011E20FFF703
:10E0B00004FC08B9019B236002B010BD4FF0FF3093
:10E0C000FAE76FF00300F7E70000012101814FF04C
:10E0D000A0430449002242804260C2600860C3F845
:10E0E0003027704700BF201900204FF0A041D1F821
:10E0F00010256FEA123303F001038371D1F8101574
:10E100006FEAD14303F001030903C37104D4D304BC
:10E1100001D50123437170470023FBE7000030B5B0
:10E12000114D114985B004462868009068461AF0E0
:10E130002EFE08B11CF0A0F90D4A68685168127AE9
:10E1400001AB03C301A900201A701AF068FE08B1E0
:10E150001CF092F9012120461AF0BFFE08B11CF014
:10E160008BF905B030BD26160300F5A500002A1670
:10E17000030010B5FFF7B9FF437A3BB9012343729F
:10E18000FFF7CDFFBDE810401AF0F7BE10BDF0B5A7
:10E19000044640480368BFF35B8FDB0787B00D463A
:10E1A0001DD41FF0EFFBD0B13C4B6E4603F1180CB1
:10E1B000324618685968374603C7083363453E46F8
:10E1C000F7D1364E06AF134603CBBB4230607160C9
:10E1D0001A4606F10806F6D12F481FF0DFFB2B7810
:10E1E00073BB012120461AF078FE08B11CF044F9F7
:10E1F0006B681B884FF4965213FB02F3002BB8BFD9
:10E2000003F2FF3362799912C3F38F236380002AEC
:10E2100035D1224802889A4214D38278A379C3F177
:10E220006403DBB2934228BF1346E179227941B3FC
:10E23000934228D8227A32BB1AF019FF0023637266
:10E2400007B0F0BD012230F82250AB4200EB82064D
:10E2500010D2013A00EB820330F822009B78B278AA
:10E2600089B2D21A091A51432D1A91FBF5F15A18A5
:10E27000D2B2D3E70132062AE5D1827DCEE764230C
:10E28000D3E79342D6D20022E0682272237116218E
:10E2900004F06FFCD0E704190020341603000819BD
:10E2A0000020024B01461868FFF771BF00BF20191C
:10E2B0000020C160704700787047012303707047E9
:10E2C0000023037070474078704701234370704704
:10E2D00000234370704701238370704700238370CD
:10E2E0007047416070478160704710B503785A1CD1
:10E2F000027081F86C30012381F86D30BFF35B8FC1
:10E3000080F83C320446BFF35B8FD0F8340288B10A
:10E3100001387023C4F8340203FB00406E2204303D
:10E3200021F00DFBD4F83832042B9CBF0133C4F824
:10E33000383210BD0420ECE780F8241080F8252046
:10E34000704700000000F7B5C36A8B42044686BFE1
:10E3500001F18070C31ACB1AB3F5806F4FEA932591
:10E3600001D2002A4DD0C3F30903994238BF01F10D
:10E370008071CB1AD4E90C01E3622A4BE5FB03015F
:10E38000D4E90E325B1942F10002C4E90E32C4E94D
:10E390000C0122A3D3E9002323F03DF8CDE90001CD
:10E3A000684620F076FB05460FCD26460FC60FCDFA
:10E3B0000FC62B6833602379257A00271BBB94F89E
:10E3C00041303BB9606C012384F8413010B1102119
:10E3D00004F0CFFB94F842303BB9606C012384F821
:10E3E000423010B1112104F0C4FB9DB994F84030C3
:10E3F0003BB9606C012384F8403010B10F2104F068
:10E40000B8FB03B0F0BD1E2B84F84170E2D084F855
:10E410004270EAE7002384F84030F2E700BF00CA08
:10E420009A3B0000000000CA9A3B70B504461D46A6
:10E4300016464FF0FF31806A1BF0A5F8E16A2046CE
:10E44000C4E90C650122FFF77EFF0023A06A1A468B
:10E45000BDE8704019461AF01CBF30B58BB00446B9
:10E460009DF8400001909DF83C0002909DF8380016
:10E47000A1F26C71CDE903030025013A0691A06A6F
:10E4800005924FF0FF310991CDE907551BF07BF85C
:10E4900001A820F0E0FC0C4AA0FB020302FB0133C0
:10E4A000C4E90C03E16A01222046FFF74CFFA06A91
:10E4B0002B462A4629461AF0ECFE606C10B1022168
:10E4C00004F057FB0BB030BD00BF00CA9A3B7FB5CC
:10E4D0000022002300250126C0E90C23C0E90E23F9
:10E4E0004FF480730446C0E91151C0E90A55858490
:10E4F000A0F8403080F8426030461AF04AFF2B46C0
:10E500002A462946A0621AF0C4FE2046CDE90155EC
:10E5100000953346324640F2E971FFF79EFF2046F0
:10E5200004B070BD000038B50C4605464FF0FF3111
:10E53000A06A1BF028F8094B2046D3F804150022E6
:10E54000FFF701FF00231946A06A1A461AF0A1FE40
:10E55000D4E90C23C5E90023284638BD00BF0010CC
:10E560000140416470472DE9F84347F6FF790546BD
:10E570005001DFF870804845A8BF48464045B8BF05
:10E58000404600B20F461E4605F0B7FA0446680141
:10E590004845A8BF48464045B8BF404600B205F0D0
:10E5A000ACFA002FA2B280B205DA002E0FDA801A80
:10E5B00000B2BDE8F883002E12DA104480B2002DBC
:10E5C000BABFC0F57F404C30C0F1B400F0E7024460
:10E5D00092B2002DB4BF02F1B400A2F1B400E7E79B
:10E5E000101AE5E700BF0180FFFF2DE9F74F8C6BA4
:10E5F000CE6C0F6EA31D04F108090193002304F1F2
:10E60000010B361BCA469E4698461A461D469C4636
:10E610003C1B0AF0070701EB47073F8D67440FFAE1
:10E6200087FC06EB0A0707F0070701EB4707BF8FD8
:10E630002F443DB204EB0A0707F0070701EB470739
:10E640000AF1FF3AB7F8507017443AB20BF00707D7
:10E6500001EB47073F8D47440FFA87F806EB0B079E
:10E6600007F0070701EB4707BF8F77440FFA87FED4
:10E6700004EB0B0707F0070701EB47070BF1010B52
:10E68000B7F850701F443BB2019F5745C1D103EB0F
:10E69000D3735B100CEBDC7C05EBD57502EBD2720F
:10E6A00008EBD8780EEBDE7E4FEA6E0E4CF34F0C83
:10E6B00045F34F0542F34F0A4FEA680843810023B0
:10E6C000A0F808E0A0F800C04580A0F804A0A0F8D9
:10E6D00006801F469E4609F0070801EB4808019A8C
:10E6E000B8F92880A8EB0C0808FB08EE06EB09082F
:10E6F00008F0070801EB4808B8F93C80A8EB0508CA
:10E7000008FB087704EB090808F0070801EB480844
:10E7100009F1FF39B8F950804A45A8EB0A0808FB0F
:10E720000833D8D14FEA5E027F085B08C2600761F8
:10E73000436103B0BDE8F08F10B50446B0F9100096
:10E7400020F01AF8B0F5C07F0CDC236AB3F5446FF3
:10E7500008D8B4F9120010F5357F05DA636AB3F50D
:10E76000446F04D900200FE010F13F0FFADAB4F93A
:10E770001A30B4F91820B4F91410FFF7F4FE10F1B0
:10E780002D0FACBF0020012010BD10B50446B0F91C
:10E790001000B0F55E7F2DDAB4F9100010F55E7F41
:10E7A00009DCB4F91A30B4F91620B4F91410FFF7E3
:10E7B000DAFE1E3028DBB4F91200B0F5357F25DB18
:10E7C000B4F91A30B4F91820B4F91410FFF7CBFEDD
:10E7D0001D281BDDE26CD31C083203F0070104EB9B
:10E7E0004101B1F93C10B1F5847F0FDD01339A424C
:10E7F000F3D109E0B4F91A30B4F91620B4F91410C1
:10E80000FFF7B1FE1E28C7DD012000E0002010BD8B
:10E81000012903D08B1E5942594149008166704736
:10E820002DE9F041069F0C4615461E464FB100F0FB
:10E83000D4FC069733462A462146BDE8F04100F055
:10E84000D0BCBDE8F0812DE9F04788B01F46DDF867
:10E8500040A00368534504468846914604D0C06EE4
:10E8600010B1514603F04AFAE06EF8B1A36B03F021
:10E87000070304EB4303B3F92830434511D1E36C9C
:10E8800003F0070304EB4303B3F93C304B4508D1D5
:10E89000236E03F0070304EB4303B3F95030BB428C
:10E8A00004D03B464A46414603F048FAE368A36079
:10E8B0001BF0FFF8A56BE060013505F0070504EBE0
:10E8C0004503A563A3F82880E06C013000F0070041
:10E8D00004EB4002E064A2F83C90266E013606F09C
:10E8E00007060730266604EB460100F007000736EE
:10E8F00004EB400006F00706A1F8507004EB460652
:10E90000B0F93C10B2F93C20B6F95000B3F9283008
:10E91000073505F00705521A04EB450502EBD272E4
:10E92000381A00EB6200B5F928209B1A48BF033360
:10E9300000EBA3001FF020FFD4E90235626EED1A50
:10E940006423052143439200B3FBF5F392FBF1F2FC
:10E9500093FBF1F3134402A863662146FFF745FEDB
:10E960008446BCE80F0004F110060FC69CE80300C3
:10E970004A4686E803003B46009541462046FFF79D
:10E980004FFF2368C4F800A0AAEB0303002BC2BF0B
:10E990006268D218626008B0BDE8F087000010B568
:10E9A000DFED217A20EE270A2DED028BC0EE208AC2
:10E9B000002343618361C36103620446B0EE680AC9
:10E9C0001FF0B9F8B0EE408AB0EE680A1FF07BF88D
:10E9D000F7EE007AB6EE006AB0EE677AA8EE067A35
:10E9E0002046F0EE676A37EE075A77EEC07A70EE8F
:10E9F000005AE8EE466A87EE856A87EE875AC5EECA
:10EA0000877A84ED006AC4ED037AF1EE667AC7EE88
:10EA1000876A84ED015A84ED026AC4ED046ABDEC94
:10EA2000028B10BD00BFDB0FC940B0EE407A9FEDF6
:10EA30001D6A90ED070AF0EEC77AF4EE467AF1EE21
:10EA400010FA2ED8D0ED056AD0ED017AD0ED005A3B
:10EA500090ED025A80ED057A66EEA77AE7EE257A08
:10EA6000D0ED065AC0ED066AE5EE257AD0ED035AE0
:10EA700090ED045AE5EEC07AD0ED085A80ED080A10
:10EA8000E5EE657AF0EEE75AF4EEC65A9FED076AB6
:10EA9000F1EE10FA88BFF0EE467AC0ED077AB0EEDC
:10EAA000670A704700BFFFFF7F7F0000000010B5BE
:10EAB000F2EE040AB0EE000A0446FFF770FF0020F1
:10EAC0000021C4E90A01002384F82430236320468E
:10EAD00010BD38B5044615460AB9A06A38BD91ED97
:10EAE000010AD1ED007A20EE000AA7EEA70AD1EDC7
:10EAF000027AA7EEA70A1EF0C4FFF7EE007A30EE06
:10EB0000670A2046B0EEC00AFFF78FFF94F8243062
:10EB1000DFED157ACBB1D4E90A32B4EEE70A5B191E
:10EB200042F10002F1EE10FAC4E90A324FF000019E
:10EB300008D5236B1D44C82D2563CED984F8241035
:10EB40002163CAE700232363C7E7B4EEE70AF1EEC7
:10EB500010FAF7DD226B1544C82D2563BDD90122BB
:10EB600084F82420EFE70AD7A33D30B5002380F8CE
:10EB700024300024002503630023C0E90A45036212
:10EB8000C3618361436130BD38B50023002504466D
:10EB90000360436083600573F2EE040AB0EE000A7E
:10EBA0001030FFF7FCFEF2EE040AB0EE000A04F1AA
:10EBB0003400FFF7F4FEF2EE040AB0EE000A04F1AE
:10EBC0005800FFF7ECFE00220023C4E9202384F85C
:10EBD0007C50C4F88850204638BD7FB503461AB92A
:10EBE000D3F8800004B070BD007B28B907C983E862
:10EBF000070001221A73F3E71C4603F1100001AD70
:10EC000003F17C06B1EC010AD4ED007AA4EC010A10
:10EC100030EE670AB0EEC00AFFF707FF2430B042BB
:10EC2000A5EC010AEED193F87C409DED017ADFED71
:10EC3000257AD3E9201064B35118B4EEE77A40F195
:10EC40000000F1EE10FAC3E920104FF0000436D5B1
:10EC50009DED027AB4EEE77AF1EE10FA2FD59DED34
:10EC6000037AB4EEE77AF1EE10FA28D5D3F88810DB
:10EC70000A4442F63C018A4294BFC3F88820C3F894
:10EC80008810B2F5967F84BF83F87C40C3F8884033
:10EC9000A6E7B4EEE77AF1EE10FA0DDC9DED027A0C
:10ECA000B4EEE77AF1EE10FA06DC9DED037AB4EEED
:10ECB000E77AF1EE10FA02DD012283F87C200022CF
:10ECC000C3F888208CE78FC2F53C30B500230022C2
:10ECD0000024002580F87C30C0F888300373C0E938
:10ECE000204502604260826000F110037C30834264
:10ECF00000D130BD1A62DA619A615A612433F6E7B5
:10ED0000000038B50023002504460360436083609B
:10ED10000573F2EE040AB0EE000A1030FFF73FFE72
:10ED2000F2EE040AB0EE000A04F13400FFF737FEF9
:10ED3000F2EE040AB0EE000A04F15800FFF72FFECD
:10ED4000064B84F87F501A889B78A4F87C2084F8BE
:10ED50007E30C4F88050204638BD4C160300F0B514
:10ED6000034685B032B1007B38B907C983E8070094
:10ED700001221A73002005B0F0BD01AC03F11000B0
:10ED800003F17C0726461D46B1EC010AD5ED007A59
:10ED9000A5EC010A30EE670AB0EEC00AFFF745FEA7
:10EDA0002430B842A6EC010AEED100209FED1E7A75
:10EDB000DFED1E6A03F17B0103F17E060127844625
:10EDC00011F8015FF4EC017AFDB1F4EEE67AF1EEB0
:10EDD00010FA02DD81F800C02846B142F0D193F864
:10EDE0007F10C9B1D3F880100A4442F2A6718A425A
:10EDF00094BFC3F88020C3F88010962ABAD90022A5
:10EE000083F87F20C3F88020B4E7F4EEC77AF1EEF0
:10EE100010FA48BF0F70E0E70028ABD0012283F85A
:10EE20007F20A8E700BF0AD7233CCDCC4C3D0D4B3B
:10EE300000F17C0219889B78A0F87C109370002365
:10EE400080F87F30C0F88030037300230360436094
:10EE500083601030904200D170470362C3618361C8
:10EE600043612430F6E74C16030010B50446FFF763
:10EE70001EFE04F13800FFF787FE04F1C800FFF71B
:10EE800040FF204610BDF8B50D46164604461A460A
:10EE9000314628461F46FFF71CFE3A4620603146A1
:10EEA00005F13800FFF799FE3A466060314605F1FA
:10EEB000C800FFF754FF95F8243020720BB995F87D
:10EEC000B43063722046F8BD08B5FFF74EFE014628
:10EED0003830FFF7FAFEBDE8084001F1C800FFF73F
:10EEE000A6BF0A68027010B5140A4470140C120E02
:10EEF000C2704A688470140A02714471140C120EB4
:10EF0000C2718A688471140A02724472140C120E5F
:10EF1000C2720A7B8472003A18BF012202734A7BD4
:10EF2000003A18BF01224273B1F90E208273C2F376
:10EF30000722C273B1F910200274C2F3072242748F
:10EF4000B1F912208274C2F30722C27410BD38B521
:10EF50000546044645F8041B3022002128461FF0D0
:10EF600090FD104B6360104BC4E902341223A3825E
:10EF700004F15403A3612022002104F134001FF0A6
:10EF800080FD0123002184F83430084BA3632564FD
:10EF9000A4F8541084F85610142204F158001FF0FD
:10EFA00070FD204638BD4F1603004FB300006016B9
:10EFB000030010B500F13404204609F0BAFF20B96F
:10EFC0002046BDE8104009F090BF10BD10B5B0F864
:10EFD00054308B4286B014460ED100F15801684679
:10EFE000FFF77FFF60681622694616F079F800285F
:10EFF00018BF112006B010BD0020FBE71846FFF730
:10F00000E5BFF0B50D46064600F158040F460FCD9A
:10F010000FC42B682360BFF35B8F96F85630BFF3A5
:10F020005B8F87B013B9002007B0F0BD306800F0E7
:10F0300001FA431E9BB24FF6FD7293420446F2D88A
:10F0400039466846FFF74DFF1621684605F027FF51
:10F0500002460028E7D0B6F8541020460AF04DFFCB
:10F0600018B1C31F58425841DEE70120DCE7B0F871
:10F0700054308B4206D1BFF35B8F012380F85630AA
:10F08000BFF35B8F7047B0F854308B4206D1BFF3AB
:10F090005B8F002380F85630BFF35B8F7047F8B565
:10F0A000124E3368F3B9114F124C3D68BFF35B8FBA
:10F0B00015F0010515D138461EF064FC88B12046D4
:10F0C000FFF7D3FE1C22294604F5AA70C4F850515C
:10F0D0001FF0D7FC002200233846C4E95C231EF051
:10F0E0005DFC34603068F8BD00BFA01A0020241910
:10F0F000002028190020C0F85011FFF7E5BE70B5B8
:10F1000013460D46D0E95C21D21888B041F10001C8
:10F110000446C0E95C2101462A466846FFF7B3FE73
:10F12000DDE9006307EE903AF8EE676ADFED297AD1
:10F130009DF808109DF8092084F85C1186EEA77AE6
:10F14000C4E9556384F85D212868C4F864016868DF
:10F15000C4F86801A868C4F86C01D4F85001DFED68
:10F160001D7A27EE277AB4EE677AF1EE10FAC8BF5F
:10F17000B0EE677A84ED587A48B395ED007A05933E
:10F1800027EE277AD4F870418DF81810BDEEC77AB3
:10F1900003A917EE103A95ED017AADF81A3027EE73
:10F1A000277ACDE90346BDEEC77A8DF8192017EE10
:10F1B000103A95ED027AADF81C3067EE277AFDEE35
:10F1C000E77A17EE903AADF81E30FFF71AFF08B055
:10F1D00070BD00BA5B4A0000C84200487047A41ADC
:10F1E000002006EE901A07EE102A07EE903A1FB59F
:10F1F0009FED0F6A069CF8EEE66AB8EEC77AF8EE65
:10F20000E77A66EE866A27EE067A67EE867ACDEDB5
:10F21000016A8DED027ACDED037A2CB1FFF73FFF45
:10F22000224601A9FFF76BFF04B010BD00BF00002C
:10F23000803A0048704718000020704770472DE959
:10F24000F3471E460C9BDDF83CA0C0F810A0044616
:10F25000C0E90263C0E9001214300D460A9F04F5AC
:10F26000237900F090FE04F5E27000F0AEFB314629
:10F27000484600F034FC04F549783A46294604F53E
:10F280002C7001F0B6FA3A462946404600F01BFDC4
:10F29000314604F5567001F076FA214604F5717096
:10F2A00001F065FB314604F5B56001F0BAFD04F5E7
:10F2B000D46002F004FB0B9904F2847001F0C7FEE5
:10F2C0003A46294604F2F47002F025FA0D9A2146D6
:10F2D00004F6680002F001FC0E9A214604F6C40010
:10F2E00002F08FFC214604F63C10FFF730FE524638
:10F2F000294604F6A81001F00AFF694604F62830F2
:10F30000CDE9009802F086FA4FF6FF730021A4F8C9
:10F31000363B84F8381B102204F639301FF0B1FB5D
:10F32000204602B0BDE8F087000010B5B6B0044634
:10F330000A22002103A81FF0A4FB6022002106A8D6
:10F340001FF09FFB602200211EA81FF09AFB40F2D5
:10F350000223ADF80C3094F8383B0E2B40D8202215
:10F36000ADF80E2001332F22ADF8102084F8383B81
:10F3700006238DF818301E4B1F490793BDF8203027
:10F380001E4825900B4040F201121343ADF8203087
:10F390001B4B0B93BDF830300B401A438023ADF864
:10F3A00030208DF83A3020F0E8FA9DF899308DF849
:10F3B000980043F0010306A88DF8993008F011FA7F
:10F3C0001EA808F01FFA0E4B0093019494F8340B1A
:10F3D00003AB4FF4FA62002108F005F936B010BD16
:10F3E00040F26463ADF80E3040F27363ADF8103054
:10F3F000BEE77216030000FEFFFFF5DB0200761683
:10F400000300E5BA000008B5002017F008FC024B25
:10F410001868BDE80840FFF788BFA81A0020B0F8B8
:10F42000361B4FF6FF73994203D000F6283002F0E6
:10F4300014BA7047B0F8360B70470A46B0F8361B5E
:10F440004FF6FF73994203D000F2847001F04DBE75
:10F45000704710B504464068FEF737FF6068FEF756
:10F460002FFF002384F8383B2046BDE81040FFF70B
:10F470005CBF10B504464068FEF72AFF6068FEF7DF
:10F480001AFF48B1B4F8360B132108F002FA60688D
:10F49000BDE81040FEF714BFBDE8104008F099B871
:10F4A00000002DE9F041ADF5687D0E4604464FF4AD
:10F4B0002072002148A81FF0E4FA2022002102A8AF
:10F4C0001FF0DFFA502200210AA81FF0DAFAD6F85E
:10F4D0000B00B6F80F20737C02900AA902A8ADF8C1
:10F4E0000C208DF80E300CF0EEFA04F63938054693
:10F4F000102241460AA81FF09AFA002866D010226E
:10F500000AA9404620F01BFA2022002102A81FF081
:10F51000B8FA502200211EA81FF0B3FAD6F80B004B
:10F52000B6F80F20737C02901EA902A8ADF80C203B
:10F530008DF80E300CF0D0FA2D1847D12022294634
:10F5400002A81FF09EFAD6F80B00B6F80F20737CC5
:10F55000029001A90320ADF80C208DF80E30019522
:10F560000CF0D3FB48AE3746019BAB4232DC20683F
:10F570000E2103F0FEFA236893F8B43B002B32D03F
:10F580001F4A20694FF4817333A904F099F90546A5
:10F59000C0B950230AAA33A9206904F09AF950236C
:10F5A0001EAA33A9206904F094F92069012301AA55
:10F5B00033A904F08EF9019B2069AB4217DC33A913
:10F5C00004F081F920680D2103F0D3FA0DF5687D70
:10F5D000BDE8F081394602A88DF8123001350CF0F3
:10F5E000A7FA5037C0E705201AF059FBC3E73246A7
:10F5F000102333A904F06DF901355036DBE700DC48
:10F60000020070B50B788CB004460D46112B15D84E
:10F61000DFE803F0173714141414141414094F5F9F
:10F62000B5147F1414AB4068FEF74DFE30B160682E
:10F63000FEF741FE10B92046FFF777FE00200CB020
:10F6400070BD4B6893B100F5237000F057FA04F5D4
:10F65000497000F084FB4FF6FF73A4F8363B6068F6
:10F66000FEF72EFE002384F8383BE4E70B89A0F870
:10F67000363B4068FEF721FE2068052103F079FA49
:10F68000DCE70B7A5A0702D50831FFF70AFF04F5C9
:10F69000237000F033FA04F5497000F060FB4FF678
:10F6A000FF736068A4F8363BFEF705FE0028C5D05E
:10F6B000D5E74B68002BC1D1288901A907F0A1FD2E
:10F6C0009DF804305B07B9D501A92046FFF7E9FE94
:10F6D000B4E70E79032EB1D11422002101A81FF046
:10F6E000D0F98DF80460284E0EF0B3FEB042FBD87E
:10F6F000274BB0FBF3F203FB120063680290D86162
:10F700002068132103F035FAA88901A906F0A5FEA7
:10F7100094E70B7A022B0FD1E98804F6680002F017
:10F7200064FAE98804F6C40002F042FBE98804F6B2
:10F730003C10FFF7A8FC81E74B7A03F00303022B90
:10F740000FD1C98800F6680002F043FAE98804F690
:10F75000C40002F017FBE98804F63C10FFF787FCB1
:10F760006CE7012B7FF46AAFD6E701A9A88807F000
:10F7700048FD0DF10F000CF09BFA01205FE700F54A
:10F78000497000F0B4FA59E700BF7F3DF1FF4042F5
:10F790000F000B4601461846FFF733BF000030B597
:10F7A000C1B000238DF80730224A044601230069C6
:10F7B0002BA904F085F8054670BB0146502202A82B
:10F7C0001FF05FF9502302AA2BA9206904F07EF8EC
:10F7D00002A80CF07DF95022294602A81FF051F929
:10F7E000502302AA2BA9206904F070F802A80CF09B
:10F7F00078F9206901230DF107022BA904F066F8BE
:10F800009DF807302069AB4208DC2BA904F05BF8B7
:10F810000849206904F064F841B030BD102316AAED
:10F820002BA904F053F816A80CF087F90135E7E787
:10F8300000BF00DC020037B5044604F09EFC00283F
:10F840006CD0434B444A1C60444BDA60444A1A6112
:10F85000444A1A6217F09FF917F0C1F904F5E270F3
:10F8600000F083F804F5237000F047F904F55670B2
:10F8700000F0E9FE04F5717001F059F804F5B56087
:10F8800001F019FB04F5D46002F08BF804F52C703C
:10F8900000F0A3FF04F1140000F048FB04F28470B0
:10F8A00001F0FDFB04F2F47001F05FFF04F6680064
:10F8B00002F045F904F63C1504F6C40002F0DBF949
:10F8C0002846FFF776FB04F6A81001F056FCFFF778
:10F8D000E6FB2946FFF70FFC002017F0A0F904F61D
:10F8E000343100200CF0FBFE1F4817F03AF96D464A
:10F8F000C22017F04AF9294694F8340B00220CF084
:10F90000C9FE95E8030063681861998294F8343B56
:10F91000032B0AD8DFE803F0061316190A201AF0A1
:10F92000BEF98AE7636800229A6109F068F8204608
:10F93000FFF735FF2046FFF7F8FC03B030BD6368E2
:10F940000122F1E763680222EEE763680322EBE736
:10F9500000BFA81A00208FB500003400002059B75E
:10F9600000006D800100F5DB020010B500F1A80475
:10F97000204609F0DEFA2046BDE8104009F0B5BA8D
:10F98000000038B58B6818680C460CF076FDA0F5C1
:10F990002850243880B205280FD8084B646853F8E3
:10F9A000205028461FF0E9FF294682B2204615F074
:10F9B00097FB002818BF112038BD0E20FCE78816E1
:10F9C000030011461846FFF7DCBF10B5A82200213E
:10F9D00004461FF056F81A4A1B491B4B2360C4E922
:10F9E00006121A492462C4E90C121949A463C4E935
:10F9F000121218492465C4E918121749A466022393
:10FA0000C4E91E12C4E9012423822385A4F84030EE
:10FA1000A4F85830A4F87030A4F88830C4F88040B6
:10FA20002022002104F1A8001FF02BF8012384F804
:10FA3000A8300A4BC4F8AC30C4F8B440204610BD1E
:10FA400000BF15BD0000B0160300B4160300AC16CD
:10FA50000300A8160300A4160300A0160300B8169E
:10FA60000300F0B587B0002302AD02930593C5E90A
:10FA70000133936804460F4616463BB102223146D5
:10FA800028469847F3680593B368049395E8030004
:10FA90006A4604F1140382E8030093E8030085E852
:10FAA000030092E8030083E80300049AE369216AF3
:10FAB000E261059A0493059122621BB10322294653
:10FAC00028469847044A04492346384607B0BDE80B
:10FAD000F0400AF04AB9C9BE0000CC160300054A3E
:10FAE000C0E900210022C0E90522C0E90722027214
:10FAF0008273704700BFC41603007047002303726F
:10FB00008373704707B58268ADF806100AB91DF017
:10FB10005FFFC3680DF10601984703B05DF804FB71
:10FB2000000037B504461D46084693B913880E2BCE
:10FB30001AD1237A43B100940D4BA28961890AF04E
:10FB40003FF9012003B030BD04F11400FFF7DAFFE4
:10FB5000F7E70748191D0CF033FC28B9012323727D
:10FB60002B8863816B88A3810020EBE700BF29BF4E
:10FB70000000CC16030010B50446184613460A468A
:10FB80002146FFF7CEFF10BD000038B504461D46E4
:10FB9000084683B913880E2B06D1A37B33B10B4AD9
:10FBA000218A23460AF04FF9002038BD04F11400E1
:10FBB000FFF7A8FFF8E7064803F108010CF000FC86
:10FBC0000028F1D10123A3736B882382ECE789BF5E
:10FBD0000000C816030010B40446184613460A462F
:10FBE00021465DF8044BFFF7D0BF30B50D461188B4
:10FBF000044689B01846B1B905AB0A22406815F031
:10FC0000F3FA9DF81A3002939DF8193001939DF88C
:10FC1000183000939DF816209DF81730BDF8141089
:10FC20006068FEF71AFC04F114002946FFF76AFF2A
:10FC3000002009B030BD10B40446184613460A46E9
:10FC400021465DF8044BFFF7D0BFF0B587B0002325
:10FC500002AD02930593C5E90133936804460F464C
:10FC600016463BB10222314628469847F368059371
:10FC7000B368049395E803006A4604F1200382E820
:10FC8000030093E8030085E8030092E8030083E89B
:10FC90000300049AA36AE16AA262059A049305919B
:10FCA000E2621BB10322294628469847044A0449C8
:10FCB0002346384607B0BDE8F0400AF056B819C1EF
:10FCC0000000F016030010B5084C04600024C0E9E1
:10FCD0000144C0E90344C0E90612C0E90844C0E990
:10FCE0000A4484828475048610BDD81603002DE969
:10FCF000F0410A8983899A429CB005462CD1D1F8FB
:10FD00000480B8F81040032C26D90134672C28BF92
:10FD10006724261F6522002168461EF0B2FE0027D8
:10FD200032466B46032140461A97ADF86C7015F0C9
:10FD30005BFA04F16C030DEB0306E86906F8707CCE
:10FD400001236946033C8DF865401A93FEF7CDFA0E
:10FD5000A869032102F00DFF1CB0BDE8F08100236B
:10FD6000C0E90133C0E9033383828375038670479A
:10FD7000000037B504461D46084693B913880E2B7C
:10FD80001AD1A37D43B100940D4BE288A1880AF0FB
:10FD900017F8012003B030BD04F12000FFF7B2FED8
:10FDA000F7E70748191D0CF00BFB28B92B88A38037
:10FDB0006B88E3800123A3750020EBE700BFE9C156
:10FDC0000000F016030010B50446184613460A4614
:10FDD0002146FFF7CEFF10BD000073B51D46138806
:10FDE0000446084633B30E2B18D0014604F1200018
:10FDF000FFF788FE002002B070BD6B882381F9E711
:10FE00006B886381F6E76B88A3812B8823820123AB
:10FE100084F83030EEE76B886382EBE765B994F8DD
:10FE20003030002BE1D00094154BE288A18909F015
:10FE3000E7FFDFE7002DDDD005F108061148314668
:10FE40000CF0BEFA0028D8D00F4831460CF0B8FAB2
:10FE50000028D5D00D4831460CF0B2FA0028D2D097
:10FE60000B4831460CF0ACFA0028D4D00948314692
:10FE70000CF0A6FA0028BDD16B88A382BAE769C24C
:10FE80000000EC160300E8160300E4160300E01679
:10FE90000300DC16030010B40446184613460A4655
:10FEA00021465DF8044BFFF798BF08B5014603F102
:10FEB0002000FFF727FE002008BD7FB51288089EAE
:10FEC00004460D46DAB982899A4215D11048311D8F
:10FED0000CF076FA80B1E38973B901233188ADF86B
:10FEE0000C3084F831300A4BE18103AA009301946D
:10FEF0000223284609F0EAFF002004B070BD90F804
:10FF00003130002BF8D12030FFF7FCFDF4E7E41688
:10FF10000300FDC1000010B404460198019313468C
:10FF20000A4621465DF8044BFFF7C7BF10B500F540
:10FF3000B674204608F0FDFF2046BDE8104008F0EA
:10FF4000D4BF08B50B46022200F58471184615F09F
:10FF5000C7F8002818BF112008BD13B50022074BB1
:10FF6000C0E90122044600934FF47A710346044825
:10FF70001AF02BF92060204602B010BD00BF35C436
:10FF8000000027DC020073B5002583604FF4E823EE
:10FF90000446C0E90012C0E90635C0E904550573FE
:10FFA0000562A0F8EC50F030FFF7D7FF04F5867635
:10FFB0000823A4F808312946602230461EF061FD6E
:10FFC000214BC4F80C310422204BA4F81C211F4AF9
:10FFD000C4F82C41C4E949231822A4F834211C4A4E
:10FFE000C4F84441C4E94F23C4E944340223A4F8CB
:10FFF0004C3104F58473C4F850312946202204F5AD
:020000021000EC
:10000000B6701EF03EFD012384F86C31124BC4F82B
:100010007031114BC4F87861C4E96555C4E967557E
:10002000A4F89251C4F8A451A4F8A8512A46009308
:1000300042F21071234609481AF0C7F8C4F8AC011F
:10004000204602B070BD1617030085C900000517D1
:100050000300F41603007616030099C4000027DCA1
:10006000020073B505460E46AC6810461946069A5E
:10007000ACB90A2A15D8AA60E880AE8005F10C0058
:100080001FF05DFC2D6819F014FD00940246234614
:10009000012128461AF0B3F8012002B070BD0020FB
:1000A000FBE72046F9E738B518460C46BDF81010B6
:1000B000154604F0F4FE294602462046BDE83840C5
:1000C00009F01BBF836813B5044643B10093C2888F
:1000D000818800F10C03FFF7E6FF0023A36002B064
:1000E00010BD08B51AF0BFF9BDE80840FFF7EABF38
:1000F00007B50023C0E9013300931A4603210068C5
:100100001AF07DF803B05DF804FB10B50023044637
:10011000A0F89231C0F8A431A0F8A831C0E9653345
:10012000C0E96733F030FFF7E3FF6068FEF7D6F809
:1001300020680721BDE8104002F01BBD4368032280
:10014000DA60FFF7E2BF08B51AF08DF9BDE80840A4
:10015000FFF7F4BF000030B5094B05460FCB85B063
:100160006C4684E80F002969286801F57F31102367
:10017000224601F57C71FCF7F8FD05B030BD28176B
:10018000030070B50379044615468BB300F11C06D5
:10019000406930441FF0D3FB63692B44C82B636173
:1001A0000CD1A1692068324601F58021FCF7DDFD04
:1001B000D4E905231344A361002363616369BBB1E0
:1001C000A169E2685818904212D13246206801F5C0
:1001D0008021FCF7CAFDD4E905231344A361D4E9C7
:1001E00003239A4204D22046BDE87040FFF7B3BF14
:1001F00070BD38B5054600242B69A34200D838BD30
:1002000004F580212868FCF76CFD04F58054F3E7C1
:1002100023B118880A44914203D170474FF6FF700A
:10022000F8E711F8013B40BA80B24340C3F3031032
:10023000584000B280EA003000B2430103F4FF539B
:10024000584080B2E7E72DE9F341054600204FF022
:100250000108064605F11C07EC68ADF80600B4423B
:1002600007D8B5F8E4301B1A5842584102B0BDE82F
:10027000F081A41BC82C28BFC824286823463A460E
:1002800006F58021FCF70BFDB8F1000F09D0002323
:10029000224639462846FFF7BBFF26444FF00008A8
:1002A000DAE70DF10603F3E700007FB513681A786B
:1002B000013A04460D46072A21D8DFE802F004235C
:1002C0003E538720203A90F89251C5B95B78042BB1
:1002D00015D1022380F892314068FDF7FCFF636876
:1002E0000122DA6060684FF0FF31FDF7FAFF6068C5
:1002F0002946FDF7F8FF2068062102F03AFC0020AD
:1003000004B070BD90F89221012AF8D15B78002BDF
:10031000F5D04FF40473ADF80C30032300938DF83F
:100320000E2003ABB0F88E212946F030FFF799FE7E
:10033000E5E75B7880F89331E1E790F89231012BA3
:10034000DDD1D0F8A411B0F8A82123730023C4E9AB
:10035000073314200323C4E90401A4F8EC2084F833
:100360009231CCE790F89231042BC8D10830FFF7D6
:100370006AFF034604F1F0009BB1052384F8923133
:1003800063680222DA60154B1A889B788DF80E306C
:1003900003230093ADF80C2003ABB4F88E2129465B
:1003A000C4E70F4B03261A8800969B78ADF80C2003
:1003B0008DF80E30B4F88E2103AB2946FFF751FEBD
:1003C0006368DE602046FFF7A0FE98E790F8923160
:1003D000052B94D143680222DA60F3E700BF39DCD1
:1003E00002003DDC02000246007920B1D06893692A
:1003F0001B1A58425841704700002DE9F04184B063
:1004000090F89231022B02AF04460E46154608D0F2
:10041000032B5CD0012B32D000200837BD46BDE84D
:10042000F08113681B68C0F89C3113685B68C0F8E2
:10043000A03113689968C0F8A4114068FDF751FF16
:10044000236893F8B43BB3B104F10800FFF7D1FE81
:10045000464B1A889B78BB7003233A803146B4F828
:100460008E21009304F1F0003B46FFF71CFE0123B0
:1004700084F89231D0E7052019F011FCE0E711680B
:100480000B895A0007326E46D208A6EBC202954687
:100490000DF1080C01F10A000022934200F1020064
:1004A0000BDC053301EB430211F81330527803EBF8
:1004B0000223A4F8A831B546AEE710F801EC10F815
:1004C000025C05EB0E252CF812500132E5E7D0F85E
:1004D00094310133C0F8943100F10808D2882968BA
:1004E0004046FFF74EFED4F89831E9886068194419
:1004F000C4F89811FDF7F7FE94F89321D4F89431DD
:10050000B3FBF2F102FB1133C3B9D4F89831D4F83C
:10051000A421934212D011223A701A0A7B70BA7049
:100520001A0C1B0E3B710523FA703146B4F88E216C
:10053000009304F1F0003B46FFF7B5FD4046FFF79E
:1005400052FF00283FF468AF094B1A889B78BB70B4
:1005500003233A803146B4F88E21009304F1F00071
:100560003B46FFF7A0FD042382E741DC020045DCA7
:1005700002002DE9F3411D4643689B7804460F466F
:10058000164653B1D0F8AC8119F093FA0023024615
:1005900000930121404619F032FE2149224804F51A
:1005A000C673002208F08DFC20491E4804F5C7736D
:1005B000002208F086FC04F5C8731C491A48002282
:1005C00008F07FFCB4F88C31B3420AD12B78012BB0
:1005D00023D16A683946204602B0BDE8F041FFF7F2
:1005E0000CBFB4F88E31B3420AD12B78012B14D151
:1005F0006A683946204602B0BDE8F041FFF755BEB3
:10060000B4F89031B34208D12B7833B969682046E9
:1006100002B0BDE8F041FFF794BC002002B0BDE895
:10062000F081161703007616030005170300F41671
:10063000030010B40446184613460A4621465DF8E6
:10064000044BFFF796BF10B500F14804204608F0B0
:1006500070FC2046BDE8104008F047BC30B50A7871
:10066000012A89B005460C461ED1606805AB0A22F6
:10067000002114F0B9FD002802DA0D2009B030BDC8
:100680009DF81A3002939DF8193001939DF81830A7
:1006900000939DF816209DF81730BDF81410A86E31
:1006A000FDF7DBFE0020E9E7002AFBD1836E6068DE
:1006B000596901F26C71ADF81410196901318DF8A6
:1006C0001610D9688DF8171099688DF818105968A8
:1006D0008DF819101B688DF81C2005A90A228DF8C9
:1006E0001A3014F0FDFC002818BF1120C6E737B5FA
:1006F0000B78012B05460C4613D1606801AB022232
:10070000002114F071FD002802DA0D2003B030BD85
:100710009DF905209DF90410A86EFDF70DFE00203F
:10072000F4E7002BFBD1836E60689B8CADF804303E
:10073000022201A914F0D4FC002818BF1120E5E71B
:1007400038B58B68054618680C460BF096FE42F6E5
:100750000F23984209D042F62B2398420BD1214611
:100760002846BDE83840FFF779BF21462846BDE856
:100770003840FFF7BCBF4FF0FF3038BD1146184678
:10078000FFF7DEBF000038B5482204460D460021C1
:100790001EF077F90D4A0D4B0E4923600A23C4E978
:1007A0000612C4E901242382238524622022002129
:1007B00004F148001EF065F9012384F84830054B28
:1007C000E3646465A566204638BDCFCA00003817CB
:1007D00003003C1703004017030010B500F1480464
:1007E000204608F0A6FB2046BDE8104008F07DBB7F
:1007F000000070B504460E461546002148221EF042
:1008000040F90F4B236008220F4B22820F4A2462CB
:10081000C4E90623C4E901341023238504F17003DD
:10082000E3622022002104F148001EF02AF901238E
:10083000C4E91A6584F84830054BE36464652046D2
:1008400070BD5617030037CC0000441703005A1739
:1008500003002DE9F04791F80090B9F1010F9EB027
:1008600006460D463AD1D1F804A0BAF81040032C40
:1008700034D90134672C28BF6724271F6522002143
:1008800002A81EF0FEF84FF000083A4602AB032122
:100890005046CDF87080ADF8748014F0A5FC0DF1D1
:1008A00007034A464146686814F09EFC04F174034D
:1008B0000DEB03079DF80730F06E07F8708C032BE3
:1008C00014BF0123042302A9033C8DF86D401C933F
:1008D000FDF70BFDB06E032102F04BF900201EB0B6
:1008E000BDE8F08711461846FFF7B3BF000008B512
:1008F0000368002B02DA0C481DF067F88B420AD916
:10090000B3EB410F4FEA410205D2002AB6BF6FF0A8
:100910000043026003600068013001D51DF052F809
:10092000BDE808401DF03DB800BF49DC020010B52D
:1009300000F5A874204608F0FCFA2046BDE81040F7
:1009400008F0D3BA034653F8082B9A4214BF8068C4
:100950000F207047012A30B403D10B78037030BCEC
:100960007047002AFBD030BC1EF0E9BF00002DE923
:10097000F04700F5BE7300250446C0E95D3500F57B
:10098000CA73C0E96335A0F8705180F87C5180F8D3
:10099000945100F5D6700E46C4F8A4017049704F0A
:1009A000DFF8F4A10B22FFF7D5FF0B23C4F8A83121
:1009B000C4F8DC614FF07E531826C4F8D4313246B7
:1009C0002946C4E97055C4E9725584F8B75184F8D2
:1009D000BC51C4F8D051A4F8D85120461EF051F8AB
:1009E000614B23604FF0100904F5B8736361324620
:1009F0002946C4E90174A4F81090A0191EF041F82A
:100A00005A4B24624FF00A08C4E906373246294699
:100A1000A4F8288004F130001EF033F8544BA4638E
:100A2000C4E90C3732462946A4F8408004F1480056
:100A30001EF027F84F4B2465C4E912373246294689
:100A4000A4F8588004F160001EF01BF84A4BA4661D
:100A5000C4E9183732462946A4F8708004F17800BA
:100A60001EF00FF8454BC4F88040C4E91E373246EB
:100A70002946A4F8888004F190001EF002F832465E
:100A80002946C4E924A7C4F89840A4F8A08004F13A
:100A9000A8001DF0F6FF32462946C4E92AA7C4F88B
:100AA000B040A4F8B88004F1C0001DF0EAFF334B59
:100AB000C4F8C840C4E9303732462946A4F8D0808B
:100AC00004F1D8001DF0DDFF2E4BC4F8E040C4E96E
:100AD000363732462946A4F8E88004F1F0001DF0CC
:100AE000D0FF284BC4F8F840C4E93C3732462946C9
:100AF000A4F8008104F584701DF0C3FF234BC4F8F3
:100B00001041C4E9423732462946A4F8188104F559
:100B100090701DF0B6FF1D4BC4F82841C4E948375A
:100B200032462946A4F8308104F59C701DF0A9FFD7
:100B30004A46294604F5A8701DF0A3FF012384F856
:100B40005031134BC4F85431C4F85C414A4629462D
:100B500004F5B0701DF095FF2046BDE8F08761DC1C
:100B6000020049D100001918030008180300E61715
:100B70000300F7170300D5170300C4170300A217DB
:100B8000030091170300801703006F1703005E171F
:100B900003002A180300B3170300F0B5044685B01C
:100BA000476808460E461EF0E8FE05462046FFF759
:100BB000C9FE854201461BD82068B04211D8C3192E
:100BC0009E420ED80023CDE90053014633463A46F3
:100BD00020461CF00CFF2368656000225A5505B0C2
:100BE000F0BD002DF7D02A463146FFF7B3FEF2E7FD
:100BF00003A80395FFF77BFE2A4631460746FFF719
:100C0000A9FE234653F8080B984203D0A16801318E
:100C10001CF0B6FE039B2760A360DCE700002DE913
:100C2000F0470B78012B00AF04460D462ED14868E3
:100C3000B0F810A0BAF1280FD14628BF4FF028090C
:100C400009F10803E846DB08A8EBC3039D464A46C2
:100C5000002114F0C9FACA456E4608D90DEB090304
:100C60002E2203F8012C03F8022C03F8032C002396
:100C700006F80930AB68534918680BF0A1FB48B976
:100C8000314604F5D270FFF788FFC5460020BD4607
:100C9000BDE8F087AB684C4918680BF091FB18B9B8
:100CA000314604F5BA70EEE7AB68484918680BF0B6
:100CB00087FB18B9314604F5C670E4E7AB684449D0
:100CC00018680BF07DFB18BB3378002B14BF012391
:100CD000002384F8BC3104D018F0EBFEC4F8D00136
:100CE000D3E718F0E6FED4F8D03194ED757AC31A44
:100CF00007EE903AFBEECB7AD4F8C03167EE877AF4
:100D0000FDEEE77A17EE902A1344C4F8C031BCE731
:100D1000AB68304918680BF053FB30B93378003BAF
:100D200018BF012384F8D831AFE7AB682B491868A6
:100D30000BF046FB30B93378003B18BF012384F831
:100D4000D931A2E7AB68254918680BF039FB20B907
:100D500033681BBAC4F8C031BEE7AB6821491868D4
:100D60000BF02EFB20B933681BBAC4F8C4318CE7F2
:100D7000AB681C4918680BF023FB20B933681BBA19
:100D8000C4F8C83181E7AB68184918680BF018FB44
:100D900020B933681BBAC4F8CC3176E7AB68134985
:100DA00018680BF00DFB00287FF46FAF3368DFEDA0
:100DB000106A1BBA07EE903AF8EEE77A87EEA67A49
:100DC00084ED757A61E7F7170300E6170300D5177E
:100DD0000300081803006F1703005E170300C41711
:100DE0000300B3170300A217030091170300801735
:100DF00003000000C84211461846FFF710BF10B5A7
:100E000003680279417902EBE372002402EB0122CC
:100E100081791B1942EB0142C179181942EB01613A
:100E200010BDF8B5214B04460E46024603F11007EB
:100E300018685968154603C50833BB422A46F7D1DE
:100E40001B782B701A4B04F1110203F110011746A5
:100E500053F8040B42F8040B8B42F9D11B78137042
:100E600004F124053022002128461DF00AFE104B13
:100E70006762C4E90A340823A38604F17403A363F8
:100E80002022002104F154001DF0FBFD012384F811
:100E900054300023A4652566A4F87430A66784F84E
:100EA000B03084F8F0302046F8BD3B1803004C18F1
:100EB000030097D3000010B500F15404204608F059
:100EC00038F82046BDE8104008F00FB82DE9F0478B
:100ED0004B681C6894F8009098B00646B9F1000F72
:100EE00006D0B9F1010F50D0002018B0BDE8F0874E
:100EF0006578002DF8D1202204F1100168461EF01B
:100F00001EFDA01C8DF82050FFF779FFB4F90A9060
:100F1000B4F90C80B4F90EE094F830C007460D46E1
:100F20006B460DF137020DF1200A1C4603CC5445E7
:100F300010605160234602F10802F6D12378137045
:100F400096F8B030ADF83090CDE90A7506F180041E
:100F5000ADF83280ADF834E08DF836C00AAD43B15B
:100F60000FCD0FC40FCD0FC495E80F0084E80F001C
:100F7000BAE70FCD0FC40FCD0FC495E80F0084E87A
:100F80000F00012386F8B030AEE76578002DABD1B5
:100F9000A01CFFF734FF282280460F4668462946EA
:100FA0001DF06FFDA27A052A28BF05226B460B347F
:100FB000954224DB6B460DF1320C0AAD1C4603CC86
:100FC000AC42CCF80000CCF8041023460CF1080C1D
:100FD000F4D196F8F0308DF83020CDE90A8706F18B
:100FE000B8040BB316AA2B4603CB93422060616072
:100FF0001D4604F10804F6D11B88238074E793F89A
:1010000006E0B4F900C0B4F902002179A3F800C0E9
:1010100058801971BEF1000F03D001350833053433
:10102000C6E783F80690F8E70FCD0FC40FCD0FC4C5
:101030000FCD0FC495E80300012384E8030086F870
:10104000F03051E711461846FFF740BF000038B5B1
:101050000546044645F8041B4822002128461DF099
:1010600010FD0B4B63600B4BC4E902341223A382C7
:1010700004F16C03A3612022002104F14C001DF057
:1010800000FD012384F84C30044B2365A565204600
:1010900038BD5E18030037D400006218030010B595
:1010A00000F14C04204607F044FF2046BDE8104004
:1010B00007F01BBF07B51346B0F86C208A420FD16A
:1010C0000268586812798DF807200DF10701012296
:1010D00014F006F8002818BF112003B05DF804FBD7
:1010E0000020FAE71846FFF7E5BF37B505460C467E
:1010F0000DF1070001218DF8072003F0D0FEB5F8AF
:101100006C100246204608F0F8FE03B030BD38B53A
:10111000042300F10C050446C0E9001203814822B3
:10112000002128461DF0ADFC0222A2830F4BE36094
:1011300004F174020E4B22620E4AE462C4E90923F0
:10114000C4E904341A23A38604F17603A36320229E
:10115000002104F154001DF094FC012384F8543064
:10116000054BA3652566204638BD7718030055DA80
:101170000000661803008818030010B500F154043D
:10118000204607F0D6FE2046BDE8104007F0ADBE71
:101190002DE9F04FEDB0136800AF04460D4600682E
:1011A00093F800801721164601F0E3FC0A2018F09E
:1011B00076FD2368D3F8B89BB9F1010F29D1342209
:1011C000002107F120001DF05CFC4FF48472002127
:1011D00007F1A8001DF055FC54220021B8181DF09D
:1011E00050FCB8F1300F00F0A4814AD8B8F1200FBC
:1011F00000F059810FD8B8F1100F00F08180B8F1DC
:10120000120F00F0F0802068182101F0B2FC0020DD
:1012100051E16420CBE7B8F1220FF4D1D6F8008079
:10122000606821233B71D8F80430BB6004F1790277
:1012300040F2031307F1540102F042FB0646B8B92D
:10124000D8F80420606807F1540102F045FB061E3F
:1012500009DBD8F80830606808F10C0207F1540186
:1012600002F037FB0646606807F1540102F02BFBE1
:10127000002E6068B8BF7E7102F04AFBD8F80420E7
:1012800047E1B8F1500F00F07F81B8F1600F00F036
:10129000F581B8F1400FB6D131684E8806F10803E8
:1012A000E846DB08A8EBC3039D460022E9468DF81B
:1012B00000200DEB0600834240F06381324610317E
:1012C00048461EF03CFB002109F806100F22781D4D
:1012D0001DF0D7FB4123494660683B7102F00FFBCC
:1012E000002808BF012078711021381D03F0D7FDB8
:1012F000B4F876100246284608F0FFFDC54682E79E
:101300003668B6F80290B9F5807F00F2D28004F119
:10131000790A4A4606F10C015046A1441EF00FFB23
:101320004FF0000B40F2111389F879B0BB8073685D
:101330006068BB6007F1A802514602F0E6FA821C21
:1013400012D197F8A830022B0ED078714146381D83
:10135000C7E903BB03F0A3FD06463246B4F8761096
:10136000284608F0CAFD4EE7D7F8AC30B2689A427A
:1013700094BF3A613B61FB605246012307F154017F
:10138000606802F09DFA7268606807F1540102F02B
:10139000A3FA3B69DA1D22F00702E846ADEB020D25
:1013A0006A46002002F8010BE946991E002916DA68
:1013B0004A4607F15401606802F088FA102138614A
:1013C000381D03F06CFD3A8A4946064613F088FE44
:1013D000606807F1540102F076FAC546BDE702F8ED
:1013E000010B0139E2E73668606840F21113BB80F7
:1013F00004F179087368BB6007F1A802414602F066
:1014000084FA831C2FD197F8A830022B2BD000230D
:10141000C7E9033378713B69002B3ED0DA1D22F017
:101420000702E946ADEB020D6A46002002F8010B07
:10143000E846991E00292CDA424607F154016068FB
:1014400002F044FA10213861381D03F028FD3A8A71
:101450004146064613F044FECD46606807F154014C
:1014600002F031FA79E7D7F8AC30B2689A4294BF0B
:101470003A613B61FB60424607F154016068012319
:1014800002F01EFA7268606807F1540102F024FA53
:10149000C1E702F8010B0139CCE71021381D03F038
:1014A000FEFC0646D9E73668B6F80280B8F5807FBC
:1014B00006D94FF0FF3007F5DA77BD46BDE8F08F6B
:1014C00004F1790A424606F114015046A0441EF088
:1014D00036FA002388F879303269C4F87C21212259
:1014E0003A71726860683B61C7E9022307F15401F1
:1014F00040F20313524602F0E3F930B9606807F195
:10150000540102F0E0F987F80590606802F000FAF3
:101510007268D4F87C3100039B1AC0F553108342E3
:1015200094BF7B6178611421381D03F0B8FC02463A
:1015300014E731684E8806F10803E846DB08A8EB9B
:10154000C3039D460022E9468DF800200DEB0600FE
:10155000834213D13246043148461EF0F0F900238D
:1015600009F80630606831234946BB8002F0B8F9BB
:10157000002808BF012078710221B6E603F8012F88
:10158000E6E703F8012F96E631684A8802F108037E
:10159000E846DB08A8EBC3039D4600236E468DF8A2
:1015A000003068460DEB020C604517D1B35404318E
:1015B00030461EF0C4F91A220021B81D1DF061FA50
:1015C00051233B716068012307F1200231467B7192
:1015D00002F089F940B178711C2186E600F8013FDC
:1015E000E2E7FB680133FB60606807F1A80207F1DE
:1015F000200102F07EF906460028F2D1606807F16A
:10160000200102F079F94FF00109606807F1A802A2
:1016100007F1200102F06DF900282ADD97F8A830C3
:10162000012B1DD0022B20D007F1B0001EF0A5F930
:101630001C21F880381D03F032FCFA88824607F13D
:10164000B00113F04DFDB4F876105246284608F06C
:1016500054FC642018F023FBBB680133BB60D4E763
:10166000D7F8AC303E61FB61DEE7C7F81090FE6151
:10167000DAE70023FB61FB803B61ADE736687188E8
:10168000731800209871B38803F10802E846D20865
:10169000A8EBC2029546E9468DF800006B449A42D9
:1016A00013D10731B288314448461EF048F9B38857
:1016B0006068002209F80320B11D61234A46BB80FF
:1016C00002F020F943B2002B53E702F8010FE6E7DE
:1016D00038B5B0F87450954208D100F108010222E3
:1016E000586813F0FDFC50B9002038BDB0F87640C2
:1016F0009442F9D15A68BDE83840FFF749BD11203E
:10170000F3E710B40446184613460A4621465DF82E
:10171000044BFFF7DDBF38B500F108050446C0E90A
:1017200000124822002128461DF0ABF90C4BA360A3
:101730000C4BC4E903340423238304F17003E361F5
:101740002022002104F150001DF09BF9012384F8B0
:101750005030044B6365E565204638BD00BF9818DE
:10176000030041DB00009C18030010B500F1500499
:10177000204607F0DEFB2046BDE8104007F0B5BB71
:10178000000030B5B0F870308B429DB0044626D1D1
:101790001378012B23D153681B681B78022B96BF4B
:1017A000114A114D52F823500021652268461DF060
:1017B00068F9002328461A93ADF86C301EF0DDF866
:1017C0002946024668461EF0BAF860680123694659
:1017D0001A93FCF78AFD2068032101F0CAF9002062
:1017E0001DB030BD00BF8C18030044DC0200184659
:1017F000FFF7C7BF012A02D1016000207047022A0B
:1018000005D0032AF9D0002AF7D10260F5E70B686A
:101810000360F2E70346021D03C982E8030018468D
:1018200070471FB5026803461068026814680022FA
:10183000CDE90032074B0393074B02936A46A0475A
:10184000029B1BB1694603220846984704B010BDAD
:1018500000BFC9DB000047DB0000021D0260FFF78C
:10186000E0BF02680346043243F80C2B9A4201D0D1
:10187000FFF7D7BF704709880068FFF7F2BF08B5C8
:101880000368002B02DA0C481CF09FF88B420AD93F
:10189000B3EB410F4FEA410205D2002AB6BF6FF009
:1018A0000043026003600068013001D51CF08AF833
:1018B000BDE808401CF075B800BF49DC020000F12B
:1018C000A0032DE9F0410025C0F8983000F1B803DD
:1018D0001826C0E92C3500F1D0030446DFF8C0809B
:1018E000C0F89C50C0E932353246294680F8A050F5
:1018F00080F8B85080F8D0501DF0C3F80A27224B6A
:10190000236032462946A019C4E9018427821DF0CC
:10191000B8F81E4B2462C4E90638324629462785AA
:1019200004F130001DF0ADF81A4BA463C4E90C3883
:1019300032462946A4F8407004F148001DF0A1F891
:10194000154B2465C4E91238324629461026A4F8FE
:10195000587004F160001DF094F83246294604F1F5
:1019600078001DF08EF8012384F878300B4BE36784
:10197000C4F884403246294604F188001DF081F8FD
:10198000C4F8E0502046BDE8F081D3180300C21827
:101990000300B1180300A0180300E418030025DEBB
:1019A000000010B500F17804204607F0C2FA204686
:1019B000BDE8104007F099BAF0B5044685B0476815
:1019C00008460E461DF0D9FF05462046FEF7BAFF31
:1019D000854201461BD82068B04211D8C3199E42E7
:1019E0000ED80023CDE90053014633463A4620463F
:1019F0001BF0FDFF2368656000225A5505B0F0BD5D
:101A0000002DF7D02A463146FEF7A4FFF2E703A8DF
:101A10000395FFF734FF2A4631460746FEF79AFF43
:101A2000234653F8080B984203D0A16801311BF0FC
:101A3000A7FF039B2760A360DCE7F8B50B78012BB9
:101A400000AF05460C4619D14868028A02F1080326
:101A50006E46DB08A6EBC3039D4600210DF802107D
:101A600013F0C2FBA368164918680AF0A9FC40B934
:101A7000694605F19800FFF79FFFB5460020BD4677
:101A8000F8BDA368104918680AF09AFC18B96946AD
:101A900005F1B000EFE7A3680C4918680AF090FC64
:101AA00018B9694605F1C800E5E7A3680849186850
:101AB0000AF086FC0028E0D19DF80030C5F8E0303F
:101AC000DBE7D3180300C2180300B1180300A01805
:101AD000030011461846FFF7B0BF70B500F10806C5
:101AE0000446C0E9001215460021302230461CF0A1
:101AF000C8FF0F4BA3600F4BC4E9033412232383A9
:101B000004F15803E3612022002104F138001CF0A5
:101B1000B8FF012384F83830084BE36300232846DC
:101B2000666484F85A30214601F01FFA204670BDE1
:101B300000BFF6180300D9DE00007216030010B5CE
:101B400000F13804204607F0F4F92046BDE81040C3
:101B500007F0CBB913B51446B0F858208A420346B3
:101B60004FF000000DD15B688DF804001B7A6068AF
:101B70008DF80530022201A913F0B2FA002818BF2F
:101B8000112002B010BD1846FFF7E4BF37B5BFF310
:101B90005B8F90F85A30BFF35B8F0446BBB10023D4
:101BA0008DF8051001A802218DF8043003F077F9B3
:101BB00005462068FDF73EFC431E9BB24FF6FD72C2
:101BC000934204D8B4F858102A4608F096F903B0A6
:101BD00030BDB0F858308B4206D1BFF35B8F012384
:101BE00080F85A30BFF35B8F7047B0F858308B42A3
:101BF00006D1BFF35B8F002380F85A30BFF35B8FB1
:101C0000704770B500F108060446C0E90012154699
:101C10000021482230461CF034FF04F17001114BC2
:101C2000124AA360E161122311492383238604F140
:101C30007203C4E90812C4E903246363A462202286
:101C4000002104F150001CF01CFF012384F85030E7
:101C5000084B6365002384F8743084F87530E665BA
:101C6000EC66204670BD0B19030049E00000FA182D
:101C700003001C19030010B500F15004204607F0C2
:101C800058F92046BDE8104007F02FB913B5B0F859
:101C900070308B4214460CD143681B6800930422B9
:101CA0006068694613F01CFA002818BF112002B0C2
:101CB00010BDB0F872308B421BD14368996B01F0B4
:101CC000070103EB41010A8DADF80020D96C01F04A
:101CD000070103EB41018A8FADF802201A6E02F072
:101CE000070203EB42030622B3F85030ADF804308C
:101CF000D6E70020DBE71846FFF7C8BF37B5BFF3CC
:101D00005B8F90F87430BFF35B8F0446A3B10191F1
:101D100004210DEB010003F0C2F805462068FDF731
:101D200089FB431E9BB24FF6FD72934204D8B4F870
:101D300070102A4608F0E1F803B030BD37B504460C
:101D4000BFF35B8F90F87500BFF35B8FC0B1ADF848
:101D5000001068460621ADF80220ADF8043003F00B
:101D60009EF805462068FDF765FB431E9BB24FF6C3
:101D7000FD72934204D8B4F872102A4608F0BDF8F8
:101D800003B030BDB0F870308B4207D1BFF35B8F2A
:101D9000012380F87430BFF35B8F7047B0F8723066
:101DA0008B42FAD1BFF35B8F012380F87530F2E7E5
:101DB000B0F870308B4207D1BFF35B8F002380F8FF
:101DC0007430BFF35B8F7047B0F872308B42FAD13A
:101DD000BFF35B8F002380F87530F2E7000010B589
:101DE000016042F210720921C0E90112DFF830C02F
:101DF0000A49002243F69824C0E903429624C0E928
:101E000005C1048501210324C0E908220177C462C9
:101E100080F830204263018710BD030001000000FC
:101E20000B0B70B5194D06460FCDA2B001AC0FC417
:101E30000FCD0FC495E80F0084E80F00144A3068F6
:101E400001230DA901F03CFDE0B9302301AA0DA941
:101E5000306801F03BFD30680DA901F034FD019BB5
:101E6000092B0FD101AA331D0BAD144603CCAC4294
:101E700018605960224603F10803F6D12068186003
:101E800022791A7122B070BD00BF3019030094DCB2
:101E90000200FFF7C6BF30B50024C0E9011204807C
:101EA000C46040F2017284758461047700250024C7
:101EB000C0E90845828230BD000000000000F0B596
:101EC00087B00023044600931A460321006918F0E6
:101ED00096F9616802A8FCF726FBDDE90265C4E912
:101EE000086530A3D3E90023D4E908011FF093FA71
:101EF000CDE9040104A81CF0CCFD6368617D1A7A69
:101F0000914204D30FD1A27D1B799A420BD8C368AA
:101F10000133C36083690722013393FBF2F2C2EB02
:101F2000C2029B1A8361637D8360A37D43600023AB
:101F30000360A369022B04D183697BBBC3680133AF
:101F4000C3604FF0FF3303621CF085FF184AA0FB0B
:101F5000020302FB0131C4E90801801B61EB0501AA
:101F600011A3D3E900231FF056FA0027009782023D
:101F70003B460421206918F042F9256917F099FDC4
:101F80003B46024600970121284618F038F9237F86
:101F900013B901232377637007B0F0BD062BD0D1AE
:101FA000C3680233CCE700CA9A3B0000000000CAB5
:101FB0009A3B012303701421C06800F0DABD08B514
:101FC00018F051FABDE80840FFF7F3BF000030B544
:101FD000124B054693E8070099B06C4684E8070069
:101FE00001230E4AA86803A901F06AFC98B90C23E2
:101FF0000DEB03012246A86801F068FCA86803A95C
:1020000001F061FC9DF80030012B04D103CC237852
:102010006861A9612B7719B030BD60190300A2DC9B
:10202000020013B50C4BC160044600930022034626
:102030000121094818F0C9F820612046FFF7C7FFC1
:10204000237F2BB1204602B0BDE81040FFF737BF19
:1020500002B010BD00BF11E30000B5DC020001605A
:10206000027170471FB50446002308462360636071
:102070000293ADF80C30062300930979006802AB97
:10208000012200F0C4FE38BB9DF80A309DF80B1009
:1020900003F00F0341EA0321EF291DDC9DF80C300A
:1020A0009DF80D2003F00F0342EA0322EF2A13DC10
:1020B0009DF80800052803D9A0F10B03012B0BD8CC
:1020C0009DF80930218013F00F0318BF01236371BD
:1020D000012362802071A371204604B010BD73B546
:1020E0004FF0A0454FF480660446C5F80C65052006
:1020F00017F0D5FDC5F80865322017F0D0FD012393
:1021000000932179034B2068A52200F0AEFE02B0B7
:1021100070BD6C19030037B5012500950179431D89
:102120000446A722006800F072FEA84204D1FF23F3
:102130006371002003B030BD009521792068A31D94
:10214000A82200F064FE012802D1FF23A371F0E76A
:10215000009521792068E31DA92200F058FE01288E
:1021600002D1FF23E371E4E7636823F07F4323F0A8
:10217000FF03B3F5344FDCD1E079431E5842584198
:10218000D8E77FB54FF0A04503234FF4806604469F
:10219000C5F828370520C5F80C6517F080FDC5F88F
:1021A00008653220012517F07AFD00952179206815
:1021B0000DF10F03152200F02AFE052017F06FFD28
:1021C0000095217920680DF10F03A72200F01FFE72
:1021D000052017F064FD2046FFF79DFF009521794B
:1021E0000B4B2068EC2200F040FE00952179084B53
:1021F0002068FA2200F039FE00952179206800233A
:10220000FB2200F032FE284604B070BD00BF6E19FC
:1022100003006D190300FFF7B4BF0548006880F3A1
:10222000088862B661B6BFF34F8FBFF36F8F00DFD0
:1022300000BF20800000064B19680868B0E8F04F26
:1022400080F30988BFF36F8F4FF0000080F311888F
:102250007047E8480020EFF30980BFF36F8F144BFD
:102260001A681EF0100F08BF20ED108A20E9F04F09
:1022700010604DF8043D4FF0400080F31188BFF32B
:102280004F8FBFF36F8F17F064FD4FF0000080F3A6
:10229000118808BC19680868B0E8F04F1EF0100FEC
:1022A00008BFB0EC108A80F30988BFF36F8F7047C6
:1022B00000BFE8480020F7B51B4D0027C5F8407166
:1022C000D5F840310193019B00F0F9F8D5F80445A9
:1022D000C5F80071D5F800310093009B064617F051
:1022E000E8FB241A24F07F4323F0010383B924F090
:1022F0007F440025013C11D225B10B4B4FF0805299
:102300005A6040BF304603B0BDE8F04000F0DBB893
:1023100017F011FE0228EAD00124EAE717F0DDFBEE
:102320000543E7E700BF0010014000ED00E008B5FD
:10233000002016F016F9094B1F22C3F808250122C8
:10234000C3F804239A601A600222C3F84423044BA2
:10235000E02283F811234FF400321A6008BD001008
:10236000014000E100E07FB5054672B62C4CD4F880
:10237000046517F0C0FD00284DD0294A954294BF4E
:102380007319B31823F07F430122C4F80823C4F85B
:1023900040350023C4F84031D4F840310193019B0B
:1023A0004FF48033C4F80433BFF34F8F95B1F1EE8F
:1023B000103A23F09F03E1EE103AF1EE103A194B78
:1023C0004022C3F8842120BFD3F80021D3F80411A0
:1023D0000A43F8D04FF48033C4F808330023C4F81C
:1023E0004031D4F840210392039AC4F80031D4F864
:1023F00000310293029B0123C4F80433D4F804058E
:10240000094B801B4FF4003230F07F40C3F880212D
:1024100001D017F05AFB62B604B070BD00BF0010C7
:102420000140FDFFFF0000E100E072B6FEE74FF063
:10243000807340E90213054B40F80C3C6FF0020337
:1024400040F8202C40F8243C4438704700BF7DE71A
:1024500000000E4C08B5E02384F82230FFF767FF38
:102460000C4B00221A60D4F888300A4A43F47003F7
:10247000C4F88830536B43F040435363236943F0FF
:1024800010032361FFF7C9FE72B6FEE700BF00ED3F
:1024900000E0AC1A002000EF00E072B6024A1368B8
:1024A000013313607047AC1A0020034A1368013BE4
:1024B000136003B962B6704700BFAC1A0020EFF397
:1024C000108072B6704780F31088704701F01F01CA
:1024D00001238B40034214BF0120002070472DE9E7
:1024E000F04186B004461046DDE90D62C4E90110F2
:1024F0000C99129D179FDDF868E0DDF850C0C4F814
:1025000040C0C4E90416109921621199C4E90A1562
:1025100013992163159961631699C4E90E171899E7
:102520006164984619990F9BC4F80C80C4E906238E
:10253000C4E9121E1B9921651C996165CDE904CE81
:10254000CDE902072146CDE9005604F15800FCF719
:1025500076FEFCF742FE0023C4F8A80B01222046B9
:10256000A4F8AC3B84F8B43BC4F8B82B84F8BC3B6B
:10257000C4F8C03B06B0BDE8F08113B500220446A4
:1025800001210A2016F061FE0123606209490093CF
:102590000948019423464FF4AF7217F07CF90128E3
:1025A00005D0042002B0BDE8104017F065BF02B0AE
:1025B00010BDBBDC0200BDEE000010B5D0F8B83B8A
:1025C000012B044623D01BB3032B0BD1A36B01219A
:1025D000586AFFF77BFF10B92069FFF71CFEA0685F
:1025E000FAF721FB606C0221F9F70DFFA06C0121C5
:1025F00000F0EFFCA069FBF766FE28B1A069FBF7CD
:102600005AFE08B984F8900B0123C4F8B83B10BDFA
:102610004068FAF7FFFDD9E710B5D0F8B81B0129DB
:10262000044612D190F8B43B7BB9836B406CDA7CE2
:102630001B7C5BB1022A09D0F9F7E5FEA06C0021F2
:1026400000F0C7FC0223C4F8B83B10BD0021F3E73B
:1026500010B586B0416B044603A8FAF79AFF039BB6
:102660000093BDF91220BDF91430BDF91010206C93
:10267000FCF7E9F8A36BDA7C022A0AD0586A022137
:10268000FFF724FFC8B9A26B0321506AFFF71EFFB2
:10269000E0B9A36B0421586AFFF718FFE8B1D4F83A
:1026A000B83B012B19D1206CFCF76FF8A8B120467C
:1026B00006B0BDE81040FFF7AFBF206CFCF73CF858
:1026C0000028E0D02046FFF778FFE2E7236CB2F95C
:1026D00028205B6E9A42F5DBDBE706B010BD38B50B
:1026E000D0F8B83B012B04460D4614D10C21406CA8
:1026F000F9F789FE691E03290DD8DFE801F0020D04
:102700000F1194F8BC3B1BB90521606CF9F77BFEF7
:10271000002384F8BC3B38BD0821F6E70621F4E726
:102720000721F2E700002DE9F041044688B0806AF5
:10273000002301220721FAF7F0FDA06AFAF729FE2B
:1027400016F081F808B916F046F86068FAF755FBFC
:10275000A068FAF75BFAA068FAF765FA04F1580581
:10276000E06C01F098F82846FDF765F8E06800F0A5
:1027700049FA2069FFF705FDE0692146FBF7F1FE04
:1027800021466069FBF795FD606BFAF747FF21462C
:10279000206AFFF746FCE06800F06EFAE06800F09F
:1027A00031FA606BFAF755FF606B266CFAF7A3FFFE
:1027B00001463046FCF72CF8FCF73BFDFCF73DFDED
:1027C000A06BFFF766FB606C2146F9F738FE606C82
:1027D00004F5C061F9F734FE606C04F21C41F9F7AE
:1027E00030FE04F5DF61606CF9F72CFE606CF9F7E0
:1027F0002AFD206BFAF74DFE206BFAF738FEA06C2D
:1028000000F0C3FB606D214601F08DF89DF8163095
:1028100023F007038DF816304FF0A04303264FF442
:102820000042C3F83C6705A9C3F808250D2040F213
:102830000313B34AADF8143016F00FF801210D2040
:1028400016F081F840F20233AE4AADF8143005A913
:102850001C2016F002F801211C2016F074F8A84A7A
:10286000ADF8146005A9132015F0F7FF012113201E
:1028700016F069F86069FBF77CFCA24B009301221B
:1028800023464FF41621A04817F09FFCC4F8B00B64
:10289000064617F00EF94FF0FF330246009330461C
:1028A0000023012117F0ABFC994E606A64220DF100
:1028B000130116F0EEFD01282BD19DF81330192BD2
:1028C00027D8DFE813F02300BB004C00530026009C
:1028D000680071007B009300C400DF00E200E200AA
:1028E0008F001A0006010A01280130013E01630031
:1028F000340138011A008F0043012046FFF75DFEC6
:1029000094F8B43B013384F8B43B02E02046FFF76F
:1029100083FE2046FFF79CFE94F8AC3B4BB194F845
:10292000AD3B002B40F01D8184F8AC3B2846FCF702
:1029300076FD04F53C6000F04AF9E16902A8FBF776
:10294000F2FDDDE90223C6E900234FF0A043D3F8EE
:1029500010359B04A9D4A06AFAF721FDA5E7206AE7
:10296000037F002BD5D0FFF7AAFAD2E7A36BDB7C5D
:10297000002BCED1D4F8B83B012B02D02046FFF774
:102980001CFE0921606CF9F73EFDC2E72046FFF707
:1029900014FE0E21F6E7606C0C21F9F734FD40F2CD
:1029A0000153A4F8AC3BB4E72046FFF706FE94F8C9
:1029B000B43B013384F8B43B0B21E3E7A369DB6844
:1029C000022B0FD1BFF34F8F5249CA6803F1BF6387
:1029D00002F4E06203F102131343CB60BFF34F8FA5
:1029E00000BFFDE794F8B43B013B8CE7D4F850807E
:1029F000216906AF3846FFF735FB97E806004046E9
:102A000001F04BF8002884D0D4F8B83B012B01D159
:102A10000421B7E7206D01F03AF8A36BDA7C022AB3
:102A20003FF477AF00283FF474AF07280AD10121A3
:102A3000586AFFF74BFD00283FF46BAF2046FFF7C5
:102A4000BCFD66E701287FF464AF0021F0E74FF09A
:102A5000A043606DD3F810359A0407D4012100F02B
:102A600074FF01462046FFF73AFE52E7002100F0CE
:102A70006CFFD4F8B83B012B0146F3D0012384F856
:102A8000BC3BDBE7606D0221E9E7D4F8B83B022BE1
:102A90007FF43FAFF9F7ADFB10B1A068FAF77BF810
:102AA0009DF813300B2B02D16068FAF798FBA36BEB
:102AB0000121586AFFF70AFD10B92069FFF70FFBE3
:102AC0009DF813300B2B0CBF00230323C4F8B83B35
:102AD0001FE7606BFAF79FFD1BE7A36BDA7C022A06
:102AE0003FF417AF5B7D012B7FF413AF236A1B7894
:102AF000002B7FF40EAF2046FFF75FFD0F2141E76B
:102B000000BF6988000011EF0000C0DC0200A04A8D
:102B1000002000ED00E0A36BDA7C022A3FF4F9AE5E
:102B20005B7D022BE0E76069FBF7DFFA86E760690F
:102B3000FBF71FFBEDE6636928461979FCF77DFC7E
:102B4000E7E62046FFF739FD0D211BE7A36B93F85D
:102B50003830284613B1FCF77CFCDAE6FCF789FC38
:102B6000D7E6013B84F8AD3BE3E608B5FFF7DBFDB4
:102B700000001FB5114C8DF807106368406AC3F35D
:102B8000080393B1002303AA0DF10701039316F084
:102B900027FC039B3BB14FF08053636040BFBFF302
:102BA0004F8FBFF36F8F04B010BD4FF0FF320DF1A8
:102BB000070116F06EFBF6E700BF00ED00E008B578
:102BC00017F051FCBDE808401521FFF7D2BF704750
:102BD00030B5037400259DF80C30C260C0E9015186
:102BE0004374456230BD437C4FF0A04203F5E0736F
:102BF0004FF4C06142F82310037C03F5E07342F800
:102C00002310704710B54168044621B90322012002
:102C100016F01BFB60602046FFF7E5FFA368E26843
:102C20002360C3F824252368627CC3F80825236841
:102C3000227CC3F80C2522680023C2F85C3122688C
:102C4000C2F804312268C2F860312268C2F8243127
:102C50002268C2F84C312268C2F848312268C2F8B2
:102C6000503122680621C2F8001560681A46BDE896
:102C70001040194616F00DBB03680022C3F800256A
:102C800070474FF040230021D3F800250368C3F8B4
:102C900000150368C3F80025704770B504689DF8F7
:102CA0001050C4F888150468012121620468C4F832
:102CB00034250268C2F83835036819600368D3F810
:102CC0004C211AB9D3F82421002AF8D01E4C1E4EEC
:102CD0000022C3F84C21616803684162D3F85C218B
:102CE00052B9D3F824213AB96268521AB242F5D9DE
:102CF000FFF7C7FF012070BD0022C3F85C21036805
:102D00006DB9D3F8242152B90122DA610368D3F8EE
:102D10004821002AFBD00022C3F8482109E0012203
:102D20005A610368D3F80421002AFBD00022C3F8BB
:102D300004210368D3F824210AB90020DBE700222C
:102D4000C3F82421F9E7001000E0E874020070B530
:102D500004689DF81050C4F88815046801212162A8
:102D60000468C4F844250268C2F8483503689960CD
:102D70000368D3F850211AB9D3F82421002AF8D0D7
:102D8000214C214E0022C3F8502161680368416242
:102D9000D3F8602152B9D3F824213AB96268521AA3
:102DA000B242F5D9FFF76DFF012070BD0022C3F8D4
:102DB000602103686DB9D3F8242152B90122DA6188
:102DC0000368D3F84821002AFBD00022C3F8482129
:102DD00009E001225A610368D3F80421002AFBD0DC
:102DE0000022C3F804210368D3F824210AB9002083
:102DF000DBE70022C3F824210368D3F8C424C3F816
:102E0000C424F4E700BF001000E0E8740200F0B54D
:102E1000044685B00D4640688DF80F204FF0FF3115
:102E20001F4616F0B0FB236800260622C3F80025D3
:102E300029460DF10F02009601232046FFF787FF78
:102E4000012300933A460A9B29462046FFF725FFB7
:102E50002368C3F80065054633466068324631464C
:102E600016F017FA284605B0F0BD2DE9F3410446E7
:102E70000D464068DDF820804FF0FF3117461E46B2
:102E800016F081FB23680622C3F80025314642462E
:102E9000A77404F113001CF052FD0123009304F108
:102EA0001202434429462046FFF751FF22680023BF
:102EB000C2F8003505461A466068194616F0E9F969
:102EC000284602B0BDE8F0810000C0E900120349C5
:102ED0000022C0E90222C0E90412826170470000AA
:102EE000FFFF10B50446FFF7F0FF6382BDF808301E
:102EF000A382204610BD30B5D0E90143A34227D2BA
:102F000005688469EB5C1B1BDBB2C48A4BB9836127
:102F1000838AA34208BF438AC382836801338360E4
:102F2000EAE7058A240A4C55048AC58A0C44013B09
:102F30006570048A85690234A4B201359442048222
:102F4000DBB28561E1D300230382C3680133C36030
:102F500030BD037A4160934204D002721146C068CA
:102F6000FEF714BE704701607047C160704710B52E
:102F70000123C0E9023104460261143000F022F955
:102F8000002384F87C33204610BD13B5002204468C
:102F900001210A2016F059F9214660602069FFF7E7
:102FA000E2FF0023009308490948019423464FF4A7
:102FB000FA7216F070FC012805D0042002B0BDE8BA
:102FC000104017F059BA02B010BDCFDC02008FF4E8
:102FD00000001FB500238DF807104068039303AA73
:102FE0000DF1070116F0FCF9039B43B1064B4FF0BE
:102FF00080525A6040BFBFF34F8FBFF36F8F05B051
:103000005DF804FB00BF00ED00E010B50446C068A9
:10301000FAF71AFA04F11400012100F008F9BDE8EA
:103020001040642016F03BBE10B50446C068FAF7A5
:103030001EFA04F11400012100F0F9F8BDE8104077
:10304000642016F02CBE2DE9F34700260446B04656
:103050004FF00109A3686068012B0CBF64224FF098
:10306000FF320DF1030116F014FA60B19DF8033040
:10307000032B08D8DFE803F00228333D2046FFF792
:10308000D3FFC4F8088094F87C33002BE2D0E068CA
:10309000FAF792F904F11407020C81B2384600F0F5
:1030A000B3F88246384600F082FBBAF1000F0546BD
:1030B00029DD0121384600F0BAF8206900220121FB
:1030C000FFF747FF0026C5E794F87C33C4F8089063
:1030D000002BD8D02046FFF798FF0026D3E794F8BE
:1030E0007C33002BCFD12046FFF78FFF84F87C93F1
:1030F000F3E794F87C33002BC5D02046FFF794FF0C
:1031000084F87C83BFE700280BDA0021384600F002
:103110008EF8206900220321FFF71BFF002E99D1B2
:10312000CBE746B90028C8D02069EAB20321FFF7EF
:1031300010FF2E468EE70028F6D18BE708B5FFF783
:1031400082FFD0ED1F7AF4EEC07AF1EE10FA02D5CC
:1031500091ED1F0A7047D0ED007AB4EEE70AF1EE68
:1031600010FA26D902460023F2EC017AB4EEE70AFF
:10317000F1EE10FA22DC9A0003F18043013B00EBF0
:10318000830090ED007A30EE470A37EEC77A01EB04
:103190008303C0EE077A1144D1ED006AB7EE007ADE
:1031A00037EE677A27EEA60AD3ED007AA7EE870AF4
:1031B000704791ED000A70470133D5E71F2BFBD113
:1031C0007C22D9E700234FF6FF71C0F8503300226C
:1031D000C0F85813A0F85C3300F54071012310B516
:1031E00080F86433C0F8542300F554740B469C42B5
:1031F00004D100F52073994203D110BD43F8042B8C
:10320000F5E743F8042BF6E710B5B0F85C333F2B35
:103210009EBF5C1CA0F85C4320F81310A0F85A2352
:10322000B0F8580390422CBF0020012010BD10B50B
:10323000002309B1A0F85C3300F54071A0F85033C9
:1032400000F554740A46002394420DD14FF6FF72E4
:10325000C0F858230122C0F8543380F8642300F5E5
:103260002070814203D110BD42F8043BECE740F8E6
:10327000043BF6E710B59DF8084014B10024A0F80F
:103280005243B0F8524307EE904AF8EE677A0024B2
:10329000F7EE006A9C4207DBB0F85233012B9CBF6B
:1032A0000133A0F8523310BD92ED006AB1EC017AFF
:1032B000A6EE277A013477EEA65A87EE256AA2ECAD
:1032C000016AE7E70000B0F85033DFED177A013309
:1032D0009BB21422B3FBF2F102FB1133A0F850337E
:1032E00000EB830383EDC00AB0EE677A00F540730C
:1032F000B7EE006A00F55470834209D1F5EEC07A4A
:10330000F1EE10FACCBF87EE270A9FED070A70474F
:10331000F3EC016AF5EEC06AF1EE10FAC4BF37EEC5
:10332000267A77EE867AE7E700BF000000002DE9F5
:10333000F04F2DED048B85B000F18005044603911C
:10334000821E00F5C0762B4632F8021F07EE901A57
:10335000F8EE677AE3EC017AB342F5D194ED207A86
:10336000D4ED5F7ADFED736A77EEC77AA846C7EED1
:10337000A65A2A46002306EE903AB8EEE66AF0EE28
:10338000476AE5EE866A0133402BD2ED007A77EE8C
:10339000E67AE2EC017AEED104F5BE712B46D3ED6C
:1033A000017A93ED007A77EEC77AE3EC017A8B42EB
:1033B000F5D19FED607ADFED606A0422D4ED207ACA
:1033C0002B4693ED006A67EE877AE6EE267AE3EC09
:1033D000017AB342F5D1013AF0D1DFED586A9FEDA1
:1033E000586A0422D4ED207A2B4693ED007A67EEDA
:1033F000A67AE7EE067A37EE677AA3EC017AB34253
:10340000F3D1013AEED104F5207337460022BB42D6
:103410003FD100234C4829461A4600EB820C91ED1F
:10342000007ADCED007A1F2B67EE877A03F1010347
:10343000D8BF0132402BE1EC017A2DD10023284680
:1034400019462022934239D201313F29134400F119
:10345000040026D1DFED437A4FF0060ABFEE009A52
:103460004FF00109F0EE679AB6EE008ACB464FEABC
:10347000490904EB8B0C4FEA890E0021B0EE697A02
:10348000B7EE006A59456ED004EB810362460846E8
:103490003EE047F8042BBAE71F2BC8BF02F1FF320A
:1034A000BBE78B42CDD905EB8302D0F800C0D2F840
:1034B00000E0C0F800E0C2F800C0C2E79B1A520862
:1034C000C0E792ED605AD2ED206A67EE455A484453
:1034D000E6EE865A66EE876AE6EE056A93ED205AB6
:1034E00035EE655A82ED205A93ED605A35EE665AF4
:1034F00082ED605A93ED205A75EE255A7244C3ED61
:10350000205AD3ED605A75EEA66AC3ED606A734423
:103510003F28D6D967EE676A27EE097AE6EE096A90
:1035200001310CF1040CA7EE867AB0EE666AA9E7C9
:1035300000BF00007C42806A3C3E60E5503F5A6418
:103540003B3F4C37893E701903009A99193F295C1B
:103550003F400AD7233CABAA2A3F5555754000008F
:10356000704200000000B0EE480AA9EE480A1AF0C6
:1035700088FAF0EE408AB0EE480AA9EE080A1AF07E
:1035800080FABAF1010AB0EE409AF1EE687A7FF45F
:103590006DAFF8EC017A98ED3F0A20EE000AA7EE35
:1035A000A70A1AF06EFAB04508ED010AF1D1039BA3
:1035B00000933A46202329462046FFF75BFE5FED45
:1035C000187A04F52373C4EDD87A04F53A711A46D3
:1035D000F0EE672AB2EC017AF4EE477AF1EE10FAD7
:1035E00048BFF0EE477A9142F4D11FED237AF3EC15
:1035F000016A994237EE267AF9D1F3EE076A87EE2F
:10360000266AB0EE087AC7EE866AF4EEC76AF1EE73
:1036100010FA6EDD94EDA07AB4EEC87AF1EE10FAED
:1036200067D51FED377A27EE876A3246002307EE0B
:10363000903A0133F8EEE77A402BE2EC017AF6D1CA
:10364000394630461FED3E0A1FED3A5A1FED3F1A2C
:10365000FFF777FD3946F0EE403A3046B0EE080A03
:10366000FFF76FFD4FF00008B0EE404AF0EE455A0C
:10367000B0EE453A4546F0EE084AF3EE0A1AB0EECF
:10368000642A74EE814A3946B0EE640A3046FFF788
:1036900058FDB4EEC46AF1EE10FA77DC13D8B8F135
:1036A000000F10D0B4EEE36AF1EE10FA71DCB4EE64
:1036B000C06AF1EE10FA06DB32EE435AF0EE435ADE
:1036C000E5EE085A0135F4EEE14AF1EE10FAF0EEBB
:1036D000443A58D4012D5FD1F0EE047AB4EEE75AA3
:1036E000F1EE10FA5BDCF4EE047A65EEA75AC4ED55
:1036F000D85AD4EDD87A1FED697AF4EEC77AF1EE94
:1037000010FA06D41FED6B7AF4EEC77AF1EE10FAD8
:1037100001DDC4EDD82A94EDD80AB5EE400AF1EEE9
:1037200010FA04BF012384F86433B4F85A3307EE67
:10373000903AF8EEE77A204677EEA77AFCEEE77A41
:1037400017EE903AA4F85833FFF7BDFDB5EE400AE6
:10375000F1EE10FA84EDD80A06D1D4EDD57AF5EE63
:10376000C07AF1EE10FA1DDC5FED837AA0EE278AB5
:10377000FDEEC87A17EE900A84EDD50A05B0BDECCF
:10378000048BBDE8F08FB0EE404A78E74FF00108B7
:1037900099E7B0EE423A96E75FED8E5AA3E7C4EDA3
:1037A000D82AA6E71FED910A4FF0FF30E4E710B5E5
:1037B000B0F85C333F2B044612D990F86413FFF73E
:1037C000B6FD002384F8643304F17402A31E9989C2
:1037D00023F8021F9342FAD13B23A4F85C3310BDB7
:1037E0000020FCE70020704710B50468B431206861
:1037F0000903F9F776FA2068F9F7B1FA404210BDEB
:1038000038B504681546B4311A462068049B05EBA8
:103810000131F9F7AAFA2068F9F79BFA404238BD5E
:1038200010B500681446B4311A460068029B04EBD8
:103830000131F9F734FA002010BD10B50160002104
:10384000044601714C2208301BF01BF90E4BE3605B
:103850000E4B23610E4B63610E4BA36108221023B4
:10386000C4E907324FF480514FF45372C4E909128E
:103870004FF47A72C4E90B2363633223A460636458
:10388000E364204610BD73FB000053FB00003BFBCC
:10389000000037FB000038B500F1080400F15405C2
:1038A0002146284619F0A3FC48B12146284619F0C4
:1038B00038FC21462846BDE8384019F098BC38BD90
:1038C000543019F0EABE543019F0F1BE543019F0FA
:1038D000F0BE543019F0EFBE0023543019F0EDBEA5
:1038E000543019F024BD134654300A46194619F0D5
:1038F0008CBF543019F0CBBF54301AF012B854308A
:1039000019F0DDBE543019F080BD543019F0AFBE4F
:1039100054301AF011B808B516F0A5FDBDE80840FE
:103920000A21FFF726B913B5064A009204460B4652
:103930000022CC21044816F048FC606002B010BDA3
:1039400000BF69FC0000D9DC0200F7B504460D4653
:1039500041B901232372637A032B1ED8DFE803F0F9
:10396000092061850129F6D116F0A3F80023206013
:10397000F0E795B900952B46CC220421606816F03B
:103980003EFC666816F095F82B460246009501212C
:10399000304616F034FC01236372002003B0F0BD02
:1039A0007DB916F086F82368C01ACB28F5D80095A3
:1039B00060682B462A46032116F021FC657202201E
:1039C000ECE7012D12D1002600963346CC220421CB
:1039D000606816F014FC646816F06BF800960246F6
:1039E00033462946204616F00AFCD6E7022DD4D1EC
:1039F000237A9BB1002600963346CD2204216068CD
:103A000016F0FDFB676816F054F800960246334640
:103A10000121384616F0F3FB6572BEE763720120A0
:103A2000BCE7012D4FF0000608D1009660683346D0
:103A30003246032116F0E3FB6672F0E7022DACD1AB
:103A40000096334640F29B520421606816F0D7FB83
:103A5000656816F02EF80096024633460121284686
:103A600016F0CDFB0320607298E7012D4FF00006A1
:103A700008D10096606833463246032116F0BFFB3A
:103A800066728AE7022D88D16672042086E70346B3
:103A9000002200681A607047000013B5034602A8B0
:103AA00000E906009DF80600E0B19DF804409DF88D
:103AB00005106CB11A7C5AB1621ED2B2032A01D928
:103AC0000C2C11D129B10B4CA2561A6000221A7489
:103AD00009B901221A74BDF80220BDF8004019731B
:103AE000C3E9014202B010BD0B2A96BF024C00226E
:103AF000A2561A60ECE7F01903000020704713B5D6
:103B00000C4B01930223044600930A490B480023FF
:103B10004FF4A07215F0BFFE094B019301230093EF
:103B2000084900234FF43472204615F0B4FE02B069
:103B300010BDB41A0020E5DC0200218A0000B01A92
:103B40000020E8DC0200034B5868C0F3080000388E
:103B500018BF0120704700ED00E013B500230446B4
:103B60000A460093FFF7EFFFB0B1206801AA69464B
:103B700015F0B2FD019B43B10A4B4FF080525A60E1
:103B800040BFBFF34F8FBFF36F8F009B0BB100227D
:103B90001A70009802B010BD2068694615F079FCD3
:103BA000F3E700ED00E01FB501910A780446B2B9D1
:103BB00001230B70FFF7C7FF034690B1134620683F
:103BC00003AA01A915F00CFC039B43B1094B4FF06C
:103BD00080525A6040BFBFF34F8FBFF36F8F04B066
:103BE00010BD20684FF0FF3201A915F052FBF6E737
:103BF00000BF00ED00E010B516F035FC034640684C
:103C000003F1080118B1BDE81040FFF7CCBFBDE8D3
:103C10001040DB680846184700002DE9F3410B7897
:103C200005460E46BBB1FFF78EFF044658B3286821
:103C300015F089FD00240746A046B8450EDB44B1C7
:103C40001F4B4FF080525A6040BFBFF34F8FBFF3FE
:103C50006F8F0023337002B0BDE8F081286801AA9D
:103C6000694615F039FD019B1C43009BB34207D008
:103C70000023286801AA694615F0B2FB019B1C438A
:103C800008F10108D9E7FEF708FC286815F052FD95
:103C90000746BC4202DBFEF708FCDAE72868002290
:103CA000694615F0F6FB009BB34205D00023286857
:103CB0001A46694615F0EDFA0134EAE700BF00ED57
:103CC00000E010B5044628B1042015F062FB206026
:103CD000002010BD0320FCE710B5024660B1FFF7DD
:103CE00032FF044608B1062010BD106815F0DDFC57
:103CF0000128F8D12046F7E70320F5E708B502468A
:103D000048B1FFF720FF20B9106815F054FB0128D7
:103D100003D1002008BD0320FCE70520FAE710B519
:103D2000044628B1802015F0AAFA2060002010BDBA
:103D30000320FCE7000013B50446E0B1FFF703FFE2
:103D4000A8B1206801AA002115F0C6FC019B43B16F
:103D50000A4B4FF080525A6040BFBFF34F8FBFF302
:103D60006F8F012814BF0620002002B010BD20680C
:103D700015F009FCF5E70320F7E700ED00E013B5C7
:103D80000446D8B1FFF7DFFE034688B1206801A9D9
:103D900015F057FB019B43B10A4B4FF080525A601C
:103DA00040BFBFF34F8FBFF36F8F002002B010BD35
:103DB00002460146206815F06CFAF6E70320F5E7A5
:103DC00000BF00ED00E02DE9F341D0F8008004468B
:103DD0000F4616461D46B8F1000F0CD1142241467D
:103DE0001AF04FFE0A4B00930A482346424601212F
:103DF00016F0EBF9206067600C22002104F1080046
:103E00001AF03FFEC4E9036502B0BDE8F08149FF46
:103E10000000ECDC0200F0B5012987B038BF0121B9
:103E20000446FFF790FE0E46054650B30025009568
:103E3000206803AB2A46082116F0E1F9009504AB8F
:103E400032460921206816F0DAF9246815F037FEA9
:103E500005AB024600950721204616F0D0F9DDE9B2
:103E600003321343059A134308D0134B4FF080528B
:103E70005A6040BFBFF34F8FBFF36F8F002007B072
:103E8000F0BD4FF0FF37009703460246032120683C
:103E900016F0B5F900972B4632460421206816F03B
:103EA000AEF9246815F005FE009702462B46022164
:103EB000204616F0A4F9E1E700BF00ED00E038B5B8
:103EC000850D0C464FF47A720023294680021DF0BE
:103ED000F2FAB5F57A7F36BF20600220002038BDA7
:103EE00037B5044600F13C05E06BA0B14368E363DD
:103EF00003B925641038019001A9204608F0EDF8B7
:103F00000128F1D1019BE26B5A6112B903F114024D
:103F100022641033E36303B030BD024B03491868D9
:103F2000FFF741BE00BFDC1A0020001B002010B5C7
:103F300084680146044811F0CAFC2046BDE81040E0
:103F400000F0E3BB00BFF01B002010B5044609F0F1
:103F5000AFFA054B06481968224609F0D6FA18B19F
:103F6000204611F0B3F80B2010BDDC1A0020C81A4F
:103F7000002004F0AEBE07B50C4B1B78022B0146A7
:103F80000CD04FF0FF330948009300231A46032159
:103F9000006816F034F903B05DF804FB044803B080
:103FA0005DF804EBFFF737BF00BFFC1A0020E01AF2
:103FB000002070B5054615F082FD094E04463068B4
:103FC00016F045FA012804D02846BDE87040FFF7F6
:103FD000D2BF306816F039FA2C44241A002CF3DBD7
:103FE00070BDE01A00206FF00043984201D0FFF747
:103FF000E0BF7047000070B50C4C0123237009F03E
:10400000EAFA0546B0FA80F04009400020706620C8
:10401000FFF7CFFF3DB908F0D4FB044B1B6913B188
:10402000BDE87040184770BD00BFFD1A0020340085
:1040300000200F4B10B500221A7009F0C2FD0D4C84
:10404000204609F048FA88B90C4C206803F0C9FCF6
:1040500008F067FB0A4BDB6813B1206800B1984792
:1040600000232360BDE81040FFF7C5BF11F02EF814
:10407000E6E7FD1A0020C81A0020F81A00203400D4
:10408000002008B5104B1B78BBB1022B19D105F0ED
:1040900016FEFFF7A8FF03F03EFAFFF7A4FF00F0BB
:1040A0007AFDFFF7A0FF02F0A2F8FFF79CFF06F0F1
:1040B00032FBBDE80840FFF796BFBDE80840FFF7B8
:1040C000B8BF08BD00BFFD1A0020FFF7B2BF08B59A
:1040D00015F031FF012806D015F027FF034B1B68B0
:1040E0001B1A5842584108BD00BFF41A002002486C
:1040F0004FF0FF31FFF7F0BD00BFC41A00200148A8
:10410000FFF7FCBD00BFC41A0020FFF7F0BFFFF7A8
:10411000F6BF10B5044C204609F0DDF900B910BD1A
:1041200000F00FFBF7E7C81A0020FFF7F2BF10B549
:10413000FFF7DDFF06F061FA30B190F828305B0739
:104140000AD5FFF7CDFE18B906F057FA04462CB988
:10415000BDE81040FFF7D3BF0068EDE72046FFF74A
:10416000BFFE0028F4D12468F1E7024B1878831EC3
:10417000584258417047FC1A0020024B1878831EA1
:10418000584258417047FD1A00200020FFF7F3BE47
:10419000000038B505460B4811F05FFB044620B916
:1041A0002846BDE8384009F0F0BC00210C221AF086
:1041B00068FC054BC4E90135054B21461868BDE88C
:1041C0003840FFF7F0BCF01B002081020100DC1A30
:1041D0000020034B04491860044B1868FFF7E3BC48
:1041E00000BFF81A0020181B0020DC1A002000F580
:1041F000C060FFF7EEBF10B5FFF779FF154B1C78D5
:10420000012C21D0022C04D03CB1FFF778FF1124FF
:1042100001E0FFF774FF204610BD02221A70FFF77D
:104220006EFF15F082FE0B4B0C4918600C4A0968B2
:104230000C482346FFF7C7FD04F0E1FB04460028C5
:10424000E9D1FFF7D8FEE6E7FFF759FF0F24E2E7D1
:1042500000BFFC1A0020F41A0020DC1A0020D5034D
:104260000100E01A0020FFF7C6BF09F05EBC73B57D
:104270002E4B00930C222D4B2E482E4D2F4E1021ED
:1042800011F075FA2E4B00241C602D4B21460C2298
:1042900028461C701AF0F5FB2B4BC5E901342A4D5A
:1042A00021460C2228461AF0ECFB284BC5E90134C4
:1042B000284D21460C2228461AF0E3FB264B2146C6
:1042C0000C223046C5E901341AF0DBFB234BC6E96A
:1042D000013407F094FF06F058FA00F0A6FD08F04C
:1042E0001EFB07F060FB03F04CFF06F078F804F0CB
:1042F00070FE09F05EF922461949194809F0DBF809
:104300001948FFF7DEFCF8F7AAF9174B184A1860AE
:1043100021462346174809F0D0FBF8F7A0F92946B3
:1043200002B0BDE87040FFF73EBCEFDC0200301B7E
:104330000020F01B0020241B0020001B0020F81A86
:104340000020FC1A0020C5020100181B00201D04DB
:1043500001000C1B00206D020100B90501007D0465
:104360000100C81A0020C41A0020DC1A00209D0297
:104370000100E18301003AB10878182806D8044BFF
:1043800053F8203013B118470C20704700207047B5
:1043900000BFFC19030000207047012A08B504D1B2
:1043A0000878FFF724FF002008BD0C20FCE7032A53
:1043B00008B5084603D101F0EEFD002008BD0C2031
:1043C000FCE7042A08B5084603D101F0DCFD002013
:1043D00008BD0C20FCE7062A08B5084603D103F007
:1043E0007AF8002008BD0C20FCE770B586B01446B2
:1043F0000D461822002168461AF043FB012C2BD9E8
:104400006B78B4EB031F27D12C1D00266B78B342C9
:1044100002DC002006B070BD14F8023C8DF80030BC
:10442000214614F8013C8DF8023006220DF10300FC
:104430001BF085FAA3798DF81030E11D06220DF1ED
:1044400011001BF07CFA637B8DF80930684602F09E
:10445000EEFE01361034D9E70C20DBE7F0B587B06B
:1044600014460E461822002168461AF00AFB012C59
:1044700022D9A21E7478631E182B06F102053CD8BF
:10448000092A19D928460021037A0A3A9A4213D3F5
:104490000131D21A8C4203F1050318440ADC5AB9DF
:1044A00004921446CDF813207378A34206DC002052
:1044B00007B0F0BD092AE7D80C20F9E72B788DF872
:1044C0000030A91C6B782F7A8DF8023006220DF18E
:1044D00003001BF034FA2B7A8DF801302B4405379A
:1044E00005F109025B7A03922F4468468DF8093082
:1044F000013402F09CFE3D46D6E70A20D8E70B2A9D
:1045000008B5084603D103F001FB002008BD0C20CC
:10451000FCE70D2A08B5084603D101F042FD002052
:1045200008BD0C20FCE70C2A08B5084603D102F0B0
:10453000AAFF002008BD0C20FCE70A2A08B508469F
:1045400003D103F068FA002008BD0C20FCE7042A20
:1045500010B50C4612D1FFF7D8FDB4F8010006F0F3
:104560001CF810B1008F07F0F2FCFFF7D0FD2046D9
:1045700003F00DFAFFF7DBFD002010BD0C20FCE777
:10458000F8B50C460978012303EB8103934223D14C
:10459000002523789D4203DBFFF7C9FD0020F8BD0D
:1045A00004EB8507B7F803608EB1FFF7AEFDB7F8EF
:1045B000010005F0F2FF40B1038F9E4209D90C20A3
:1045C000FFF707FE304607F0C2FCFFF7A0FD0135FC
:1045D000DFE79B1B0387F5E70C20E0E710B51F2AF8
:1045E00088B00C4643D12022002168461AF049FACF
:1045F00063788DF80030A3BBE278A37843EA022306
:10460000ADF80230062223798DF80430A1186379C1
:104610008DF805300DEB02001BF091F9062204F134
:104620000C010DF113001BF08AF9062204F11201AE
:104630000DF119001BF083F9627E237E43EA022309
:10464000ADF80C30E27EA37E43EA0223ADF80E30D3
:10465000237F627F43EA0223ADF81030A37F8DF8F9
:1046600012300021684602F01AFE08B010BD0C207E
:10467000FBE710B5132A88B00C4635D12022002163
:1046800068461AF0FEF963788DF8003033BBE278A3
:10469000A37843EA0223ADF80230062223798DF88D
:1046A0000430A11863798DF805300DEB02001BF082
:1046B00046F9627B237B43EA0223ADF80C30E27BB0
:1046C000A37B43EA0223ADF80E30237C627C43EAED
:1046D0000223ADF81030A37C8DF81230002168461B
:1046E00002F0DDFD08B010BD0C20FBE70020704794
:1046F000002070470020704700207047002070475E
:104700000020704700207047000038B504460B4B6E
:1047100000780022197881420AD00132062A03F17A
:104720000803F7D10825204609F02FFA284638BD9E
:104730005B686278A11C98470546F4E700BF601AE1
:1047400003002DE9F04186B003A9054607F0D3FD2B
:10475000044628BB284607F074FDBDF80E202B8ABE
:104760009A4236D1BDF80C80C8F30B08FFF7CDFC98
:10477000404605F012FF0746B0B94FF0FF330593EE
:104780000726FFF7C4FCCEB1012E1ED0059B5A1C94
:1047900005D000229BB21146404600F071F8344625
:1047A000284610F093FC10E005AB00932A4604ABBA
:1047B00003A900F0A5FA25460646E2E7386B049BFC
:1047C0009847396B384600F091FA204606B0BDE8AC
:1047D000F0810A24E4E737B504460D46FFF795FC5F
:1047E00020466B4601AA052107F0D2FF044628B9EE
:1047F000DDE900102A4600F0F9FA0446FFF787FCCD
:10480000204603B030BD037813704378537043885B
:1048100053807047F8B51C4607460E46154600F013
:1048200038FB206038B1291D89B210F08EFE20B906
:10483000206810F04BFC0020F8BD23681868077052
:10484000467045800430F7E7F7B5089F1646BA1C56
:1048500004461D4692B201AB0120FFF7DBFF60B1B9
:10486000294620F8026B3A461BF069F80199204668
:1048700003B0BDE8F040FFF7AEBF062003B0F0BDC7
:104880001FB5ADF80C300423ADF80E2000930222C2
:1048900003ABFFF7D9FF05B05DF804FB08207047B4
:1048A000C36813B102690089184770470000F8B562
:1048B0000F4615460646FFF728FC114A11680023EB
:1048C0000C461CB9FFF723FC2046F8BD2089B042F6
:1048D00014D1A07AB84211D115B1E07AA8420DD115
:1048E0002BB90B681360002BECD1054B04E0196861
:1048F000096819600029E5D15360E3E7234624687D
:10490000DFE7401C0020F0B500F11007868885B075
:104910000546006907F095FC0421384600F0D2FAFC
:10492000044628BB2B6903AAD9881868FFF76BFFD8
:104930002869042110F084FC2B691A8ABDF80E3016
:104940009A421AD19DF80C301A2B14D80C4A52F8FE
:10495000233083B13A4603A930469847044638B11C
:1049600000239DF80D1000931A463046FFF76CFFA8
:10497000204605B0F0BD1024F2E70A24F8E7901AAB
:104980000300014610B1014810F0A1BF70470C1C94
:10499000002008B54A780121FFF789FF08B1FFF729
:1049A000F0FF002008BD70B516464A780021FFF7D9
:1049B0007EFF0546B8B10221304600F083FA044676
:1049C00078B933681B681B885BB1012B0CBF1021C1
:1049D0000A212846FFF764FF2846FFF7D2FF20464A
:1049E00070BD2146F5E70446F9E7F0B5054687B006
:1049F0000F4610460821164600F064FA044688BBAC
:104A00000DF10701284608F0A3FA044650BB9DF8B3
:104A10000730DB072BD533681B681A88ADF80C20EC
:104A20005A88ADF80E209A88ADF81020DB880590E2
:104A300003A92846ADF8123002F038FDA8B903A941
:104A4000284603F0E4F8061E18BF0126797802AB69
:104A500002221320FFF7DEFE20B1068002992846CD
:104A6000FFF7B9FE204607B0F0BD0126EEE710249F
:104A7000F8E72DE9F043074685B00E469146984683
:104A8000FFF743FB02AB03AA0521384607F080FE7F
:104A9000054630B1FFF73BFB00242046FFF771FFCE
:104AA00045E0039B93F8284004F00104FFF72FFB37
:104AB000002C40D1224810F0D0FE044600283CD003
:104AC0001422294619F0DDFF1E4BA57219782781A3
:104AD0000131C9B2012938BF01211970C4E9039815
:104AE000E17201AB08221220FFF794FE28B333884D
:104AF000038073884380B3888380F388C3800199DF
:104B00003846FFF768FE05460028C6D114F0D7FFE7
:104B100000F5F0406060FFF738FBFFF7F6FA094B4D
:104B20001A68226002B95C601C60FFF7F0FA284640
:104B300005B0BDE8F0830325AEE70625ADE70C1C04
:104B400000203C1C0020401C002008B500F073F839
:104B500030B10523C38003F5C8038360014B836133
:104B600008BD590C010070B50A4C0E46256805B900
:104B700070BDAB7A1BB931462846FFF791FE23681A
:104B80001B68236003B964602846FFF7FAFEEDE76F
:104B900000BF401C002073B514F091FF00260446AE
:104BA0000096CDF804D0FFF7B0FA154A13686FF0FD
:104BB000004533B9FFF7ABFA009CB4B9284602B000
:104BC00070BDD3E90001091B00290ADC11680968DE
:104BD000116001B9526001991E600B600193034698
:104BE000E7E78D42A8BF0D46F9E7A37A1BB90D216F
:104BF0002046FFF755FE236800932046FFF7C1FECD
:104C0000DAE7401C002007B5074B07480022C3E93C
:104C10000023064B00931422064B012110F0A7FD40
:104C200003B05DF804FB401C00200C1C002002DDDA
:104C30000200281C002038B50546054810F00DFE7E
:104C4000044620B11C22002119F01BFFA58020463C
:104C500038BD9C1C002010B50C4641B1086910F00D
:104C600035FA21460348BDE8104010F030BE10BDB3
:104C700000BF9C1C0020807B00F00100704738B50D
:104C800013461446042210F0AFFA054658B92046E0
:104C900011F063F8234623F8020B184611F05DF873
:104CA0006080284638BD0425FBE737B504460D462D
:104CB00001A8114611F036F829460DF1060011F051
:104CC00031F82046042110F0D6FC044628B1042215
:104CD00000680DEB02011AF032FE204603B030BD31
:104CE00008B1808870474FF6FF70704738B50025CF
:104CF0000C460563086910F0E9F92561A58238BD05
:104D00002DE9F743DDF8289098464FF0FF33C9F8B6
:104D100000300B88C3F30133012B0746164648D0F9
:104D2000022B2ED101AA00213046FFF7A8FF05462D
:104D300098B90421304610F083FABDF806103846C1
:104D400005F089FB044660B9BDF806304FF6FF72E6
:104D5000934218BFC9F800300525304610F0B6F967
:104D600036E003691BB101463846FFF7BFFF2389D0
:104D7000BDF80450042B06D1204607F08DFD854276
:104D800003D90A25E9E76089F9E7BDF804303C63F7
:104D9000A3822069A0B9266123691D8AA38AED1A1E
:104DA000002D11DD21463846FFF7A0FF0A25002619
:104DB000D3E7046B002CE4D02369002BE9D1E0E7B2
:104DC000314610F087FCE7E706D1A369C8F8003048
:104DD000284603B0BDE8F08314F071FE00F5EA4008
:104DE00030307863FFF7D1F90125E0E713B50446C9
:104DF00001921046C988128AFFF757FF019090B1BF
:104E000001A9204607F0E3F950B1012809D1019B1F
:104E100000225A61226C10331360019B1433236407
:104E2000002002B010BD0620FBE707B50A4B009337
:104E30000A480A4B1C22032110F099FC38B9FFF7ED
:104E4000E2FE28B903B05DF804EB01F0BEBB0B2015
:104E500003B05DF804FB1ADD02009C1C0020481C16
:104E60000020002110B50446084610F019F9034649
:104E700028B182681288A24204D210F027F90023D8
:104E8000184610BD026822440260F9E70420FFF7CB
:104E9000E8BF0820FFF7E5BF0D20FFF7E2BF70B5C0
:104EA00005460E46FFF7F8FF044640B133462A4652
:104EB000002110F0F0FA18B1204610F007F9002494
:104EC000204670BD10B504460068038A8B4208DB9B
:104ED00089B210F066FB002820600CBF062000207D
:104EE00010BD0A20FCE7034B1A68026002B9586043
:104EF0001860704700BFB81C002040F207431360E1
:104F0000072313717047094B5B7AC3F3C000C3F3E7
:104F10008002C00040EA8200C3F340021043C3F3A2
:104F2000001340EA031000F01D00704700BF34007A
:104F30000020037ADB0601D501F00BBC0820704786
:104F40002DE9F041069C80460E461746002150226E
:104F500020461D4619F095FDD8F80000206098F80D
:104F60000630B8F80420A280A3712B7803F0030365
:104F7000032B24D16B7CE3716B882381D5E9022359
:104F800005F11201C4E9042304F1180010221AF0FB
:104F9000D6FC94F82830003F43F0010318BF0127E6
:104FA000003E84F8283018BF012694F84A30760075
:104FB00046EA870623F006031E4384F84A602B78EE
:104FC0005A070CD5102205F1220104F129001AF02C
:104FD000B6FC94F8393043F0010384F839302B786B
:104FE0001B070CD5102205F1320104F13A001AF02A
:104FF000A6FC94F84A3043F0010384F84A30BDE837
:10500000F08137B505460C4601AA01210B2001F0BD
:1050100008FB014618B90623236003B030BDFFF733
:1050200072FF08700199688901F012FB0028F4D022
:105030002060F2E7F8B50446077AC67B40890D4642
:1050400005F0ABFAD8B190F858303A0743F00103B5
:1050500080F8583042BFDBB243F0020380F858308A
:10506000BB0642BF90F8583043F0040380F8583034
:105070002EB190F8583066F3C70380F85830FF23FC
:10508000637300232B602B7D43F002032B75F8BD67
:1050900000B58BB00388ADF80C304388ADF81630FE
:1050A00010228368CDF80E308118C368CDF8123015
:1050B00006A81AF044FC002300931C2203A942F224
:1050C000190006F052FF0BB05DF804FB10B5104656
:1050D0000C46FFF7DDFF206010BD10B588B0438996
:1050E000ADF800300023ADF8023000220023CDE9F6
:1050F000022310220C4600F15E010DEB02001AF0B3
:105100001EFC6846FFF7C4FF30B108232371237DDE
:10511000206043F00203237508B010BD10B588B0BD
:105120001022ADF80C0004460DF10E001AF007FC39
:1051300002230093122202AB03A942F21A0006F0E6
:1051400014FF20B9BDF80830A34218BF0C2008B0E6
:1051500010BD38B50C46054600F15E014089FFF7E9
:10516000DDFF206010B905236B7338BD237D43F04C
:1051700002032375F9E7037ADB0601D501F0B7BB1B
:105180007047037ADB0601D501F05DBB704710B5AF
:10519000064810F062FB044620B14FF4C0720021B3
:1051A00019F06FFC204610BD00BFC01C002073B575
:1051B000C57C2B0706D5837E1E0742BF037A43F0CA
:1051C00010030372027A037F447F12F010061CBFA3
:1051D00004F0FE0403F0FE0312F0010F0CBF1946A9
:1051E0002146ED0705D5857EED0744BF42F020023C
:1051F00002722343334302BF037A23F02003037276
:1052000011F0010318BF03238A0748BF43F00C03C2
:1052100083734B0748BF837B027D44BF43F0100379
:105220008373C37E934228BF1346C3730DF10701F6
:10523000FFF77FFE02B070BD10B4847B34B9027AF0
:10524000D20706D50A7D42F001020A755DF8044BCB
:1052500070475DF8044BFFF7EDBE014610B1014801
:1052600010F035BB7047C01C002038B5137D0D46CB
:1052700043F002031375012128461446FFF722FE6E
:10528000206030B92B681B681B780BB103F5A06058
:10529000206038BD1FB50222ADF80800009203ABB4
:1052A00002A942F21B0006F060FE05B05DF804FBA7
:1052B00070B504460D4640891646CAB102F1180180
:1052C000FFF72CFF286070B9F379E37396F84A3042
:1052D0009B0703D5237A43F0080323722B6833B965
:1052E0000623637303E02B7D43F002032B7570BD2F
:1052F000FFF7D0FF05232B60F9E730B9074B1A6899
:1053000012681A603AB95B60704703681B680360F3
:105310000BB9014B5860704700BFB81C00202DE945
:10532000F041027A037F477FD40644BF07F0FE07AF
:1053300003F0FE0312F0010F18BF1F460546F807E1
:105340008AB00E4600F18780B90759D501AA10210D
:10535000082001F066F98046002800F0E58002A8E8
:1053600006F021FD0446002840F0828002991022B8
:1053700040461AF0E4FA95F870300199688943F0D4
:10538000040385F8703001F063F90446002840F00A
:10539000BD8001AA0721092001F043F90446002835
:1053A00000F0C280688905F010F9A04603A905F055
:1053B0002AF99DF80C3008F8013B06220DF10D0189
:1053C00040461AF0BCFA95F87030029943F0100389
:1053D00085F87030102205F192001AF0B0FA2378A7
:1053E00085F880300622414605F1B2001AF0A7FA8E
:1053F0000199688901F02CF90446002840F0868064
:105400007A0720D501AA10210A2001F00AF90746DF
:10541000002800F08980102106F03CFF044638BBCC
:1054200095F8703043F0080385F870301022394643
:1054300005F1A2001AF083FA0199688901F008F9D0
:105440000446002862D12B7ADB0767D5314628460F
:10545000FFF7F0FD65E001AA1021062001F0E1F858
:105460008046002860D0E97B06F014FF044618B19E
:1054700001980FF02BFE49E0E87B2146C0F11002B5
:10548000404419F0FEFA1022414605F182001AF05C
:1054900056FAEB7B85F8813095F870300199688970
:1054A00043F0010385F8703001F0D2F8044668BB80
:1054B00001AA0A21072001F0B4F88046002833D061
:1054C000022106F0E7FE04460028D1D1082108F1A8
:1054D000020006F0DFFE04460028C9D195F87030BE
:1054E0000199688943F0020385F87030D8F80630D6
:1054F000D8F80220C5E91E23B8F80030A5F87230AC
:1055000001F0A6F8044600283FF41EAF08233371CB
:10551000337D346043F00203337502E0AB7B002B34
:1055200094D00AB0BDE8F0810624EFE70000034BF9
:105530001B68002003B970471B680130FAE7B81CEC
:10554000002073B50E4601A9054606F0DEFB0446B1
:1055500080B9FEF7DAFDFFF7EAFF019B03440193F0
:10556000FEF7D5FD019B022B04DD3146284606F0EF
:105570009EFA0446204602B070BD10B501460446AE
:105580000220FFF7DEFF28B921460120BDE81040C8
:10559000FFF7D7BF10BD102106F07CBE2DE9F0410A
:1055A00088B007464089DDF838801C460E4615460F
:1055B00005F00BF801A905F026F83B7ADB0714D5B6
:1055C0009DF81230337006220DF1130128461AF0AF
:1055D000B6F99DF81930237006220DF11A014046E4
:1055E0001AF0ADF908B0BDE8F0819DF819303370BC
:1055F00006220DF11A0128461AF0A1F99DF8123081
:10560000237006220DF11301E9E770B504460C483A
:105610000068002688B14589A5420FD1FF2902D034
:10562000457B8D420AD1B2F1FF3F057A03D005F0E8
:105630000105AA4202D103B11E6070BD0646006892
:10564000E8E7B81C00202DE9F0410D46ACB0064655
:10565000062128461446FFF735FC206050BB2B6816
:10566000D3F80080FEF751FDFF2101AB4FF0FF3270
:105670003046FFF7CAFF014690B1437B082B09D0A3
:10568000082323714FF4816323602CB0BDE8F041FF
:10569000FEF73DBD0198FFF730FE0846FFF7DDFD40
:1056A000FEF735FD3046FFF768FF074628B10823AF
:1056B000237120602CB0BDE8F081FEF726FDFFF7D6
:1056C00066FD0546B0B146814773FFF70CFC012328
:1056D00003740622414611301AF031F9688904F04A
:1056E00074FF90F82830DA072FD50723237140F292
:1056F0000743236000252F46FEF709FD2368002B92
:10570000D8D10DA9304601F07CFD0146A8B9202270
:1057100004A819F0B6F9DDF83F00BDF843209DF864
:105720004530049018A904A8ADF814208DF816305F
:1057300006F0D2F90146002840D00529BAD0237DD1
:10574000216023F001032375B4E798F80330062B9A
:1057500004D80623237140F20643CAE7102B04D96C
:105760000A23237140F20A43C3E798F802301B076B
:105770001FD526490223EB750B7A2B764B7AC3F3A0
:1057800000036B76FFF7BFFB1023CA7AEB766B7DC5
:10579000A87613402B778A7AAB7D13406B77284627
:1057A000FFF705FD237D2F7AED7B43F00103237581
:1057B000A2E70323237140F203439AE79DF8673081
:1057C0008DF80A309DF8AA30ADF80860C3F3800266
:1057D000C3F3400343EA42039DF80B208DF80C50BD
:1057E00022F0030213439DF80D208DF80B3022F0B8
:1057F0000702C7F3C203134302A88DF80D3002F06D
:1058000070FB01283FF47DAF022198E700BF340010
:105810000020F8B50E460746102130461546FFF722
:1058200051FB0446286030B108232B712B7D43F0D7
:1058300002032B75F8BD33681E68FEF766FC23462D
:105840004FF0FF3207213846FFF7DFFE044638B934
:1058500005232B6008232B71BDE8F840FEF757BCE9
:10586000837B23F00103837390F8B83043F0010386
:1058700080F8B83031461022CA301AF060F8E37B65
:1058800084F8C93029462046FFF7D6FCE4E7F8B58E
:105890000E4607460A2130461446FFF713FB05461D
:1058A000206030B108232371237D43F00203237568
:1058B000F8BD33681E68FEF728FC2B464FF0FF3218
:1058C00007213846FFF7A1FE38B9052323600823D6
:1058D0002371BDE8F840FEF71ABC827B22F0020279
:1058E000827390F8B82042F0020280F8B820328823
:1058F000A0F8BA20D6F80210D6F80620C0E9301277
:105900002146FFF799FCE4E7F8B50E46074610215B
:1059100030461546FFF7D6FA0446286030B1082312
:105920002B712B7D43F002032B75F8BD33681E6885
:10593000FEF7EBFB23464FF0FF3207213846FFF717
:1059400064FE044638B905232B6008232B71BDE89B
:10595000F840FEF7DCBB837B23F0040383733146FE
:105960001022DA3019F0EBFF94F8B83043F004035A
:1059700084F8B83029462046FFF75EFCE7E7F8B523
:105980000E460746072130461546FFF79BFA0446A8
:10599000286030B108232B712B7D43F002032B7557
:1059A000F8BD33681E68FEF7B0FB23464FF0FF32A8
:1059B00007213846FFF729FE044638B905232B6036
:1059C00008232B71BDE8F840FEF7A1BB837B23F0D1
:1059D0000803837390F8B830314643F0100380F821
:1059E000B83011F8013B80F8C8300622FA3019F0BF
:1059F000A6FF29462046FFF71FFCE3E7F8B50E4651
:105A00000746102130461546FFF75CFA0446286029
:105A100030B108232B712B7D43F002032B75F8BDA9
:105A200033681E68FEF771FB23464FF0FF320721F3
:105A30003846FFF7EAFD044638B905232B600823F2
:105A40002B71BDE8F840FEF762BB837B23F01003A7
:105A5000837331461022EA3019F071FF94F8B830A0
:105A600043F0080384F8B83029462046FFF7E4FBEA
:105A7000E7E70138C0B204289ABF014B1856FF204F
:105A80007047FC1A030013B50DF107010446FFF738
:105A900050FA9DF80700FFF7ECFF637B984207D1AF
:105AA000207A00F00600831F5842584102B010BD12
:105AB0000120FBE7F7B50E4607460621304614469F
:105AC000FFF700FA0546206028B1237D43F002036A
:105AD000237503B0F0BD33681E68FEF716FB2B4636
:105AE000294601223846FFF790FD054670B1022392
:105AF000C37506223146183019F021FFF378062BC2
:105B000007D80623237140F206432360FEF7FFFA0D
:105B1000DFE7102B04D90A23237140F20A43F4E78C
:105B20002846FFF744FB0DF107012846FFF701FA6D
:105B300048B10323237140F203432360237D43F0E4
:105B400002032375E2E72B7A9DF8072013F0100F6C
:105B50000CBF0121092169731046FFF78AFF8842B3
:105B600008BF22722846FFF78EFF0028CED0237D83
:105B700043F00103E5E7F7B50E460746102130462E
:105B80001446FFF79FF90546206038B108232371BA
:105B9000237D43F00203237503B0F0BD33681E6814
:105BA000FEF7B3FA2B464FF0FF3201213846FFF7DC
:105BB0002CFD054620B905232360FEF7A8FAEBE784
:105BC000102231462E3019F0BAFE2B7ADB0706D5AB
:105BD00002236B73237D43F001032375EDE70DF181
:105BE00007012846FFF7A5F99DF80700FFF741FFD9
:105BF0006B7B984202BF2B7A43F004032B7228463A
:105C0000FFF741FF0028D8D0E4E72DE9F0437C4FAF
:105C10009BB006460C46FEF778FA03AB4FF0FF3216
:105C2000FF213046FFF7F1FC0546002860D0237DB8
:105C3000D8070DD5182200212046D4F8108018F07E
:105C400020FF688904F0D1FC002842D1072323609B
:105C50006A7B2368FF2A01D0002B42D00398FFF70C
:105C60004CFB4FF0010894F80490B9F1000F0BD0F1
:105C700006AA0121052000F0D4FC28B180F800908C
:105C80000699304600F0E4FCFEF741FA002D00F0E2
:105C9000B480227D910707D5C2F380032168C2F347
:105CA000C002304602F0E5F8236863BB237A13BBD9
:105CB000B8F1000F2BD1237DDB0740F19E80182225
:105CC0000021204618F0DDFE237D43F001032375FB
:105CD000A1E76B7B424657F8233021462846984778
:105CE000B6E713F0ECFE00F5F0406860FEF74DFA01
:105CF0004FF00008B7E704F10801304602F0A0F8C1
:105D00002368002BD4D0B8F1000FD4D05EE02B7AFA
:105D10009A065BD5FEF7F9F9688904F03EFC95F820
:105D2000B83013F0100F044600F1070656D095F86E
:105D3000C8308DF81030062205F1FA010DF111007E
:105D400019F0FDFD0498C4F807009DF81630BDF861
:105D50001420B280B3710622002304F116010DF164
:105D600019000693CDF81B3018F061FE10B9FEF74C
:105D7000CEF90EE09DF81030032B05D8DFE803F0D4
:105D8000022C022C0223E371FEF7C1F9688902F0AC
:105D900095F82C7A06AB04F0080604F010042246AD
:105DA0003146009304A805F17003FFF7C9F806A86F
:105DB00005F08EFE06AB009304A805F1B803224659
:105DC0003146FFF7BDF806A805F08BFE28461BB04C
:105DD000BDE8F043FFF741BA0323D4E7B288B379B3
:105DE000D0F80700ADF814208DF816300490E07953
:105DF00006F0E4FC8DF81000B9E71BB0BDE8F083B5
:105E000000BF041B03002DE9F04786B080460D4615
:105E1000914600211822684618F033FEFEF775F906
:105E200000234FF0FF32FF214046FFF7EEFB044610
:105E300040B1427B052A09D0062A5DD00823417370
:105E40008DF804300026B246374614E0027A002D61
:105E50004FD107234373D30701D5837B2BB99DF81B
:105E6000143043F001038DF81430E67B277A4FF0AD
:105E7000000AC7F3C007FDB9404604F08EFBD8B155
:105E800090F8583069F3000380F8583027B1DBB23E
:105E900043F0020380F85830BAF1000F05D090F8B3
:105EA000583043F0040380F858302EB190F8583041
:105EB00066F3C70380F8583014B1637BFF2B09D118
:105EC0009DF8143043F002038DF814300DB105F540
:105ED00000750095FEF71BF99DF8143069466AF3CA
:105EE000820340468DF81430FFF78FFE06B0BDE800
:105EF000F08741731E46B9E741739DF81430077A65
:105F000043F008038DF81430C67BC7F3C0074FF089
:105F1000010AB0E70000F0B589B00546FEF7E0FEE3
:105F20004FF6FF739842044625D028690DF1070308
:105F3000012200210FF058F90646F0B92869012125
:105F40000FF07EF99DF807300E2B18D80D4A52F845
:105F50002370A7B11822314602A818F092FD02AAB8
:105F600005F110012046B847204602A9FFF74DFE73
:105F7000029809B0F0BD0720FBE70A20F9E70820E6
:105F8000F7E7301B0300C2780178B0F8010002F097
:105F90000102FFF738BF0178B0F801000122FFF7D6
:105FA00032BF2DE9F043ADB0B0F801501822002106
:105FB000064603A818F065FD1FFA85F8FEF7A5F858
:105FC00000231A46FF214046FFF71FFB0446F0B9A5
:105FD000FFF7DDF8044670B906230393404604F04A
:105FE000F4FA09A904F00FFB06220BA901A819F085
:105FF000A6FC01271AE0042345814373FEF773FFD3
:106000009DF8203043F001038DF82030E6E7427B15
:10601000082A02D104234373F2E7032A0ED19DF824
:10602000202042F001028DF820201F46FEF76FF875
:10603000039D4CB928462DB0BDE8F08340460027AB
:10604000FFF728F93C46F1E745BB3FB3202229463C
:1060500010A8D6F80740B6F80B90D6F803709DF854
:106060002B6018F00EFD062201A90DF141008DF8FC
:10607000406019F064FC9DF85830ADF84890CDE9C7
:10608000147418AC43F00103214610A88DF8583061
:1060900005F019FD002818BF2C460794404603A9B7
:1060A000FFF7B3FD0020C6E7037ADB074CBF3E30A5
:1060B0004E3070470000F7B5067A06F00106044638
:1060C000C6F102000D4601AA0621C0B200F0A9FAED
:1060D0000746002847D05EB32749012323740B7A73
:1060E00063744B7AC3F30003A374FEF70CFF102311
:1060F00023758B7A6375CB7AE074A375062204F15D
:106100001101384619F01BFC0199608900F0A0FAD2
:1061100050BB2046FFF7C8FFFFF73DFA286028B1C3
:1061200008232B712B7D43F002032B7503B0F0BDC8
:10613000062204F1180119F002FC237A13F0100F63
:106140000CBF0123092363730DF103012046FEF701
:10615000F0FE9DF803201046FFF78BFC637B98420E
:1061600008BF2A72D0E706202860002EDED108235F
:106170002B71DBE700BF34000020037ADB074CBF44
:106180004E303E307047F8B50E4607461021304677
:106190001446FEF797FE0546206030B108232371B0
:1061A000237D43F002032375F8BD33681E68FDF7B5
:1061B000ACFF2B464FF0FF3202213846FFF725FA9D
:1061C000054628B905232360BDE8F840FDF79FBFC9
:1061D000FFF7D3FF1022314619F0B1FB2B7ADB0613
:1061E000F2D52146284600F0C2FBEDE700002DE97C
:1061F000F34113F064FC002480460094CDF804D0F1
:10620000FDF783FF1E490B68224625466FF00047C5
:106210004BB902B10095FDF77AFF009C14BB3846DC
:1062200002B0BDE8F081D3E90006A6EB0806002E17
:1062300014DC64B90A6812680A6002B949601D601A
:1062400005B901931D4601221C460346E0E722687A
:1062500012682260002AF2D14C60F0E7B742A8BF72
:106260003746F1E7002360891A460D2101F001FE4F
:10627000236800932046FEF7F0FFCEE700BFB81C6E
:10628000002070B586B0182200210646684618F036
:10629000F8FBFDF73AFF00234FF0FF32FF213046B5
:1062A000FFF7B3F90446FDF732FF34BB3046FFF782
:1062B00064F9054630B9FEF76AFF044628B906239B
:1062C0000093009D284606B070BD037A468143F0D6
:1062D000010303724573FDF718FF2046FEF703FE26
:1062E000FDF715FF9DF81430694643F00103304671
:1062F0008DF81430FFF789FCE3E70225E2E72DE98A
:10630000F0418EB004460D4617460021182268461B
:106310009846169E18F0B5FBFDF7F7FE00234FF0E8
:10632000FF32FF212046FFF770F958B10223009396
:10633000FDF7EDFE20466946FFF767FC00980EB0BA
:10634000BDE8F081FEF723FF06230028EFD0C573D8
:106350004481057A4373D6B945F001050572FEF70D
:10636000C2FDDDE914233946CDE908230AA810222D
:10637000ADF81840ADF81A8019F0E1FA9DF8143024
:1063800043F001038DF8143006AB0493D0E745F0D9
:106390000905E3E7F0B50F46A9B0054601213846E7
:1063A0001446FEF78FFD06462060002852D13B6858
:1063B0001F68FDF7AAFE284604F007F990F8283078
:1063C000DB0716D440F20743236007232371FDF750
:1063D0009EFE2368002B3DD13B78D9071DD514A91B
:1063E0000CA805F079FB2060D0B12846FFF749FFE3
:1063F0002FE005A904F007F9202231460CA818F077
:1064000040FBDDF81B00BDF81F209DF821300C90EB
:10641000ADF834208DF83630D9E705232360E4E762
:106420003B7813F0040F9DF89A3003D09A0701D4FB
:106430001023F3E7C3F340030293DDE918239DF82B
:106440005710CDE900232846BDF858301AAAFFF7A7
:1064500056FF206029B0F0BD000070B588B018224A
:1064600006460D4602A8002118F00BFBFDF74DFE75
:1064700000234FF0FF32FF213046FFF7C6F80446F5
:1064800020B9FDF744FE052008B070BD037A9B07D4
:106490007FD40DF10701FEF74CFD2A7818B99DF85D
:1064A00007309A422DD11046FFF7E3FA637B9842FA
:1064B00027D1013A042A24D8DFE802F0031F1F3D48
:1064C0004B00237A43F0020323721022291D04F1AA
:1064D0001E0019F034FA237A13F0050F1EBF9DF841
:1064E0001C3043F001038DF81C30FDF710FE3046E0
:1064F00002A9FFF78AFB0298C6E76A68274B9A420F
:1065000003D9FDF704FE0320BEE7237A43F002031C
:1065100023721022002104F11E0018F0B2FA6B68F9
:10652000A3776B681B0AE377EB8884F82030EB795C
:1065300084F82130CFE72B7933B940F20C43029332
:106540000C238DF80C30D0E7237A43F0020222723C
:10655000C2E7D5E90112003A18BF0122003918BF7D
:106560000121204600F08DFC20B940F20243029345
:106570000223E6E7237A43F0020323726B68C4F830
:106580007431AB68C4F8783102A9204600F02BF9C9
:10659000ABE7FDF7BCFD022076E73F420F0010B5E8
:1065A00086B0044618220021684618F06AFA0723CC
:1065B00000939DF81430694643F0020320468DF89D
:1065C0001430FFF722FB06B010BD13B50A4B0A4882
:1065D0000022C3E90023094B00934FF4C072084B1B
:1065E00001210FF0C4F8044608B900F05AFC204617
:1065F00002B010BD00BFB81C0020C01C00202EDD62
:106600000200DC1C002008B5FEF715FB30B10623A4
:10661000C38003F582038360014B836108BD692257
:10662000010070B5144606460D46FEF732FC2060A8
:1066300038B1691C89B20EF088FF20B920680EF0CD
:1066400045FD002070BD2368186800F8016BF9E76C
:1066500013B50C466B4601AA062106F099F820B93D
:10666000DDE900102246FEF7C1FB02B010BD08B5FF
:10667000027B012A03460AD190F80011132906D89B
:106680004273FFF711FDBDE80840FEF784BF0A2200
:106690005A73002008BD73B5037A0F4D03F0010350
:1066A000002B00F5817601F10C030C4600F13E024F
:1066B000009318BF314600F14E0306BF294630460D
:1066C000284610F022FC206028B108232371237D86
:1066D00043F00203237502B070BD7D1E002010B58B
:1066E0000A4C237833B909490A4810F084FC50B9A0
:1066F000012323700748402105F0B4FD0448202100
:1067000005F0B0FD002010BD00BF5C1E00205D1E26
:1067100000207D1E002030B589B00D46144603F0E0
:1067200054FF01A903F06FFFDDF812302B60BDF8B4
:106730001630AB809DF81830AB71DDF8193023604E
:10674000BDF81D30A3809DF81F30A37109B030BD86
:10675000000010B5837C012B02D0437E012B08D1B1
:1067600005230B7002230373037A43F008030372BB
:1067700009E0C37C5A0708D4837E5B0705D4002355
:106780000B7000230373002010BD447C042CF6D84A
:10679000027E042AF3D8037A13F0010F4FEA820332
:1067A000134414BF0E4A0E4A13441B5D0B70052B95
:1067B00013D801A252F823F000BFD52A01002D2BD7
:1067C0000100252B0100252B0100292B0100B72AF0
:1067D00001000123C7E70323C5E70320D4E7851B96
:1067E00003006C1B030070B5D0F8782186B0054615
:1067F0000C4602B300F5817102AE009600230846F4
:1068000010F049FA50B1082323714FF481632360DB
:10681000237D43F00203237506B070BDD5F87811CF
:1068200010221144304618F002F920B104232371DC
:1068300040F20443EBE72B7A13F0050FECD0237DF5
:1068400043F00103E7E77FB5037B012B05460C46C8
:1068500019D00CD9023B012B09D911232360237DC8
:1068600043F0020323750823237104B070BD002395
:1068700085F8013103AA10210320FFF7D2FE064656
:1068800090B90623EAE790F8002100EBD20302F06A
:1068900007019B7F0B4103F001038033013280F835
:1068A000013180F80021E5E72846FFF7FDFB00965F
:1068B000024695F801310C4805F5817110F0EBF9AD
:1068C000064620B103980EF001FC2660C7E7039945
:1068D0006889FFF7BDFE08B12060C0E72B7ADB07AF
:1068E0005CBF02236B73C0E700BF7D1E002073B541
:1068F00005460C4601AA10210420FFF792FE064629
:1069000038B9237D43F0020323750823237102B0B5
:1069100070BD2846FFF7C8FB10220146304619F02B
:106920000EF801996889FFF793FE08B12060E8E747
:106930002B7ADA07EBD42846FFF799FE0028F5D129
:106940000DF103012846FFF704FF9DF80360304670
:10695000FFF78FF86B7B9842D9D12B7A9B07D6D45F
:10696000267221462846FFF796FED0E700002DE963
:10697000F043037B022B91B004460D462ED0027AE1
:10698000D60702D453B3032B28D0102104F11E00E4
:1069900005F068FC2046FFF7F0FB0CAE00960246BF
:1069A00094F801314F4904F5817010F074F910B179
:1069B000286008230AE01022314604F12E0018F066
:1069C00036F858B140F204432B6004232B712B7D21
:1069D00043F002032B7511B0BDE8F0830AAE0DF150
:1069E000200800960DF11F0342460DF11E012046BE
:1069F000FEF7D4FD04F5A173CDE902639DF81F30C5
:106A000004F15E07CDE9008304979DF81E3004F180
:106A10004E0204F13E0104F5A97010F076F9064625
:106A200008B12860C5E7E07B3146C0F11002384468
:106A300018F027F81022394604F1820018F07FFF81
:106A400094F87030A4F8726023F0030343F003035A
:106A50004FF000084FF0000984F87030E37B84F8B1
:106A60008130C4E91E891022394604F1CA0018F0A9
:106A700066FF94F8B830A4F8BA6023F0030343F03B
:106A8000030384F8B830E37B84F8C930237AD8074D
:106A9000C4E930891CD52046FFF7E9FD0DF11D0141
:106AA0002046FFF756FE9DF81D603046FEF7E1FFD9
:106AB000637B984208D1237A990705D42E72294620
:106AC0002046FFF7E8FD86E72B7D43F0010381E7D1
:106AD000227B022AF8D19A07F6D443F004032372EA
:106AE00079E77D1E002073B50C460546FFF7F7FDDC
:106AF000206038B1237D43F00203237508232371FE
:106B000002B070BD01AA40210C20FFF78AFD0646A5
:106B100010B906232360EDE71A49202218F00FFF71
:106B200020221849B01818F00AFF01996889FFF768
:106B30008FFD20600028DDD12B7ADB07E0D42B7B92
:106B4000022B18BF01236B730DF103012846FFF7D9
:106B500000FE9DF803603046FEF78BFF6B7B98428A
:106B600008BF26722846FEF78EFF0028C8D02B7B70
:106B70000BB1032BC4D1237D43F001032375BFE781
:106B800000BF7D1E00209D1E00202DE9F3410E4612
:106B90000746402130461446FEF794F9206030B194
:106BA000237D43F00203237502B0BDE8F081FFF7B7
:106BB00096FD0546206030B1237D43F00203237526
:106BC00008232371F0E73368D3F80080FDF79DFABE
:106BD0002B464FF0FF3209213846FEF716FD0546D9
:106BE00040B9052323600823237102B0BDE8F041BA
:106BF000FDF78DBA00F5817640224146304618F007
:106C00009EFE1B4A05F5A97305F59171304610F0FB
:106C1000C2F948B140F20B4323600B232371237D5B
:106C200043F002032375E0E72B7A13F001031CD035
:106C30002A7B022A08BF02236B730DF10701284645
:106C4000FFF787FD9DF807603046FEF712FF6B7B6C
:106C5000984208BF26722846FEF715FF0028C4D0C8
:106C60002B7B002BC1D0032BBFD0237D43F001032E
:106C7000D8E75D1E00202DE9F041037ADA07037B97
:106C80004CBF00F1110800F11808022B8CB004462B
:106C90000E4607D1D0F8781110221E30002938D0C6
:106CA00018F04DFE60890AAA08A9FFF734FD07AA6B
:106CB00010210D20FFF7B5FC054600283BD02046EB
:106CC000FFF7F2F907462046FFF757FA0DF12903BF
:106CD00004939DF8283003930DF1210302939DF84E
:106CE00020300595CDE90083024604F11E033946A4
:106CF00004F5A17010F08BF8054668B107980EF006
:106D0000E5F9337D356043F00203337508233371B1
:106D10000EE017F0B6FEC5E707996089FFF798FC0B
:106D200005460028EDD1237ADB0701D403236373E2
:106D30000CB0BDE8F0810625E3E72DE9F0470E46EB
:106D400090B00746102130461546FEF7BBF80446C2
:106D5000286040B12B7D43F002032B7508232B7173
:106D600010B0BDE8F0873368D3F80080FDF7CDF9A7
:106D700023464FF0FF320A213846FEF746FC044610
:106D800030B905232B6010B0BDE8F047FDF7BFB95F
:106D9000027A037B12F0010F00F11E063DD0022B98
:106DA00000F1180A08D1417E102200293BD0D4F806
:106DB0007411304618F0C3FD0AAA608908A9FFF7CC
:106DC000AAFC1021304605F04DFA2046FFF7D5F910
:106DD00007462046FFF768F90DF1210304939DF85B
:106DE000203003930DF1290302939DF828300DF113
:106DF0003009CDE900A30246CDF814903346394658
:106E000004F5A17010F003F8286080B108232B71FD
:106E10002B7D43F002032B75B5E7022B00F1110A1D
:106E2000CAD1817CC0E7304617F02BFEC4E71022A0
:106E30004946404617F0FBFD28B10B232B7140F269
:106E40000B432B60E4E70DF11F012046FFF781FCA7
:106E50009DF81F00FEF70DFE637B984202BF237A68
:106E600043F0040323722046FEF70DFE00288AD06B
:106E7000237ADB0744BF052363732B7D43F00103B3
:106E8000C9E7037ADB074CBF837C437E591E4B4224
:106E90004B41A3EB020CDCF1000040EB0C0070470F
:106EA000000008B510F0D3F8024B00221A7008BD9C
:106EB00000BF5C1E002070B588B001AE0C463146A4
:106EC000054603F0A0FB96E8030004F108036060A8
:106ED00023F8021B090C1970DDF80B30C4F80B30D5
:106EE000BDF80F30A4F80F309DF811306374DDF851
:106EF0001230C4F81230BDF81630E3829DF8183015
:106F00002376DDF81930C4F81930BDF81D30A4F827
:106F10001D309DF81F30E377AB882384AB8B6384EF
:106F2000EB8BA3842B8CE38495F8223084F82930F2
:106F3000AB6D236095F82830DB4303F0010384F840
:106F4000283008B070BD07B5002300931A461946D3
:106F500042F20E0005F009F803B05DF804FB1FB51E
:106F600000238DF80C008DF80D100093022203A968
:106F700042F20C0004F0F9FF05B05DF804FB1FB508
:106F800000238DF80C000093012203A942F20A00AD
:106F900004F0EBFF05B05DF804FB38B50B4A11684F
:106FA00000230C460CB9204638BDA58A854202D084
:106FB00023462468F6E723B90B681360FDF7E5F86C
:106FC000F1E722681A60F9E700BFCC1E0020054BEC
:106FD0001A886FF308021A805A7C22F008025A7449
:106FE000FDF7D3B800BF181F0020F8B5094F3D4684
:106FF00004460E46FDF789F80FCD0FC42B682360B9
:107000001EB1FFF7E4FF00233B74BDE8F840FDF735
:107010007EB8181F002010B40C4611461CB1234640
:107020005DF8044B18470278042A07D1D0E9011211
:107030000B6813604B6853608B68936000205DF8A9
:10704000044B704770B50D460446FDF75EF82846C0
:1070500003F0A3FA50B1D0E91756FDF758F83246BD
:1070600029462046BDE87040FFF7D5BFFDF74FF831
:10707000072070BD0000044B1B7C23B9044B5878DB
:10708000C0F38000704701207047181F0020081FC0
:107090000020014610B101480EF019BC7047D01E07
:1070A000002038B5054B1C68054604B938BDD4E945
:1070B000003128469847A468F7E7041F002000B570
:1070C00093B03422002105A817F0DBFC08238DF8CB
:1070D00014300121002368460693FFF786FF0299CA
:1070E00019B1039A05A8FFF796FF05A8FFF7D9FF86
:1070F00013B05DF804FB30B5114B1B78012B93B036
:10710000044615D0022B11D101216846FFF76DFF0F
:10711000029D5DB10021342205A817F0B2FC0023C6
:1071200003998DF81430069405A8A84713B030BD14
:10713000FFF7C5FF13B0BDE83040FFF748BF181F89
:10714000002030B58FB034220021044601A817F08A
:1071500098FC092301A88DF804300294FFF7A1FFE1
:10716000FCF7D3FF094A1388D2E9024523F4875379
:1071700023F01F031380FDF708F8FCF7C8FF14B1D4
:10718000294601A8A0470FB030BD081F002038B520
:10719000104D2B78BBB16B78DB0614D56C6812F000
:1071A0008EFC201A002810DC0020FFF7E8FE68B9EA
:1071B0002B8823F4875323F01F032B80FCF7E5FF74
:1071C0000D20FFF7BEFF6FF0004038BD6420FCE7E4
:1071D00000BF081F002038B5094D00202C78FFF7AC
:1071E000CEFE58B92B8823F4875323F01F032B803E
:1071F000FCF7CBFF013C18BF0124600038BD081F1D
:10720000002038B505460C46FCF77FFF284603F002
:10721000C4F918B9FCF77BFF072038BD14B121462B
:10722000FFF749FEFCF773FF0020F6E7000030B5DA
:107230001A4BC168427805461878012893B026D1C8
:107240005B7CDC0707D505AB06F019F918B9059B7F
:107250001A78022A18D03422002105A817F011FC50
:1072600007238DF814300FCD06AC0FC495E803004A
:1072700084E8030000216846FFF7B7FE029B43B98C
:1072800005A8FFF70EFF02E09B78DB07E3D413B0FD
:1072900030BD039905A89847F2E7181F0020F0B504
:1072A0000E46017895B00546002938D002290CD049
:1072B0003C2903D1724B1B78012B02D0002015B062
:1072C000F0BD0020FFF73DFFF8E76D4B1A78002A6C
:1072D000F4D01B7C022B03D11D20FFF70CFFEDE740
:1072E000012102A8FFF781FE049C002CE6D0342285
:1072F000002107A817F0C5FB00238DF81C304FF6BE
:10730000FF73ADF824309DF81930059913F0080F7C
:107310000CBF0D230923089307A8A047CEE7408898
:1073200005F016FE0028C9D02B79002B79D0012B4F
:107330007DD0688803F0E9F8AB898383EB89C38348
:107340002B8A0384AB7C80F822302B790446002BF7
:1073500077D14B4B9A68C265DA6802665B7C90F81D
:107360002820C3F3410342F0010280F828208371F2
:10737000FFF72DFE6B79E3710622A91804F10800CE
:10738000012718F0DCFA05F11906062205F11301B0
:10739000A77304F10F0018F0D2FA00230622314639
:1073A0000DF11D000793CDF81F3017F040FB0028AA
:1073B0005CD1E379BB420ED1637B03F0C003402B69
:1073C00009D1D4F80730C4F81530B4F80B30A4F85C
:1073D0001930637BE376FCF798FE3422002107A87E
:1073E00017F04FFB204603F0E4F80024FCF78FFE73
:1073F0006B88ADF8243007A88DF81C400894FFF77F
:1074000050FE698807A8FFF71DFE6B88ADF80830AD
:1074100000942346022202A942F2160004F0A5FDC0
:107420004CE7174B1B78022B83D0052047E7002E33
:10743000FBD1124B1A78012AF7D15B781B07F4D5E0
:1074400077E70E4A310102EB0616B368C365F368AD
:1074500003667378C3F301038371535A23F487538C
:1074600023F01F035352FCF790FE83E76775062253
:10747000314604F1160018F062FAACE700BF081FAD
:107480000020181F002038B50446FCF73EFE608837
:1074900003F083F8054628B163781BB9201D0EF070
:1074A0005EFC6862BDE83840FCF731BE30B58FB095
:1074B00004460D463422002101A817F0E2FA052304
:1074C000214601A88DF80430ADF810400295FFF771
:1074D000B9FD0FB030BD70B58EB04588044634227A
:1074E000002101A817F0CDFA12238DF8043063783B
:1074F000029323798DF80E3001A863798DF80F304F
:10750000AEB2ADF80C50FFF7CCFD314601A8FFF745
:1075100099FD0EB070BDF8B52C4D2B786BB16B7822
:10752000DB070AD56C6812F0CAFA241A002C0BDCAF
:107530002B78012B27D0022B02D06FF0004403E000
:10754000FFF701FDD0B16624214FFCF7DEFD12F0FC
:10755000B6FA3A6801466FF000454FF6FF70DAB9A7
:107560002DB3FCF7D4FDAC42A8BF2C46FFF70FFEAD
:10757000A04227DCBDE8F840FFF709BE6B7860F356
:1075800000036B70D9E700210846FFF7E8FC0028EC
:10759000D9D1FFF794FDD0E713695B1A23EAE373AF
:1075A000AB42B8BF908A1268B8BF1D46D7E7FFF755
:1075B000F4FC0646FCF7ABFD002ED4D03046FFF7B6
:1075C00068FDC2E72046F8BD00BF181F0020CC1E92
:1075D000002010B5FCF799FDFFF7FDFD0446FCF710
:1075E00096FD204610BD2DE9F0431D468BB0804628
:1075F0000F469146FCF789FD4DB3B8F1030F26D82D
:107600006B78022B23D85A4E3378002B40F0AC8095
:107610002B78012B17D0022B0CD0C3B92B7ADA07A9
:1076200015D46FF00043994513D1FCF79EFDB8B90E
:107630001E2478E02B7ADB0709D402F0F8FE00283C
:10764000EFD106246FE017B13B78032BF5D9032463
:1076500069E003A94846FCF732FC0028E5D0F6E7CC
:10766000FFF709FD002840F08180404605F02AF828
:107670000446002857D1129BB360139BF3607378C4
:10768000049068F3010373702B787278CDF81300BF
:10769000003B18BF012363F3C302727069882A7824
:1076A000AB8831B92BB9002A15BF6023F0233021F4
:1076B000A021ADF81810ADF81A30002A39D0012AEF
:1076C0003DD004A9002F18BF3946062211F8013B0E
:1076D0008DF81C400DF11F008DF81E308DF81D80B7
:1076E00018F02DF9AB79002B08BF07238DF8253052
:1076F000EB798DF82630002300930F2206A942F281
:10770000060004F032FC044668B901203070FFF72F
:1077100036FC0446D0B1338823F4875323F01F038B
:107720003380FCF732FDFCF7F2FC20460BB0BDE8DD
:10773000F0836B78002B14BF02240324C1E72B7A5B
:1077400013F0010F0CBF04240124BAE76FF00043CB
:107750009945E8D0039D12F0B2F97378054443F0DF
:10776000100375607370DCE70224DCE71D24DAE7A0
:1077700000BF081F002010B50C468AB0014610B9A2
:107780001CB1122010E01F2CFBDC22460DF1090079
:1077900018F0D5F800230093202202A942F2080035
:1077A0008DF8084004F0E1FB0AB010BD10B50C469E
:1077B0008AB0014610B91CB1032010E01F2CFBDC7D
:1077C00022460DF1090018F0BAF800230093202298
:1077D00002A942F209008DF8084004F0C6FB0AB085
:1077E00010BD00B58BB01F230DF1070202A905F0F3
:1077F00022FE20B99DF8071002A8FFF7BCFF0BB0CE
:107800005DF804FB00B58BB01F230DF1070202A940
:1078100005F011FE20B99DF8071002A8FFF7C6FF7A
:107820000BB05DF804FB024B1878431E58425841D8
:107830007047081F0020024B1878431E58425841D9
:107840007047181F0020024B1878831E5842584179
:107850007047181F00201FB590F8283013F002035E
:10786000044614D18288ADF80C208DF80E100093D8
:10787000032203A940F2064004F077FB28B994F8EC
:10788000283043F0020384F8283004B010BD0220F1
:10789000FBE738B505460C46FCF737FC284602F0F6
:1078A0007CFE38B12146FFF7D6FF0446FCF72FFCDB
:1078B000204638BD0724F9E730B58FB004460D46A1
:1078C0003422002101A817F0DCF8032301A88DF869
:1078D0000430ADF80C400295FFF7E3FB214601A808
:1078E000FFF7B0FB0D2D03D113212046FFF7D1FF89
:1078F0000FB030BD2DE9F0418EB0342204460D4664
:1079000001A8002117F0BDF8FCF7FFFB204602F0AC
:1079100044FE064620B9FCF7FAFB0EB0BDE8F08144
:1079200003A9FFF7C8FAD6E91778FCF7F0FBFCF7D4
:10793000ECFB2046FFF731FB0646FCF7E8FB36B1CF
:1079400020462946FFF7B8FF3046FFF7A2FB29463D
:107950002046FDF708F92046FEF721FE204601F0FB
:1079600018F8204602F037FD204605F0A0FD20461D
:1079700005F0D8FA012301A88DF804300295FFF72D
:1079800090FB4246394601A8FFF745FBC5E770B5B5
:10799000B0F8016003788EB00446B5B24BB9C17837
:1079A00009B101F5007128460EB0BDE87040FFF73F
:1079B000A1BF3422002101A817F063F806238DF837
:1079C00004302378ADF80C600BB103F5007301A807
:1079D0000293FFF766FB294601A8FFF733FB0EB0C1
:1079E00070BD38B504464FF6FF7505F0C5FAA842DC
:1079F00003D02146FFF77EFFF7E7054B1B78012BED
:107A000002D12046FFF79DFB2046BDE83840FFF736
:107A100072BB081F002070B590B0054634220021CB
:107A200003A817F02EF80822002101A817F029F862
:107A3000FCF76BFB6E88304602F0AFFD18B16B7837
:107A4000E3B11A2B21D0BDF8043023B93046FFF73B
:107A5000A4FAFFF71EFBFCF75AFBBDF80430002B1D
:107A600032D001A91C4A00233046FDF702F8014636
:107A700010B13046FFF720FF10B070BDAB88838394
:107A8000EB88C3832B890384DDE7134B1C68002C30
:107A9000D9D0A38AB34201D02468F8E790F82830FF
:107AA000DB07D0D4A388ADF80430E388ADF8063006
:107AB0002389ADF808306389ADF80A3011F0FFFF73
:107AC00000F520402061BEE769780029D1D001F59A
:107AD0000071CEE700BF313E0100CC1E002070B522
:107AE00004460D46FCF711FB2046FFF756FA064602
:107AF000FCF70DFB4EB13046FFF7CBFA2DB129460E
:107B00002046BDE87040FFF7D7BE70BD2DE9F041BB
:107B100034229AB0044600210DEB020016F0B1FFAA
:107B20002279E37843EA0223ADF80C30A279637935
:107B300043EA0223ADF80E30227AE37943EA0223C6
:107B4000ADF81030A27A637AB4F8014043EA022318
:107B50000025ADF81230059503AE96E807000DF14B
:107B6000180888E80700342229460DEB0200A7B266
:107B700016F087FF042339460DA88DF83430CDE97F
:107B80000E68ADF84040FFF75DFAADF824400346BB
:107B900090BBBDF81820ADF82620BDF81A20ADF82E
:107BA0002820BDF81C20ADF82A20BDF81E20ADF815
:107BB0002C20BDF82020ADF82E20BDF82220ADF8F5
:107BC000302000900E2209A942F2200004F0CDF9E5
:107BD000044670B1FCF799FA3846FFF7DEF905461E
:107BE000FCF795FA2846FFF754FA21463846FFF786
:107BF00063FE1AB0BDE8F0818DF8260000952B4693
:107C0000032209A942F2210004F0AFF9F1E72DE9BE
:107C1000F0410A884B889A4288B080460C4600F2B0
:107C20009D80052A40F29A80B3F5486F00F2968055
:107C30008A88B2F5FA7F80F09180C98802FB03330D
:107C4000B1EBA30F40F38A80082200210DEB020064
:107C500016F017FFFCF759FA404602F09EFC064664
:107C6000002856D03F4B1D68002D4DD13E480DF0E9
:107C7000F4FD0746002854D01822294616F001FFCB
:107C8000A7F81480206861683B1D03C3A0681860D2
:107C900011F015FF00F520403861736A9A0703D48C
:107CA00096F82830DB073ED52388ADF8123063887C
:107CB000ADF81430A388ADF81630E388ADF818306D
:107CC0002389ADF81A3000256389ADF81C30009582
:107CD0002B460E2204A942F21300ADF8108004F0E6
:107CE00044F90646FCF713FA05BBFCF74EFAFCF71D
:107CF0000CFA7EBB1B4B1A683A601F60FCF707FA50
:107D0000304608B0BDE8F081AB8A434505D02D6808
:107D1000AAE7074607260546E4E7002502262F4680
:107D2000E0E70626DEE72E460125DBE72388ADF8EF
:107D300008306388ADF80A30A388ADF80C30E388CA
:107D4000ADF80E30094A002302A94046FCF791FE27
:107D50000646CCE73846FFF79CF9CFE70326CFE786
:107D600000BFCC1E0020D01E0020313E010037B5E0
:107D7000054600230093CDF8033015F8013B044677
:107D80004BB906220DF10101284616F050FE10B93C
:107D9000032003B030BDFCF7B8F9204602F08BFC9D
:107DA00010B11321FFF757FDFCF7B1F920782946F0
:107DB00003F0C9FF204603F07BFFEAE71FB501226D
:107DC00001A902A803F051FF20B9019B2BB102A821
:107DD000FFF7CDFF05B05DF804FB0520FAE7F0B52D
:107DE00089B00646032201A902A803F03EFF04461B
:107DF000C8B9019B13B30DF10905771C019BA34280
:107E000010DD327815F8013C9A420FD1294606223E
:107E1000384616F00CFE073508B90134EEE7019B31
:107E2000A34203DC0624204609B0F0BDC4EBC40421
:107E300002AB1819FFF79BFF0446F4E70524F2E7AD
:107E400030B58FB004460D463422002101A816F04B
:107E500018FE95E803000B238DF8043002AB83E88D
:107E60000300214601A8ADF81040FFF7EBF80FB072
:107E700030BDF0B58FB004460D46174600213422C0
:107E800001A81E4616F0FDFD0A2301A88DF8043056
:107E9000ADF80C400295FFF704F9214601A8FFF761
:107EA000D1F81DB927B1204600F096FF0FB0F0BD04
:107EB000002EFBD0204600F052FFF7E710B58EB041
:107EC00004463422002101A816F0DBFD10232146D0
:107ED00001A88DF80430ADF80840FFF7B3F80EB0F4
:107EE00010BD10B504468EB03422002101A816F052
:107EF000C8FD2068029011238DF804302188A388E2
:107F0000ADF80C3001A8FFF79DF80EB010BDF0B52C
:107F10008FB004460F4616460021342201A81D46A4
:107F200016F0AFFD0C238DF804309DF81030ADF83D
:107F30000E4065F3000301A88DF81030ADF80C7009
:107F40000296FFF7AEF8214601A8FFF77BF80298EA
:107F50000DF0BCF80FB0F0BDF0B58FB00C46074681
:107F600016460021342201A81D4616F08AFD0D2375
:107F70008DF804309DF81030ADF80C4065F3000327
:107F800001A88DF810300297ADF80E60FFF789F860
:107F9000214601A8FFF756F80FB0F0BDF0B58FB03D
:107FA00005460F4616460021342201A81C4616F04D
:107FB00068FD9DF85020ADF80850003A4FF00E03D0
:107FC0008DF8043018BF0122231E18BF012343EA95
:107FD00042039DF85420ADF80A70003A18BF012200
:107FE00043EA82039DF858208DF80C60003A18BFD0
:107FF000012243EAC2039DF80D2022F00F02134331
:1080000001A88DF80D30FFF74CF8294601A8FFF7BD
:1080100019F80FB0F0BD70B58EB004460E46154687
:108020000021342201A816F02CFD0F2301A88DF8A1
:108030000430ADF80840ADF80A60ADF80C50FFF719
:1080400030F8214601A8FEF7FDFF0EB070BD38B52F
:10805000FFF7C1F820B9104A537843F00403537076
:108060000F4C2378022B0CD1FEF76DFF48B9238A01
:1080700023F40F6323F00F0343F4006343F0020380
:1080800023822578012D07D100210846FEF767FFDE
:1080900010B9FEF79CFF257438BD081F0020181F7B
:1080A000002008B5FCF731F8FEF7E5FF08B9FFF747
:1080B000CEFFBDE80840FCF72AB8F0B5204D2048B7
:1080C0008FB04FF0FF31FBF707FE08220021284652
:1080D00016F0D7FCFCF719F81B4A53785C0744BF2D
:1080E00023F004035370184BD2E902011A7C48BFF5
:1080F000C5E900010024012A02BF1C74D3E902670C
:108100001446FCF704F8092329688DF804301D2370
:10811000029319B16A6801A8FEF77DFF0948FBF7D1
:10812000EDFD4CB108238DF804303A461D2331464D
:1081300001A80293FEF76FFF0FB0F0BD00BFC01E95
:108140000020C81E0020081F0020181F002010B5A6
:108150000B4C226813460BB9052010BD834207D093
:108160009B68F8E7134692688242FBD1996003E06E
:108170009A429968F6D121600020EEE700BF041F03
:10818000002007B514220021104816F07AFC1022B6
:1081900000210E4816F075FC0E48FBF792FD0D4AC3
:1081A0000E48002313600D4A13600D4B00931822F4
:1081B0000D4B01210DF0DBFA18B101280CBF062090
:1081C0000B2003B05DF804FB00BF181F0020081F40
:1081D0000020C81E0020CC1E0020D01E0020041F3E
:1081E00000203FDD0200EC1E002010B5084A0849BF
:1081F0001288096803460020824202DC4FF0FF30FB
:1082000010BD51F830409C42FAD00130F4E7541FC1
:108210000020581F002010B5074A126803460020AE
:10822000824202DC4FF0FF3010BD33F820408C4218
:10823000FAD00130F4E72C1F0020024691F9020029
:108240008B78002810B50FDA13F001040AD113F06F
:10825000020006D0B2F8542042B91D2003F07F037B
:108260008B7010BD1B20F9E70020FAE72046F8E7E5
:1082700038B5DDE9043460681D6804F07CF981B22A
:1082800028460DF062F9014620B1606804F03DF91E
:10829000002038BD1120FCE770B5DDE9046504213C
:1082A00030680DF052F9044608B9112070BDA98854
:1082B0000DF038FDA01CE9880DF034FD2B685868DE
:1082C00004F0DBF8044608B90020EFE7306802212B
:1082D0000DF03BF90028E8D021460DF023FDF3E72F
:1082E0002DE9F84F1C461B78DDE90A6A07468846E7
:1082F0001546032B3CD8DFE803F002320232F5B911
:1083000033686360A94663683846B3F810B00C9BC5
:1083100022464146D0470746D8B961680B8AA3EB8D
:108320000B035B1B14D4B9F1000F15D030689BB25E
:108330002A460CF032FF60680CF0C8FE0CE0002109
:1083400008460CF0ADFE6060A0B14FF00109DAE71D
:108350000727B9F1000FEED13846BDE8F88F336832
:10836000636022460C9BD047636833600746F3E79F
:108370000E27F1E71127EFE730B589B01D46023A25
:108380000D9B0793544254419A6802925B68019393
:108390000C9B00932A4605AB8DF81440FFF7A0FF15
:1083A00009B030BD10B588B01446022C1A460B9B9C
:1083B00007930CBF032402248DF81440DC68029458
:1083C0009B6801930A9B009305ABFFF789FF08B0F8
:1083D00010BD08B5FFF727FA08B1002008BDFFF768
:1083E0002AFA0028F9D1FFF72EFA0028F5D102F079
:1083F00004F9B0FA80F04009F0E738B5064C0025E2
:108400002068F3F7EDFD2560044C2068F3F7E8FDE4
:10841000256038BD00BF501F0020581F00202DE9E7
:10842000F0410C4FDFF83480054600243B88A3421E
:1084300003DC00263046BDE8F081D8F8003003EBBD
:10844000C40653F834302846596803F0B9FF0028B1
:10845000F0D00134EAE7541F0020581F00202DE916
:10846000F843884616461F46FFF7D9FF054610B960
:108470000520BDE8F883808802F03BFBD8B1046892
:1084800042F60309002CF3D02346EA885989246870
:108490009142EDD0586803F0F0FF4845F2D1002C2E
:1084A000E6D06068414603F08BFF0028ECD106B1AE
:1084B00035603C60DDE71120DBE730B585B09DF825
:1084C000204083EA0405AD070CD004F002050295B4
:1084D00004F0010403F002050195009403F0010388
:1084E000FFF75CFD05B030BD70B5DDE904650C46F5
:1084F000306803210DF029F808B9112070BD2A8ACF
:1085000002F00103910748BF43F00203510748BF3F
:1085100043F00403110748BF43F00803D10648BFE6
:1085200043F01003910648BF43F02003510648BFB3
:1085300043F0400312F4C07F18BF43F08003611C76
:1085400000F8013B89B20DF0EDFB2868346804F0B7
:1085500012F881B220460CF0F8FF01460028CCD07A
:10856000286803F0D2FF0020C8E703469B06C0F34B
:10857000001048BF40F0020070472DE9F04F8146DF
:108580008BB00E461446FBF7C0FD484602F005F8D6
:1085900000273D46824630B9FBF7B9FD0E24204640
:1085A0000BB0BDE8F08F06F1FF38149BADF82070DA
:1085B0001FFA88F84645D3F800B06AD3C66C414626
:1085C0003046FFF728FE421C63D016EB800660D0D1
:1085D000022CB77807D0022158460CF0B6FFB0BB8A
:1085E0003D4611243AE0BBF81010022953D15846F9
:1085F0000CF0D7FF00680DF0B0FBF47830EA04040B
:108600004CD1B378834227D0C5B2B5709AF85830B0
:108610005B0723D5BAF80B209AF80D30DAF807007B
:108620008DF81E30ADF81C2006909AF8070004F073
:10863000C5F8ADF82080B378ADF822309DF824302D
:108640008DF8180064F300038DF8243006E0B1784B
:1086500001F003010DF066FB3D460024FBF757FDDA
:10866000002C9CD13B460095012241464846FFF72D
:1086700024FFBDF82030002B91D0BDF8223083B903
:1086800003A806A903F061FA03A803F05AFA044606
:1086900085E70E24E2E73D460D24DFE73D4606244C
:1086A000DCE706A803F049FAF1E72DE9F04FA84B03
:1086B0000F46B3F800C0A749A84B0D881B6899B0B6
:1086C0004FF00008059203EBC503C6464FF6FF794D
:1086D0000278064608EB05043AB90C800392039B26
:1086E0004345C0F22E81002086E0A44500F1100031
:1086F00003F1080340F3928043F8086C23F804EC7C
:1087000023F8029C08F10108E2E7934B1E6806EB90
:10871000CA0304939B88002B47D156F83A50AC68A3
:1087200024B1043C54F8040F002835D12C78631E82
:10873000012B44D86B68002B41D0884E8948894B67
:10874000009301950DF11A0300220121022C08BFAC
:10875000304602F096F900284CD157B101238DF82C
:1087600024300599BDF81A30ADF8283009A80B95CA
:10877000B847AB682BBBEC681CB123681834002BDE
:108780003DD1049ABDF81A30938002F0ACF9049BF5
:1087900009F10109D88008E0FFF727FD431C04D048
:1087A00006EBC0008388002BBCD10AF1010A694B9B
:1087B0001B889A45A9DBB9F1000F40F0C680032061
:1087C0001AE0694EDFF8C8B10024AB6818590028D8
:1087D000D1D0FFF70AFD604B1B6803EBC003CDE966
:1087E0000063002213AB0121584602F04AF9043419
:1087F0000028EAD00128D8D019B0BDE8F08F54F88D
:10880000143C002BDBD034F8080CFFF7AEFE50B15F
:10881000574B574A1B6812889A4201DA0620EBE749
:10882000534A01331360534B0093A4F1180B524881
:10883000CDF804B007AB0022012102F022F9002894
:10884000D8D134F8083CC3F3400113F00C0F18BF23
:1088500041F00201980548BF41F004015A0548BFA4
:1088600041F008011E0548BF41F01001D80448BF7F
:1088700041F020019A0448BF41F040015B043F4BA6
:1088800014F8062C0093CDF804B048BF41F08001E5
:1088900054F8180C0DF11E0302F0F3F80028A9D1CA
:1088A00054F8043C13B1BDF81E201A807FB1022396
:1088B0008DF83830BDF81C30ADF83C300599BDF866
:1088C0001E30ADF83E300EA8CDE910B5B84734F8EB
:1088D000080CFFF74AFE50B12A4B009300222948AA
:1088E000019208AB032102F0CCF8002882D154F8A1
:1088F0000C6C002E3FF441AF306800283FF43DAFD0
:10890000B368002B3FF45BAF204B72793179009351
:1089100001960DF1220302F0B4F800287FF46AAF4B
:108920006FB14FF003038DF84C300599BDF822303C
:10893000ADF8503013A8CDE916B51596B8471036E6
:10894000DAE74FF00009CA4631E7039B4B44039333
:10895000C5E6BE1A0020541F0020581F00202C001E
:10896000002030000020C3450100EB4501002C1F12
:108970000020BC1A00203B48010024000020CB4608
:108980000100CD48010020000020F746010028002A
:1089900000202DE9F7430546FBF7B7FB284601F019
:1089A000FCFD044620B10023D0E91378C0E913335D
:1089B000FBF7ADFBECB1284601F0CBFACFB10024B8
:1089C0003E46A146A04506F1040606DC0B483946A2
:1089D00003B0BDE8F0430CF07ABF16F8023C36F85D
:1089E000041CCDF8009002222846FFF766FD0134F2
:1089F000E8E703B0BDE8F08300BF341F00202DE995
:108A0000FF474A4B4B4F18680390FBF77EFBFFF77D
:108A1000E0FCDFF83C81002800F08280FFF7EDFCED
:108A200002F091FF064600287CD1DFF82891B9F8C2
:108A30000000002844D13F4B188830B1C000F3F744
:108A4000CAFA3D4B1860002841D03C4BDFF80CA11E
:108A500000251D80D8F800303868AB4243DCF3F7BE
:108A6000BFFA00233B60C8F80030354B1A680AB3E0
:108A7000354BB9F800100093344B91FBF2F11B68B1
:108A80003348920089B20CF072FE044600284BD1A4
:108A90002F48DFF8C8900CF0E0FEC9F80000B0B134
:108AA0002546274628464FF6FF7203A902F02DF807
:108AB000054618BBFBF72BFB304604B0BDE8F0873A
:108AC0008000F3F788FA204B18600028B3D1062401
:108AD000FFF793FC3868F3F783FA00233B60C8F88C
:108AE00000302646E6E7DAE9001250F82500FFF7E5
:108AF000DCFD04460028EBD10135ABE72B69188A71
:108B0000FFF733FD0028CDD0D9F800106B8901EBB9
:108B10008402013321F82430D07097700134C1E70A
:108B20000F24D5E70446D3E70B24D1E700BF9E1BF3
:108B30000300601F0020BE1A0020581F0020541F91
:108B400000202C1F00204EDD0200501F0020341F8B
:108B500000205C1F0020BC1A002034000020301FC1
:108B60000020054B1B682BB1054BD888003818BF77
:108B7000012070470120704700BF2C1F0020341FC8
:108B8000002038B50C4D2B68002B04460EDD0A483A
:108B90000CF063FE206060B1094B2A6819689200EE
:108BA00016F0CDFE2B686360002038BD0023036003
:108BB000F9E70620F9E72C1F0020341F0020301FA2
:108BC0000020F8B50546FBF7A0FA284601F0E5FCC1
:108BD0000446F0B1066D00239E4201DC00260CE045
:108BE000E06C00EB830292F902709178002F0EDAAC
:108BF00030F8236001F07F039370FBF788FA54B1DB
:108C00005EB131462846BDE8F84001F0E8B90133CD
:108C1000E2E70646F1E70720F8BD0520FCE72DE96D
:108C2000FF412A4B1C6880462046FFF7F4FA421C9D
:108C30000E4604D10524204604B0BDE8F08104EBC3
:108C400080048700E3789B07F4D5FBF75EFA404683
:108C500001F0A3FCB0F85480B045034632D190F83F
:108C60005820002412F00402A0F854402CD0C56C07
:108C70003D4495F90220A24227DBB3F80B105A7B42
:108C8000D0F80700ADF804108DF806200090D879D0
:108C900003F094FDADF80880AB78ADF80A309DF88C
:108CA0000C308DF8000064F300038DF80C300125C2
:108CB000FBF72DFA002CBDD1002DBCD0684602F088
:108CC0003CFFB8E70524F3E714462546F0E7301FDC
:108CD00000202DE9F74FDFF87CA0DFF87CB00027FB
:108CE000DAF80030BB4202DC03B0BDE8F08FDBF8FD
:108CF000000030F827904946FFF78DFA431C27D033
:108D000085004FF00008FBF700FA404601F05FFCD9
:108D1000044688B1C16C2944FFF78FFA0646A08843
:108D20000190FBF7F4F99CB11B2E019808D01D2E81
:108D30000AD008F10108E6E706464FF6FF70EFE7B4
:108D4000494601F003F9F4E7494601F048F9F0E734
:108D50000137C5E700BF2C1F0020301F00207FB562
:108D60000646FBF7D2F9304601F017FC0446D0F86E
:108D70000700B4F80B20637BADF804208DF80630B3
:108D80000090E07903F01AFD00258DF80000236DB6
:108D9000AB4203DCFBF7BBF904B070BDE26C02EB45
:108DA00085039978B1B132F82520ADF808209B7879
:108DB000ADF80A309DF80C3023F001038DF80C302B
:108DC000FBF7A5F9684602F0B8FEFBF79EF93046BE
:108DD00001F0E3FB0135DAE770B504468AB0FBF732
:108DE00094F9204601F0D9FB0346D0F80700B3F808
:108DF0000B105A7BADF810108DF812200390D87923
:108E000003F0DCFC00238DF80C00ADF814308DF875
:108E10001630FBF77CF906A903A802F089FE0028AA
:108E20004DD1FBF772F9204601F0B7FBC56CBDF8D8
:108E3000201006462846FFF7EEF9411C16D1002502
:108E4000FBF765F99DF822300093BDF82010002350
:108E500003222046FFF731FB1B2D19D01D2D28D0F2
:108E60009DF8163001338DF81630D4E715EB8001EC
:108E7000E5D09DF822308B709DF82420D207DED5F6
:108E800063F07F038B703046FFF7D7F90546D7E7CD
:108E9000BDF82010204601F059F80028E0D19DF8D7
:108EA000243060F3000306A88DF8243002F045FE5C
:108EB000D6E7BDF82010204601F091F8D0E70AB0BF
:108EC00070BD37B515461C46002201ABFFF7C7FA47
:108ED00040B91DB1019B5B89013B2B8014B1019B03
:108EE0005B89238003B030BD000070B50546FBF7F9
:108EF0000CF9FFF76EFA98B10C4C0C4E21683068F3
:108F000001318900F3F76EF860B12368306040F8F2
:108F10002350013323600024FBF7F9F8204670BD8D
:108F20000F24F9E70624F7E700BF5C1F0020601F4D
:108F300000200023F0B501461D461C46087868B99C
:108F4000214A11880C441480204A11880B44138054
:108F50001F4A138803EB4503138033E001380128CF
:108F60002FD84A686AB38A6801339BB242B1043A87
:108F7000184652F8046F0346013080B2002EF8D133
:108F8000CA680AB1106818B90134A4B21031D5E723
:108F90005068B0B1108A00F0300040B90233D06898
:108FA0009BB210B1066807462EB91832EAE70135C0
:108FB000ADB20333F3E7BE6801339BB21030002E2D
:108FC000F0D10320F0BDBE1A0020C01A0020BC1A48
:108FD0000020024B00201860024B186070472C1FC5
:108FE0000020301F002043680A689B1A002B06DD12
:108FF0004A689A4201DC002070474B60FBE7012081
:109000007047C07A00F001007047034630B10E2867
:1090100008BF002103480380418070470146F9E7FB
:1090200000BF641F002070B504460846256911463C
:109030001A464DB12689FFF7E8FF63690146AC4641
:109040003046BDE870406047284670BD00231A4690
:109050000D21FFF7E8BFB1F5857F08BF0E21002382
:1090600089B2FFF7E0BF70B504460846656A11464D
:109070001A464DB12689FFF7C8FFA36A0146AC46E0
:109080003046BDE870406047284670BD00231A4650
:109090000D21FFF7E8BFB1F5857F4FF0000308BF52
:1090A0000E21FFF7E0BF70B504460846656911461A
:1090B0001A464DB12689FFF7A8FFA3690146AC46C1
:1090C0003046BDE870406047284670BD00231A4610
:1090D0000D21FFF7E8BF038A1BB9B1F5857F08BFF3
:1090E0000E210023FFF7DFBF70B50446084625694F
:1090F00011461A464DB12689FFF787FF636901467D
:10910000AC463046BDE870406047284670BD00233D
:109110001A460D21FFF7E8BFB1F5857F4FF0000338
:1091200008BF0E21FFF7E0BFFFF7B0BFFFF7B3BFE7
:10913000F7B505461E466C69084611465CB12F8995
:10914000FFF763FFAB6900930146AA8933463846AF
:10915000A04703B0F0BD2046FBE700231A460D21CF
:10916000FFF7E6BFB1F5857F4FF0000308BF0E2182
:10917000FFF7DEBFFFF7CBBF0023FFF7B5BF13B587
:1091800014468389ADF800302368019300226B46B2
:10919000ADF80220FFF7A8FF019B23600E2002B06C
:1091A00010BDFFF773BF0023FFF75DBFFFF7AFBF31
:1091B000FFF7E2BF0000034610B5084641B106299B
:1091C00007D1DA7A084C42F00102DA7223680BB157
:1091D000002010BD10F073FC10F580600ABF012361
:1091E00020602360F4E7681F00202DE9F74F00247A
:1091F000184FC3E900438046894692461E46FAF757
:1092000084FF3D68A346A5B12A68019249462846D5
:10921000C047019AC8B18CB93B681B683B6003B971
:109220007F60C5F800B07368BAF1010F1D6075600A
:109230000CD103B0BDE8F04FFAF769BF23681B6893
:109240002360002BEDD17C60EBE72C461546DAE776
:1092500000BF6C1F00208289018901230D20FEF7C9
:109260007BBE70B50446E0B1837A0C2B07D00D2B82
:1092700013D021460C48BDE870400CF028BB0069B3
:109280000BF024FFF5E756F835000BF01FFF013512
:1092900094F82C30AB42F6DCEBE7002500F1100629
:1092A000F6E770BD00BF741F00202DE9F8430546A6
:1092B00090F82D6095F82C300089B3420AD801212E
:1092C00003F08EFD0546002420460BF0FFFE2846E5
:1092D000BDE8F88303F0FCFA441FA4B2FCB105F129
:1092E0000C070FFA86F807EBC606736872881B8AAC
:1092F0009B1AA342A8BF2346EB85FBF7CDFD04468E
:1093000078B1EB8D728871680BF047FF48B97288AD
:1093100037F838102889234603F016FDD2E70725D1
:10932000D2E70625D0E770B50446008903F0D0FAED
:10933000431F002B25DD2269108AE289801A98429A
:10934000A8BF184600280ADC2089012103F048FD47
:109350000446002528460BF0B9FE204670BDA082C9
:10936000FBF79AFD054670B1A38AE28921690BF0EB
:1093700014FF40B9E289A18920892B4603F0E4FC5F
:10938000E6E70724E5E70624E4E70346C28999896E
:1093900000890AB903F013BC03F02DBC38B50546AB
:1093A000FFF7F3FF01462846FFF705FF044628B103
:1093B000002301461A462846FFF796FE204638BD90
:1093C000F7B517461368C2681E8ACDE900236B46BD
:1093D00000220D460446FFF787FE019B3B600543D4
:1093E00002D00E2003B0F0BD208903F071FA0028EE
:1093F000F7D00138864206DA2B462A460E2120464F
:10940000FFF772FEEDE7E3893344E3812046FFF77F
:10941000C5FF0028E6D0E4E738B5C189028A0131EA
:10942000044689B2008903F0C5FA01462046FFF7D9
:10943000C2FE054628B1002301461A462046FFF722
:1094400077FE284638BD13B50446064B218C1868B4
:1094500001900131628C208901AB89B203F055FB88
:1094600002B010BD00BFD01C030038B50546FFF7A1
:10947000EAFF01462846FFF79EFE044628B1002376
:1094800001461A462846FFF7EEFD204638BD08B5CE
:109490000B4629B100231A46FFF7E5FD0E2008BD53
:1094A000018C428C914202D11A460E21F4E7FFF75B
:1094B000DCFF0028F3D0F1E7000013B50446064BAB
:1094C000A189186801900131E289208901AB89B234
:1094D00003F01BFB02B010BD00BFD01C030038B569
:1094E0000546FFF7EAFF01462846FFF764FE0446FB
:1094F00028B1002301461A462846FFF7F5FD20460D
:1095000038BD08B50B4629B100231A46FFF7ECFD1C
:109510000E2008BD8189C289914202D11A460E21CE
:10952000F4E7FFF7DCFF0028F3D0F1E7000007B510
:109530000246094B118A58680190108949B99189EE
:10954000D289013101AB89B203F0DFFA03B05DF8D3
:1095500004FB03F034FBF9E700BFD01C030038B56F
:109560000546FFF7E4FF01462846FFF724FE0446C0
:1095700028B1002301461A462846FFF794FD2046ED
:1095800038BD08B50B4629B100231A46FFF78BFDFD
:109590000E2008BD81894FF6FF72914202D11A4612
:1095A0000E21F3E7FFF7DBFF0028F2D0F0E7F0B57C
:1095B00087B0044600F10C0602AD2946304602F0A1
:1095C000A4FF2789248C304602F0D5FF0134A4B2D1
:1095D000CDE900504FF420534FF6FF722146384634
:1095E00003F04BFA07B0F0BD38B50546FFF7DFFFD3
:1095F00001462846FFF7DFFD044628B10023014657
:109600001A462846FFF72FFD204638BD000010B54A
:1096100005480CF022F9044618B13822002115F053
:1096200030FA204610BD741F002037B50B460025C8
:109630000A888988ADF8002004469868ADF8025081
:10964000FBF72DFCA8420CBF0621294601906B4672
:109650002A462046FFF707FD044601980BF036FD29
:10966000AC420CBF20460E2003B030BD38B50446D6
:109670000D46072D0089A1890AD12846A289218992
:109680000123FEF769FC2089BDE83840FFF799BA4D
:10969000FFF7C5FA0028F0D038BD70B50D4688B088
:1096A0001C220646002101A815F0EBF96A682B88F8
:1096B000ADF80430052A0DD0132A0BD00A2401ABD3
:1096C000002221463046FFF70FFD204318BF0E2031
:1096D00008B070BDA968033A033103A802F0D3FEB5
:1096E00004460028EAD1A86810F8013B8DF808303C
:1096F0000CF033FB2B88B289ADF806009A42DDD21C
:10970000B381DCE730B5038A87B005460C4613B158
:10971000002007B030BD0B8882899A4205D2838130
:109720004B68042B0BD0062B13D000226B4611463E
:109730002846FFF7B8FC0028EAD00E20E9E7886841
:109740000CF00BFB2882A06802300CF006FB68824C
:10975000DEE788680CF001FBADF80000A06802307D
:109760000CF0FBFAA168ADF802000222043101A856
:1097700002F089FED9E770B50E4688B01C22054676
:10978000002101A815F07DF972683388ADF8043026
:10979000052A01D0132A25D1B168033A033103A861
:1097A00002F071FE0446E8B9B06810F8013B8DF88C
:1097B00008300CF0D2FA33882A8CADF806009A42B1
:1097C00010D22B8405F10C0103A802F0F9FD30B989
:1097D00001AB224621462846FFF745FC40B920460A
:1097E00008B070BD00231A460A212846FFF73BFC4B
:1097F0000E24F4E7F0B5154687B010230022074683
:109800000C4601A8296802F055FE064628680BF0B0
:109810005DFC00232B60DEB93B8ACBB174B93B6998
:10982000009322466B4621463846FFF73CFC58B968
:109830003C613846FFF793FE044630B100231A46D8
:1098400021463846FFF72FFC0E24204607B0F0BD16
:109850000A24F3E708B50B4629B100231A46FFF79F
:1098600002FC0E2008BD0A460E21F8E7000010B5E4
:10987000064C236833B110F022F92368181A20EA45
:10988000E07010BD6FF00040FBE7681F002010B5CE
:109890000446A9B9C37ADB0704D410F010F900F527
:1098A000F0406060FAF731FC00232360074B5A68F0
:1098B00014605C60FAF72BFCBDE81040FAF765BC59
:1098C000BDE81040FFF7CDBC00BF6C1F00207FB586
:1098D00002ADADF804008DF806100D480E4E2B4673
:1098E000002201A9FFF781FC029C0CB904B070BDF5
:1098F000A37A002256F82330072120469847029B7E
:109900001B68029303B903952046FFF7AAFCEBE717
:1099100000BFD95C0100941C030010B586B01C4642
:109920000023CDE90312ADF80800059305486B4606
:10993000012202A9FFF759FC059B0098236006B09D
:1099400010BD995C01000B884FF6FF72934230B551
:1099500002D002899A4214D1847AD1E9010200230B
:109960009A4201DC002005E010F83350A54206D1F0
:1099700000EBC300C860003818BF012030BD0133C0
:10998000EEE70020FAE70A8803899A4207D18B782C
:10999000827A9A4205D0FF3B5842584170470020D6
:1099A00070470120704773B504460846256B114681
:1099B0005DB12689FFF729FB636B0093014694F89C
:1099C0002C3004F10C023046A84702B070BD38B507
:1099D0000546FFF76AFC01462846FFF7ECFB044604
:1099E00020B1014600222846FFF7DDFF204638BDA2
:1099F00010B50446FFF7D7FF94F82D2094F82C30CB
:109A00009A4205D220890021BDE8104003F0E8B950
:109A100010BDF7B51646089A04461268084631B9D3
:109A200094F82D1094F82C508D4207D80A20014646
:109A300000222046FFF7DCFF0E2026E004F10C0791
:109A400007EBC10537F83110B142EFD1698899426F
:109A5000ECD1E38D0093034668680BF073FC00289B
:109A6000E4D16B88E28D13449BB26A686B80128AE2
:109A70009A429FBF688094F82D30013384F82D30CE
:109A80002046FFF7A4FF0028D1D103B0F0BD08B5F0
:109A90000022FFF788FF0E2008BD00220D21FFF7EE
:109AA00082BF70B504460846A56911465DB1268996
:109AB000FFF7ABFA04F10C02E3690146AC4630460D
:109AC000BDE87040604770BD38B50546FFF72BFC18
:109AD00001462846FFF76FFB044620B101460022ED
:109AE0002846FFF7DEFF204638BDF7B51746089A2F
:109AF00004461568084631B92269E089B2F810C0F9
:109B0000604507D30A20014600222046FFF7C9FF1F
:109B10000E201BE0B4F80CE0BE45F3D19842F1D121
:109B20002E8A30446045EDDCA08A8642EAD1009658
:109B300028460BF007FC0028E4D1E3892A8A134465
:109B4000E3812046FFF7C0FF0028DCD103B0F0BD61
:109B500070B5C38904460D4616463BB10269128AA8
:109B60009A4203D90089002103F03AF93246294686
:109B70002046BDE87040FFF794BF10B50469C28964
:109B8000238A9A4204D30022FFF78BFF0E2010BDD8
:109B90000A20FCE700220D21FFF783BF2DE9F341E6
:109BA000036904460D4616469BB10822002168460B
:109BB00014F067FFA389B4F80880ADF8003031468F
:109BC00028462769FFF721FA6A460146636940463D
:109BD000B84702B0BDE8F081FFF7E0BF00220D21D9
:109BE000FFF7DCBFF7B50546084611460022009294
:109BF0001C4603B11B682E6A01933EB12F89FFF703
:109C000004FA6A4601466B6A3846B0470CB1019BBC
:109C1000236003B0F0BD0023FFF7E4BF00231A4622
:109C20000D21FFF7DFBF70B504460846E568114611
:109C30001A464DB12689FFF7E8F923690146AC467B
:109C40003046BDE87040604770BD0023FFF7EBBFB2
:109C500000231A460D21FFF7E6BF1FB50122ADF81C
:109C600004008DF80610044802AB01A9FFF7BDFA05
:109C7000029805B05DF804FB00BFD95C010037B560
:109C80000E4B8189044601319868019001AB4FF673
:109C9000FF7289B2208902F0D3FF01462046FFF708
:109CA0008AFA054628B1002381B21A462046FFF7FA
:109CB000BAF9284603B030BD00BFD01C03007FB501
:109CC0000FF0FDFE6FF00043029003930022214845
:109CD00000926B4602A9CDF804D01F4EFFF785FA1B
:109CE000039D009CA4B9FFF7C2FD60B91C4B1C4E3C
:109CF00018600246014602AB1B48FFF776FA029C49
:109D0000D4B9FFF7B4FDA842A8BF284604B070BD7F
:109D1000A37A56F823300BB12046984720891321A7
:109D2000FDF7B7FD009B1B6800930BB9CDF804D07D
:109D30002046FFF796FAD4E7A37A56F82320E37A71
:109D400023F00103E3722046904701462046FFF7C7
:109D50009EFD2468D4E7395301001C1C0300681FD2
:109D60000020581C0300555301002DE9F0418AB032
:109D700080460F4616461D46FFF749FC0446E8B1EB
:109D80000223A0F8088000F10C088372414638468F
:109D900002F0A2FB0023C4E909652384694640461A
:109DA00002F029FB2046FFF702FC05462046294623
:109DB000FFF76DFD28460AB0BDE8F0810625F5E7FE
:109DC0002DE9F04180460D4617461E46FFF71FFC61
:109DD000044698B104238372013D069B8581A0F857
:109DE0000880C78106614361FFF767FB054620468F
:109DF0002946FFF74CFD2846BDE8F0810625F6E729
:109E00002DE9F84307460E4690469946FFF7FFFBBB
:109E10000625044680B1089B8572711C07818681E6
:109E2000C681A0F81080C0F814908361424689B2C0
:109E3000384602F0BFFD054620462946FFF727FDBC
:109E40002846BDE8F8832DE9F04105460E469046C8
:109E50001F46FFF7DCFB044688B107230581C0E9F4
:109E60000487837286813146284602F0A8FE0546A3
:109E700020462946FFF70BFD2846BDE8F081062560
:109E8000F6E72DE9F04105460F4616469846FFF7DE
:109E9000BEFB0446C0B10B238372069B05818781FC
:109EA000C0F81080436132462846394602F02DFF43
:109EB0000026054630460BF009F920462946FFF7F3
:109EC000E6FC2846BDE8F0810625F3E72DE9F041E0
:109ED00004460D4610461946DDE90667FAF7DFFF2E
:109EE000024638B10697334629462046BDE8F04180
:109EF000FFF7C7BF0620BDE8F081F7B507460E465D
:109F0000144662B9FAF7C8FF0446D8B100220346E6
:109F1000009231464FF6FF7000F01DFEA0B92246B8
:109F20003146384602F074FF0024054600233246CD
:109F300039462846FEF710F820460BF0C7F82846A9
:109F400003B0F0BD0625F1E70925EFE70022FFF792
:109F5000D4BF0E21FFF7BBBC2DE9F34180460F466D
:109F60001446FFF754FB064628B30E238372A0F86D
:109F70000880878164B9FAF78FFF0446D8B10022C0
:109F80000346009239464FF6FF7000F0E4FD20BB17
:109F900022463946404602F05AFF054648B9FAF7CC
:109FA000B4F8404600F0F9FA08B1A0F85470FAF796
:109FB000AEF8002400E0062501233A464146284633
:109FC000FDF7CAFF29463046FFF761FC20460BF03B
:109FD0007DF8284602B0BDE8F0810925ECE70022B3
:109FE000FFF7BABF000070B50E46FF211546FFF718
:109FF00034FE044668B1827A074B53F822301BB115
:10A00000324605F5807198472046BDE87040FFF75D
:10A0100028B970BD00BF941C030070B50D46002127
:10A020001646FFF71AFE044648B133462946002279
:10A03000FFF7F9FD2046BDE87040FFF712B970BD8B
:10A04000F0B50C4687B00621FFF707FE054608B3BA
:10A05000C28923889A4238BFC38134F8043BADF8E3
:10A0600000300FCC01AE0FC638BF00272368336025
:10A0700028BF0A2739466B4600222846FFF758F8C2
:10A0800057EA000118BF0E21284607B0BDE8F0408E
:10A09000FFF7FDBB07B0F0BD38B50D460621FFF751
:10A0A000DCFD0446C8B155B100231A462946FFF726
:10A0B0003FF80E212046BDE83840FFF7E8BBC289D3
:10A0C000038A9A4203D12B462A460E21EFE7FFF777
:10A0D000A3F901460028EDD0EBE738BD70B50D4679
:10A0E00086B00221FFF7B9FD044618B36B88028CD5
:10A0F0009A421DD203842A88ADF8002000F10C0694
:10A10000ADF802300FCE01AD0FC533682B600025CE
:10A1100029466B4600222046FEF7A5FF55EA0001BE
:10A1200018BF0E21204606B0BDE87040FFF7AFBB58
:10A130000A25EDE706B070BD38B50D460221FFF7E0
:10A140008CFD0446D0B155B100231A462946FEF7CE
:10A150008AFF0E212046BDE83840FFF798BB028CED
:10A160004FF6FF739A4203D12B462A460E21EEE7A3
:10A17000FFF73AFA01460028ECD0EAE738BD37B5D8
:10A180000D4601AB09490422FFF7C7FB044650B155
:10A19000019B29465B6898470146204603B0BDE80D
:10A1A0003040FFF774BB03B030BDFC1B030037B574
:10A1B0000D4601AB09490422FFF7AFFB044650B13D
:10A1C000019B29465B6898470146204603B0BDE8DD
:10A1D0003040FFF75CBB03B030BDDC1B030070B543
:10A1E0000E4686B00121FFF738FD054638B3726888
:10A1F000022A12D0102A10D00A24A1B26B460022E3
:10A200002846FEF710FF54EA000118BF0E21284629
:10A2100006B0BDE87040FFF73ABBB16801A802F094
:10A2200032F904460028E7D17388AA899A42E3D21A
:10A23000AB813288ADF80020ADF80230DDE706B022
:10A2400070BD38B50D460121FFF707FD0446D0B1BA
:10A2500055B100231A46A9B2FEF7E5FE0E212046AD
:10A26000BDE83840FFF713BB82894FF6FF739A426F
:10A2700003D12B462A460E21EEE7FFF700FD0146EB
:10A280000028ECD0EAE738BD000073B50D4616464D
:10A290000A4901AB0322FFF740FB044658B1019B7A
:10A2A00029465B68324698470146204602B0BDE821
:10A2B0007040FFF7ECBA02B070BDC41B030070B56C
:10A2C0000D4609211646FFF7C8FC044648B1294649
:10A2D0003246FFF775F801462046BDE87040FFF7AB
:10A2E000D6BA70BD70B50D460A211646FFF7B5FC0B
:10A2F000044648B1334629460022FFF773FC204646
:10A30000BDE87040FEF7ADBF70BD10B50B21FFF783
:10A31000A4FC044640B100221146FFF73FFC204652
:10A32000BDE81040FEF79DBF10BD2DE9FF410D4671
:10A3300016460E49DDF828801F46022203ABFFF7C0
:10A34000ECFA044678B1039BCDF80080D3F8048082
:10A3500029463B463246C0470146204604B0BDE888
:10A36000F041FFF794BA04B0BDE8F08100BFB41B20
:10A37000030037B50D4601AB09490222FFF7CDFABC
:10A38000044650B1019B29465B6898470146204628
:10A3900003B0BDE83040FFF77ABA03B030BDA41B6C
:10A3A000030010B50E21FFF758FC044690B18189D7
:10A3B0000089FEF734FC40B90E20A28921890123CF
:10A3C000FDF7CAFD2089FEF7FCFB2046BDE81040E2
:10A3D000FEF747BF10BDFF21FFF779BA000007B5B0
:10A3E000074B07480022C3E90023064B009338229D
:10A3F000064B04210BF0BBF903B05DF804FB6C1FA6
:10A400000020741F002065DD0200901F002010B4A2
:10A4100003780A780446981A06D1601C06225DF873
:10A42000044B013114F003BB5DF8044B704708B5D1
:10A43000074BD88840B1064BDB88022B05D9FEF7C5
:10A4400090FB003818BF012008BD0020FCE7D42095
:10A4500000209C1C0020C06A00B9704703898B4211
:10A4600003D001D80068F7E70020704770B5C46AD0
:10A470000022234623B11E890D89AE420CD004D997
:10A4800032B90C60C162002070BD1A461B68F1E74A
:10A4900013680B601160F6E70220F5E7036B8B424F
:10A4A00004BF00230363C36A0A688B4210B404D15B
:10A4B000C2625DF8044BFAF7CEBB1C461B688B42A8
:10A4C000FBD12260F5E738B50446D0B1443001F045
:10A4D00087F8E16A49B904F13C05E06B48B92146C7
:10A4E0000948BDE838400BF0F2B92046FFF7D6FF27
:10A4F000EFE74368E36303B9256410380AF0E6FD2B
:10A50000EBE738BD00BFD420002038B505461B4816
:10A510000BF0A3F9044660B30021642214F0B1FAF1
:10A520000023A580E362284602F0E7F9014600B364
:10A530002046FFF79BFFE0B92846FAF706FB0146E5
:10A54000B8B12046FFF792FF98B92846FCF75BF8B0
:10A55000014670B12046FFF789FF50B904F14C0065
:10A56000FEF70FFB28B9234643F83C0F236420462F
:10A5700038BD2046FFF7A7FF0024F8E700BFD4202E
:10A580000020044902680B68834201D10A607047C9
:10A5900019461B68F8E7F0200020044A03461068BB
:10A5A00000B9704782889A42FBD00068F8E7F02033
:10A5B000002008B501468088FFF7EFFF024B1A68BC
:10A5C00019600A6008BDF0200020FFF7E6BF054BC8
:10A5D00002461868002300B970479342FCD0006817
:10A5E0000133F8E700BFF020002008B5FFF7D5FFE2
:10A5F000003818BF012008BD0000014B18687047E3
:10A6000000BFF020002073B5044680790D4602F0AB
:10A61000CFF82E46002206F8010B01A901F0F7FF42
:10A6200001990622304615F08AF92149062204F1E3
:10A630000F0014F0FCF905F10E0318BB2A68C5F8E9
:10A640000E20AA889A80AA799A71D4F80730C5F8A2
:10A650000730B4F80B30A5F80B30637B6B73D4F87C
:10A660000720C5F81520B4F80B20A5F8192005F12E
:10A670001503627B9A71E279022A0BD0032A15D066
:10A6800002B070BDD4F80E20C5F80E20628A9A8000
:10A69000227DD9E70022EA71D4F81520C5F81520EB
:10A6A000B4F819209A80E27E9A71E9E70122F2E774
:10A6B00000BFDC1C030030B5054689B018B9002482
:10A6C000204609B030BD124B1C68002CF7D02B7807
:10A6D000012B29460CD1AB7903F0C003402B07D1E5
:10A6E00004F11500FFF793FE0028E9D02468ECE799
:10A6F000E01DFFF78CFE0028E2D0E379012BF5D9AD
:10A7000001A92046FFF77FFF29460DF10B00E9E77D
:10A7100000BFF02000202DE9F0411A4F4FF6FF78DE
:10A720000FF0CDF90646F9F7F0FC3C686FF00045F4
:10A7300014B94FF6FF740AE094F828309B071CD434
:10A74000236B83B1636B9B1B002B09DCA488F9F797
:10A75000DEFC444513D013212046FDF79AF8DFE7CD
:10A760009D42A8BF1D46314604F1440000F0E9F9BE
:10A770000028EBDD8542A8BF05462468D8E72846B7
:10A78000BDE8F08100BFF020002007B5084B009322
:10A790000848084B642201210AF0E9FF20B9064B62
:10A7A000186003B05DF804FB0B20FAE700BF79DD09
:10A7B0000200D420002070200020F02000202DE98D
:10A7C000F0470646147AA4B017461D46A1B1E1072A
:10A7D00005D402232B70102024B0BDE8F08704F0CC
:10A7E000040904F0080804F0100444EA080454EAD8
:10A7F00009040CD10020EFE7A20701D40323E9E705
:10A8000004F0200904F0400804F08004EDE7F9F7B3
:10A810007CFC3046FFF7D9FE90F858A0846DF9F71C
:10A8200076FC58EA09094FEADA0A3BD0E3B214F0A1
:10A8300001042DD1F9F769FC3046FFF7AEFE98B15F
:10A8400001A9FFF7E0FE20220DEB0200214614F0E3
:10A8500018F9DDF80B00BDF80F209DF811300890B5
:10A86000ADF824208DF82630F9F751FC10A908A87E
:10A8700001F032F950B99DF8683013F0010F14BFA0
:10A880000F200520287000F58070A5E70520F9E766
:10A89000B8F1000F06D09B0704D405232B7040F2BB
:10A8A000051099E77B7A5345A4D90C232B704FF4FC
:10A8B000867091E72DE9F04186B0054603930023A9
:10A8C0008DF817304FF6FF7398420C9F0C461646D2
:10A8D0000FD12369019303AB0093D4F80C806189F5
:10A8E000334601222846C04778B18DF81700092069
:10A8F00007E00A460DF117030121FFF760FF00286A
:10A90000E7D017B19DF817303B7006B0BDE8F08175
:10A9100010B51446FAF7D6FA062814BF00231123FF
:10A9200004B1237010BDF8B5069F1D463B78102B6F
:10A93000038A164614BF1422062213448B4211DCEC
:10A9400011460AF002FE044670B131460BF0EAF9F6
:10A950002946A01C0BF0E6F9211D384601F0D5FD73
:10A960000020F8BD0420FCE70620FAE773B5044692
:10A970000DF1060015461E460BF0D4F902220DF12A
:10A98000060120460AF0ACFB20B1112333700620EB
:10A9900002B070BD29460DF106000BF0C3F902228A
:10A9A0000DF1060120460AF09BFB0028EDD10120A5
:10A9B000EEE710B5044640B180680AF087FB2146F7
:10A9C0000348BDE810400AF082BF10BD00BFF4206C
:10A9D0000020F0B51D4685B04FF6FF730C46984237
:10A9E0004FF00001064617468DF80F100DD1236970
:10A9F000CDE900730222E768618900233046B84739
:10AA000050B18DF80F00092006E00DF10F0322462A
:10AA1000FFF7D5FE0028EAD015B19DF80F302B7056
:10AA200005B0F0BD2DE9F743DDF82C9004460E4645
:10AA300090461F46FAF72DFA054600B30346CDF8B7
:10AA40000090204600223146FFF734FF044630B91B
:10AA50002E8A46450AD90E2389F800300424284658
:10AA60000AF034FB204603B0BDE8F0833B460146C4
:10AA7000324628460AF0B8FB0A9B1E80EFE7062400
:10AA8000EDE72DE9F041804614480F4616461D4675
:10AA90000AF0E3FE0446F0B11422002113F0F1FFA6
:10AAA0000F4BC4F804801A882772013292B21A80C0
:10AAB000069BE360079B236100232360094B6281AF
:10AAC0005A68667214605C6015B90020BDE8F081B8
:10AAD00063892B80F9E70620F8E710240020302452
:10AAE00000203C240020014B1888704700BF302410
:10AAF0000020044A0346106800B9704742899A4210
:10AB0000FBD00068F8E73C24002070B50D461646DF
:10AB100040B90A4B1C681CB16389B34204D90024B4
:10AB2000204670BD0468F6E7002DF9D0606829461C
:10AB300001F046FC0028F3D02468ECE700BF3C2479
:10AB40000020036823B14068401A20EAE070704793
:10AB50006FF0004070472DE9F04104460846154665
:10AB60001E46FFF7C6FF069F014628B90FB1012315
:10AB70003B700520BDE8F08133462A462046BDE8FB
:10AB8000F041FFF797BE2DE9F04105460C46174608
:10AB900001200A4604219DF818801E4602F07BF928
:10ABA00050B10770A0F8016080F803802146284664
:10ABB000BDE8F04102F092B90620BDE8F0812DE930
:10ABC000F04385B007469DF83080144699460E46FE
:10ABD00011B1B8F1000F3BD0F9F797FA02AA03A917
:10ABE000384601F04EFE054690B90EBB2368187832
:10ABF00001F04CFE2146029801F05CFE2246DDE9A0
:10AC00000210FAF7F3F8051E344618BF4FF00E088D
:10AC1000F9F77DFA2DB16CB9FAF73BF9044668B93A
:10AC2000002420460AF052FA284605B0BDE8F08319
:10AC30003546EDE7218A20460AF002FBBDF83430A4
:10AC4000CDF800804A4621463846FFF79CFFE7E7EB
:10AC50000D46E6E72DE9F043884687B006460DF13C
:10AC60000F0202214046FFF753FE4FF00009044651
:10AC700000285AD1D8F800308DF80F001B681F88C3
:10AC8000F9F743FA214605AA304601F0FAFD0446D9
:10AC900010B9059BB3F80A90F9F739FA002C42D1A4
:10ACA000D8F80050C8F80040298A28460AF0C8FAA7
:10ACB0002A460221032002F0EEF888BB11238DF80A
:10ACC0000F300624002301939DF80F300093214696
:10ACD00002232A463046FFF772FF0446E0B9F9F72F
:10ACE00014FA04AA05A9304601F0CBFD044658B970
:10ACF0003946049801F0CBFD0498837B43F00103AF
:10AD0000837301F0C9FD0746F9F701FA24B93A4601
:10AD100004213046FDF77FF9204607B0BDE8F083F7
:10AD2000A0F80090CEE70025CCE74D464F46C9E796
:10AD300000002DE9F04F0E4687B0814600240DF14A
:10AD40001702042130468DF81740FFF7E1FD054654
:10AD5000002872D134682368B3F80080B3F802A0E9
:10AD6000D04502D8B8F1000F12D101238DF8173069
:10AD700000240A259DF817300093CDF804800423A1
:10AD8000224629464846FFF71AFF07B0BDE8F08F74
:10AD90003060218A20460AF053FA2246012105201C
:10ADA00002F079F8074620B911238DF817300625EF
:10ADB000E0E7484601F08CFD214B3D701E68029093
:10ADC000AB4616B173899A4505D2BBF1000F16D078
:10ADD0004FF00008CEE798452DD871683B78097888
:10ADE000102914D183B901233B700421238A029ACC
:10ADF0000B449342E9DC20460AF0A7FB80B90A2302
:10AE00008DF817300525B5E7012BEED0DDE723B926
:10AE10004FF002033B701221E8E7022BFBD0D4E78E
:10AE2000718903900AF07EFF039B7068991C01F002
:10AE30006CFB0BF1010B3668C3E7A0469AE73C2494
:10AE400000202DE9F04F0F468DB0814600240DF112
:10AE50001902062138468DF81940FFF759FD0546BD
:10AE6000002840F0D1803B681B68B3F80080B3F83D
:10AE700002B09E88D84502D8B8F1000F12D1012344
:10AE80008DF8193000240A259DF819300093CDF86B
:10AE900004800623224629464846FFF790FE0DB05F
:10AEA000BDE8F08FF9F7F5FF044650B10246294698
:10AEB000072001F0F0FF38B911238DF8193006256D
:10AEC000E2E73C683D60F7E7484601F001FD3B687A
:10AED000049310238DF81C304D4BADF81E601E6896
:10AEE00003902F46AA463EB17389984528D8BAF1F7
:10AEF000000F1CD19B4545D2238ABAF1000F0DD01B
:10AF000003991A1D914209DB0DF119033A46514686
:10AF10002046FFF72BFD012871D1238A012B9DBF0D
:10AF20000A238DF8193005254FF00008ACE79DF88D
:10AF30001C307268102B12D11378102B02D0778935
:10AF40003668D0E707A8059201F097FA034642F663
:10AF500001008342059A32D8B3F5205F40D2238A9C
:10AF6000039A04339A4249DB0DF119033A465146DC
:10AF70002046FFF7FBFC012841D173895B454FF068
:10AF8000000739D8706807A901F01AFAA0B90DF1C5
:10AF9000190301930DF11A030093102208AB3146F7
:10AFA0004846FFF73FFD50BBBDF81A30049808AA89
:10AFB00006210AF093F9E0B14FF0000AC0E742F62B
:10AFC00003008342CBD11046059301F056FAA0F559
:10AFD000205292B2012AC2D9059B9842AFD1BEE756
:10AFE000104601F04AFAA0F5205080B20128A6D8F8
:10AFF000B5E77789BA46A3E7BA467DE70020238AFA
:10B0000000288BD005463FE7A0463DE700BF3C2423
:10B0100000202DE9F04F0B681E8A93B00025062E04
:10B0200004900F468DF81D5001D0142E12D10DF151
:10B030001D0231463846FFF76BFC044618BB3968E1
:10B040000B681D885B8805939D4200D88DB901234C
:10B050008DF81D3000260A249DF81D3000930498B9
:10B060000195082332462146FFF7A9FD13B0BDE83C
:10B07000F08F331F04220DA801F01CFA044628B1FA
:10B0800004248DF81D4000252E46E5E73E68386013
:10B09000318A8DF81D0030460AF0D2F8324601217F
:10B0A000092001F0F8FE814630B911238DF81D30DA
:10B0B00006204D460446CFE7049801F009FCA0465F
:10B0C0008246039427463846059A0DA9FFF71DFDD1
:10B0D0000746002851D04389AB42F4D30DF11D033C
:10B0E00001930DF11E030093014608AB049813224F
:10B0F000FFF798FC50B17D89039B63BB9DF81D3021
:10B10000002B3ED00028D5D10524A5E7BDF81E2090
:10B11000AAF103039342DCBFAAF10403ADF81E3089
:10B12000BDF81EB0B8F1000F01D0C345E4D1338A99
:10B1300002335B449A4522DB0BF1020189B23046AF
:10B140000AF003FA7B8970B91D46039B11218DF823
:10B150001D10D3B1D846002308F102088DF81D3028
:10B1600089F8008078E720F8023B5A4608A914F0D5
:10B17000E6FB0123D8460393A5E70520BCE7D846A4
:10B18000BAE70A238DF81D30BCE7062092E72DE9C7
:10B19000F04385B00D460DF10F0780464FF00009D2
:10B1A0003A46022128468DF80F90FFF7B1FB04467E
:10B1B00048BB2E683368B3F800902860318A304667
:10B1C0000AF03EF8324621460B2001F064FE88B9B1
:10B1D00011238DF80F3006249DF80F300093CDF821
:10B1E00004900A23324621464046FFF7E8FC05B0AA
:10B1F000BDE8F08322460097334649464046FFF7B4
:10B20000AAFC0446E8E74E46E6E72DE9FF470F466D
:10B210000DF10F09804600264A46042138468DF874
:10B220000F60FFF775FB044650BB3D682B681E8816
:10B23000B3F802A03860298A28460AF001F82A46A5
:10B2400021460D2001F027FE80B911238DF80F3023
:10B2500006249DF80F30009301960C232A462146C0
:10B260004046FFF7ACFC04B0BDE8F087CDF8009095
:10B270002B46524631464046FFF76DFC0446E8E750
:10B280003546E6E72DE9FF4700240E4607468DF8D0
:10B290000F4001F01DFB8046F9F7FBFD054690B11C
:10B2A000024621460F2001F0F6FD044668B10DF17B
:10B2B0000F0A33681B8A012B02D92B8A434516D308
:10B2C0000024A14606E03568346011238DF80F3064
:10B2D0004FF006099DF80F30009301940E232A4683
:10B2E00049463846FFF76BFC04B0BDE8F08752468C
:10B2F00002213046FFF70CFB8146A0B9336818687D
:10B300000AF02BFD02210446306809F099FF4A46F5
:10B31000CDF800A02B4621463846FFF71CFC81469D
:10B320000028C6D0D6E70024D4E72DE9F04F0B68FB
:10B330000F46198A95B00025062902908DF8155000
:10B3400001D0142913D10DF115023846FFF7E0FAA8
:10B350000446002840F0D28039680B681D88B3F895
:10B3600002B05D4500D88DB901238DF81530002657
:10B370000A249DF815300093029801951023324657
:10B380002146FFF71CFC15B0BDE8F08F0B8A0422A4
:10B39000043B0AA801F08EF8814608B10423E4E7D3
:10B3A0000AA801F06AF8A0F5205080B2012805D95A
:10B3B000102326468DF815301C46DAE702988DF8E2
:10B3C000154001F085FA3E683C60318A824630467D
:10B3D00009F036FF32460121112001F05CFD804664
:10B3E00020B911238DF815300624C2E7474A80F8AA
:10B3F000009017684C464A46C7B9002A71D04FF6EC
:10B40000FF740FAB0093514623463046FFF78BFA8B
:10B410000628044602D111238DF81530338A022BF9
:10B4200068D80A238DF815300524A2E77B899D4250
:10B430000DD89B4565D378680392D2B101F01DF811
:10B44000A0F5205080B20128039A02D97C893F6878
:10B45000D2E70FAB0093514623463046FFF763FA1D
:10B46000044630B106287D8921D111238DF815308D
:10B470007FE778680AA900F0A3FF002838D10DF112
:10B48000150301930DF116030093102206AB394604
:10B490004FF6FF70FFF7C6FA044638B9BDF816201C
:10B4A00006A90FA800F06DFF044620B17D89042C89
:10B4B00008BF00245DE798F80030062B0DD0142B50
:10B4C00011D073B99DF83C30102B0CBF0623142308
:10B4D00088F800307A891446B9E79DF83C30102B83
:10B4E000F8D000249AE79DF83C30102BF2D1F8E711
:10B4F0000022ACE7002C3FF43CAFD8E700252E46F5
:10B5000037E7002A7FF47DAFEBE73C2400202DE9EC
:10B51000FF410F46064600250DF10F020221384675
:10B520008DF80F50FFF7F4F90446C0BB3B681B6869
:10B53000B3F80080F9F7ADFC0546B8B102462146E4
:10B54000132001F0A8FCA0B911238DF80F300624B8
:10B550009DF80F300093CDF8048012232A4621462F
:10B560003046FFF72CFB04B0BDE8F0813D683C603D
:10B57000EAE73868022109F063FE4046FFF7B9FAAE
:10B58000014620B901238DF80F300524E0E70DF1C5
:10B590000F033A463046FFF71CFA0446D8E7A846A0
:10B5A000D6E773B50C4605460DF107020221204689
:10B5B000FFF7AEF980B9206803681E88022109F000
:10B5C0003FFE3046FFF795FA014638B10DF107030B
:10B5D00022462846FFF7FDF902B070BD0520FBE7C3
:10B5E00010B50446206800B910BD03682360FFF75A
:10B5F000E0F9F7E700002DE9F04F0E4689B0074665
:10B600004FF0000A0DF11F02042130468DF81FA0F3
:10B61000FFF77EF90446002840F096803368D3F89F
:10B620000080B8F800904846FFF763FA054688B9ED
:10B6300001238DF81F3005249DF81F300093CDF8AD
:10B64000049016232A4621463846FFF7B8FA09B077
:10B65000BDE8F08F024621460DF11F033846FFF783
:10B66000AEF80446002872D1F8F74FFDB8F800B0E4
:10B670001FFA8BF30493B8F802A01FFA8AF305931C
:10B68000384633680393FEF7A0FF804631480AF03E
:10B69000E4F8054690B909238DF81F300624F8F721
:10B6A00036FD002335683360002CC5D101212846C2
:10B6B00009F0A6FE2B6817221A70BDE70C2221465E
:10B6C00013F0DFF9F9F7E5FBA86020B92846FFF78A
:10B6D00070F91123E0E7039BA5F804B0A5F806A0D4
:10B6E0001B8A0399043B9BB2042209F056FD0446D1
:10B6F00030B12846FFF75DF909238DF81F30CEE7FA
:10B70000D8F844C0024663461BB198880499814228
:10B710000ED2AAB9C5F800C0C8F844500EF0CFF94F
:10B7200000F5EA403030C8F84800F8F72EFDB6E7DB
:10B7300003D1D88805998842EBD81A461B68E3E7FD
:10B7400013682B601560E9E7D146554674E7554606
:10B7500072E7F42000202DE9F0470D4686B08146BF
:10B760000DF10E0201212846FFF7D2F80446002809
:10B770007CD1D5F80080D8F800301E782860B8F861
:10B780001010404609F05CFD42462146192001F0A8
:10B7900082FB00286DD111238DF80E300624002580
:10B7A00040E0049E2246EEB9049D002D32D0AD88C3
:10B7B0004FF0000A049F002F44D12846CDF814A072
:10B7C000FFF797F90DF10F03014605AA4846FFF769
:10B7D00000F90746059809F079FC002FE4D09DF8A0
:10B7E0000F4017E0F1881AB1B5889088A84203D0BD
:10B7F00041B1B58807240DE09068D288008A0244E0
:10B800008A42F7D1B268128A0A44B2F5007F16DD87
:10B81000B5880D24002C8DF80E4018BF092404A80B
:10B82000FFF7DEFE9DF80E30009301951823424687
:10B8300021464846FFF7C3F906B0BDE8F087324617
:10B840003668B0E7BB88AB42B7D1BAF1000F08D178
:10B85000D7F808A03B68BE6038460493FFF7A9F804
:10B86000A8E7B968504609F052FEF3E74FF0000828
:10B8700095E7F8F74AFC4846FEF7A7FE436C446498
:10B880000493F8F744FC002E8BD12546C7E7F8B5A2
:10B890000D460646002202212846FFF739F80446E5
:10B8A00078B9286803681F886FB1022109F0C8FCC5
:10B8B0002A68234639463046FCF729FB2C6020468F
:10B8C000F8BD0624FBE70A24F9E72DE9F3410D460C
:10B8D0008046002202212846FFF71AF8044660B984
:10B8E0002B681B681F8867B1F9F7D3FA064660B961
:10B8F0002E682C60112306241AE000231E461F46E2
:10B9000016E03B463E460A2412E0024621461E202F
:10B9100001F0C1FA0028EDD02868022109F090FC5E
:10B9200001232A6839464046FCF7F1FA2C60234689
:10B93000CDE9003732461D2321464046FFF73FF947
:10B9400002B0BDE8F08173B5134C134D2068F0F7D9
:10B9500047FB28880023236018B90025284602B039
:10B9600070BD14267043F0F736FB0346206078B1B3
:10B970000B4A009229880A48324609F0F8FE00284E
:10B98000EBD00B252068F0F72BFB00232360E5E7C5
:10B990000625F7E700BF2C240020C01A00208ADD0E
:10B9A00002001024002007B50B4B00930B480B4BF3
:10B9B0000C22402109F0DBFE50B9094BC3E900031A
:10B9C000094BC3E90003084B188003B05DF804FB82
:10B9D0000B20FAE700BFA1DD0200F42000201021B7
:10B9E00000203C2400203424002030240020034A7E
:10B9F000136A0BB1516A18470820704700BF340022
:10BA0000002070B504460D461646F8F77EFB064B3F
:10BA10005B6943B120463246294698470446F8F709
:10BA200076FB204670BD0824F9E73400002038B5C5
:10BA300004460D46F8F769FB064BDB693BB120462F
:10BA4000294698470446F8F762FB204638BD08248B
:10BA5000F9E7340000201FB50123CDE9013001A82A
:10BA60000391FFF7C4FF05B05DF804FB0000F8B5D3
:10BA70000E4FBB6905460E46A3B1F8F746FBBB69FE
:10BA80003146284698470446F8F741FB44B11B2C41
:10BA900006D131462846FFF7DEFF04460028ECD0E9
:10BAA0002046F8BD0824FBE700BF340000201FB586
:10BAB0000223CDE9013001A8ADF80C10FFF797FF84
:10BAC00005B05DF804FB0A4601460120FFF799BF67
:10BAD00001460120FFF7CBBF0A4601460220FFF7CF
:10BAE00090BF37B5014604460220FFF7C0FF054668
:10BAF000D8B923780090CDF8030073B194F83930A9
:10BB0000DB0712D5204604F1290210F8011B00F0D2
:10BB10006CF9002818BF054607E006220DF1010167
:10BB2000601C12F084FF0028E8D1284603B030BD25
:10BB30000A4601460320FFF764BF01460320FFF7D2
:10BB400096BF01460320FFF772BF034608681860DE
:10BB50008A79888898809A710A891A8100229A7253
:10BB6000704703460A46D1E900019980090C186024
:10BB7000997111891981D2E904011A8B02F0FE0230
:10BB800042F00102C3E904011A8370472DE9F04134
:10BB90009CB004460D46164600212022684612F04D
:10BBA00070FF022C05DC002C0CDC03201CB0BDE86F
:10BBB000F081032CF9D1002300930DF10A08CDF890
:10BBC000033005E0002300930DF11908CDF8033090
:10BBD000002788F8007008AA69462046FFF711FF81
:10BBE00018B10528E2D10020E0E70DB90137F0E7F0
:10BBF000324608A92046A8470028F7D0F3E7136883
:10BC00000133136000207047F8B50D461446002636
:10BC10004F1C6368B34206DCA268934216DB06231E
:10BC2000E3600120F8BDC6EBC6032268D018D25CE1
:10BC30002B789A4201D00136EBE7062239460130D3
:10BC400012F0F5FE0028F6D10020EBE72168286805
:10BC5000C3EBC303CA18C850AB79A988918093710C
:10BC6000636801336360EFE700001FB50023CDE98F
:10BC700001320C460090064903936A460120FFF703
:10BC800085FF18B9039808B9019B236004B010BD63
:10BC900000BF5B7F010038B504460D4629462046AB
:10BCA000FFF7C5FE0028F9D0052808BF002038BDE1
:10BCB00010B5044688B020220021684612F0E1FE4B
:10BCC0002068A288A379009069460120ADF804207D
:10BCD0008DF80630FFF7DFFFA8B969460220FFF7AD
:10BCE000DAFF80B901462022684612F0CAFE2068B9
:10BCF000A288A379009069460320ADF804208DF84E
:10BD00000630FFF7C8FF08B010BD00230A460B60DD
:10BD10000149FFF73BBF517F01000368012B04D0AD
:10BD2000022B14BF1120002070474368022B03DC54
:10BD3000002B06DC11207047032BFBD18068FCF739
:10BD40004EB8FCF73BB81FB5012888BF00F00100D2
:10BD50008DF8080006220DF1090013F0F0FD002314
:10BD60000093072202A942F2280000F0FEF805B075
:10BD70005DF804FB00001FB50A4C23787BB94FF433
:10BD80009672ADF80C200093022203A942F22E0015
:10BD900000F0EBF808B90123237004B010BD0020B7
:10BDA000FBE754240020014B03600020704744242B
:10BDB00000201FB50378012B15D88DF80F1006222F
:10BDC000411C0DF109008DF8083013F0B8FD002377
:10BDD000082200930DEB020142F24E0000F0C5F87C
:10BDE00005B05DF804FB1220FAE770B50D468EB081
:10BDF00006461446FCF755F9012D2FD80622314688
:10BE00000DF111008DF8105013F099FD1549102215
:10BE10000DF1270013F093FD214610220DF11700BC
:10BE200013F08DFD00230093272204A942F227007E
:10BE300000F09BF8044660B9062231460DF1090076
:10BE40008DF8085013F07BFD012102A8FFF7B1FF28
:10BE50000446FCF732F920460EB070BD1224F8E714
:10BE600000BF4424002010B5014688B010220028ED
:10BE700048D00DEB020013F062FD102223480DEBB9
:10BE8000020112F0D4FD0446002838D010220DEB38
:10BE900002011D4813F053FD00230093012202A963
:10BEA00042F22D008DF8083000F05FF8044630BBF8
:10BEB000009003460246014642F2290000F055F880
:10BEC0000446E0B901220090034602A942F22D0087
:10BED0008DF8082000F049F8044680B90146062292
:10BEE00002A812F0CEFD102221460DEB020012F046
:10BEF000C8FD214604AA02A8FFF777FF04462046A2
:10BF000008B010BD0249B4E700BF44240020E21C81
:10BF1000030008B50648002109F0ACF818B9BDE8DF
:10BF20000840F8F7B3BF02680432026008BD742409
:10BF3000002030B129B1034B1880034B0020198039
:10BF4000704703207047A425002056240020054A8E
:10BF500013881844B0F5803F02DB0C20F8F739B99C
:10BF60001080704700BF562400202DE9FF410C4689
:10BF7000174606464FF0FF3142489DF828801D467F
:10BF8000F7F7AAFE3A462146304600F0D0F93D4F79
:10BF90000446002839D13C484FF40061F7F7CBFE46
:10BFA00038B106280CBF13240B242046F8F711F9EA
:10BFB0002BE010222146684612F063FD3A681378A0
:10BFC0000E2B03D00F2B40D01124EEE7517803291C
:10BFD00028D801D00C24E8E7B2F80330002BF9D1BF
:10BFE000CDE90044029415B1019900293DD1002307
:10BFF0000293BDF80C300195B342EBD1002CE9D18E
:10C00000009C14B9029B4345CFD1386818B101F0A8
:10C01000BCFD00233B601A48F7F770FE204604B0D1
:10C02000BDE8F081B2F80330ADF80C30537943B17C
:10C0300003F5007304390093029121B10632019295
:10C04000D1E72346F6E70191CDE75378042BC1D120
:10C050009388ADF80C30CDE9014493781BB103F51A
:10C0600000730093BFE72346FBE7029B4345C8BF2D
:10C07000CDF80880029A2846C8BF0C2413F05FFC54
:10C08000B7E7B0250020A8250020AC25002038B552
:10C0900003780E2B044606D00F2B12D02046F8F75B
:10C0A00078F8002038BDB0F80330002BF6D0084DEA
:10C0B00028680DF03FFB80B228B1204601F065FDF5
:10C0C000EFE78388F1E7034B28461C60F7F757FE3C
:10C0D000E7E7AC250020A82500202DE9F3470B68F1
:10C0E000009300230B6090F828A0354FDFF8D8802C
:10C0F000DFF8D89005460E46CAF3800A009C002C53
:10C1000057D03B884BB1B8F8001000234A46684628
:10C1100009F0E4FD044630B9009C34600124204657
:10C1200002B0BDE8F08700225146A88800F09BF8D5
:10C13000014601A809F0F6FD218A0DF1060009F07B
:10C14000F1FD0421204609F05BF950B9062495F869
:10C150002830009823F0040385F8283008F0B6FF53
:10C16000DDE7042109F01DFA04460028EED0042280
:10C170000DEB0201006813F0E2FB0DF1060009F07F
:10C18000ECFD204600F05DF82046F8F76EF8044616
:10C190000028DCD195F8283043F0040385F82830D6
:10C1A0002B8F01332B873B88013B3B804FF0010AEB
:10C1B000A4E795F8283023F0040385F82830AEE78B
:10C1C00000BF56240020A425002065820100C36B17
:10C1D0000BB9FFF782BF01207047014B1860704711
:10C1E00000BFA0250020014B1870704700BF9C25A0
:10C1F0000020014B1878704700BF9C25002007B530
:10C2000000210948F7F78BFD0948F7F75AFD084B5D
:10C2100001934FF48E730093074A0749084801239E
:10C2200009F043FD03B05DF804FBAC250020B02508
:10C230000020BDDD0200742400205824002080244A
:10C24000002037B5054600242B8AA34201DC03B049
:10C2500030BD21460DF107030122284608F0C4FF36
:10C260000134F1E7704740EA823040EA013080B2A1
:10C2700070471FB50123002204460093114603AB0B
:10C2800042F20700FFF771FE10B99DF80C302370E1
:10C2900004B010BDF0B5054685B00C460827002C4B
:10C2A00002DC002005B0F0BD0022009702AB114671
:10C2B00042F21800FFF759FE0028F3D1082C264659
:10C2C00028BF08262846324602A913F038FBA41BD3
:10C2D0003544E4E71FB50146062202A813F02FFB00
:10C2E00000230093062202A942F20500FFF73DFE5B
:10C2F00005B05DF804FB70B50B460C460422002126
:10C30000064608F071FF054678B90421304608F06A
:10C3100097FF204609F021FD234623F8020B18461B
:10C3200009F01BFD6080284670BD0C25FBE7F8B5C1
:10C33000134B1B78012B07460E46154604D0022BE3
:10C3400007D023B1112003E0F7F7C1FE08B916208A
:10C35000F8BD032001F0FDFB04460780857025B180
:10C360002A463146033013F0EAFA204601F0C9FBB1
:10C370000028EDD00728E5D11420E9E700BFFD1A19
:10C380000020042A10B5044608460AD0102A0ED010
:10C39000022A13D11023237009F0DFFC60800020F3
:10C3A00010BD2023237009F0DAFC6060F7E7204617
:10C3B000802300F8013B13F0C2FAF0E70320EFE717
:10C3C00003780A78934201D0981A7047202B07D03F
:10C3D000802B08D0102B0BD140884B88C01A704797
:10C3E00040684B68FAE710220131013012F01FBBA0
:10C3F0004FF0FF30704710B50378202B8EB00C46FD
:10C400000BD0802B0CD0102B2DD142881849204600
:10C4100012F0FDF920460EB010BD42681549F6E74E
:10C4200043780D9383780C93C3780B9303790A9325
:10C430004379099383790893C3790793037A069321
:10C44000437A0593837A0493C37A0393037B02931D
:10C45000437B0193837B0093C37B027C0649204688
:10C4600012F0D5F9D6E700230B70D3E700BFCDDD7E
:10C470000200D5DD0200DDDD02000378102B0CBFC9
:10C48000408800207047022A10B50446084606D1AD
:10C490001023237009F061FC6080002010BD102A79
:10C4A00006D12046802300F8013B13F048FAF4E758
:10C4B0000320F3E730B51C4685B005466B460846B9
:10C4C0001146224608F090FE20B9224669462846C9
:10C4D000FFF7D9FF05B030BD08B502780A70202AF1
:10C4E0000B4607D0802A08D0102A0CD142884A80F7
:10C4F000002008BD42684A60FAE7411C1022581C1F
:10C5000013F01DFAF4E70320F3E738B50378202B86
:10C5100005460C4609D0802B12D0102B16D141882D
:10C52000204609F0FFFB002038BD094910222046B3
:10C5300013F005FA696804F10C0009F0F7FBF2E763
:10C54000411C1022204613F0FAF9ECE70320EBE738
:10C5500000BF5C00002010B5044608462178C908D9
:10C5600008F0F3FF014620B12046FFF7CEFF002080
:10C5700010BD0620FCE70078C0087047000010B529
:10C580000446F7F7C2FD21460448062213F0D7F906
:10C59000BDE81040F7F7BBBD00BFBA250020F8B5D5
:10C5A0000446F7F7B2FD2078677914F09CFF054642
:10C5B000607814F098FF0544A07814F094FF0544C7
:10C5C000E07814F090FF0544207914F08CFF0544C6
:10C5D00007F03F0014F087FF07F0C00628440EB1B3
:10C5E000C02E10D178B12E280DD02046FFF772FE54
:10C5F000054620B905480622214613F0A0F9F7F7B1
:10C6000086FD2846F8BD0325F9E7B4250020F8B5D6
:10C610000F46164690B1012815D10C4D6C793F2C70
:10C620008CBF002401240A490622284612F0FFF993
:10C6300058B107B13D6026B90020F8BD064D04464B
:10C64000F1E73460F8E70320F7E71520F5E7B425B4
:10C650000020F61C0300BA250020012807B504D9E4
:10C66000831E012B08D9032011E00022114603B0DC
:10C670005DF804EBFFF7CBBF00F09AF801AA0021A8
:10C68000FFF7C5FF18B90198002818BF152003B09F
:10C690005DF804FB73B5044616460D46F7F735FD05
:10C6A0002046324601A9FFF7B2FF044628B925B15A
:10C6B00001990622284613F042F9F7F728FD204693
:10C6C00002B070BD10B50446FFF7C7FF30B9023C99
:10C6D000012C03D8BDE81040FFF74DBB10BDF8B5E5
:10C6E00004460F460D4EF7F710FD0C4B002C18BFFB
:10C6F0001E4635782846FFF7B0FF044638B11528A6
:10C7000007D175782846FFF7A8FF044608B93D70A1
:10C710000024F7F7FCFC2046F8BDF21C0300F41CD3
:10C72000030008B506220021054812F0AAF9BDE869
:10C73000084003480622002112F0A3B900BFBA2521
:10C740000020B425002008B591F83930DB070846F1
:10C7500005D501F1290210F8011BFFF746FB002067
:10C7600008BDF8B50F4616461D46FDF716FF0446F0
:10C7700058B13946FDF76FFE011E0CBF072000209F
:10C7800006B1346005B12960F8BD01460720F7E71E
:10C7900037B515461C4601AA6B46FFF7E2FF28B9DC
:10C7A0000DB1019B2B600CB1009B236003B030BD29
:10C7B00000F0FD00431E584258417047FFF7F8BF94
:10C7C0000000024900220220FFF7E0B900BF998A69
:10C7D0000100F7B510F0400705460E4614460CD18F
:10C7E0001068018A08F02CFD0623009321683B465F
:10C7F0002A463046FEF7C7F9276003B0F0BDF7B50B
:10C800000446F8F76DFA4FF6FF73984205461CD0C0
:10C810000DF1070320690122002108F0E5FC04F175
:10C820001007034698B99DF80700144E32789042DD
:10C830000FD004D301331B2B06F10806F6D13A467C
:10C840002946FFF7C6FF082415E0072413E0042457
:10C8500011E02069012108F0F3FC7368394628468D
:10C860009847044638B1082C05D19DF807003A4690
:10C870002946FFF7AEFF204603B0F0BD00BFFC1C09
:10C88000030013460A460421FFF76BBF70471729C0
:10C8900038BF17218181704710B50446F8F7EBF9CE
:10C8A00030B1A38923B16089984228BF184610BDD2
:10C8B0001720FCE710B50C46FFF7EEFF218A8142F6
:10C8C00005DD411A2046BDE8104008F0B9BC10BD96
:10C8D00013B50446F7F719FC6A4601A92046FFF78D
:10C8E000D0FF40B90098FFF7D7FF0446F7F70FFCD9
:10C8F000204602B010BD0024F8E708B5F8F79BF910
:10C9000038B104230381C380034B1B884381024B4E
:10C91000836108BD00BFC0250020518B0100024B80
:10C920004FF480721A8000207047C025002070B537
:10C930000D46064604212846F8F7C4FA044638B9DD
:10C940002B681B683046DA78B3F80110FDF74BFB13
:10C95000204670BD73B50D46064602212846F8F7FD
:10C96000B1FA044620BB2B681D68F7F7CEFB2146C1
:10C9700001AA3046FFF785FF0446B8B92988019817
:10C98000FFF785FF0198FFF787FF0546F7F7BFFB25
:10C9900024B92A4604213046FBF73DFB30462A469F
:10C9A0002146FDF73AFB204602B070BD0025EDE7B9
:10C9B0000025F3E773B5064615460C4679B191425A
:10C9C0000DD8042101AA084600F078FA48B1048085
:10C9D00045800199304600F081FA02B070BD032015
:10C9E000FBE70620F9E72DE9F0430C4687B0064641
:10C9F00001212046F8F766FA054688BB2068012128
:10CA0000D0F8009008F01CFC23681B8A43B399F807
:10CA10000070012F20D0022F21D14FF01208414683
:10CA20002046F8F74FFA30BB2368186809F095F9EB
:10CA3000022FADF800001BD002231A46216801A87E
:10CA4000FFF738FD58B92068414608F0F9FB694600
:10CA50003046FDF7F5FAD7E74FF00408DFE70A257F
:10CA600030462946FDF718FB284607B0BDE8F0839D
:10CA700010233A46E2E70546F2E72DE9F341DDF8F7
:10CA80002480064615461F460C46B9B1914215D87A
:10CA900001AA08F10601062000F010FA80B10899F9
:10CAA0000480458087804246063012F048FF019995
:10CAB000304600F013FA02B0BDE8F0810320FAE737
:10CAC0000620F8E737B505460C462368198A29B9C8
:10CAD0002846FDF731FB002003B030BD042120467D
:10CAE000F8F7F0F978B9206803681A88ADF80420DF
:10CAF0005B88ADF80630042108F0A2FB01A92846A6
:10CB0000FDF7ECFAE1E70A21E2E7F7B5074616463A
:10CB10001D460C46B1B1914214D81846FFF72BFDC3
:10CB200001AA011D082000F0C9F968B1011D0480A7
:10CB300046802846FFF7E9FC0199384600F0CEF917
:10CB400003B0F0BD0320FBE70620F9E72DE9FF4124
:10CB50000C46064601212046F8F7B4F9054660B9AF
:10CB6000206803681F78012108F06AFB012F22D991
:10CB7000A7F1020823681B8A3BB930462946FDF716
:10CB800016FB284604B0BDE8F08139462046F8F788
:10CB900099F990B923681B6833F8022BADF804208B
:10CBA00001A93046CDE90283FDF7E9FA206839464C
:10CBB00008F046FBDEE70A25DFE70546DDE737B587
:10CBC00005460C4661B101AA02210A2000F076F95F
:10CBD00040B104800199284600F080F903B030BDCF
:10CBE0000320FBE70620F9E708B50A460021FDF718
:10CBF0004CFB002008BD73B5054616460C4669B1CE
:10CC000001AA04210C2000F059F948B104804680A3
:10CC10000199284600F062F902B070BD0320FBE7DD
:10CC20000620F9E708B50A460021FDF748FB002079
:10CC300008BD08B50A460021FDF754FB002008BDD9
:10CC4000F7B5074616461D460C46B1B1914214D8B9
:10CC50001846FFF790FC01AA011D102000F02EF9E4
:10CC600068B1011D048046802846FFF74EFC0199FB
:10CC7000384600F033F903B0F0BD0320FBE706208F
:10CC8000F9E72DE9FF410C46064601212046F8F759
:10CC900019F9054650B92068036801211F7808F08A
:10CCA000CFFAA7F1040823681B8A3BB9304629460E
:10CCB000FDF7C7FA284604B0BDE8F081042F20DD57
:10CCC00039462046F8F7FEF8E8B92368186809F0F5
:10CCD00044F82368ADF804001868023009F03DF804
:10CCE0002368ADF80600CDF808801B6801A904335D
:10CCF00030460393FDF773FA2068394608F0A0FA2E
:10CD0000D1E70425D2E70546D0E773B505460E46C0
:10CD10001446022101AA122000F0D0F828B92046BA
:10CD200008F0D4F9062002B070BD068001982146B3
:10CD300008F0EDFB0199284600F0D0F8F3E708B5BC
:10CD4000FDF7E3FA002008BDF7B5074615461C4677
:10CD50000E46F1B11B8A1344B3F5007F19DCFFF7CF
:10CD6000B7FD238A0438984213DD01AA0421162056
:10CD700000F0A4F890B1458006800198214608F0A3
:10CD8000C6FB0199384600F0A9F80546284603B0CD
:10CD9000F0BD0325204608F099F9F7E70625F9E7E5
:10CDA0002DE9F3410D46064604212846F8F78AF896
:10CDB000044690B9286803680421B3F800805F88AE
:10CDC00008F03EFA304600953B4642462146FDF7C4
:10CDD000ACFA204602B0BDE8F0810027B846F1E782
:10CDE00037B504460D4601AA0121182000F066F867
:10CDF00030B105700199204600F070F803B030BDE5
:10CE00000620FBE708B50021FDF7B3FA002008BDB6
:10CE100073B5064615460C4691B101AA02211B20A6
:10CE200000F04CF888B104800198294608F06FFBA7
:10CE30000199304600F052F80446204602B070BD19
:10CE40000324284608F042F9F7E70624F9E773B50A
:10CE5000064615460C4691B101AA02211D2000F09C
:10CE60002DF888B104800198294608F050FB0199FB
:10CE7000304600F033F80446204602B070BD03246B
:10CE8000284608F023F9F7E70624F9E708B5FDF787
:10CE900088FA002008BD013170B589B206461046F7
:10CEA000154608F052FB044620B9284608F00EF952
:10CEB000204670BD2C6804F8016BF9E770B5164682
:10CEC00004460D46F7F7E5FF0246306028B12946D3
:10CED0002046BDE87040FFF7DEBF70BD37B50B6878
:10CEE000044618780D46FFF7D1FCF7F70EF92046F7
:10CEF0006B4601AA0421FFF74BFC044638B12846D3
:10CF000008F0E4F8F7F703F9204603B030BD0098C5
:10CF10002946FFF7CFFCDDE900102A46F7F766FF48
:10CF20000446EFE710B50446F7F7EFF82046FDF7A3
:10CF300034FB044618B9F7F7EAF8072010BDFDF7EF
:10CF400020FB2046FDF7BFFAF7F7E1F80020F5E7F0
:10CF500038B505460C46F7F7D8F82846FDF71DFB0F
:10CF600040B114B190F8283023700024F7F7CFF8BF
:10CF7000204638BD0724F9E710B5F7F7C6F8FDF7E6
:10CF80003CFB20B18488F7F7C2F8204610BD4FF66D
:10CF9000FF74F8E742780B789A4206BF4860002099
:10CFA0000120704773B5DDE906548DF807008CB198
:10CFB00001318DF8061001220DF10601204608F01E
:10CFC0008FF828B901220DF10701204608F088F8F2
:10CFD00002B070BD2E78B01C084490420BDC0131C9
:10CFE00099552A7813449DF807205A702B780233FC
:10CFF0002B702046ECE70420EAE72DE9F3470A9E70
:10D00000DDF830A0CFB2CDE9006A0C469046394633
:10D010009DF82C209946FFF7C5FF054698B9BAF14F
:10D02000000F07D0A2B24146504602B0BDE8F0471B
:10D0300008F056B8307822464146484412F07FFC4A
:10D0400033781F443770284602B0BDE8F0872DE9D9
:10D05000F04F89B0984600238DF81B300378129E5C
:10D06000049205460F46002B6AD1D5F80490B9F119
:10D07000000F77D1D5F80C90B9F1000F40F0A480E3
:10D08000D5F81490B9F1000F40F0D380EA69002A76
:10D0900040F0048195F82330D90700F116816A6ABF
:10D0A000002A40F03381AA6A002A40F03E812A6BB0
:10D0B000002A40F04D8195F83830DA070ED50DF191
:10D0C0001B030093CDE901863B4605F136020221A0
:10D0D0001920FFF792FF044600283FD195F83C3015
:10D0E000DB0717D50DF11B03009301963B46424623
:10D0F00002211A20FFF756FF044678BB698F002EE5
:10D1000040F03C819DF81B403819023408F00AFEBB
:10D110008DF81B402A6C002A40F03C81AA6C002A42
:10D1200040F04B812A6D002A40F05A81AA6D002AF6
:10D1300040F06981049B002B40F0788100240DE0D1
:10D140000DF11B0300930B4601210246CDE9018638
:10D150000846FFF752FF0446002886D0204609B053
:10D16000BDE8F08F95F808B0BBF1000F82D0687A67
:10D1700001960DF11B034FEA4B0100F001000093F3
:10D1800042463B4601F0FE010230FFF70BFF04462A
:10D190000028E3D182466EB131464846FFF7DBF9FD
:10D1A00004460028DAD10AF1010AD34509F104093D
:10D1B000F1DC5FE79DF81B40484639190234FFF760
:10D1C000A4F98DF81B40EEE795F810B0BBF1000F05
:10D1D0003FF456AF687C01960DF11B034FEA8B01BB
:10D1E00000F00100009342463B4601F0FC01043090
:10D1F000FFF7D8FE04460028B0D109F1040959F818
:10D20000341046B10791042207A9304607F068FFA1
:10D2100058B10446A2E79DF81B300593F81808F0B2
:10D2200085FD059B04338DF81B300134A345E6DCF6
:10D2300026E795F818B0BBF1000F3FF427AF687EE2
:10D2400001960DF11B034FEA0B1100F00100009352
:10D2500042463B4601F0F0010630FFF7A3FE0446CC
:10D2600000287FF47BAF112313FB0B9B66B1314683
:10D270004846FFF770F9044600287FF46FAF09F1C4
:10D280001109D945F2D101E79DF81B4048463919EB
:10D290001034FFF73AF98DF81B40F0E795F82010AD
:10D2A00000293FF4F7AE95F821000DF11B0300F0C3
:10D2B00001000093CDE901863B460830FFF79DFE53
:10D2C000044600283FF4E6AE48E795F9223013F112
:10D2D000800F18D10DF11A00FEF7CBFF044600288D
:10D2E0007FF43CAF0DF11B030093CDE901863B4673
:10D2F0000DF11A0201210A20FFF77FFE04460028E3
:10D300003FF4CDAE2AE78DF81A30EBE70DF11B03A1
:10D310000093CDE901863B4604211220FFF76DFE04
:10D32000044600283FF4BFAE18E795F82C100029FA
:10D330003FF4BDAE0DF11B030093CDE901863B46E2
:10D340001620FFF75AFE044600283FF4B0AE05E76A
:10D3500095F8341000293FF4AEAE0DF11B0301EB3C
:10D3600041010093CDE901863B4649001720FFF7B4
:10D3700044FE044600283FF49EAEEFE6ADF81C10D4
:10D38000022207A9304607F0ABFE044600283FF40E
:10D39000C1AEE3E695F8441000293FF4BFAE0DF1AD
:10D3A0001B030093CDE901863B462020FFF725FEB5
:10D3B000044600283FF4B2AED0E695F84C100029A0
:10D3C0003FF4B0AE0DF11B030093CDE901863B465F
:10D3D0002120FFF712FE044600283FF4A3AEBDE66D
:10D3E00095F8541000293FF4A1AE0DF11B030093F2
:10D3F000CDE901863B462420FFF7FFFD04460028C7
:10D400003FF494AEAAE695F85C1001297FF692AE3F
:10D410000DF11B030093CDE901863B46FF20FFF78A
:10D42000ECFD044600283FF485AE97E6049A9DF88B
:10D430001B30137082E613B500240094FFF707FE3B
:10D4400002B010BD2DE9F04106460C46174698463D
:10D45000012C06D93378A3420ED241463046B84754
:10D4600010B90020BDE8F0813578013C641B01351E
:10D4700004F0FF042E44EBE70A20F3E7000037B581
:10D480001C4600230546019308466B461146064A92
:10D490008DF80050FFF7D6FF10B9019B13B1236040
:10D4A00003B030BD0520FBE700BFE79201007047E5
:10D4B000704700207047F8B50025C0E900500446C9
:10D4C0000F46164629460C22083011F0DAFAC4E954
:10D4D00003762846F8BD70B50B4E33680546013318
:10D4E0003360EFF7B2F82C681CB163682B6003B9A6
:10D4F0006D603368013B3360EFF7ADF804B1103C69
:10D50000204670BD00BFB81A0020F8B55379072B2C
:10D5100005460E4614461BD90F4F3B6801333B604E
:10D52000EFF793F8002363616B6804F110021A604F
:10D530003B681434013B6C603B60EFF78CF80EB92C
:10D540000020F8BD05F108013046F6F72CFBF7E79F
:10D550000220F6E700BFB81A002013B54FF0FF33E2
:10D560000F48009300231A46032100680CF047FE81
:10D57000F6F7CBFD0B48FAF7EAFD0A4A00231468D8
:10D580001360094A1370F6F7C2FD0CB902B010BD62
:10D59000D4E9003100209847A468F6E700BFC4250D
:10D5A0000020DC250020D8250020FC1A0020FFF7F1
:10D5B000D4BF10B5EFF753F8BDE810400146024A5A
:10D5C00003480023F6F7FFBB00BF01990100C42503
:10D5D00000200000000070B586B0002300931A46BA
:10D5E000194640F60340FEF7C0FC0446002840F010
:10D5F0009180082602460146009604AB41F20100E4
:10D60000FEF7B3FC0446002840F084809DF810002B
:10D61000FEF7E9FDFEF7EDFD48A3D3E900230094F2
:10D62000CDE902230546234632460DEB060140F6BE
:10D630000140FEF79AFC044600286BD1062D59D80C
:10D64000FEF7D7FD062868D81F220023CDE9042362
:10D6500000230093082204A942F20100FEF785FC92
:10D660000446002856D1032300930246014604AB2A
:10D6700042F20200FEF779FC044600284AD1BDF8C8
:10D6800010209DF8121072B907230093114604ABC5
:10D6900041F20500FEF769FC044600283AD1BDF8C6
:10D6A0001020BDF813101046FEF743FC044688BB5B
:10D6B000082300930246014604AB42F20300FEF742
:10D6C00054FC044630BB0498FEF787FD0623009304
:10D6D0002246214604AB41F20900FEF746FC04460F
:10D6E000C0B904A8FEF74BFF2046FEF7BCFBFFF7CE
:10D6F000E0FE0FE04FF400020023CDE90423009088
:10D700000346324604A940F66340FEF72EFC044669
:10D71000002895D0204606B070BD072804D0082800
:10D7200004D140F27F6290E73F228EE7024A8CE705
:10D7300000BFAFF300807FFE0F00908000020080EA
:10D74000002010B403780A780446981A06D1601CA9
:10D7500006225DF8044B013111F069B95DF8044B04
:10D7600070472DE9F7434FF00008044616460D4672
:10D77000C1464746B04505DB4FF0FF38404603B091
:10D78000BDE8F083694620460097CDF80370FFF7A7
:10D79000D8FF20B121462846FFF7D3FF98B9237E52
:10D7A000DB070BD52A8923899A420CD1D5E90402DB
:10D7B000D4E904139A4208BF884204D1637E4B45E2
:10D7C000DCDD09F1010908F101085035D2E738B56F
:10D7D000154612680C46FFF7C4FF421C03460ED0E4
:10D7E000296801398842296007DA502202FB00408B
:10D7F000CA1A00F1500111F02AF9002038BD0520A5
:10D80000FCE72DE9F7430024154EDFF85490054658
:10D810002746A046D9F80030A34205DC4FF0FF347C
:10D82000204603B0BDE8F08369462846CDF8008065
:10D83000CDF80380FFF785FF20B129463046FFF77A
:10D8400080FF40B92B8913B132899A4203D1AB7A58
:10D85000BB42E5DD013701341036DBE700BFEC25C4
:10D860000020E825002013B50023694600930446F4
:10D87000CDF80330FFF765FF18B10621601CFEF7F5
:10D88000F1FC02B010BD022870B50D46144605D05B
:10D8900003281FD0012817D0082070BD0846FFF7C5
:10D8A000E2FF124E134B1A6831462846FFF759FF24
:10D8B000421C01D10520F0E7502202FB0061204606
:10D8C00012F03DF80020E8E70846FFF7CCFF094ECC
:10D8D0000A4BE8E70846FFF794FF431CEAD0074BE2
:10D8E00003EB00100FC884E80F00EBE700BF7026C1
:10D8F00000206C2600206827002060270020EC25EF
:10D90000002010B590F82830D907044603D510211F
:10D910001830FEF7A7FC94F83930DA0704D5102147
:10D9200004F12900FEF79EFC94F84A30DB0706D587
:10D9300004F13A001021BDE81040FEF793BC10BD81
:10D94000000030B5022889B00C4606D0032839D033
:10D9500001281FD0082009B030BD0846264DFFF72A
:10D96000D0FF21466846FEF7FCF823492A6868463E
:10D97000FFF7F7FE411C04D12868022838DC431C5D
:10D980002B601D4B5022214602FB003011F0D7FFC7
:10D990000020E0E70846194DFFF7B3FF214668462F
:10D9A000FEF7DFF82A6816496846FFF7DAFE421CE0
:10D9B00004D1286802281BDC431C2B60114B502229
:10D9C0002146E1E76846FEF7C0F86846FFF719FF11
:10D9D000431C05D10C4B1868072809DC421C1A604F
:10D9E0000A4D05EB001594E80F0085E80F00CFE71E
:10D9F0001B20B0E700BF6C260020702600206027A7
:10DA0000002068270020E8250020EC25002008B52C
:10DA10000346022B084605D0032B0CD0012B07D060
:10DA2000082008BD104A1049BDE80840FFF7CFBEE6
:10DA30000F4A0F49F8E7FFF7E4FE431C02460FD0F8
:10DA40000D490B68013B98420B6007DA0B4800EB6D
:10DA5000021000F110019A1A10F0F9FF0020E0E71F
:10DA60000520DEE700BF6C2600207026002060271E
:10DA7000002068270020E8250020EC250020074B27
:10DA8000084A5A61084A9A61084ADA61084A00233A
:10DA90001360074A1360074A1360704700BF3400E1
:10DAA0000020D99B0100959C0100619D0100602729
:10DAB00000206C260020E825002010B5044C2060D2
:10DAC0000448016004490A60044A136010BD4C2EEA
:10DAD0000020482E00203C2E0020382E002010B5BB
:10DAE000044C20600448016004490A60044A136041
:10DAF00010BD442E0020402E0020342E0020302E59
:10DB00000020024B034A1B681168184700BF442ECF
:10DB10000020402E0020024B034A1B681168184762
:10DB200000BF4C2E0020482E0020024B034A1B68E9
:10DB30001168184700BF342E0020302E0020024B01
:10DB4000034A1B681168184700BF3C2E0020382E7E
:10DB50000020022808B50AD0032803D001280BD0E2
:10DB6000002008BD0648BDE8084007F076BE04481E
:10DB700007F073FE0028F4D10348F4E700BF142E29
:10DB80000020F42C0020982A0020014610B50446FD
:10DB9000094807F049FE214620B10648BDE810407B
:10DBA00007F095BE054807F03FFE214608B1024840
:10DBB000F4E70248F2E7F42C0020982A0020142E03
:10DBC00000200020704707B50E4B00934FF482727F
:10DBD0000D4B0D48012107F0CAFD0C4B0093462266
:10DBE0000C4B0C48082107F0C2FD0B4B009346225A
:10DBF0000B4B0B48082107F0BAFD03B05DF804FB9E
:10DC000000BF22DE0200102D0020142E002037DE7F
:10DC10000200B42A0020F42C00204FDE0200582815
:10DC20000020982A002010B50446236803B910BDCF
:10DC3000A3F110005B68236003B9646007F046FA43
:10DC4000F3E7024A136801331360EEF7FEBCB81A1B
:10DC50000020024A1368013B1360EEF7FCBCB81ABF
:10DC60000020002003F05BBD06F00DBD00002DE993
:10DC7000F843174D05F14C09EC6C0CB9BDE8F8837D
:10DC80006368EB64A4F110070BB9C5F8509054F821
:10DC9000100C08F062F8064654F8100C023008F038
:10DCA0005CF804218046384607F0CAFA22884245CB
:10DCB00005D106F44053B3F5805F00D81AB9384651
:10DCC00007F004FAD8E73146384602F0BAF8D3E74D
:10DCD00000BF602E0020F8B51A4D05F13807AC6B77
:10DCE00004B9F8BDFFF7ADFFAB6B5B68AB63A4F1A4
:10DCF000100603B9EF63FFF7ACFF54F8101C23893B
:10DD0000087803F00703013B04F1080200F00F005C
:10DD1000032B0AD8DFE803F0070D11021146304645
:10DD200001F097FEDBE705F0A2FE304607F0CEF9E2
:10DD3000D5E7314604F0EBFDF7E701F0B6FBF4E779
:10DD400000BF602E002008B5012006F086FC28B137
:10DD5000BDE8084002483321F6F75DB808BDCC2E77
:10DD60000020F8B51021054607F09AF9044610B9CD
:10DD700000242046F8BD836805821E8803680433AA
:10DD800026F0030603604379B6B2F31A043BED1A9A
:10DD90000746002DEDDD0021A8B207F060F918B9A3
:10DDA000204607F093F9E3E7F860AD1B0746F0E77C
:10DDB0000346084631B1587900F0C000A0F1400395
:10DDC00058425841704739B1407900F0C000A0F185
:10DDD000C003584258417047012070470346084627
:10DDE00039B15879800903D0431E584258417047D1
:10DDF00002207047421E431D12F8010F10B99A42CB
:10DE0000FAD1704701207047000010B50146421E4C
:10DE10000023043012F8014F234482429BB2F9D10F
:10DE20004A7902F03F04234498B298B140F23A5341
:10DE300098421BD002F0C002C02A15D0402A0AD155
:10DE4000CB780A799818201804D040F23D23C01AE4
:10DE500018BF012010BD4AB90648062210F0E7FDA0
:10DE6000003818BF0120F5E70120F3E70020F1E7B3
:10DE700000BF562E0020032809D8DFE800F0020575
:10DE800002050348FFF7B6BF0846FFF7BEBF0020F4
:10DE90007047562E0020052970B50546164602D853
:10DEA0001224204670BD0D4B1B680BB10C24F8E703
:10DEB00004F06FFF04460028F8D156B12846FFF75A
:10DEC000A4FF0028ECD006222946054811F037FDB2
:10DED000E7E705F0B6FE0028F0D0E7E700BFAC307A
:10DEE0000020502E002010B5074B0C460146064876
:10DEF0000622002C18BF184610F099FDB0FA80F0E9
:10DF0000400910BD00BF502E0020562E0020034AAD
:10DF1000044B002814BF10461846704700BF502E0F
:10DF20000020562E002038B508F0B7FD0F4B0546EF
:10DF30001C7A08F0B8FDB5B9631E032B13D8DFE8CF
:10DF400003F0020A0E06BDE8384005F05CBEBDE8ED
:10DF5000384001F058B8BDE8384004F0ACBCBDE82A
:10DF6000384001F057B838BD00BF602E00200023B4
:10DF70004361064BDA6B00F1100114301160D86375
:10DF800003F12C0103F11000F5F70DBE00BF602E68
:10DF9000002038B504460A4DFFF753FE00236361A5
:10DFA0002B6D04F110021A6014342C65FFF751FE3A
:10DFB00005F1400105F11000BDE83840F5F7F3BD6B
:10DFC00000BF602E002010B5134B00781B7A013B78
:10DFD000144600F00F00032B19D8DFE803F00A13F2
:10DFE0000E0208F054FD01462046BDE8104001F045
:10DFF00004BDBDE8104005F0B8BD2146BDE81040A5
:10E0000001F0DDBA2146BDE8104004F06CBA4FF0D3
:10E01000FF3010BD00BF602E0020F8B50B880778D8
:10E0200090F801C003F08004C3F3C01603F00703A7
:10E03000042B05460A4607F00F0703D1BDE8F84058
:10E0400001F081BD002C58D0082F4DD8DFE807F033
:10E050000A050A050A2D0A303000BCF10C0418BF6D
:10E06000012405E0ACF106041F2C94BF0024012418
:10E07000022B21D0032B31D0012B3BD1D4B90CF191
:10E080000200FFF76EFE044618B10146284608F06C
:10E09000F0F832462146384605F02FFC054614B10B
:10E0A0002046FFF764FF2846F8BDBCF12204D6E7FE
:10E0B0000024DDE70024ECE774B90CF10200FFF75F
:10E0C00050FE044618B10146284608F0D2F8314601
:10E0D000204604F046FAE1E70024F8E731462846F6
:10E0E000BDE8F84001F079BA022BF5D0032BF5D04A
:10E0F000012BDFD04FF0FF35D5E7022BDDD0032B0E
:10E10000ECD0012BBBD0F5E738B50C4603461546DD
:10E1100020468A7E497E07F067F8E37E2B70A07E5A
:10E1200038BD10B508F01DF9002008F01EFA0023D4
:10E13000084A0848094C1946FFF7D1FC03F073F967
:10E140004FF0FF312046F5F708FD43689847F7E7A1
:10E1500000BF5DD801003DD80100702E0020014BAA
:10E160001872704700BF602E0020014B187A70476C
:10E1700000BF602E002001460148F5F714BD702E47
:10E1800000204FF0FF3040F2FF3170470000014B9C
:10E19000D3E900017047602E002038B5FFF751FD2C
:10E1A000044608F024FA06F032F904F014FE06F0F2
:10E1B00042FB2046124CFFF74CFD05F030FD204697
:10E1C000FFF731FD0025A4F11400FFF72CFD24F822
:10E1D000405C01F03EFF03F09EF906F01EF929466F
:10E1E0000622074804F8445C10F04BFC04F059FE8A
:10E1F00006F09FFEBDE8384008F0B3B800BFAC2E73
:10E200000020502E00200A30C000704700000F4B45
:10E2100033F81130834217D8C01A032912D8DFE827
:10E2200001F00E02080BC0F3CF001B2838BF1B20E3
:10E230007047C0F38F00F8E7C0F38F10F5E7C0F325
:10E240000F10F2E70020F0E71B20704700BFD41D3D
:10E25000030030B585B0002340480293062202A98E
:10E26000CDF80B3010F0E3FB0446A0B9029000900B
:10E27000ADF80400CDF80B00062202A9684610F0A4
:10E28000D6FB002860D00294ADF80C40062202A90B
:10E29000324811F054FB314C06F0ADFA182363728A
:10E2A0000022FF230421202063810AF0CEFF2346B1
:10E2B000002543F84C5F23652346206143F8385F0F
:10E2C00029460C2204F12C00E36310F0DAFB244B06
:10E2D00029460C2204F14000C4E90C3510F0D1FBB2
:10E2E000214B29460C2204F15400C4E9113510F0E9
:10E2F000C8FB1D4B29460C2204F16000C4E9163509
:10E3000010F0BFFB1A4B1A4A04F1100104F16C0023
:10E31000C4E919352B46F5F756FD03F0FCF806F075
:10E320007CF805F096FC04F07AFD01F0EAFE06F0B8
:10E33000E6FD44F2DF020023C4E9002300F0BFF849
:10E3400000F0B1F805B030BD02A807F068FD002864
:10E35000A1D106220DF109019AE7562E0020602E68
:10E36000002029A00100C19F0100BB9F0100B59FB3
:10E37000010099A0010070B5124D2B6801332B608C
:10E380000646EEF762F90F4B1A7A1F2A044614D894
:10E390001A7A0D490132D2B21A721A6816701A68C6
:10E3A0008A420CBF1F3A01321A602B68013B2B6076
:10E3B0002046BDE87040EEF74EB907F0CEFDF4E719
:10E3C00000BFB81A0020082F0020052F0020F8B544
:10E3D00006460C46002934D01B4F1B4D3B680133C9
:10E3E0003B60EEF732F92B7A2A7ADFF860E0A3423D
:10E3F00028BF2346D21AD2B2E41A2A72E4B206F136
:10E40000FF3C1A467AB91E443B68013B3B60EEF77D
:10E4100022F907F082FDA4B12B7AA342DED22B7A37
:10E420001F2BF9D9DAE7696809780CF8011F6968C8
:10E43000714514BF0131AEF11F01013A6960D2B2DA
:10E44000E0E70020F8BDB81A0020082F0020052FB3
:10E45000002008B5074B1A782AB1002206481A7026
:10E460000621FFF7B4FFBDE80840024811F07DBA6D
:10E4700000BF6C000020E02E002038B5044640F2BA
:10E48000FD2503212046FFF7A2FF22786178A378BB
:10E490000A449A18F5D0AA42F3D003F03F0343F0A0
:10E4A0004003A37038BD08B5044B1B7A1F2B01D85D
:10E4B00007F033FD002008BD00BF082F002008B57D
:10E4C000054A054B06480121C3E9002207F003FD78
:10E4D000002008BD00BFE62E0020082F0020C9A69E
:10E4E000010008B508F083F80020FFF738FE014B63
:10E4F00000221A6008BDA830002010B50446FFF7BE
:10E50000F0FF2CB104F19C00BDE81040FFF733BED2
:10E5100010BD827822F002028270FFF7EEBF82788F
:10E5200042F002028270FFF7E8BFFFF7E6BF032068
:10E53000FFF715BE0020FFF712BE07B5837843F042
:10E5400002038370C379013B18BF0123009300F5D8
:10E550008C7200F5A0730021D0F8080107F099FF34
:10E5600003B05DF804FB837823F00203837007F0A7
:10E57000BEBFC279D0F80801013A18BF01220021BC
:10E5800007F0ADBF38B5058B044601212846FFF7DB
:10E590003EFE022160772846FFF739FE0321A0776F
:10E5A0002846FFF734FE0021E0772846FFF72FFECC
:10E5B000207738BD000013B5C36F446F90F8792001
:10E5C0001C440A4B1B78E41A90F8783013441E2B35
:10E5D00001A8C8BF013405F008FF28B1019B1A1B30
:10E5E00034EA220428BF1C46204602B010BD503336
:10E5F000002070B5B0F8684040F2E2435C43054645
:10E60000204606F0B6FC064606F0B9FC231ADBB23B
:10E610001F2B04BF0136002385F87930EE6770BDEB
:10E620000000024A136801331360EEF70EB8B81AFF
:10E630000020024A1368013B1360EEF70CB8B81AC9
:10E640000020F8B504460D46174604F0B8FB062234
:10E650000646411C204611F072F90622A018F11D51
:10E6600011F06DF9696D04F10C0007F05FFBAB6D03
:10E670002374AB6D1B0A6374B5F85A30A37495F814
:10E680003A30E374B5F8721004F1140007F04AFB55
:10E69000B5F8681004F1160007F044FBB5F86A10ED
:10E6A00004F1180007F03EFBB5F86C1004F11A00F5
:10E6B00007F038FB052205F1200104F11C0011F0E0
:10E6C0003EF995F8392095F82E3043EA421384F844
:10E6D000213033783B702220F8BD10B58378DB07FA
:10E6E00004460BD505F04FFF20B10622032120463A
:10E6F00002F0D5FBA37823F00103A3706378990798
:10E700000FD5B4F84830DA070CD50021204602F0C6
:10E71000A7F80021204605F0DDFE637823F0020310
:10E72000637010BD5B06F4D50621204602F098F810
:10E7300094F83710EEE72DE9F04F077817F004074B
:10E740008FB004466DD0637843F0200363700026D9
:10E7500035464FF0010B37466278910608D5002206
:10E760000EAB0493ADF828208DF82A200AAE04AD34
:10E7700094F832200AB14BF0080B784294F8333009
:10E7800000F010004BEA000013B140F00400C0B2EA
:10E79000F07023785A0700F14781E379022B00F0EB
:10E7A0002F814FF000084FF00209F37803F00303C4
:10E7B000032B40F073812B681B78062B40F03981C6
:10E7C000A37843F00203A370012384F80131E379B5
:10E7D00003F1FF3CDCF1000343EB0C030093D4F89E
:10E7E000040104F5A07304F58C72002107F051FEBA
:10E7F0002146404607F091FEB4484A46294608F0B3
:10E80000CEF858B9637867F386139906637005D517
:10E8100023785A0702D543F0080323700FB0BDE8F0
:10E82000F08FD0E92A5A002D40F0A98090F801B06D
:10E830001BF02003029342D090F80031022B00F22B
:10E84000C7802E460295A946A8464FF0010BBAF1A3
:10E85000000F07D1029B03EB09024245BFF67CAFD4
:10E860004FF0000A2046FFF7A6FE029B03EB0902C9
:10E870004245074680F2BD80A8EB0900C01AC0B22D
:10E880000121B4F81AA0FFF7BEFC012180464846DA
:10E89000FFF7B9FCE279012A08BF628B0AF5E17A39
:10E8A000C24408BF9632504408BF801806F061FB8E
:10E8B000804606F05AFB4044C71BFF0F4CE7BAF1F5
:10E8C000000F3FF440AF90F80021DAF804300393D2
:10E8D000022AAAF1100517D9C379012B03D0032A04
:10E8E00012D0022B10D1504601F041FE064638B935
:10E8F000637843F02003637007464FF0010B2BE76A
:10E90000039BFBB900230393D4F8AC305B68C4F8D5
:10E91000AC301BB904F1AC03C4F8B0309AF80B303A
:10E92000564603F00303032B36F8088B18D15FFA21
:10E9300088F99AF80BB08AF80A90DDF80CA0C4F8B0
:10E94000A85084E7039801F012FE0028DCD1E37997
:10E95000012BD7D0284601F017FE0028D2D0D3E7EC
:10E96000208B0121FFF753FC94F80E90C14528BF7E
:10E97000C146814528BF81465FFA89F9D9E76B7E98
:10E98000B5F8108095F81A90029305F11806E3B9CE
:10E99000EB7E03F0030B94F80021022A7FF657AFB9
:10E9A000BAF1000F3FF456AF504601F0E0FD50B908
:10E9B000E279012A3FF44EAFD4F8A80001F0E4FD5B
:10E9C00000283FF447AF4F4611E04FF0010BE2E75C
:10E9D000BAF1000F3FF4BBAE504601F0C8FD00286D
:10E9E0003FF4B5AE2E460295A8464FF0010BB9464E
:10E9F00038E7BAF80020A07B824298BFD0B23FE748
:10EA0000002F7FF4CEAE94F83430002B7FF4C9AEE3
:10EA100094F83630DB063FF5C4AE2B68197801F068
:10EA20009BFE00287FF4BDAEDFF8B8804FF00009F0
:10EA3000BBE6052B10D1A37823F00203A3700823B3
:10EA4000A4F8003107F053FD214A214BB8F1000F23
:10EA500014BF90469846CBE60B2B1FD1E379022BCF
:10EA6000A37812D143F00203A3700021012384F89C
:10EA70000131009104F5A07304F58C72D4F80401FF
:10EA800007F007FD144A144BE0E723F00203A370DC
:10EA90000623A4F8003107F02AFDA9E6A3789E0713
:10EAA0007FF5A6AEE2790123D01A4242424184F8B2
:10EAB0000131D4F80401002107F011FD084BB8F131
:10EAC000000F08BF984693E600BF5BA4010071A841
:10EAD00001008DA8010065A80100B9A80100C5A822
:10EAE00001007DA801002DE9F341C4683B4EA379E4
:10EAF000346005463BB92046FFF7FFFC0125284658
:10EB000002B0BDE8F08104F02DFA0420FFF727FBE6
:10EB1000D4E9151294F82F00314F07F03AFD07F0B1
:10EB2000DCFF94F80780B8F1010F21D138786B68C9
:10EB3000A978184407F01DFF014600283FD1A378AB
:10EB40009A0712D5D4F80401CDF8008004F5A0731B
:10EB500004F58C7207F09DFC2046FFF7ECFD70BBBE
:10EB6000002506F002FA6066C9E707F0C0FCF3E78B
:10EB7000A3789B0720D50123D4F80801009304F55E
:10EB80008C7204F5A073002107F083FC38786B6861
:10EB9000A978184407F0B5FE014680B92378D4F867
:10EBA000842043F020032370D4F888303D3202EBF8
:10EBB000430207F09CFBD3E707F099FCE6E704F17A
:10EBC0009C00FFF7D8FA07F012FD0020FFF7C7FA04
:10EBD000002333600125C4E700BFA8300020503374
:10EBE0000020406E4B6EC01AC00F70470000034BF0
:10EBF0001B680BB906F0B9B9D86D704700BFA830D3
:10EC00000020012805D103488379002B08BF00208C
:10EC1000704700207047202F0020044B186820B157
:10EC2000D0F8B4201A6002B95B60704700BF142F9F
:10EC300000202DE9F0418378DB0604460D460AD515
:10EC400090F83120818D00F12003BDE8F041B0F84B
:10EC50004A0003F02EBA90F82F00012704F1200695
:10EC60000DB9BDE8F08194F8303094F82E201344AB
:10EC7000D8B2252884BF2538C0B2C0F3C7022244C9
:10EC800084F8300092F8202000F0070307FA03F31D
:10EC9000134209D194F83130B0FBF3F203FB1200B8
:10ECA0003146C0B203F0CFF9013DADB2D8E7F8B5B7
:10ECB0000446FFF712FD94F83C3033B194F900306C
:10ECC000002B02DB204601F051FD94F90030227840
:10ECD000002B05DAE379022B04BF0023A4F86A3085
:10ECE000B4F86860216840F2E2435E4303F58003B4
:10ECF00003F62E430B40102B40F0BB80D00740F1B1
:10ED0000B880B4F86A500135ADB26E43B4F84A30F9
:10ED1000012D2B44A4F84A3040F0AD80636FE26FC0
:10ED200094F878001344636794F879301844C0B2BB
:10ED30001E2884F8780005D9636F1F380133636794
:10ED400084F878006378D90762D5B4F84A20B4F81B
:10ED500068319A425CD1E379012B17D0022B03D1A1
:10ED6000B4F848305A0611D4B4F86820B4F86231C7
:10ED70009A420BD1B4F86A20B4F864319A4205D1B2
:10ED8000B4F86C20B4F866319A4203D0637843F04B
:10ED900002036370B4F86631A4F86C30B4F86431DF
:10EDA000A4F86A3094F85E3184F83A3040F2E247D1
:10EDB0007B43C4F88430B4F86031A4F87230B4F8FE
:10EDC0006231A4F868302046FFF713FCB4F86061A4
:10EDD000BEB17E43304606F0CCF8636F03446367F0
:10EDE00006F0CDF8361A94F878003044C0B21E28E8
:10EDF00084F8780005D9636F1F380133636784F89E
:10EE00007800636FC4F88C30637823F0010363707B
:10EE10006378DB061BD5638DB4F84A209B1A1BB2BE
:10EE2000002B14DC04F12506304603F029F93146A5
:10EE300084F83100052204F1200010F080FD637891
:10EE400023F0100363700121204601F009FD2946DB
:10EE50002046FFF7EEFE94F9003084F82F00002BD7
:10EE6000606F15DA236E1B1A002B11DC4FF0FF3098
:10EE7000F8BD01254AE7304606F07BF8636F03448E
:10EE8000636706F07CF8361A94F8780030444EE751
:10EE9000E379022B1ED194F83920D4F8801003F0C6
:10EEA0003CF9B4F8683040F271225343963B9842E3
:10EEB000DCD2D4F884301030C4F88800184406F04E
:10EEC00058F8A430054B1A78636F9B1A0344E36526
:10EED0000020CDE7A420F5E700BF5033002070B537
:10EEE000012383710378044623F0010303700D4668
:10EEF00006F03BF8E3796066022BC4F88C0044D13D
:10EF0000AB68C4F88030E868B4F87230A97940F290
:10EF1000E24202FB03062220FFF775F9AB7830448A
:10EF2000242B00F2E24605D895F90530022B3CDC93
:10EF3000002B3FDC304606F01CF8AB6803446367E7
:10EF400006F01DF8361AF6B21F2E84F8786005D147
:10EF5000636F01336367002384F8783094F83A00D4
:10EF6000666F40F2E2435843C4F8840006F001F8AB
:10EF7000A53606441023E665C4F88830204605F01F
:10EF800040F8D0B9E379022B1ED0124900230A6859
:10EF90000B602046194602F00FFB204605F086FB69
:10EFA0000321204601F0FAFB12E0032BC2D100F648
:10EFB000A666BFE700F6C416BCE72046FFF777FE5B
:10EFC0000028DBD0002004E02946204604F0F5FDAF
:10EFD000012070BD00BFC830002010B5044669B1E3
:10EFE000837843F010038370436D83EA1343838572
:10EFF0000021FFF71EFE84F82F0010BD80F83010AE
:10F000000121F6E70000014B1868FFF776BAA83037
:10F01000002070477047B0F852300A2253439340A3
:10F020004FF47A71E830B3FBF1F1F4F7F4BE10B5A8
:10F030008468204602F0E5FB2046072101F0AEFB84
:10F040002046BDE81040FFF7E6BF38B50123C37185
:10F05000022380F83A300023A0F87230042380F8AD
:10F06000393004460D46FFF7F4F920490C23B0FB74
:10F07000F3F202FB130005304B7984F8313005229E
:10F0800084F82E0004F1200010F059FC02F07DFFFE
:10F090006065FFF7DEF9164BC4F8DC3020F07F40E6
:10F0A000A0656B8AA4F86A30AB8AA4F86C302B7B1D
:10F0B00084F891302B7943B90622A91804F1930002
:10F0C00010F03DFC6B7984F89230298AA4F868101E
:10F0D000EB8A4A00B3EB410FC8BF93B2A4F86E307D
:10F0E0002B8B9A42B8BF93B2A4F8703038BDB030C1
:10F0F000002039AE010038B500252223044680F8EF
:10F100003F300560A0F84A5085718587072229465F
:10F1100040300FF0B6FC4FF67F732381FF23294662
:10F1200084F83B300C2284F83E50A4F84E50A4F8EA
:10F13000505084F8375084F89050A4F84850A4F800
:10F14000505104F19C000FF09CFC214BC4E9283481
:10F150002346204643F8AC5FC4F8B0304FF48073C8
:10F16000A3861C4BC4F8A8501A7AA272DA79E2720C
:10F170009A8922829B8A6382184B6586C4E905338B
:10F180004FF01B33E360A4F84C50FFF7FBF950221B
:10F19000294604F580700FF074FC012384F80031D7
:10F1A00040F6B833A4F85230A3780C4A0D4943F026
:10F1B0000803A37004F1E8002346F4F704FE204698
:10F1C000FFF717FA084B1A68C4F8B4201C6038BD62
:10F1D00000BFB9B60100B03000204801480181B33A
:10F1E0000100702E00201C2F002010B5438A828A57
:10F1F000C18A934228BF1346428B9A42028A16BFA5
:10F200004383002301238A4228BF0A46018B91428F
:10F21000044603D00283FFF7B5F90123E27A217B8C
:10F220008A4228BF0A46E17B914218BFE273617BA4
:10F23000A27A18BF01238A4228BF0A46A17B9142C5
:10F2400005D0A2732046BDE8104005F0FAB8002BA7
:10F25000F8D110BD0000F7B50446CC300D4605F0DE
:10F2600090F8FFF7DEF93B4B1B68A342064601D13D
:10F27000FFF737F930464FF0FF36FFF7DAF9002392
:10F2800000961A460321D4F8B8000AF0B8FF00230C
:10F2900000961A46D4F8E80003210AF0B0FF2E4A7F
:10F2A0001368A3421AD1D4F8B4301360D4F8A8007C
:10F2B00020B105F00BFF0023C4F8A83004F1AC071F
:10F2C000D4F8AC60A6B17368C4F8AC300BB9C4F81C
:10F2D000B070A6F1100005F0F9FEF1E71A46D3F878
:10F2E000B430A342FAD1D4F8B430C2F8B430DDE778
:10F2F0001B4804F19C01F4F790FCE378A67103F03D
:10F300001803182B07D13146204605F061F9E37840
:10F3100066F30413E370E378DA0607D5294620463E
:10F3200005F056F9E37823F01003E37045B1022DA0
:10F3300002D123785B0703D52946204602F076FAEE
:10F340000023C4F8B430064B5A681460B4345C60CF
:10F3500003B0F0BD00BFA83000201C2F0020702E8D
:10F360000020142F002038B5044605F0B2FAA46836
:10F37000A07928B9FEF7F3FEBDE8384003F05FBA84
:10F3800003F05DFA237813F002051BD103F00C03A0
:10F390000C2B09D194F83D10002908BF13212046F9
:10F3A000BDE83840FFF757BF284804F19C01F4F747
:10F3B00034FC2378DB0748BFC4F884502046FFF7AD
:10F3C00076FC08B11621EAE7237884F8340060F36C
:10F3D00000032370204601F010FA1C4BC4F8DC3007
:10F3E000204604F0CAFCC8B9A379012B0BBFB4F8BE
:10F3F0006800B4F86C0041F64C5342F210730BBF36
:10F40000584358433E25082505F0B3FD636FD4F8F3
:10F410008C209B1A834207D32946C0E72046FFF77A
:10F4200046FC0028DCD0CDE7204602F078F9E378EE
:10F4300003F01803182B07D10021204605F0C8F867
:10F44000E37823F01003E37038BD702E002039AE4E
:10F45000010038B505460C4649B9064807F05DF885
:10F46000224629460548BDE8384007F098BA0348C7
:10F470000021F3E700BF87A8010095A9010081A83A
:10F48000010010B5084C0020FEF769FE23684BB15F
:10F490001A7822F001021A7020689C30FEF76BFE89
:10F4A0000023236010BDA83000202DE9F041414F1A
:10F4B00088B03C684FF0FF330D4616460793002C8A
:10F4C0005BD013881B0673D594F90130002B6FDADB
:10F4D00007AB03930DF11303029306AB01930DF1F8
:10F4E0001203009305AB03F01EF8002860D194F9D5
:10F4F0000920002A44DB362000FB02F32F49CB5CB5
:10F500000233DBB200FB021184F892300622243170
:10F5100004F193008DF8123010F011FA059803F001
:10F5200046FC94F90900A91C05F071FC9DF8131024
:10F530000698FEF73DFC20B1069994F9090005F004
:10F540007CFC4FF000084046C7F8008002F08FFFB7
:10F55000B378242B25D8A37843F01003A370636DF0
:10F5600083EA1343A38541462046FFF762FB84F8F4
:10F570002F0000212046FFF7B2FC08B0BDE8F08163
:10F58000DDF8148003F01FFC0028DAD09DF812305B
:10F5900084F892300622414604F1930010F0CFF92E
:10F5A000CFE729782046C1F34011FFF716FDE0E7C9
:10F5B00003F045F9E1E7AC300020AC330020054A08
:10F5C0000346106830B1012B03D9083B584258411B
:10F5D000704701207047AC3000202DE9F04F002328
:10F5E0008DB0CDE90933B04B04901C684FF0FF3566
:10F5F00017460B951CB90020FEF7B1FD35E0049BC2
:10F600001D785B780593A9B10BAB03930DF1230330
:10F6100002930AAB019305F00F050DF1220300934D
:10F62000049909AB284602F07EFF804610B97DB3ED
:10F63000012D1ED04FF0FF3505980230FEF791FBEB
:10F640000646002840F0A78194F90130002B09DA22
:10F650002368204623F0806323F4004340F8CC3B2A
:10F6600004F08FFE07F069F9002528460DB0BDE8CB
:10F67000F08F9DF823100A98FEF79AFB10F0FF0612
:10F6800007D19DF823100A98FEF72DFC0028D1D051
:10F690000026DDF824909DF822B003F094FB9DF83D
:10F6A000221082460998FEF783FB002860D005F0FF
:10F6B00020FC00285CD006F0A2FC051E2EDB3B8857
:10F6C000DFF8EC810A9843F480633B8036236B4378
:10F6D00008EB03026572517818F803B003F12409AE
:10F6E0003143C14406D110B19378002BA2D14FF021
:10F6F00001084FE00028FAD0002EF8D0191D41442F
:10F70000069305F0C7FB002894D0069B0A9803F1E6
:10F710002A010622414410F012F9E8E7BAF1000F7D
:10F7200088D10A9B0BB1002E84D15F4B9DF82290AB
:10F73000D3F80080DDF824A0B8F1000F3FF47AAFD1
:10F7400098F89230022B00F0D88040F29E80032B74
:10F750007FF470AF002DFFF66DAF4FF0360A534BBC
:10F760000AFB05FA13F80A20012A7FF463AFD1E0FF
:10F770000A9B002B76D0002E59D19DF822100998B3
:10F7800005F0C5F90546002856D1002E7FF452AF8A
:10F790004FF0FF35BAF1000FC7D0424659464846F0
:10F7A00003F097FB00283FF445AF3B88059A43F0F0
:10F7B00040033B803946204604F091FB00287FF44B
:10F7C00039AF03F0FCFABA789DF82210DDF82490E6
:10F7D0009DF823B00A9B242A80468CBF2527052745
:10F7E00009B147F0800708F1010A002B00F096806C
:10F7F00006221946504610F0A2F8BBF1000F01D0C6
:10F8000047F040070622494608F1070010F097F834
:10F8100088F8007000212046FFF71BFE05460028EF
:10F8200000F0AE8004F1CC0004F0ABFD04E705F07D
:10F8300060FB0028A1D1FDE636B94378002BA7D1A3
:10F840008378002BA4D0F5E6011D0A9805F022FB71
:10F8500000283FF4EFAE0A98062205F12A0110F0C5
:10F860006EF895E79DF822100998FEF7A1FA002896
:10F870008ED19DF82210099805F049F9002887D00B
:10F880004378002B84D1C378DBE749465046FEF726
:10F890009AFA70B9002D98F892201BDA91457FF4FE
:10F8A000C9AEBAF1000F1ED1C4E6AC300020AC33B3
:10F8B000002005F01EFB0028ECD04946504605F01C
:10F8C00026F90028E6D04378002BE3D1C378002B3B
:10F8D000E0D0AFE6362335496B43C85C9042DDD1BA
:10F8E000243303EB010A062208F1930150460FF07E
:10F8F0009EF800287FF49EAE57E7002DFFF69AAEE3
:10F900004FF0360A2A4B0AFB05FA13F80A20002AA0
:10F910007FF490AE0AF1240A9A44E4E7254BD3F829
:10F9200000B09BF89130DA074CBF224A234A069276
:10F9300048BF47F04007012B19D948460791FEF709
:10F9400037FA079970B1002D11DB1848362303FBF5
:10F95000050083785BB15246012147F0400705F06E
:10F9600040FA4FE7484605F0D2F80028F1D1069951
:10F97000062250460FF0E3FF01238BF8903041E759
:10F980000A9B1BB116B9012384F89030637843F0C9
:10F990008003637050E60146049806F06AFC304626
:10F9A000FEF7E5FA002D3FF460AE24E600BFAC336D
:10F9B0000020AC300020502E0020562E0020F8B53C
:10F9C00004460D46FEF72DFE0B4B1B68A342064670
:10F9D0000ED1FEF786FD01273046FEF72AFE0FB155
:10F9E00002F02DFF29462046BDE8F840FFF733BC62
:10F9F0000027F1E700BFA830002038B5144D2C686F
:10FA00000CB9012038BD636D8B420BD00020FEF78E
:10FA1000A6FB04F19C00FEF7AEFB00232B604FF029
:10FA2000FF30EFE7A388C3702378022243F001037D
:10FA3000A2719A062370E4D523F020032370836813
:10FA4000C4F880306367C36884F87830D9E7A83099
:10FA500000202DE9F8430546C878FFF7D2F80F4695
:10FA60000446E8B1FEF739FE2B681E7893F8018052
:10FA700016F0030914D0B8F1000F02D1B9F1010F4B
:10FA80000ED194F80031052B0FD9E379012B0ED15B
:10FA9000284600F061FD98BB3D212046FFF78FFF0F
:10FAA0002846BDE8F84305F011BB022B28D9E379BD
:10FAB000022BEDD097F904302372E379022B05D1A4
:10FAC000720742BF237843F01003237094F8353057
:10FAD00006F00806B342E3D0B9F1010F84F83560AF
:10FAE00002D1B8F1000FDBD03B889B06D4D4B9F12A
:10FAF000030F13D129462046BDE8F84300F0D1BEDC
:10FB000094F80031022BD5D1A3781907D2D5B8F1DA
:10FB1000000FCFD02046FFF77EFACBE70221284620
:10FB200005F06EFC2E68A188304641EA093106F0E6
:10FB3000F9F8B01C414606F0F5F82846BDE8F84350
:10FB4000FDF7FDBF00002DE9F04F0D88984B90F8B0
:10FB500000801C6890F8019015F0800585B007467C
:10FB60000E4604D009F10200FEF7FBF80546F4B199
:10FB7000B368D6F80CB0019301214846FEF743FB69
:10FB80000BEB0003029333881A0613D494F8343035
:10FB90000133DBB2012B84F8343008D8E379012B30
:10FBA00040F0E580637813F0400F40F0E7804FF0BD
:10FBB000FF3684E00026029884F8346005F0D9F915
:10FBC000019B18F0030B1844C4F88C00EFD0BBF174
:10FBD000030F84F8368006BFBB780093009694F834
:10FBE00033301DB118F0080F18D0CBB9627894F8F3
:10FBF000323012F0200208F0040002D1D4F8A8102C
:10FC000029B310B31BBB83F0010384F83230002A00
:10FC100038D0637823F02003637018E0002BE5D11F
:10FC200083F0010384F83330A3789B07DED53B785B
:10FC300003F00303012B02D17B78002BD6D0D4F83C
:10FC400008310133C4F80831D0E7002BDBD1BBF118
:10FC5000030F0CD1009B022B09D1B9F1020F06D181
:10FC6000237843F004032370FB7884F83D30E37974
:10FC7000012B7CD1637808F0100803F0400353EAAD
:10FC8000080392E7D4F8A8A0BAF1000FDFD094F8E7
:10FC9000012122B1D4F804210132C4F804219AF8D8
:10FCA0001B2002F00302032A19D10022C4F8A82065
:10FCB0002146504601F016F906460028C7D03DB14E
:10FCC0003846294606F0D5FA2846FEF750F916B10F
:10FCD0002046FEF712FC304605B0BDE8F08F9AF8DA
:10FCE00019209AF81A10BAF810600A44D2B2B24237
:10FCF0008AF8192014D361B1B4F84C20013292B2C1
:10FD0000022AA4F84C2004D92A49A1F15000F3F7A3
:10FD10004AFF504605F0DAF90023C4F8A83096E708
:10FD2000208B03920121FEF772FA039AB61AA27B86
:10FD3000F6B2964228BF1646864228BF06468AF883
:10FD40001A6084E702F1100026E00121FEF75BFA59
:10FD5000668B029B06F596761E44019B8146A8EBB6
:10FD6000030005F00CF94E44B0427FF620AF204668
:10FD7000FEF7E1FC0646002DA2D1A8E72046FEF7DB
:10FD80001AFCD4F8A8208046002ADBD1D4F8AC00B5
:10FD90000028DAD0A0F110020388527EA07B9B1AC3
:10FDA000DBB298424FF0010128BF1846CEE7A830D9
:10FDB0000020C02E0020F8B5032A4FF0000404BF35
:10FDC000CB800B820C83CA760D4690F80011022975
:10FDD000064617D902F00302032A13D12B681B78B9
:10FDE000112B0FD81648012404FA03F2024209D15C
:10FDF00012F0180418D10B2B04D1F479012C14BF84
:10FE00000024012405F11007FEF70BFC74B1D6F8AD
:10FE1000AC306B6113B91435C6F8B050C6F8AC708D
:10FE2000BDE8F840FEF705BC0629E8E745F8144FA1
:10FE3000D6F8B0301F60C6F8B050F1E700BF6420BC
:10FE4000020010B50446C1F30B00FEF7DAFE58B10C
:10FE500011F4405FD3B2214618BF0122BDE8104023
:10FE600008BF0222FFF7A7BF2046BDE8104005F0FB
:10FE70002DB970B50D4C0646052220460D460EF0F4
:10FE8000D6FD40B120460522294666710FF057FD88
:10FE9000074B1C6804B970BDE179012902D12046E5
:10FEA00000F07CFCD4F8B440F4E7B03000201C2F04
:10FEB00000202DE9F84F634E346805468946174601
:10FEC000984600F1020B002C40F09C80FEF7A5FE46
:10FED0000446002800F0A58005F10E0005F03FFF64
:10FEE0006065B5F81320AB7C43EA0223A3656B7D04
:10FEF00084F83A3005F1160005F02FFFA4F87200DF
:10FF000005F1180005F029FFA4F8680005F11A00B2
:10FF100005F023FFA4F86A0005F11C0005F01DFFA1
:10FF200004F1200AA4F86C00052205F11E015046D8
:10FF30000FF005FD95F82330B4F8722003F01F038D
:10FF400084F82E3095F823305B0984F83930B4F802
:10FF500068309A424DD89A1F92B240F67A418A424E
:10FF600047D894F83A10002943D0B4F86A20B2F583
:10FF7000FA7F3ED2B4F86C0042F2107C0CFB00F029
:10FF800002FB033240F6C41C0CFB02F2904230D953
:10FF9000013B082BA8BF082399422AD806225946BC
:10FFA00004F193000FF0CBFC84F89290504602F0DD
:10FFB00067F8012884F831001BD90223E371204639
:10FFC000FFF799F8B8F1000F33D12978C1F3401148
:10FFD0002046FFF702F81C4BC4F8DC3039462046B7
:10FFE000FEF77DFFF0B93368D4F8B420A34222D1E4
:10FFF00032600023C4F8B430154B5A681460B4342E
:020000022000DC
:100000005C600EE00622594604F193000EF00FFDED
:1000100060B92A7894F89230520603F0010303D5B0
:1000200023B10020BDE8F88F002BFAD0D4F8B440FB
:1000300049E70121CCE71946D3F8B430A342FAD1FD
:10004000C1F8B420D5E71C2F002039AE0100142FD1
:10005000002070B5264B186818B100211960FFF711
:10006000FAF8234C206818B1FDF78FFD00232360B8
:10007000214B214C00221A60206818B10021FFF7A3
:10008000EAF8F9E706F017FDFB2828BFFB20C5B208
:100090002E1D1A4CF6B201213046E571FEF7B3F879
:1000A0000121A0823046A571FEF7ADF801216082E2
:1000B00030462572FEF7A7F80121A0813046FEF7F1
:1000C000A2F80321E0813046FEF79DF81B236372FE
:1000D0004FF4A4732082638104222523FF2120464C
:1000E00063710EF0CEFC1F23237170BD00BFA830DA
:1000F0000020C8300020AC3000201C2F0020B03081
:10010000002070B50F4C0F4D104B00263146204695
:100110004FF4C4721E60C5E900650EF0B2FC012305
:10012000A3806B68C4F8B4601C6004F1B4036B6016
:10013000032384F8CC30C4F8D840BDE87040FFF702
:1001400088BF202F0020142F00201C2F0020012802
:1001500008D003280AD1112A08D80548D04000F059
:1001600001007047B1FA81F04009704700207047E4
:1001700000BF7C2C020080682221FFF720BC2DE903
:10018000F84305460C4601F1020901F104088F1DF0
:100190001646002A3DD01188204605F0C3FD71881F
:1001A000484605F0BFFDB188404605F0BBFDF1882B
:1001B000384605F0B7FD00232372B5F84A1004F164
:1001C000090005F0AFFD04F10B004FF6FF7105F0DB
:1001D000A9FD04F10D004FF6FF7105F0A3FD04F138
:1001E0000F004FF6FF7105F09DFD04F111004FF671
:1001F000FF7105F097FD04F113004FF6FF7105F054
:1002000091FD04F115004FF6FF71BDE8F84305F0CC
:1002100089BDB0F85211204605F084FDB5F854119F
:10022000484605F07FFDB5F85611404605F07AFDC9
:10023000B5F85811BCE7F8B5B0F84A70B0F86A30B4
:100240001F44073704460E46BFB2002A5BD091898F
:100250004FF6FF73994254D05388B0F8680055891F
:1002600040F2E24C0CFB03F30CFB00F00CFB01F141
:10027000A5EB070C1CF4004F3AD100FB0C11B1FBAD
:10028000F3F003FB101340F2E241B3FBF1F39BB236
:10029000A4F860315388A4F86231D388A4F8663199
:1002A0009388A4F864310123304684F85E31A4F8C1
:1002B000687100F8013BB4F8601105F033FDB4F843
:1002C0006211F01C05F02EFDB4F86411701D05F0EC
:1002D00029FDB4F86611F01D05F024FD394606F13C
:1002E000090005F01FFD637843F001036370F8BD5A
:1002F0007D1B45436D1AB5FBF3F103FB11555B1BE9
:10030000C1E70023C4E7B0F85431A0F86231B0F877
:100310005831A0F86631B0F85631A0F86431A0F831
:10032000602190F83A30BFE738B50C460546C17AEF
:10033000601C05F0F7FC698AE01C05F0F3FCA97A63
:10034000601D05F0EFFC298AE01DBDE8384005F08E
:10035000E9BC10B511F8013B80F83F300446072294
:1003600040300FF0ECFAE3781A075EBF23F0280361
:1003700043F02803E37010BD00002DE9F843044664
:1003800089461B20102104F08BFE00250746E0B1B2
:10039000066806F10108B9F1080F0CD8DFE809F08A
:1003A000051864344152578D5E00002241462046B4
:1003B000FFF741FF0025424B35705B5D0133DBB237
:1003C000032239462046FFF7F6FC3846BDE8F8839D
:1003D0003D49052240460FF0B2FA0522414604F19C
:1003E00025000FF0ACFAB4F86A30B4F84A1019449A
:1003F000073189B26185B01D05F094FC637843F044
:10040000100363700125D6E7E379012B14BF0E2595
:100410000825FDF7BCFE02460B46404605F08EFC63
:10042000C9E7637843F004036370092373704FF6E0
:10043000FF71B01C05F076FC0021301D05F072FC48
:100440000C25B8E794F83C3073700225B3E700221E
:1004500041462046FFF793FE0F25ACE73146204684
:10046000FFF762FF1425A6E794F80031022B26D08F
:10047000D4E94423404605F061FC04F59C75B4F8CA
:10048000021106F1090005F04DFC08212846FDF790
:100490009EFF0822294606F10B0004F58C7505F035
:1004A00078FC04212846FDF792FF2946042206F134
:1004B00013000FF044FA03257DE712257BE70A2598
:1004C00079E7DC1D0300B03000202DE9F04104463F
:1004D00008460D4605F041FC0746A81C05F03DFC0A
:1004E0008046281D05F039FC0646A81D05F035FCA0
:1004F0001A2F12D9B8F5A47F0FD31A2E0DD9B0F543
:10050000A47F0AD3A082A4F81680204667732673BE
:10051000FEF76BFE0020BDE8F0810120FBE710B57F
:1005200000F1B8040649064A03462046F3F74BFC9F
:1005300020464FF42041BDE81040F3F76CBC702E0C
:100540000020C9C4010010B500F59074204605F0E4
:10055000AAFC0028FAD110BD03681878597800F079
:10056000030003280CBF9A780022FFF7F0BD034672
:10057000C07A997A00F0030003280ABF53F8103CB0
:1005800000221A78FFF7E3BDC37E03F00303032BB9
:1005900005D103681878831F5842584170470020DE
:1005A000704710B5102104461B2004F079FD014668
:1005B000A0B1036805221A70204601230322FFF729
:1005C000FAFB94F83B30FF2B01D0002010BD022332
:1005D00084F83B302046FFF7A2FFF6E74FF0FF30EC
:1005E000F4E708B5C379022B01F1010103D1FFF74C
:1005F000C6FD102008BDFFF71EFE0020FAE7F8B583
:10060000044608460D4617461E4605F0A6FBA4F80C
:100610006A01A81C05F0A1FBA4F86C01281D05F0D7
:100620009CFBA4F86E01A81D05F097FBA4F87001CF
:100630002B7A84F8723105F1090005F08EFBA4F8DD
:10064000740105F10B0005F088FBA4F8760105F1B3
:100650000D0005F082FBA4F8780105F10F0005F00C
:100660007CFBA4F87A0105F1110005F076FBA4F8F3
:100670007C0105F1130005F070FBA4F87E0105F183
:10068000150005F06AFBB4F87031A4F88001B4F8E5
:100690006E21B4F86C11B4F86A0100F06CFF002808
:1006A00053D10F2E04F5B57515D1B4F86830B4F8F0
:1006B0006A219A420FD8B4F86C219A420BD3B4F84D
:1006C0006C20B4F870319A4205D1B4F86A20B4F8BD
:1006D0006E319A4233D0E379022B01D0102E1ED115
:1006E000B4F85031DBB1B4F86A31B4F852118B422E
:1006F00015D3B4F85421934211D8B4F86C3199420F
:100700000DD89A420BD3B4F86E21B4F856319A4200
:1007100005D1B4F87021B4F858319A420FD00620B0
:1007200000F095FEB0B12046294603F0AEFE2378D6
:1007300084F8386043F040032370FF20F8BD2A4658
:1007400039462046FFF74DFFF8E71E237E70BB7049
:100750001120F3E71A23F9E700F00300032803D17F
:100760008B1E5842584170470020704770B50521D4
:100770000446FFF702FE80B12378B4F86C6043F0C2
:100780008003237042F210735E4304F0EEFB0546D3
:10079000304604F0EEFB0544256670BD38B590F890
:1007A0003B30FF2B04460D4609D1FFF7E6FD30B183
:1007B000012D84F83B5002D02046FFF7B0FEB4F87C
:1007C00048200123AB401343A4F8483038BD90F8CB
:1007D0003F309B0610D5837A1B2B0AD8C37A1B2B7C
:1007E00007D8038AB3F5A47F03D8438AB3F5A47F5F
:1007F00002D90821FFF7D2BF704710B590F83C101E
:10080000044639B190F90030002B28DBBDE81040D8
:10081000FFF7ACBF90F83B30FF2B20D1B0F8483049
:10082000EBB1B4F848300B41DA0715D504290ED1E5
:1008300063781B070BD50021204603F0EDFEB4F8CA
:10084000483023F01003A4F848300521E9E720469A
:10085000BDE81040FFF7A2BF01310C29E1D110BD66
:1008600073B590F83B308B4204460D460BD14FF0E8
:10087000FF3600960023D0F8B8001A46032109F08D
:10088000BEFC84F83B60B4F848300122AA4023EA59
:1008900002032046A4F8483002B0BDE87040FFF7DC
:1008A000ACBF2DE9F74F0F68DFF8F0B57B7897F80C
:1008B0000290013BB9F1220F04468A46DBB200F2F6
:1008C000E5821BF809209A4240F0E082A9F1030377
:1008D000192B55D8DFE803F02254225454545422E3
:1008E0005454542624245420540D541D54541A5442
:1008F00054282025FDF74BFC284041D1B9F1030FC6
:1009000015D000254FF00008072621E04FF4803570
:10091000F0E74FF41065EDE71025EBE70125E9E777
:100920000225E7E70825E5E74FF00075E2E794F8D0
:100930003F5015F004054FF01A0306D087F80190D8
:100940000025BB70A846112602E07B70A8460D2644
:100950001BF806303E70072E03F1010308BF87F82D
:100960000190DBB2032251462046FFF724FAB8F18A
:10097000000F00F0AF8002212046FFF7FEFCA9E047
:100980007E1C07F10308B9F1150F52D8DFE819F002
:100990001600530051006801A501C301D301AF0047
:1009A00000011F01F501010231014C026501120233
:1009B0003B024C027A020D026F008A00E379012BA0
:1009C0009FD0FB7884F85E31381D05F0C6F9A4F895
:1009D0006001B81D05F0C1F9A4F8620107F1080033
:1009E00005F0BBF9A4F8640107F10A0005F0B5F9B8
:1009F000A4F8660107F10C0005F0AFF9B4F84A302D
:100A0000A4F86801C31A9BB247F6FE72934204D958
:100A100028212046FEF7D3FF0BE0627842F0010266
:100A2000627033B90130A4F8603184F85E31A4F803
:100A3000680100254BE0E379012B3FF462AF07F139
:100A4000080005F08AF9B4F84A30C31A9BB247F699
:100A5000FE729342DCD860850522414604F12500F0
:100A60000EF06DFF637843F010036370E1E74146D9
:100A70002046FFF72AFD8046002840F0078294F8C0
:100A80003B30082B07D0B4F84830DE0544BF23F4D0
:100A90008073A4F8483039462046FFF745FC00250E
:100AA000152655E794F83B30082BC2D14146204625
:100AB000FFF70BFD082100280546204616BF072634
:100AC000FF264FF0FF35FFF7CBFEFF2E7CD15046BF
:100AD00004F0FCFAE3789A0605D523F02003E370CE
:100AE0002046FFF774FE284603B0BDE8F08FFD787E
:100AF00095B10E3DEBB2062B39D8062D37D8DFE87D
:100B000005F01A222C362E36040094F83F3023F0DC
:100B1000200384F83F30082594F83B30AB4288D15D
:100B200029462046FFF79CFE062D22D11A21204699
:100B300003F0D0FC7DE794F83F3023F0080384F8FD
:100B40003F300325E8E794F83F3023F0020384F8B0
:100B50003F30E379012B00F085810625DCE794F82E
:100B60003F3023F0100384F83F304D46D4E70C2586
:100B7000D2E7032D7FF45DAFE378DD0603D51A21BC
:100B8000204603F025FDE37823F01003E37050E7DF
:100B9000E379022B40F0FB80FDF7F9FA054601915D
:100BA00020464146FFF7D5FB94F83F20019B2A40A1
:100BB00084F83F2030462A4605F0C0F894F83F30CC
:100BC0007B700926F6B200254FF00008C0E62046EB
:100BD0004146FFF7BEFBB4F84830180703D50321A0
:100BE0002046FFF73DFEE378D9067FF522AF0021CE
:100BF000C6E7FB7884F83E303D1D284605F0ADF889
:100C0000A4F84E00B81D05F0A8F86378A4F85000C9
:100C100043F0080313F0040663701CD143F004038F
:100C2000637009237B704FF6FF71B81C05F07AF8EA
:100C30003146284605F076F84E46B4F84830DA06D4
:100C400007D50021204603F0E7FC04212046FFF7EA
:100C500007FE002539E7FF26EFE7E379012B99E747
:100C6000E379022B7FF44DAE03230025A4F8003175
:100C70004046C4E9415505F074F8C4E9440107F160
:100C80000B0005F06AF80822A4F8020107F10D0133
:100C900004F59C7005F07DF804F59878042207F1BE
:100CA000150104F58C700EF04AFE08214046FDF750
:100CB0008EFB08224146304604F58E7605F069F831
:100CC00004213046FDF783FB3146042207F1090079
:100CD0000EF035FEA84604263AE694F83B30022B87
:100CE0007FF4A7AE0023C4E9413384F80131082220
:100CF000414604F5987005F04CF8042207F10B0109
:100D000004F58E700EF01BFE2046FFF71CFC072337
:100D100084F800318DE6E379012B7FF4F2AD94F88D
:100D20000031072B7FF485AE0823002584F80031BD
:100D3000A84606260CE694F80031082B7FF479AE1D
:100D4000E379012B10D102212046FFF789FD022310
:100D500084F800312046FEF75EF9FF260021204688
:100D600003F0DAFBF6B274E794F83B10022902D1E3
:100D70002046FFF775FD0626F0E7E379022B06D142
:100D800094F80031022B0CBF0B2607261AE7072622
:100D900018E794F80780B8F1010F7AD094F8003181
:100DA000052B7FF4AEAD0623B2E707212046FFF7FF
:100DB00057FD3EE623785B063FF53BAEB4F848208E
:100DC000E379560609D5022B11D106212046FFF7FB
:100DD00047FD2321204603F07DFBE379012B0AD157
:100DE0006378DD0607D50F237B702A23A8E50F2340
:100DF0007B702323A4E50F233A4641462046FFF7A4
:100E0000FEFBC6B225E7E379022B3FF47AAD2378E7
:100E1000580644BF23F040032370B4F84830590605
:100E20007FF507AE1023E7E794F83B10B9F10D0FFB
:100E30000CBFFD783D7906290DD00829B6D00229CE
:100E40007FF4F7AD2046FFF70BFD2946204603F05F
:100E500063FB01235CE7B9F1110F7FF4EAADE3799D
:100E6000012B0AD10025314600222046FFF7E3F985
:100E7000A84684F837502E466AE52046FFF7F0FC76
:100E8000294654E60025A846132661E54FF0FF35B4
:100E900038E54E4600255BE500BFDC1D030070B55C
:100EA00004460E461B201021154604F0F9F80146B1
:100EB000B0B1032E03680DD194F83F20520709D436
:100EC0000D221A705D70022320460322FEF773FF85
:100ED000002070BD11221A705E709D700323F3E72D
:100EE0000120F6E738B50446084622681378023B2D
:100EF0000F2B2BD8DFE803F0082C2E2A362A2A2ABB
:100F00002C412A272A2A2A13037843F0020303706C
:100F10004FF0FF35204604F0D9F8284638BD90F848
:100F20003B30062B0BD153780F2B08D19378232B12
:100F30001FBF80F83730437843F00203437090F8C6
:100F40000031022B02D9012380F800310025E1E7AE
:100F50000423F9E7092380F80031837843F0010383
:100F60008370F3E7C379022BF0D180F800318378E6
:100F70001B07EBD5FEF74FF8E8E7C379022BE5D165
:100F80000523E1E700207047FCF7C5BD0000F0B580
:100F900085688FB000222E46019236F8067B8DF8C8
:100FA0000320C7F38522013AC7F30903072A0CD8A7
:100FB000DFE802F0040B1855A60B0BB1062BA9783D
:100FC00005F1030003D01D2B09D001247EE1032984
:100FD00040F0208200F047FE00F5807410E000F041
:100FE0006CFEF9E7632BA9782ED015D8012B1FD002
:100FF000032BEAD1002940F01082FDF7CEF8044619
:10100000FF2C40F363810F232B7004236B700123AB
:10101000AC70EB70AF8064E17B2B05F1030018D05E
:101020007C2BD2D10DF10303324600F05AFFE6E7E4
:10103000082940F0F281AF4BD5F80310D5F807200E
:10104000C3E90012002441E1082940F0E681AA4BDF
:10105000F2E70DF10303324600F026FFCFE7013B34
:10106000A978082BB1D801A252F823F000BFE5D32C
:10107000010005D4010025D401001DD301001DD3BA
:1010800001001DD301001DD301001DD301003FD479
:101090000100002940F0C1810923AB716B724FF050
:1010A000FF33E9712972AB72EB72297369730823FC
:1010B0000CE0002940F0B181402230460DF0E1FC07
:1010C0008F492D2230460EF03AFC40238DF8033034
:1010D000B8E7002940F0A1816023A9717170B17057
:1010E000F17033717171B171F171E0E7002940F075
:1010F00094818349062230460EF021FC0623E5E761
:10110000052BA9787FF461AF0DF103033246E81C8B
:1011100000F0F2FD73E7013BA978E81C4D2B71D874
:10112000DFE813F04E0056006000700069007300A5
:1011300076007F008200850088008B008E00910081
:101140009800A100A700AA00AD00B000B300B9004C
:10115000BC00F500FD00000106010C0170007000EC
:1011600070001101170170007000700070007000B5
:101170001D01200123012801300136013C013F01FE
:1011800070007000700070007000700070007000DF
:1011900070007000700070007000700070007000CF
:1011A00070007000700070007000700070007000BF
:1011B000700070007000700042014D015501750112
:1011C000082940F02A814F4BD5F80310426837E7D1
:1011D000002940F022814C4B5A89EA805B7A2B72BD
:1011E000032373E7002940F01881FCF7D0FFC5F80E
:1011F000060071605BE70022FCF74DFE0128044603
:101200007FF4FEAE40F20114FDE602F0DEF9F5E7F0
:10121000002940F002810DF10301304602F03FFA4F
:10122000ECE702F021FBE9E702F0E3FAE6E702F07F
:101230003CFAE3E701F0D3FCE0E701F012FDDDE763
:1012400000F00FFBC8E6002940F0E78001A800F09D
:10125000DCFCD3E7002940F0E0800DF103013046CB
:1012600001F031FECAE7002940F0D78001F019FEF5
:10127000C4E701F030FEC1E701F057FEBEE700F021
:10128000BEFBA9E600F073FDB8E70DF1030332469B
:1012900000F04AFDB2E700F088FB9DE6014610220F
:1012A00002A804F076FD102205F1130106A804F04F
:1012B00070FD02A804F0F7FD0446D0B910220AA977
:1012C000304604F066FD10238DF803300E232B709A
:1012D0009DF80330A5F8037004336B700123AB70E5
:1012E0006C712846FFF750FE019B03B198470FB081
:1012F000F0BD3A24EAE7D8300020D0300020101E9C
:101300000300562E0020E0300020602E002000292F
:1013100040F0838008213046FDF759F8C7E600F019
:1013200038FD59E60DF10303324600F060FD65E734
:101330000DF10303324600F08BFD5FE700296CD10D
:10134000FCF71FFF53E70DF10303324600F0BBFB30
:1013500054E70DF10303324600F029FC4EE703F099
:10136000FAFB4BE703F07BFC48E7002955D103F07B
:10137000B2FB43E7002950D10DF10301304603F0E1
:10138000BCFB3BE70DF10303324603F0B4FC35E749
:101390000DF10303324603F0C9FC2FE703F097FC7D
:1013A0002CE703F0DEFC29E76FF07E0005F0BBF8C8
:1013B000A8717E2005F0B7F80223E87186E6174B86
:1013C0001B882B81174B1B88EB8004237EE60429A6
:1013D00023D1B5F90330194603F5A0639BB2B3F5E9
:1013E000206F1AD8B5F905301A4618B203F5A06374
:1013F0009BB2B3F5206F10D80A4B1980084B1A80A6
:101400000A2390FBF3F040B205F0BDF81AE603F0B2
:10141000C6FCF3E64FF48974F5E5122456E7CE30A6
:101420000020CC30002008B50220FCF792FB60B110
:101430000E22027003224270012282700022C270CA
:101440000271BDE80840FFF79FBD08BD00000E4BCC
:101450005A6802F00053920015D5411E0123A0F1F5
:101460002102C0F1210023FA00F003FA02F28B40BE
:1014700007490243D1E9000103400A40134314BF66
:1014800001200020704718467047D8300020E03017
:1014900000203F284FF0010315D9A0F14001A0F131
:1014A0006002C0F1600003FA02F223FA00F08B4000
:1014B0000C490243D1E9000103400A40134314BF21
:1014C000012000207047411EA0F12102C0F121003F
:1014D00003FA02F223FA00F002438B400249E9E7E3
:1014E00000BFD0300020D830002010B505490C785E
:1014F0002CB988600448F2F756FB204610BD07203F
:10150000FCE7E8300020702E002008B5FCF741FD14
:10151000002008BD000010B5104C0C220021204610
:101520000DF0AFFA0E4A0E4B63601F200021C2E996
:1015300000010C4A4FF0FF3041F6FF71C2E9000193
:101540000A4A00200021C2E90001084A0023138052
:10155000084AA360138010BD00BFE8300020E030CF
:101560000020E1D20100D8300020D0300020CE3061
:101570000020CC300020884210B51BD8052819D98E
:10158000B1F5486F16D8B2F5FA7F13D2A3F10A006D
:1015900080B240F67644A0420CD842F21070584314
:1015A00002FB011140F6C4135943884294BF122034
:1015B000002010BD1220FCE72DE9F04105460A206D
:1015C0000E4614469846FFF742FF0746002861D0B2
:1015D0003E231F22237062700021A01C0DF051FADF
:1015E0000A23A370E670002D47D0AB88A380EB7967
:1015F000013BA37195F89230E371062205F1930146
:1016000004F108000EF09BF9EB79012B3AD195F823
:10161000903063B995F89130012B08D901F0C3FBE4
:10162000014620B1062204F10E000EF088F995F86B
:101630009230012B06D895F90930002BA2BFE3792F
:101640000233E371E379012B0AD9EB79012B1DD128
:1016500001F0A5FB0146062204F114000EF06FF91B
:10166000B5F868306383B5F86A30A383B5F86C3099
:10167000E38395F8393084F820302046BDE8F04106
:10168000FFF782BC404602F0A8FAC9E7404602F0E4
:10169000B7FADFE70120FFF7DAFE60B33E2313223B
:1016A000237062703946A01C0DF0EBF90123A37082
:1016B000E670002DE1D0AB88A380EB79013BA371EC
:1016C00095F89230012B84BF023BDBB2E371062216
:1016D00005F1930104F108000EF031F9B5F8683016
:1016E000E381B5F86A302382B5F86C30638295F8EF
:1016F00039302375C1E72046BDE8F041FCF745BA13
:10170000000010B5054C0023184622680221FFF79F
:1017100053FF0023236010BD00BFC83000202DE917
:10172000F041044620B308F0CAF9334B1B68C01AD5
:10173000B0F5006F1CD2B4F84C30002B38D002202A
:10174000FCF707FAA0B313220270012242708270E4
:10175000A288A0F80320B4F84C20A0F805200023AC
:1017600005224270A4F84C30BDE8F041FFF70CBCF4
:10177000234B00261C683046354637464FF001089B
:101780003CB998B1FFF700FC08F099F91B4B1860C1
:101790000EE0A3796BB3B4F84C3013B9D4F8AC3085
:1017A0003BB368B90220FCF7D4F918B9002EEBD18D
:1017B000BDE8F0811323037080F80180851C8770D9
:1017C0002B78A28805EB8303A3F80120B4F84C2002
:1017D000A3F803204378043343702B7801332B7034
:1017E000A4F84C702B78112B03D1FFF7CDFB012609
:1017F0000020D4F8B440C3E700BFF43000201C2F11
:10180000002010B504465720FFF743FE68B10220C0
:10181000FCF79FF948B15722027002224270A28859
:101820004280BDE81040FFF7AFBB10BD38B505469C
:1018300005200C46FFF72DFE88B10220FCF789F940
:1018400068B1052202700422427000228270AA88C8
:10185000A0F803204471BDE83840FFF795BB38BDC0
:10186000000030B589B00D4604461A22002101A8B7
:101870000DF007F9182D02D8122009B030BD464DE1
:101880002B680BB10C20F8E701F083FA0028F9D19E
:101890002388ADF8043099B26388ADF806309AB267
:1018A0000B1F9BB243F6FC708342E5D8131F9BB21B
:1018B0008342E1D89142DFD323798DF80830012BA0
:1018C000DAD853B963798DF80930032BD4D80622BE
:1018D000A1180DF10A000EF032F8237B8DF81030BC
:1018E000032BC9D8B4F80D00ADF81200B4F80F10EE
:1018F000ADF81410B4F81120ADF81620B4F8133078
:10190000ADF8183092B29BB289B280B2FFF733FEC5
:101910000028B2D1B4F81530ADF81A3099B2B4F845
:101920001730ADF81C309AB29142A5D81C4C2368F0
:1019300023B90220FCF70DF950B32060FDF76DF9D3
:10194000044638B301A9FDF780FB2046FDF7D3FB21
:1019500004F5C27101A801F0F0F9B8B11149D4F849
:10196000B4200B68A34209D10A600023C4F8B43044
:101970000D4B5A681460B4345C607EE71946D3F8A6
:10198000B430A342FAD1C1F8B420EEE72C6074E77A
:10199000072072E7092070E700BFAC300020C83094
:1019A00000201C2F0020142F0020022938B50C46DF
:1019B00021D10088FDF725F90546F0B1C378D80696
:1019C00001D50C2038BD19070AD4B5F848301A07DC
:1019D00006D4EB79022B09D003212846FEF7DEFE60
:1019E000EB7843F01003EB700020EBE7FCF7CFFB44
:1019F0000307F1D4E5E71220E4E72046E2E7F8B573
:101A000007880546B8B2FDF7FCF80446002850D018
:101A1000B0F8483003F04103002B4CD190F83F6000
:101A200016F0020604D1C379022B02D11A253EE03A
:101A3000062623785A060BD5E279022A3DD023F0F8
:101A4000400394F83810237023222046FFF727FA2A
:101A50006378DB0602D5E379022B30D06B88A4F8DB
:101A6000523198B2AB88A4F8543199B2EB88A4F8FB
:101A70005631B5F808C0A4F858C19AB21FFA8CF3D1
:101A8000B5F80AC0A4F85AC1AD89A4F85C511FFA90
:101A90008CFE1FFA85FCE64513D8FFF76CFD054662
:101AA00028B9A4F8507131462046FEF777FE284643
:101AB000F8BD0225FBE70C25F9E72325F7E72A25E2
:101AC000F5E71225F3E70E292DE9F0470546904684
:101AD0001F4667D1B0F80090FCF759FB82071FFA48
:101AE00089F45BD52046FDF78CF80446002857D0D2
:101AF0008388A0F850316888A4F85201A988A4F816
:101B00005411EA88A4F856212B89A4F85831B5F865
:101B10000AC0A4F85AC1AD89A4F85C519BB292B234
:101B200089B280B21FFA8CF6FFF725FD1FFA85FAFD
:101B3000054650BB564588BF122523785B061DD548
:101B40002DBB10211B2003F0ABFA064690B1D0F854
:101B500000A004F5B57251462046FEF742FD124B37
:101B60008AF800001B5C0133DBB2032231462046B9
:101B7000FEF721F9237823F0400323700223A8F80D
:101B800000903B702846BDE8F0871225D5E794F811
:101B900038103B222046FFF782F9EBE70125EDE7FD
:101BA0000225EBE71225EDE700BFDC1D030003294A
:101BB0002DE9F041054617461E4623D1B0F80080B6
:101BC000FCF7E5FA82071FFA88F417D52046FDF7DF
:101BD00018F80446A0B103785B0608D5AA7890F8F7
:101BE0003810FFF75CF9237823F0400323700020BE
:101BF0000223A7F800803370BDE8F0810120F7E7E9
:101C00000220F5E71220F7E700002DE9F041124D20
:101C10002B6801332B600746EAF717FD104BD3F80A
:101C200000800646B8F1000F15D098F8064094B928
:101C300001201C6000F01BFC02214046FDF70BFB5D
:101C4000084B3B602B683046013B2B60EAF703FDF5
:101C50002046BDE8F0810C24F4E7B81A0020AC302F
:101C6000002055DA010038B505460088B0F5706FE0
:101C700009D2AB781A2B08D8042B04D90E4A22FAC1
:101C800003F3DB0705D412200FE0292B01D03B2BF7
:101C9000F9D1FCF7B6FF48B190F83C4044B9AA78B6
:101CA00080F83C20FEF762FD204638BD0220FCE7AC
:101CB0000C20FAE700BF20003804022910B50C46BA
:101CC00014D10088FCF79DFF90B1B0F84820D406ED
:101CD00010D44178490704D40421FEF75FFD0020A9
:101CE00010BD42F01002A0F84820F8E71220F7E7F4
:101CF0002046F5E70C20F3E70229F8B50C46154617
:101D00001F460FD1038813800088FCF77AFF30B19B
:101D100090F908300020AB7003233B70F8BD7F239F
:101D20002046F8E71220F9E70229F8B50C461546D7
:101D30001E461AD10788B8B2FCF763FF0146A81CFB
:101D400039B905220CF09DFE204607232F80337001
:101D5000F8BD4B78DB064FF0050204D525310DF0B8
:101D6000EEFD0020F1E72031F9E71220F0E7052928
:101D700010B5044601D0122010BD00F081F90128F1
:101D8000F9D923791F2BF6D82146FEF772F80020E7
:101D9000F2E71C2938B5054621D10088FCF731FF50
:101DA0000446F0B1C379022B1DD090F83B30022BD2
:101DB0001BD0D5F80220D5F80630C0E944236B8942
:101DC000A0F80231102205F10C0100F5907003F02B
:101DD000E0FF20460221FEF7E1FC002038BD122082
:101DE000FCE70220FAE71F20F8E70C20F6E71229AB
:101DF0002DE9F041054617461E4627D1B0F8008070
:101E00001FFA88F0FCF7FDFE0446C8B1C379012B28
:101E100018D090F80031092B16D11022A91C00F51A
:101E2000907003F0B6FF2046FEF78DFB2046FEF7CC
:101E3000B8FB00200223A7F800803370BDE8F081D2
:101E40000220F7E71F20F5E70C20F3E71220F5E763
:101E500002292DE9F0410C4617461E4622D1B0F862
:101E600000801FFA88F0FCF7CCFE0546A0B1C379CC
:101E7000012B13D090F80031092B11D10622032138
:101E8000FFF70DF80A2385F8003100200223A7F898
:101E900000803370BDE8F0812046F7E71F20F5E7AA
:101EA0000C20F3E71220F5E702292DE9F0410D4659
:101EB00016461F4613D1B0F800801FFA88F0FCF7D1
:101EC000A0FE48B1B0F85240002004237480A6F868
:101ED00000803B70BDE8F08104462846F5E71220FB
:101EE000F8E704292DE9F041804616461D462CD11D
:101EF0000788B8B2FCF785FE044610B3B0F86A0054
:101F0000B8F80230B4F868109AB200FB011140F240
:101F1000E240414342F21070B1FBF0F18A4212D329
:101F2000D4F8E800A4F8523008F091FA012802D160
:101F30002046FDF770F80020022337802B70BDE8A3
:101F4000F0810220F8E71220F6E71220F7E710B53B
:101F500000230146184641FA03F2C3F1070402F0D8
:101F60000102A24001330243082B90B2F3D141FA9F
:101F700003F2C3F1170402F00102A240013302434D
:101F8000102B90B2F3D110BD0000F8B52D4CFCF72A
:101F900060FA0546FCF75DFAAAB283B29A42064699
:101FA000F5D046F3C42340F3852058400FF09BFA48
:101FB0000128ECDDA8B240EA064080EA04052022B0
:101FC00000230121294203D00133DBB2012B35D894
:101FD000013A4FEA4101F5D1012BD8D9202601233E
:101FE00011461D460FE005EA00076D00284217D094
:101FF0008FB90131C9B20123B5F5807F18D1022A0A
:10200000C5D9072BC3D0013EEDD1B5F1004FBED1EC
:102010001829BCD8F8BD0133DBB20132D2B2EBE7EC
:1020200017B90133DBB2E7E70131C9B20123F4E7A5
:10203000B5F5803FE5D10B29E3D9A8E7202600229A
:10204000CDE7D6BE898E70B5002301391A4611F846
:10205000016F7EB100250124264206D0904202D1B4
:102060005819C0B270BD0132D2B201356400082DDA
:10207000E4B2F1D10833DBB2282BE8D10020F1E73C
:1020800030B5411E031D002011F8015F1DB1FF2D69
:1020900004D10830C0B29942F6D130BD08240122E3
:1020A00015421CBF0130C0B25200013CD2B2F7D180
:1020B000F1E7F8B548400C461F461646FFF747FFC4
:1020C00000EB001014FA80F080B2FFF740FF00EB45
:1020D000001014FA80F080B2FFF739FF00EB001017
:1020E00014FA80F080B244402523B4FBF3F503FBDF
:1020F0001545C5F3CC02A8B2BA5C05F0070501236B
:10210000AB401A4207D104FB06F03946000CBDE88B
:10211000F840FFF798BFC0B2F8BD401A002810B5CC
:1021200014460DDD02F02BFF074B33F814303C331F
:102130004FF47A72B0FBF2F05843B0FBF2F010BDEE
:102140000020FCE700BF001E030030B5D0E90342C9
:10215000856822448A1A002A036909DAA54212D046
:10216000CA1A002AA3BF1B19C81AC00F002030BD0D
:1021700042790132D2B2282A2B4408BF252242716B
:102180000361E218E6E70120F1E7024A1368013330
:102190001360EAF75ABAB81A0020024A1368013BE2
:1021A0001360EAF758BAB81A002070B50C46154605
:1021B0001731062206460DF0C2FB062204F11D016E
:1021C000B0180DF0BCFBA37D2B700C2070BD2C3023
:1021D000FBF7D1BF0000F8B5174C17496078FBF743
:1021E0004AFE30B3D4E919560123237025236B71BD
:1021F00006B173714FF001136362104B1148002751
:102200001F70E77003F0EDFA0F4BC3E9007302F0A3
:102210007AFB01462861012002F029FB1EB1D5E9B5
:102220000323134433612969084802F09AFE002011
:10223000F8BD1220FCE7F0310020502E0020EC31D8
:10224000002000310020F83000202832002010B596
:10225000134CB0B163790133DBB20022022B22713F
:1022600008D06371FCF7F5F8A38C013B0340013300
:10227000E38410BDA38C6271012BF3D95B08A384A6
:10228000F0E7237960710133DBB2022B01D02371B7
:10229000E8E7A38C2071FF2BE4D85B00EFE7F03177
:1022A000002010B5184A18490446407904F071F925
:1022B0000021084604F031F904F019F902F019FE82
:1022C000D0B104F0FAFB02F050FE104B1B78002155
:1022D000184404F016FB08B1062813D1A378DB07D5
:1022E0000DD500F03EFE2379022BBDE810400CBF57
:1022F00003200220FBF733BF04F0EFFBE3E700F01D
:1023000031FEF0E710BD55555500D6BE898E5033CD
:1023100000202DE9F0418468D4F86480FFF735FF90
:102320002578074675B904F1380002F01CFE2946ED
:10233000284602F09CFA02F0CCFA3846BDE8F0419B
:10234000FFF72BBF236E0BB9E3781BB1012384F891
:102350005C30F2E702F009FE01464046FFF7F5FE69
:10236000D8F810100546012002F081FAD8F8106064
:1023700015B1D8F80C301E44FBF7F7FE01380528DC
:1023800026D8DFE800F01A1D031A251A04F02FF9E9
:1023900075B1FCF73EFE606EFFF783FF3846FFF72E
:1023A000FCFE314604F13800BDE8F04102F0D9BD31
:1023B0002846FBF7D4FEFCF72CFE02F08AFAEDE784
:1023C00004F015F9002DE6D12846FBF7C8FEF4E726
:1023D000002DE0D1F1E738B51B4C1B4D80220021C8
:1023E00020460CF04EFB1422002128460CF049FB3D
:1023F0000C22002104F12C000CF043FB144B42F2A0
:102400001070C4E90C3402F0B4FDA86042F2107000
:1024100002F0AFFD012384F86C30E86007F04FFB59
:102420000C49E060224604F1380002F094FD0C22D1
:10243000002104F150000CF024FB064B63650023DF
:10244000A36538BD00BFF03100207032002065E682
:10245000010021E50100E5EB0100034BDA781AB138
:102460000020D870FFF7F3BE7047F031002038B578
:1024700004461A4802F077FD94B1FFF786FE054640
:10248000FBF773FE022803D0032806D1012C04D1E8
:1024900004F0ADF80020FBF762FE2846FFF77DFE52
:1024A000FFF773FE0F4BDA7804460020187083F8AC
:1024B0005C0012B1D870FFF7CAFE2046FFF76DFE30
:1024C000FFF763FE00210446084602F0D0F902F04F
:1024D00000FA2046BDE83840FFF75FBE00BF283253
:1024E0000020F031002010B50E4A0346506E0479EA
:1024F000012C14D113B1981F44424441D07838B113
:102500000020042BD07005D10B8843F008030B800A
:10251000204610BD072BF7D0FFF799FEF8E70024FF
:10252000F6E7F0310020F0B5C21F012ADDE90665AB
:1025300014D90A46059F12F8024B0128C4F38014EF
:102540003C701A6003BF01F1080333600B7800236D
:102550000CBFDB09336000202B70F0BD4FF0FF3063
:10256000FBE72DE9F04F044689B030B9A948FBF7E5
:1025700002FE002009B0BDE8F08F05682F7807F053
:102580000F030293002900F0B680029A5723D3402C
:1025900013F00103049300F0AE80DFF880B2DBF8A3
:1025A00064300393012A07F0400305F10208059304
:1025B000C7F3801640F091800835FF09FF23E377C9
:1025C000314640460196FBF709FC8246002800F0A0
:1025D000C280012806D103F012FD40B20028E07746
:1025E00080F2AA804FF0000AC1465646B5B139467E
:1025F0002846FBF7F3FB002800F0C28001280DD12C
:10260000002E00F0B680311D284602F043FC002861
:1026100000F0AF80228B42F400522283039B9A7811
:10262000D50700F1C180228B049B42F04002228337
:10263000002B00F0B380039B1A79012A40F0AE8092
:10264000029B6FF041021A41D00700F1A780714A46
:10265000724F1578002D40F0B080704DEA8C2AB191
:10266000013A92B2EA84002A40F09880059B6A7889
:10267000002B14BF83270327D10740F1B38068499B
:1026800047F0400793070ED5002E00F0AD80B278DA
:10269000002A00F0A980012106AA304602F0A1FB21
:1026A00006A947F0400706225F488BF816700DF028
:1026B00046F9062241465C480DF041F958495B480D
:1026C000022204F06CF9002868D101238BF8033052
:1026D000238B43F4804323834BE7029B042B28D1B5
:1026E000038B190707D59BF81630B6EBD31F08D01C
:1026F0000020FFF7ACFD238B6FEA43436FEA53439F
:1027000015E006220BF11D0140460CF090F900285F
:10271000EED103F074FC40B20028A8BF238BE07711
:10272000A4BF43F480632383238B43F040032383BC
:1027300034E000252F4641E736233D4A10FB03F0E5
:1027400000F12409135C019386189144228B42F412
:10275000806222834AE70199404602F0D8F9064692
:1027600000283FF43FAF42780AB9C278B2B9C146F7
:102770003CE7039B9A78920710D5002304934DE71A
:10278000039B5A78930702D50EB1B27832B9394615
:102790002846FBF7A8FB00287FF440AF0020FBF79A
:1027A000DEFC4FF0FF30E5E601995246484600F066
:1027B00090FB00287FF437AFF0E706224946384601
:1027C0000CF035F938B937F8042C019B02F00102FE
:1027D0002BB1002AE2D1013DEDB20A373AE7002AD7
:1027E000DCD0F8E714494DE707F069F9EB68C31A44
:1027F000002B06460BDB06211048FBF7E8FD6B7D3E
:1028000003F03F036B7502F0E6FA0644EE600A49F6
:1028100047E740320020EC310020A0310020F031A9
:102820000020502E0020073200200D320020FDE451
:102830000100AC330020562E00200032002070B57D
:10284000134C237813B3FFF7A0FC94F85C300546D3
:102850005BB1002304F12C0084F85C30FBF78BFCA7
:102860002846BDE87040FFF798BC02F07EFB0646A4
:10287000FBF77BFC0028F3D1606E3146FFF765FC67
:102880000028EDD0606EFFF70CFDE9E770BDF03178
:10289000002008B5074B1A784AB1DA781AB100203F
:1028A000D870FFF7D4FCBDE80840FFF7C8BF08BDEB
:1028B00000BFF031002010B5114CE3781BB10020AF
:1028C000E070FFF7C4FC236EABB10D48FBF753FC7F
:1028D00003F08DFE02F049FB0146606EFFF735FC08
:1028E00018B9BDE81040FBF73ABC636E064A0649CA
:1028F000587903F04EFEBDE8104004F01EB8F031E8
:1029000000204032002055555500D6BE898E2DE955
:10291000F74F914612880C68019102F0C003C02B5A
:10292000054640F0A080160400F19D80A84B1B785E
:10293000002B00F09880012813BF002304F1080346
:102940000093009318BF9846277899F9073008BF7D
:102950004FEAD718002B4DDA0234C7F380179004E2
:102960000AD59A4E707800F00100FBF7D0FA96F87D
:102970000180009008F00108954B9B7893B3DFF835
:1029800058A2DAF8006007F0010B002E3BD1904806
:1029900002F063FF064658B9DAF804305B681E6837
:1029A000D6E90223002A70D0D360D6E902231A6048
:1029B0001022002130460CF064F830460023F371F9
:1029C000062200F801BB21460CF0B9FFDAF800201E
:1029D000334643F8082F002A5AD0D360CAF8006063
:1029E000C6F80CA0062D56D8DFE805F05662B7559C
:1029F0005555B50036202424774910FB0344434342
:102A00000C44CF5CABE733785B4501D0B668BCE7DC
:102A100006222146701C0CF00AF80028F6D1012D80
:102A2000F37925D103F00203DAF80020964211D0A1
:102A3000D6E9021219B3CA60D6E902121160DAF8B7
:102A40000010324642F8081FE1B1CA60CAF80060BF
:102A5000C6F80CA0002BC5D0B9F800301B0702D572
:102A60000120FFF7F4FB03B0BDE8F04FFFF7E7BE2E
:102A7000042D0CBF03F0040303F00103D4E7CAF8EC
:102A80000420D9E7CAF80420E0E7CAF804308CE74C
:102A9000CAF80430A2E70425019B01981B685E7800
:102AA0000821063E02F0CCFBF6B24FF0020A0AE023
:102AB00000984146FBF77CF90026B04214BF4FF066
:102AC0000B0A4FF0020AB9F8003099F904B0590521
:102AD00044BF0237FFB29A0444BF08F102085FFA0C
:102AE00088F8BAF10B0F3AD15046FEF7B0FC002837
:102AF000B2D00120FBF72DF806460028ACD03E23CB
:102B000003701223437006220123C370037180F8FF
:102B100002A04771214610440CF011FF009986F87D
:102B20000C80062206F10D000CF009FF86F813B0A8
:102B30003046FEF729FA00288ED1244B9B78002BD3
:102B40008AD0254B1A68BAF10B0FD37937D143F0ED
:102B50000203D37180E702259EE703259CE702204C
:102B6000FEF775FC00283FF477AF06F10C03442B09
:102B700000933FF671AF0120FAF7EBFF8046002883
:102B80003FF46AAF009B43703E22022302708370C1
:102B900006220123C37005714771214610440CF0D1
:102BA000CEFE88F80C6032464644019808F10D03C9
:102BB000002102F019FB86F80DB04046B9E7042D5C
:102BC0000CBF43F0040343F00103C2E700BFF03140
:102BD000002000310020AC330020F830002007290D
:102BE0002DE9F041054635D11C4B1C7884BB037898
:102BF000012B2FD8B0F80100031F9BB243F6FC72E3
:102C0000934227D8B5F803703B1F9BB2934221D85B
:102C1000B8421FD36B79032B1CD8AB79032B19D87F
:102C20000F4E0123F37040F271282B78337108FBAB
:102C300000F002F09EF9B06008FB07F002F099F98D
:102C4000F060AB79B3706B7973702046BDE8F081AA
:102C50000C20FBE71220F9E700BFF03100207032B2
:102C60000020022970B54FD10178427841EA020371
:102C7000012B49D8274C237831B90BB9002070BDFE
:102C80000120FFF7F4FBF9E743B194F86F1094F8D3
:102C9000703009B1022B39D0A270EFE7C4E91933C3
:102CA0001D4BA270DA789AB103F1080207CA04F149
:102CB00074051E7984F8706085E807005A785B888F
:102CC000A4F86E3004F16C0384F86D2063666270C2
:102CD000656EADB9114B636642F21070012384F842
:102CE0006F30657084F8705002F043F9606742F20B
:102CF000107002F03EF984F86E50A06784F86D50B1
:102D0000BDE87040FFF767BA1220B8E70C20B6E7BD
:102D100000BFF0310020703200205C320020054BF3
:102D20001A782AB15B6E9878C04300F001007047B2
:102D30000120704700BFF03100202DE9F041134C15
:102D4000037B6370002704F16C036366A766037955
:102D500084F86E300546008840F2712808FB00F0C8
:102D60000E4602F006F96067688808FB00F002F082
:102D700000F90223A06784F87030FFF72CFA1EB127
:102D8000B84218BF3C463460BDE8F08100BFF03166
:102D90000020014B1878704700BFF0310020004838
:102DA0007047F63100200048704707320020014686
:102DB000062201480CF0C3BD00BFF63100200048D8
:102DC000704706320020024B5B6E987800F00100DD
:102DD0007047F031002010B50C4B1B7813B1002068
:102DE000FFF745FB0A4B0A480024214650221C707D
:102DF0000BF047FE084802F0F4FC074BC3E9004320
:102E0000BDE81040FFF7E7BA00BFF0310020EC3119
:102E100000209C31002000310020F830002007B550
:102E2000084B00931022074B0848082102F09FFC32
:102E3000074B0022C3E9002303B05DF804EBFFF762
:102E4000CABA67DE02001C31002000310020F830D1
:102E5000002008B500F0A5FE20B1FFF760FF0038A4
:102E600018BF012008BDF8B50D4D06460F460023DA
:102E700015F8022C5C1C5AB115F8013CBB4207D175
:102E80000622314628460BF0D2FD08B92046F8BD8F
:102E9000082C234605F10805EAD10020F7E7863221
:102EA000002008B5FFF7D5FF48B10023054A1946B1
:102EB00002F833100133082BFAD1002008BD0C2092
:102EC000FCE7843200200823037001230B700020EC
:102ED0007047FFF7C8BF072970B506461FD1FFF737
:102EE000B8FFF0B1354615F8011B2846FFF7BBFFC8
:102EF00008B1002070BD0B4C23784BB9062229463F
:102F0000A01C0CF01CFD3378637001232370F0E7E4
:102F10000130082804F10804EED10720EAE7122066
:102F2000E8E70C20E6E784320020072910B50446C4
:102F300010D1FFF78EFF78B1204610F8011BFFF784
:102F400092FF08B9002010BD054B0138002203F89C
:102F50003020F7E71220F6E70C20F4E700BF8432B8
:102F6000002070477047024A136801331360E9F785
:102F70006CBBB81A0020024A1368013B1360E9F7E2
:102F80006ABBB81A002038B505460C46FFF7EBFFC0
:102F90006B891C436C81BDE83840FFF7ECBF38B546
:102FA00004460D46FFF7DFFF638923EA05016181CF
:102FB000BDE83840FFF7DFBF38B500F1340541798F
:102FC000044600F128020123284601F04CFFA0B17D
:102FD00001212046FFF7D7FFA3895A071ED5617943
:102FE000002304F13A02284601F03DFF68B1204673
:102FF0000221BDE83840FFF7C6BF2379D907E7D4DF
:1030000001212046FFF7CBFFE6E76379DB07EED42B
:1030100020460221BDE83840FFF7C1BF38BD10B5DA
:103020000446FFF7A0FF638923F030036381BDE806
:103030001040FFF7A0BF10B50446002003F095FA3A
:1030400004F154010648F0F7AEFD0020FBF787F8C5
:103050002046FFF7E4FF024B00221A6010BD702EDD
:103060000020C432002038B5074B1C7883890C44FB
:103070001B07C0E90644054604D5034801F079FF63
:1030800004442C6238BD503300200088130038B54A
:103090000121104B03670446C06680F86010C079B8
:1030A000FBF7B1F8A3895A070FD500F5FB700A4B5F
:1030B000E5691B78EB1A6366002384F862301E30E2
:1030C00001F057FF0544A56638BDDB0748BF00F592
:1030D0005570ECE700BF31F401005033002038B5E3
:1030E0002B4BC4681C600546FFF73DFF638923F046
:1030F000300343F010036381FFF73DFF638903F45E
:10310000C063002B3ED194F9090003F02EFA204948
:10311000214AA07903F03DFA204BA97818786B6812
:10312000184403F026FC68BB03F0E1F9FF23237287
:1031300001F0DFFED0B103F0C0FCA389DA0618D598
:103140009B0716D00021084603F0E7F90222134836
:10315000214603F024FC0546A0B9E3787BB1FFF7D4
:1031600000FF0120FAF7FBFF284638BD03F0B5FC4D
:10317000E3E70B48214603F0D0F90022E7E7FFF729
:10318000F1FEEEE72046FFF756FF0125ECE7C432DB
:103190000020D6BE898E5555550050330020F9F4D5
:1031A000010089F30100F8B50D6C06460C4605B127
:1031B0002D7CA3896189AF1D5807FFB228D511F076
:1031C000020F14BFA12321230C27002541F3000186
:1031D00001F040010B43B81CE07104F128011370A9
:1031E000304606220CF0ABFBA3895B0706F106060E
:1031F00005D5062204F13A0130460CF0A0FB2DB1B2
:10320000206C33462A46002101F0EEFF3846F8BD17
:10321000D80705D413F0020F0CBF02230623D5E70D
:103220002023D3E7F8B58C6C06460D4604B1247C08
:103230006B8913F0010F14BF44230423A71D1370DF
:1032400005F1280106223046FFB20CF078FB2CB1C4
:10325000A86CB31D2246002101F0C6FF3846F8BD18
:1032600038B5438913F4C06F04461DD013F40075BC
:103270000FD0436C33B1006C01F028FF636C236402
:10328000002363644FF400712046BDE83840FFF727
:1032900086BE5B0508D5806C01F018FFE36C4FF427
:1032A0008061C4E91235EFE738BD38B503780446CC
:1032B00073B301F00EFB04F1600001F062F8FFF758
:1032C00052FE0546FAF751FF012809D103F08FF9A4
:1032D0000020FAF744FF0E4B00221A60FFF7AFFA06
:1032E0002846FFF748FE0B4804F15401F0F795FC1F
:1032F000206D18B1FAF749FC002323652046FFF73B
:103300008EFE002323702046BDE83840FFF7A8BF9B
:1033100038BDC4320020702E0020F8B50646006883
:103320000F46154608B101F0D1FE0021284601F0F4
:10333000B7FE044628B1038A2B441F2B04DD01F09D
:10334000C5FE00243460F8BD2A46394601F0C8FEA7
:103350000028F7D02046F2E7000008B5FDF712FE7E
:10336000074B48B158895A7810F0800003D0002AE2
:103370000CBF1846002008BD1846FCE700BFC83245
:10338000002010B50D4C8022002120460BF079FB67
:103390004FF40063E38123820C220723002104F110
:1033A0005400A3700BF06DFB054BC4E91634A389E0
:1033B00043F01203A38110BD00BFC83200209DF866
:1033C0000100430705D410F0020F0CBF2520262072
:1033D00070472720704710B50379012B04460BD99D
:1033E0004389DB0508D5FFF7E7FD20464FF48071E0
:1033F000BDE81040FFF7D3BD10BD2DE9F3470446EB
:1034000004F1600601F065FA2046FFF729FF04F198
:103410005407304600F0B5FF4A48DFF828813946A6
:10342000F0F7FBFBA5782846FFF7CBFFA279824295
:103430003AD1FFF704FAA378D9072BD413F0020F7F
:103440000CBF27232623A371606901F092FDA569B3
:1034500098F800A00544C4E90655814601F085FDB1
:103460002D1AB5EB0A0517D40025A3891A072ED506
:10347000D4E907239A422AD32346226D3C21002017
:10348000FEF79AF800232046236502B0BDE8F04716
:10349000FFF70BBF2523D6E7A369ED1A4B44DD42A6
:1034A000FCD4C4E90633DFE7531CDBB2A3F12500EB
:1034B000012181400D4204BF0232D3B2A37101F059
:1034C00054FD98F800300344E3610125CDE7204620
:1034D000FFF781FF2046FFF7DAFD35BB94F8613036
:1034E000BBB9A3891B0717D442F2107001F041FD4C
:1034F000024601A9304600F06AFE78B1304600F07D
:1035000040FFA078FFF75DFF3946A0710D48F0F746
:103510004AFB02B0BDE8F0872A46EAE798F8003097
:10352000019A1344C4E90633F3E7304600F0EDFE98
:103530000028EED00348394602B0BDE8F047F0F766
:1035400032BB702E0020503300208068FFF755BF3B
:10355000000010B5084C00232178227903B110BD7A
:103560000029FCD0012AFAD903484FF48071FFF7F3
:103570000AFD0123F0E7C832002008B50146807833
:10358000FFF71FFF8871BDE8084001485431F0F78C
:103590000ABB702E002038B50A4C25687DB100208A
:1035A00002F0E3FF05F154010748F0F7FCFA0020B0
:1035B000FAF7D5FD2068FFF732FD0023236038BD00
:1035C00000BFC4320020702E00200F292DE9F843DF
:1035D000044644D1304D2B78002B59D10379B0F8F3
:1035E0000090B0F80280877B042B38D8DFE803F026
:1035F000033A4C4E4400132633070DD4C1452ED850
:10360000A9F120039BB243F6E072934227D8A8F1B8
:1036100020039BB2934222D86379032B1FD8A3794E
:10362000012B1CD800236B726379012B04D91A4833
:103630000622E11D0CF083F9637B5A1E062A0ED880
:10364000032F0CD862792A71A2796A71EF70AB707E
:10365000A5F80E90A5F81080AE81002000E01220A1
:10366000BDE8F883C11D00270C4806220CF067F95D
:103670001D26B846B946BFE7C11D062207480CF013
:103680005EF900271526B7E71226B5E71026B3E73F
:103690000C20E5E700BFC8320020FC3200200346C2
:1036A0000020187001230B7070470129F8B501D074
:1036B0001220F8BD0578FFF750FE0446002800F000
:1036C0008D80012D40F084800378002B7CD10B216C
:1036D000FFF765FC44492079FAF7CDFB0028E7D0D5
:1036E000A389DF0707D5236D2BB90220FAF731FA3A
:1036F000002875D020652379DE0745BF63893949E5
:103700003A4943F0010348BF6381062204F12800CF
:103710000CF015F9A3895D070DD5062204F13401DB
:1037200004F13A000CF00BF96379D80742BF6389C2
:1037300043F0020363812379012B02D92046FFF76E
:103740003BFC012323700023A4F87E30FEF71DFC10
:10375000A38919075DBF238A40F27122534340F6C3
:10376000A6636361A37880EA1040DA07A4F87C00BE
:103770002CD413F0020F0CBF27232623A37101F0D2
:10378000C2F80546FAF765FE074601F0EEFB42F285
:1037900010730646B7FBF3F003FB107001F0E9FB72
:1037A0000644E6612046FFF772FC626E531B002B55
:1037B00004DAA36E65669B1A2B44A3660C490022AB
:1037C00004F1600000F0A7FC002072E72523D5E794
:1037D000002D7FF46DAFFFF768FDF5E7422068E745
:1037E000072066E700BF502E0020562E0020B9F3B8
:1037F0000100202970B501D0122070BD06781F2E5F
:10380000FAD8451CFFF7A9FD044658B3838903F095
:103810001203002BF0D00378DBB1C36C43B14FF43B
:103820008061FFF7BCFBE06C01F050FC0023E36417
:103830003246294604F14C00FFF76FFDE36C0BB9EB
:103840000720DAE74FF480612046FFF79CFB002059
:10385000D3E7324629464830FFF75FFDA36C002BC3
:10386000F5D1EDE74220C8E7202970B501D012203C
:1038700070BD06781F2EFAD8451CFFF76EFD044672
:10388000002838D08389D90615D55A070ED440218F
:103890002046FFF784FB237883B93246294604F19A
:1038A0004000FFF73AFD236C1BBB1BE0FDF76AFBF2
:1038B0000028ECD0DBE79B07E9D5D8E7636C4BB178
:1038C0004FF400712046FFF76AFB606C01F0FEFBCD
:1038D000002363643246294604F14400FFF71DFDCE
:1038E000636C0BB90720C3E74FF400712046FFF764
:1038F0004AFB0020BCE74220BAE72DE9F84FDFF889
:10390000689182460D4649B9D9F80000FFF793FB4C
:103910004FF0FF340020FAF722FC44E012B9C9F856
:103920000020F5E7032801D0052861D1D9F800600F
:103930002C68062204F1080106F128000BF077F844
:103940008346002854D196F8038014F8027BBAF11C
:10395000030F0CBF08F0010808F00208C7F3801736
:1039600001F0C7FA10BBB8F1000F06D05A4639462D
:103970002046FFF7AEFA00283AD02B8BBAF1030F9E
:1039800043F040032B8346D13448314602F0C5FD55
:1039900033480022314603F002F8044650BB2B8B1B
:1039A00043F010032B832046BDE8F88F39462046AC
:1039B000FAF7FEF910B302F022FB40B20028307291
:1039C00013DB2B8B43F480632B8396F90830B8F11B
:1039D000000FD2D036212424224A11FB03444B434A
:1039E0001444D75C4FF0010BC0E7B8F1000FC4D00E
:1039F0004FF0FF340023C9F800308BE739462046EA
:103A000001F085F80028AED04378002BABD1C37805
:103A1000002BA8D0ECE7134B1D684DB9B3895B07A9
:103A2000E6D50622214606F13A000BF000F8DFE762
:103A30000622214605F193000AF0F9FF38B995F8FE
:103A40009230012F03F0010304D1002BD0D1D5F81F
:103A5000B450E2E7002BFAD1CAE789F3010077F509
:103A60000100AC3300201C2F0020C43200202DE9BF
:103A7000F843394C237888469146002B6BD0138845
:103A80001D0607D43548FFF7CAFABDE8F8433248A7
:103A9000FFF7B3BC05285AD1A189628901F0100053
:103AA00002F008020243EDD05806EBD5474649071D
:103AB00017F8025B03F48066C5F3801514D5002E59
:103AC00043D094F90830254A3620242110FB0311F5
:103AD00043431144D55C6379AB42D3D121480622DC
:103AE0000AF0A5FF0028CDD1DEB1062239461D48D7
:103AF0001B4D0BF024FF94F90800394601F087F9BB
:103B000094F908102423362616FB01312944062295
:103B100038460BF014FF94F908307343ED5C02351E
:103B2000EDB2A38983F01003C3F300134A4629467C
:103B30004046FCF7BEF90028A4D063891A070AD4CE
:103B4000BDE8F8430548FFF7B0BB3946C3E7032893
:103B500098D1DB0696D5BDE8F883C8320020AC3397
:103B60000020FC320020F632002008B50C4A034643
:103B7000032B106807D1838999070ED4FFF75BFAEE
:103B80004FF0FF3008E0052BF8D18389DA07F5D52F
:103B900083F01000C0F3001008BD0120FCE7C43220
:103BA0000020044BD8781B781BB1B0FA80F0400994
:103BB000704701207047C832002010B5064B0446FC
:103BC0001A6D00211965FDF7F7FC2046BDE810408D
:103BD00000F06CBD00BFC832002010B50379012B86
:103BE00002D80024204610BD4389DB07F9D500F137
:103BF000280401212046FAF7DBF80028F2D1F0E78B
:103C00002E307047000008B502F0F1FC034B186835
:103C1000BDE80840FFF70FBA00BFC432002010B55E
:103C2000074C2046FFF741FB206C01F04FFAA06CD7
:103C300001F04CFABDE81040FFF7A3BB00BFC8324B
:103C40000020024B1878003818BF01207047C83296
:103C50000020FFF796BB10B54A6843689C1A002CF9
:103C600006DA8068801A0028D4BF0020012010BD29
:103C70008868181AC00FFAE70000024A1368013377
:103C80001360E8F7E2BCB81A002010B50446FAF752
:103C90006CFA042808D1FAF7AAFF6368C01A002852
:103CA000D4BF0020012010BD0020FCE70000024A24
:103CB0001368013B1360E8F7CEBCB81A0020064A2F
:103CC0000346106838B9194641F8140F9A61C2E9E1
:103CD000003101225A70704700BF48330020F8B508
:103CE000244E3468002C42D0D4E90523CAB1936134
:103CF000D4E9052300271A606770FAF736FA0546FB
:103D000001F033F9C5B12378042B0CD1AB1EDBB223
:103D1000012B11D902F06BFC012D25D1FFF73BFCE3
:103D20000AE07360E4E702F062FC022D12D138462B
:103D3000FAF715FAFEF791FB236920469847346895
:103D40001CB161680C4801F00CF92046BDE8F84050
:103D500000F0A3BD032DDFD13846FAF700FAFEF7D5
:103D60007CFBFBF756F9E7E7FBF78BFBE4E7F8BDD5
:103D700000BF48330020543300202DE9F84F544B46
:103D80001A78436F9B1AC0F8D030C379022B0446CF
:103D900000F1CC0926D1D0F8880001F0EAF8D4F877
:103DA000D030013B1B1AC4F8D030002384F8CE3049
:103DB000E36DC4F8D430D4F8D05001F0D6F82D1A01
:103DC000002D0ADBFFF759FF82464846FFF75DFFEB
:103DD000074650B15046FFF76AFF4FF0FF373846AD
:103DE000BDE8F88F90F87830E0E7DFF8EC803948EC
:103DF00001F0B9F8D8F80050BB463E4665B9D8F88E
:103E00000430C4F8E430C4F8E050C3F8009004F182
:103E1000E003C8F8043027E029464846FFF71BFFB7
:103E200090B12B78032B04D0002E45D1AB462E4603
:103E300043E0E968D4F8D800FAF7D3FE0028F3D1BC
:103E400006464FF0FF3712E0D4F8D4306A689B1A68
:103E5000002B32DCAB69C4F8E430234643F8E05F62
:103E6000AA69C2F80090AB61012384F8CD30002428
:103E70009EB133787569012B21D0032B03D1F068F3
:103E80009C30FAF778F9D6E90523E2B19361D6E9D7
:103E90000523B3451A60747018D1D8F80040A145C5
:103EA00002D1204600F0F9FC5046FFF700FF6168A0
:103EB000094801F056F892E7AB466D699EE7F06855
:103EC000FFF75BFBDFE7C8F80430E0E72E46CFE7FB
:103ED00000BF5033002054330020483300202DE928
:103EE000F84F0E46044600F1CC0901F03EF8B378D5
:103EF000242B26D900F13905D4F87CA03E4FFFF7DA
:103F0000BCFEC4F8D05080464846FFF7D8FE05F105
:103F1000A4060346002846D0384801F024F8396842
:103F2000AB46F9B9ABEB0503534561D87B68C4F8E0
:103F3000E430C4F8E010C3F8009004F1E0037B60C3
:103F400024E096F90530012B02D100F16205D3E798
:103F5000022B02D100F15D05CEE7032B08BF00F173
:103F6000DF05C9E7C4E934B64B68F31A002B35DC2A
:103F7000ABEB050353453BD822468B69C4F8E430CC
:103F800042F8E01F8B69C3F800908A61012384F82E
:103F9000CD30ABEB050000F0F2FF5D4640F2E243AE
:103FA000B0FBF3F39BB2A4F87230144BE6651B78B8
:103FB0002B4463670023C4E9345684F878301C46E8
:103FC0003D68284600F069FC4046FFF770FE6968CE
:103FD0000A4800F0C6FF2046BDE8F88F4846FFF7C4
:103FE0003AFE18B1D1F808B00BF1A406496998E778
:103FF0004FF0FF34E4E748330020543300205033BF
:1040000000202DE9F047404B456F1F78044600F132
:10401000CC06D0F8880000F0ACFFED1BE36DC4F8CF
:10402000D430013D2D1A0023C4F8D05084F8CE308E
:10403000FFF723FE07463046FFF727FE054638B157
:104040003846FFF734FE4FF0FF352846BDE8F087CD
:104050003046FFF734FE8246002853D02C48DFF864
:10406000B09000F080FFA8465146D4F8D4304A689A
:10407000DAF814A09B1A002B1ADC8B69C4F8E43020
:10408000234643F8E01F8A6916608B61012384F898
:10409000CD301F4B1C68A64202D1204600F0FDFB2C
:1040A0003846FFF704FE6168194800F05AFFCCE774
:1040B0003046FFF7D0FD88B10B78032B1FD1C868BD
:1040C0008B6981F80180BAF1000F15D0CAF8183059
:1040D000D1E905329C301360FAF74DF8BAF1000FC0
:1040E000C2D10B4BC4F8E0A05A68C4F8E4201660B3
:1040F00004F1E0025A60C9E7C9F80430E8E74FF07C
:10410000FF35C6E73446C8E700BF503300205433BC
:104110000020483300202DE9F8430446D0E9016926
:104120000D469046FFF7A9FD07462046FFF7C7FD5D
:1041300080B96168002D41D1204600F0AEFB2646D3
:104140003846FFF7B4FD71681F4800F00AFF0020F1
:10415000BDE8F883A9EB0606DFF870901A4800F076
:1041600002FFD9F8001049B9D9F80430A3616161A0
:104170001C6004F11403C9F804300CE0A3684A6819
:104180009B1A002B10DC8B69C4E905138B691C603A
:1041900004F114038B61012363706168D9F8006036
:1041A0006DB9B442CCD1C7E72046FFF754FD18B132
:1041B0008B6863603344A3604969D4E72646E068AE
:1041C0004246A847EDE754330020483300202DE94C
:1041D000F84FD0E90173DF1B1344836004468B461C
:1041E0001646FFF74AFD82462046FFF768FD8046E7
:1041F000002841D0434800F0B6FE4FF000094D467C
:1042000041462046D8F81480FFF725FD70B1894655
:1042100045B3B8F1000FF3D175B93A4B65615A68EF
:10422000A261146004F114025A6025E0A3684A6890
:104230009B1A002BEDDCBDB16368FA18A2602A4618
:10424000A16850686D69A1EB000CBCF1000F38DC6F
:104250009369C4E9052393691C6004F11403461AA9
:10426000936109E00D46D4E78B69C4E905138B69B6
:104270001C6004F114038B610123637046B1FAF7EB
:10428000E8F8B0FBF6F303FB1600636803446360D1
:1042900063681F44A760CBF800301A4B1B68A34229
:1042A00002D1204600F0F9FA00245046FFF7FFFC47
:1042B000154B13481B68596800F053FE2046BDE8B3
:1042C000F88F91686160C8194A45A060B7D133443E
:1042D0005B1A9E4211D304F114023DB90A4965618B
:1042E0004868A06104604A601E46C5E7A969C4E940
:1042F0000551A9690C60AA61F6E74FF0FF34D4E7D5
:1043000000BF543300204833002070B50446FFF747
:10431000B4FC0646F9F729FF062803D85223C34008
:10432000DB0723D42046FFF7CAFC054688B10146C7
:104330002046FFF790FCC8B9104800F014FEAB69A6
:10434000C4E90553AB691C6004F11403AB6101239C
:1043500063700A4B186800F0A0FA3046FFF7A7FC1C
:104360006168054800F0FDFD002070BD3046FFF794
:104370009EFC4FF0FF30F8E700BF54330020483375
:104380000020F8B5044650B3FFF777FC6378054684
:104390001BB3134E3768BC4202D1124800F0E3FD54
:1043A000D4E90523BAB19361D4E90523BC421A606C
:1043B0004FF00003637008D134681CB1616809488C
:1043C00000F0CFFD204600F068FA00242846FFF7F1
:1043D0006EFC2046F8BD7360E6E70124F6E7012491
:1043E000F7E7483300205433002010B50446FFF7A8
:1043F00044FC054B1B6833B15B6823600124FFF765
:1044000056FC204610BD1C46F9E748330020014801
:1044100000F0A9BD00BF5433002008B5DF2000F034
:10442000A8FD044B054918700022044800F093FDD4
:10443000002008BD00BF503300203100020054337B
:10444000002010B504460720FDF701F8E0B1022076
:10445000F9F77FFBC0B13E2202700B2242700722A7
:104460008270A288A0F80320A27BA0F80520228BEE
:10447000A0F80720E27BA0F80920628BA0F80B20AF
:10448000BDE81040FCF780BD10BD38B505460620DC
:104490000C46FCF7DCFFE0B10220F9F75AFBC0B193
:1044A0003E2202700B22427006228270AA88A0F877
:1044B00003202288A0F805206288A0F80720A2889F
:1044C000A0F80920E288A0F80B20BDE83840FCF7EE
:1044D0005BBD38BD38B5044603200D46FCF7B7FF79
:1044E000C8B10220F9F735FBA8B13E2202700A22BA
:1044F000427003228270C570A2888280B4F868205E
:10450000C280B4F86A200281B4F86C204281BDE810
:104510003840FCF739BD38BD38B583785B070546B0
:104520000C461AD40820FCF7B4FF88B10220F9F732
:1045300010FB68B108220270042284704270B4FA41
:1045400084F4AA88A0F8032064094471FCF71CFDD8
:10455000AB7843F00403AB7038BD3020FCF799FF13
:104560000028F9D00220F9F7F4FA0028F4D030221C
:104570000270032242708470AA88A0F80320BDE86C
:104580003840FCF701BD10B504460520FCF75FFF7D
:10459000D8B10220F9F7DDFA08B9002010BD3E229B
:1045A00002700D22427005228270A288A0F80320BA
:1045B000D4E94412C0F80510C0F80920B4F802216B
:1045C000A0F80D20FCF7E0FCE7E74FF0FF30E5E74F
:1045D00070B5054604200E46FCF739FFD8B102201D
:1045E000F9F7B7FA0446B0B13E2303700C234370C9
:1045F0000423C6708370AB88838095F83F30837145
:10460000072205F1400110440BF099F92046BDE85E
:104610007040FCF7B9BC70BD38B504460C200D469F
:10462000FCF737FFC0B10220F9F793FAA0B10C22D2
:104630000270082242708570A288A0F8032094F8C6
:104640003E204271B4F84E20C280B4F8502002815E
:10465000BDE83840FCF798BC38BD10B504461020C2
:10466000FCF717FF50B10220F9F773FA40B110229E
:104670000270012242708470FCF786FC002010BD9D
:104680004FF0FF30FBE708B51A20FCF702FF60B1DE
:104690000220F9F75EFA40B11A220270012242703C
:1046A0008270BDE80840FCF76FBC08BD10B5044639
:1046B0001420FCF7CCFEA0B10220F9F74AFA80B131
:1046C0003E2202700422427014228270A288A0F856
:1046D0000320A278C2F300124271BDE81040FCF73B
:1046E00053BC10BD0000024A136801331360E7F7A2
:1046F000ACBFB81A0020024A1368013B1360E7F709
:10470000AABFB81A0020F8B5FFF7EDFF074600F082
:104710002CFC0E4C0546F9F728FD94F8243006468B
:104720001BB1A36AEB1A002B0CDA94F825301BB1ED
:10473000E36AED1A002D05DA26B9237813B102F0E9
:10474000D5F926703846BDE8F840FFF7D4BF6C3382
:10475000002010B5064C237843B90123237000F0E4
:1047600004FC2063BDE8104002F0BDB910BD6C33FD
:104770000020024B00221A77FFF7EBBF00BF6C331B
:10478000002038B51A4C94F8242094F82530D2B182
:10479000A56A2BB1E36AEA1A15EA220538BF1D465D
:1047A000237F3BB1236AAB421FD0002311482377FC
:1047B00000F0D9FB00F0D9FB281A00280CDCBDE87A
:1047C0003840FFF7C6BF0BB1E56AE9E72377201D44
:1047D000BDE8384000F0C7BB012323772562294696
:1047E0000448BDE8384000F0BCBB38BD00BF6C33A6
:1047F00000207033002038B50C4C002540F2FA50F0
:10480000257000F0B6FB094960802A46201D2577F7
:1048100000F0A1FB0C22294604F134000AF031F922
:10482000044BC4E90E3538BD00BF6C330020C50A07
:104830000200590A020038B50B4C0025201D2577CF
:10484000256200F090FB084804F13401EFF7E5F928
:10485000237813B102F04AF92570C4E90B55A5621B
:10486000A58438BD00BF6C330020702E002070B5C9
:1048700006460C46FFF737FF074B5A8883F824603B
:104880000546A41A9C62FFF77CFF2846BDE87040ED
:10489000FFF731BF00BF6C33002038B50446FFF787
:1048A00022FF002C0A4B14BF0122002283F825208E
:1048B0001CBF6268598805461CBF521ADA62FFF7AE
:1048C00060FF2846BDE83840FFF715BF00BF6C33D6
:1048D000002038B5FFF707FF094D04462946084870
:1048E000EFF79BF915F8343C1BB105482946EFF763
:1048F0005AF92046BDE83840FFF7FDBE00BFA0339F
:104900000020702E002038B5FFF7EDFE0546FFF7BA
:1049100020FF084B1A78022A07D100F026FB044634
:104920002846FFF7E8FE204638BD1C6B5B88013443
:104930001C44F5E700BF6C330020421E00F10F035A
:1049400012F8010F10B99A42FAD17047012070474E
:10495000000008B5FFF775F940B9FEF71AFA044BE5
:104960001B68034314BF0120002008BD0120FCE7A1
:1049700000BFAC30002008B5054B1B782BB1FFF70A
:10498000E8FFB0FA80F0400908BD0120FCE784345C
:1049900000202DE9F0410E4DDFF83C8006460F4621
:1049A000002398F803209A4201DC00200CE015F85F
:1049B000242CBA4203F1010408D1062231462846CC
:1049C0000AF035F810B92046BDE8F08123463635A7
:1049D000E7E7D03300208434002030B58DB021B318
:1049E00000F12A05041DE81CF9F747FD21461022B5
:1049F00068460AF0A4FF0D22002104A80AF041F83D
:104A00006B798DF81D302B798DF81E306846EB7868
:104A10008DF81F3001F047FABDF82E305BBA2B80BD
:104A20009DF82D30AB700DB030BD00F1300500F1B8
:104A30001404D8E70000024A136801331360E7F753
:104A400004BEB81A0020024A1368013B1360E7F75E
:104A500002BEB81A002007B54FF0FF330548009397
:104A600000231A460321806805F0C9FB03B05DF8F6
:104A700004FB84340020F8B5144C144F0025FB7857
:104A8000AB4207DC79681248EFF7C5F9BDE8F8409A
:104A9000FEF75FBDA3784BB1FFF7CDFF01210646BE
:104AA0002046FFF79AFF3046FFF7CDFFE3784BB182
:104AB000FFF7C1FF002106462046FFF78EFF304674
:104AC000FFF7C1FF36340135D9E7AC330020843419
:104AD00000208C34002010B5FFF74DFF40B1054B8E
:104AE00000245C8001F053FAFFF7B5FF204610BDAB
:104AF0000C20FCE700BF84340020034B5B7803707C
:104B000001230B700020704700BF843400202DE982
:104B1000F0410E4CDFF83C8006460F46002598F821
:104B20000330AB4201DC00240DE02378BB4202D00D
:104B300036340135F3E70622314604F1240009F04A
:104B400076FF0028F4D12046BDE8F08100BFAC33E9
:104B500000208434002027292DE9F047804603D027
:104B600012252846BDE8F087FFF705FF00286CD026
:104B7000384EF27873789A4269D2C14619F8011B0F
:104B80004846FFF706FF05460028E9D108F1070A65
:104B90005046FFF7D2FE2F4CF2783627002851D02E
:104BA000B37803FB0770D21AA0F1360121442044E8
:104BB0007A4309F04CFFB37803FB07443622002107
:104BC000204609F05EFF204698F8003000F8243BAC
:104BD000062249460AF0B3FE5046FFF7AEFE58B132
:104BE000514604F11400102201F0D3F80123E370C0
:104BF00000212046FFF7F1FE08F117010846FFF7F4
:104C00009CFE40B1201D102201F0C3F80121A170CB
:104C10002046FFF7E2FE00236370E3783BB104F126
:104C2000140001F0BAF9B37801330546B370F37894
:104C30000133DBB2012BF37093D171680748EFF7B2
:104C4000EAF88EE702FB0744B8E70C2589E7072559
:104C500087E784340020AC3300208C3400200729FF
:104C6000F8B5044629D1FFF786FE40B3204610F878
:104C7000011BFFF78EFE054618B3124C134FE37865
:104C80003622461E02FB06F05B1B811839445A434C
:104C9000384409F0DCFEE378013BE370A378AB42D3
:104CA00005DB304601F091F9A378013BA370E3786E
:104CB0000BB9FFF7D0FE0020F8BD1220FCE70C2056
:104CC000FAE70220F8E784340020AC330020012901
:104CD00010B5044601D0122010BDFFF73AFE28B9E6
:104CE0002378012BF7D8024A1370F5E70C20F3E77D
:104CF00000BF84340020072938B514461D4613D15F
:104D000010F8011BFFF703FF0622014638B13031CE
:104D100020460AF014FE002006232B7038BD2046E2
:104D200009F0AFFE0220F7E71220F7E7072938B5B0
:104D300014461D4613D110F8011BFFF7E8FE0622AA
:104D4000014638B12A3120460AF0F9FD0020062339
:104D50002B7038BD204609F094FE0220F7E71220A0
:104D6000F7E7022908B515D101884B1E9BB24AF21C
:104D7000B71293420ED84FF47A7307485943890209
:104D8000B1FBF3F1C378416013B10830EFF743F89A
:104D9000002008BD1220FCE700BF8434002070B55D
:104DA00005460E46FFF7D5FD044678B9082E02D019
:104DB0001224204670BD284610F8011BFFF7A7FEFD
:104DC00030B1EB79012BF3D84370F2E70C24F0E714
:104DD0000224EEE70000014B5868704700BF84349E
:104DE0000020F8B5144605460F46FFF724FE0622BC
:104DF00006464FB105F12A0120460AF0A0FD3046D3
:104E0000BDE8F840FFF71FBE05F13001F4E770B5CB
:104E100005460E46FFF70FFE074B04463620314687
:104E200000FB053006220AF08AFD2046BDE87040EE
:104E3000FFF709BE00BFDC33002070B505460E4603
:104E4000FFF7F9FD074B04463620314600FB0530DD
:104E500006220AF074FD2046BDE87040FFF7F3BD5E
:104E600000BFD633002038B515461C46FFF74FFE6D
:104E700070B124B183782BB91C46204638BDC37865
:104E8000002BFAD021462A46FFF7ABFF0124F4E7B6
:104E90000446F2E730B58DB00B6800934B68019380
:104EA0008B680293CB6803930024C378CDE9064452
:104EB00005468DF81F3003798DF81E3043798DF843
:104EC0001D306846CDE9044400F0EDFF9DF82F2029
:104ED0002B789A420AD19DF82E206B789A4205D100
:104EE0009DF82D40AB78E31A5C425C4120460DB042
:104EF00030BD014B1878704700BF8434002010B5D6
:104F0000094C4FF46123636001F077F8042828BF4F
:104F100004206070054A054904F108000023BDE83B
:104F20001040EEF750BF84340020C90D0200702EEF
:104F3000002008B5054B00221A70FFF78CFDFFF723
:104F4000CAFDBDE80840FFF7DABF843400200146FF
:104F5000052000F0DABD13460A460146052000F0A0
:104F600020BE00F030BE00F06EBE052000F005BE91
:104F70000000014BA3FB00307047D07B630843F671
:104F80000952C0F30803400A5343504300EB532037
:104F900070474379072B00F1100298BF0023006887
:104FA0001344C01A80B270478268C188128800F129
:104FB0001003134402680A44981A80B2704710B56F
:104FC000074A11680346084618B909B150680838FD
:104FD00010BD04889C42FBD28068F5E700BF7000DA
:104FE000002010B50C4A13682BB983605368186011
:104FF000083050600CE0198804888C42996801D808
:105000000B46F1E7816011B900F108015160986029
:10501000002010BD00BF70000020024B0022C3E939
:105020000023704700BF70000020103A02804160EA
:105030000020704738B503888B4204460D460CD3D8
:10504000406800F00AFC38B10023C360436000F1FF
:1050500010032B440360846038BD0020FCE710B5CA
:105060000C46FFF7ACFF20B12146BDE81040FFF72A
:10507000E1BF10BD38B5038801F10805AB420DD37F
:10508000FF2D0BD80021FFF7D5FF30B10368457124
:105090002B4403600023C0E9043338BD0020FCE743
:1050A0000830084410B580B20C46FFF788FF20B1E5
:1050B000E1B2BDE81040FFF7DDBF10BD08B5014605
:1050C000806810B1406800F002FC08BD10B500B95E
:1050D00010BDC468FFF7F2FF0028F9D12046F6E7BB
:1050E0002DE9F0470F4615460646002846D0D0F871
:1050F00008A003469946DB68002BFBD148462C46A6
:10510000FFF752FF98B1A842A8BF28460446D9F835
:105110000030B9F806002246394618440AF00FFC60
:10512000B9F8063023442744A9F806302C1B002C7C
:1051300005DD00215046FFF77DFF804638B97379C1
:10514000072B16D8201E18BF0120BDE8F087BAF83B
:105150000020A242A8BF2246C280394600680AF059
:10516000EEFBB8F80630C9F80C801F44E41AC146BB
:10517000DDE7338A1D442D1B3582E3E70220E4E797
:1051800010B530B1C488C3688C4201DC02D10BB9C0
:10519000118010BD091B1846F3E7F7B50546084610
:1051A00011460DF106021F46FFF7EAFF064617B942
:1051B000384603B0F0BDAEB1BDF80630F4883168B2
:1051C000E41ABC42A8BF3C46A4B222461944284671
:1051D000FFF786FF0028ECD13C1BF668ADF806000F
:1051E000A7B2E4E70220E4E7F8B505461F461446F7
:1051F0003AB92046F8BD05B3EB888B4203DCED6875
:10520000C91A0029F7DC002C05DC002CD4BF0024CF
:1052100001246442EDE7002DF7D0EE882B68761A62
:10522000A642A8BF26461944384632460AF087FBF4
:10523000A41BED6837440021E5E74FF0FF34D8E7C1
:1052400070B550B100291DDB08D100234279072A2F
:1052500003D9028A521A1344038270BD02460B46D8
:105260000025D4889C4207DCD580D2681B1B002A0D
:10527000ECD0002BF5D1E8E7E41AD48014681C4484
:105280001460E2E74B4204460025E2882646E468C3
:105290001544002CF9D19A4208DB9BB2D21AF28055
:1052A0004279072AD9D9028AD31AD5E74379294402
:1052B00021EAE171072B88BF0182C3888B42044633
:1052C000C06807DBE1800028C7D0FFF7FFFE00239E
:1052D000E360C2E7C91A0028EFD1BEE72DE9F74322
:1052E0001E1E17461DDD0DF10602FFF749FF04469D
:1052F00020B96FF0004003B0BDE8F0830025A94657
:10530000BDF80600E288731B121A9A42A8BF1A461B
:105310001FFA82F8B8F1000F05D14544ADB2B5428D
:105320000AD10020E7E7236892B27919184409F0FE
:105330007EFB0028F1D0DEE7E468ADF80690002C93
:10534000DED1D6E72DE9F7431E461446002301AA15
:10535000ADF80430ADF80630BDF82870FFF710FF47
:10536000314605460DF106022046FFF709FF0646C5
:10537000002F43D0BDF8043000227DBB0AB1ADF848
:105380000430BDF8062000219EB3F38893422CD947
:1053900009B1ADF8062065B3BDF80490EC88BDF8FE
:1053A000068031682868A4EB0904A4B2BC42A3EBD0
:1053B000080328BF3C469BB29C4228BF1C4622469D
:1053C0004144484409F033FBA8B9A144A0443C1B24
:1053D000ADF80490ADF80680A7B2C9E7E988994214
:1053E000CCD8ED6801220023C7E7F668012100222E
:1053F000CAE76FF0004003B0BDE8F0833846FAE733
:105400002DE9F0410E4604464FF000082046FFF714
:10541000C0FDE28861792368B042A8BF304612FA25
:1054200080F20729A3EB0003E28088BF228A236071
:1054300083B284BF9B182382361A0CD00729A06838
:105440000CD90839C9B2FFF715FE054650B92046F8
:10545000FFF73CFE2C462046BDE8F0810021FFF717
:10546000E9FDF2E76279072A0CD900F11007384606
:1054700004F110010AF063FA63796B711F442F6025
:1054800084F805802846FFF78FFD2B68EC60034405
:105490002B602C46BAE72DE9F34791460DF1060241
:1054A000074688461C46FFF76BFE054660B34FF083
:1054B000000ABDF80600EE88361AA642A8BF2646A6
:1054C000002E07DD2B684946324618440AF037FAA9
:1054D000B144A41BA4B1EB681BB1ADF806A01D46F6
:1054E000E7E7A2B249462846FFF7FAFD48B97B79BB
:1054F000072B05D93B8A44449C42B8BF1C463C82DA
:10550000002002B0BDE8F0874FF0FF30F9E710B59A
:1055100003461A46DB68002BFBD1D1604379072B89
:1055200006D94B79072B0ED9038A0A8A13440382C2
:1055300000234B7110BDDC88028A22440282DB68A2
:10554000002BF8D1F4E70B46FAE72DE9F041D0F84B
:105550000880B8F800308B4205460C4602D2002085
:10556000BDE8F08107463E46FF68002FFBD130467C
:10557000FFF71AFDA04207D239464046FFF75AFD11
:105580000028ECD0F0600646F38830681A19F280E3
:105590006A79072A01D81844E2E72A8A14442C823F
:1055A000F9E72DE9F041C5888D4204460E4632D216
:1055B000D0F80880FFF7F8FC2844B0422EDBE768FB
:1055C00067B3751BAEB225462846FFF7EDFC804653
:1055D000FC88E888396846453346A8BF43469C4264
:1055E000A8BF1C462B68224618440AF0A8F9EB888D
:1055F000A2B21344EB80FB889B1AB61A9BB2B6B2D8
:10560000FB80A8EB04082BB33B6823443B603C467B
:105610007EBBEC602C462046BDE8F081B8F8003037
:1056200062799B1A9E421FDC00214046FFF702FD73
:105630000546C8B16279072A0AD900F11007384631
:1056400004F110010AF07BF963796B711F442F603C
:105650002746B9E73846FC68FFF730FD002ED8D062
:105660003CB92846FFF72AFD2046FFF72FFD00240E
:10567000D1E72746ACE710B50C46FFF7C1FE20B1D5
:105680002146BDE81040FFF78CBF10BD70B5C38840
:10569000054613B12C46204670BDC468002CF9D0D5
:1056A000E38883B12046FFF774FC6A799042F1D316
:1056B000627105F1100104F110000AF040F928466A
:1056C000FFF7FCFCE7E7E668EE602046FFF7F6FC34
:1056D0003446E3E72DE9F8438046F0B109B1FFF71E
:1056E00016FF44462046FFF754FC58B16379E28820
:1056F000216804F11005072B88BFED18284609F032
:10570000A6F92560E3882268E568204602EB0309D4
:10571000FFF74AFC07462FB315B94046BDE8F883AA
:10572000EE882968BE4228BF3E46B6B24846324699
:105730000AF005F9E3883344E3802B6833442B6097
:10574000EB88BF1B9B1BB144BFB2EB80EB88002BE7
:10575000E1D1EB68E3602846FFF7B0FCE568002D77
:10576000F4D1D8E7002DD8D02C46BBE7000070B5A7
:10577000044610B10AB113B919B1032026E09D0700
:105780002AD1900714BF22F00300104622604FF088
:105790000002A272049AE18018BF0430C4E9053205
:1057A0002181A180E3601D460A464642012A0ED8A7
:1057B0004A1E002992B208BF00224243002098509E
:1057C000074B20615A68146010345C6070BD05445A
:1057D000013AAD5192B2E9E70420F7E700BF780043
:1057E000002030B5F0B103688188C468C1809A0791
:1057F00018BF23F003030181446118BF04330A4634
:105800002046012A08D84A1E002992B208BF002269
:105810005A430020A05030BDC518013A056092B22D
:105820002846EEE70320F6E703689A07C2681CBF24
:1058300023F0030304338A420DD8808803FB002041
:10584000814208D2891AB1FBF3F203FB1211B1FABB
:1058500081F0400970470020704770B50446B8B128
:105860000E4D2B6801332B60E6F7EFFEE3888BB11A
:10587000666932686261013B22899BB29A42E38089
:1058800000D923812B68013B2B60E6F7E4FE344608
:10589000204670BD1E46F5E700BFB81A002070B55F
:1058A0000A4D2B6804460E4601332B60E6F7CDFE09
:1058B00063693360E38866610133E3802B68013BF1
:1058C0002B60E6F7C8FE002070BDB81A002010B4A7
:1058D0000A46034680B179B1847AE40706D5C469E3
:1058E00024B12346026A5DF8044B18475DF8044B67
:1058F00011461846FFF7D3BF03205DF8044B7047ED
:1059000000004309044900F01F0001224033824097
:1059100041F82320704700E100E0024A1368013398
:105920001360E6F792BEB81A0020024A1368013BE2
:105930001360E6F790BEB81A00202DE9F041076920
:105940000446FFF7EAFFD7F80455D7F80431666834
:1059500080465BB106F1807666600023D7F8045577
:10596000C7F8043194F90100FFF7CBFF40463543F7
:10597000FFF7DBFF2846BDE8F08130B48478036987
:1059800044B34FF48022C3F80823D3F80445D3F876
:10599000045142681DB1D3F8044502F180722243DC
:1059A0008A1A022A04DC30BC90F90100FFF7A9BF73
:1059B000B2F1807F34BF21F07F4104F500044FF441
:1059C000802234BFC3F84815C3F84845C3F8042300
:1059D00030BC70474FF40022C3F80823C3F84C15BD
:1059E000C3F84C41C3F8042301229A64D3F8483524
:1059F0005B1A002BECDBD6E700002DE9F0472B4CBF
:105A00002669D6F8483113B10023C6F84831D6F8D4
:105A1000043133B10023C6F80431636803F18073A5
:105A20006360A368DFF888A00133A360FFF775FF08
:105A30004FF0010807464FF00009656955B1A2789B
:105A400092B15046FFF779FF6FF00202EB68C01A7F
:105A500090420FDA6369E3B9A278236922B34FF465
:105A60008022C3F8082318E02369C3F84880D3F8DC
:105A70004805EBE7D5E904234AB15361D5E904238E
:105A80001A60D5E90130C5F814909847D5E7A361AD
:105A9000F4E7D9680648FFF770FF3846FFF745FF7F
:105AA000D6F84831BDE8F0874FF40022D9E7A0349A
:105AB0000020052810B51BDC0F4B53F82030BBB17C
:105AC0001C78ACB9052813D10C4B0C4901229A70F3
:105AD0000B200B4A1A6158700B4B4FF40062C3F84D
:105AE0008020E02283F80B23E6F79BFD204610BDC3
:105AF0001620FCE700BF401E0300A03400204D1D0F
:105B0000020000B0004000E100E0052870B52BDC89
:105B1000174B53F820303BB3052801D0002070BD4F
:105B2000144C267806BBB1F5004F1DD12369DBB1BB
:105B300001252570E160FFF7F0FE236902225D6018
:105B4000C3F80865C3F80461C3F804231D606278D4
:105B500094F9013002F01F0295405B09064A42F8B1
:105B60002350FFF7E2FED9E71620D8E700BF401E1A
:105B70000300A034002000E100E005280DDC074B05
:105B800053F8200050B183780BB1FFF7D6BE0369FC
:105B900001229A64D3F84805704700207047401EE0
:105BA0000300052810B509DC064C54F820402CB140
:105BB000C1E90123002048610C6010BD1620FCE7FC
:105BC00000BF401E030070B50446002839D0436969
:105BD000002B36D14368002B33D00568C160FFF736
:105BE0009CFE6B6906466BB1E168DA688A1A002A86
:105BF0001CDA5A69C4E904325A69146004F11002CB
:105C00005A6107E0224642F8103F2B46AA6143F84A
:105C1000144F63616B699C4203D1E1682846FFF72A
:105C2000ACFE3046FFF781FE002070BD1B69002BE3
:105C3000DBD12361AB6963611C6004F11003AB61CC
:105C4000E8E71620F1E770B5044660B30568FFF792
:105C500064FE62690646A2B16B692169A3420BBF6B
:105C6000012000200B46002381B14A61D4E90412CF
:105C700011600022626120B153B1D9681868FFF742
:105C80007CFE3046FFF751FE002070BDAA61EDE7B3
:105C9000AA782B6922B14FF48022C3F80823F0E7D9
:105CA0004FF40022F9E71620EFE7F7B5089F0C46FE
:105CB0009DB2099B0093164603463A462946204664
:105CC000FFF755FD40B92B46BAB22146304603B026
:105CD000BDE8F040FFF7A9B903B0F0BD70B50468A6
:105CE0000E461946238AB342054603D800230360B3
:105CF000204670BD30469047044670B1296833464F
:105D00000022FFF74AFA40B928683146FFF798FAAF
:105D10002868FFF7BBFC2860EAE72046FFF7D6F9C2
:105D20000024E5E70170090A417070470B0A017011
:105D300043700B0C090E8370C1707047110A02701A
:105D40004170110C120EC2701A0A037142711A0CC2
:105D50001B0E81708271C3717047008870470068A4
:105D600070470346006859687047006800BA70477A
:105D700030B5421E002308440139CC1AA34200DB8F
:105D800030BD12F8014F10F8015D15700133047039
:105D9000F3E710B510440023934200DB10BDCC5C48
:105DA00000F8014D0133F7E7000013B5FFF735F9AF
:105DB000094C094B01934FF492730093084908482A
:105DC0000C232246FFF771FF204602B0BDE81040C9
:105DD000FFF707B900BFD83400207CDE0200BC34D6
:105DE0000020E43400200B4B1A680B4B3AB9012118
:105DF000C3F80813C3F80021D3F800327047D3F872
:105E0000001131B10021C3F80011D3F80805C0B268
:105E10001047704700BFD842002000D0004037B57F
:105E20004FF080530546D3F8A04014F0010414D17C
:105E3000D3F8A42001920422D3F8A83000930DEBEC
:105E40000201013009F07BFD02226946681D09F05C
:105E500076FD2C70204603B030BD4FF0FF30FAE7DE
:105E6000000010B54FF080530446D3F8A030DB0794
:105E700011D50A490422013009F061FD09490222C5
:105E8000601D09F05CFDA37963F03F03A37101235A
:105E90002370002010BD4FF0FF30FBE700BFA400CF
:105EA0000010A80000100A4B012200215A60C3F81C
:105EB0000011C3F80411C3F804051A60D3F80021D7
:105EC000D3F804010243F9D0003818BF0120404242
:105ED000704700E0004038B50C4B044691B10122F8
:105EE000C3F8042564B1094D0A49E02385F80D3350
:105EF0000D20E6F796FB4FF400532B60064B1C6019
:105F0000002038BDC3F80415ECE700D0004000E1E4
:105F100000E039210200D842002010B50C4C236863
:105F200001332360E6F791FB0A4B0022C3F80021FE
:105F3000094A1168012209B1C3F804231A602368D1
:105F4000013B2360E6F787FB002010BD00BFB81AB5
:105F5000002000D00040D842002038B50A4C236809
:105F600001332360E6F771FB084B01220025C3F8DB
:105F700008235A60C3F800512368013B2360E6F709
:105F80006AFB284638BDB81A002000D00040014BFB
:105F900000221A7070479442002010B5094C2378F3
:105FA000042B01460AD00748102200EB031009F029
:105FB000C6FC237801332370002010BD0720FCE7C6
:105FC00000BF944200209842002009490A7882428A
:105FD00003460DDD013AD2B282420A7008DD05485F
:105FE000D21A00EB8300120100F1100108F02FBD5E
:105FF0007047944200209842002010207047064BC2
:10600000D3F800212AB1D3F8042112B1D3F8000447
:1060100070474FF0FF30704700BF00F00040064A65
:10602000D2F850353BB123F00801042903D1D2F84E
:1060300050159942FAE7704700BF0010004070B554
:10604000002A3ED0224B224A9B7AD35CC3F115032F
:106050000B44DBB2204C1E2B94BF821E00F1FF329A
:10606000D4F84015D4F80405A1EB000121F07F41DC
:1060700088BF1E3B01F1FF3188BFDBB2022922F04D
:106080007F4521D9281A20F07F4110F400001BD150
:10609000022919D911490126CE60C1F840354FF4C3
:1060A0008033C1F84001C4F84001C4F84055C4F839
:1060B00044330A4B4FF00041C3F80415044B1A63F4
:1060C00070BD01F11503C4E74FF0FF30F8E7184742
:1060D0000020641E030000B000400080004000F07B
:1060E00001402F49304AC879304BF0B13048C3F8ED
:1060F000040503F56043C3F80C05C3F810252C4ACA
:10610000C3F814252C4AC3F804252B4AC3F80825E4
:106110000022C3F80022C3F80821C3F80421012299
:106120001A6003F580334FF00072C3F804250B7A30
:1061300083B3224B0322C3F80025214AC3F8082564
:10614000214AC3F814250022C3F80021C3F8042112
:10615000C3F808211D4B4FF41002C3F80825012392
:10616000CB700022114B8A714A730821C3F8601565
:10617000C3F80421C3F81421C3F82821C3F81C2153
:10618000C3F8302140F25312C3F800220222C3F8B0
:1061900004237047CB79002BDCD1084AC2F80035C4
:1061A000D8E71847002013450020001000400C4499
:1061B00000200043002001000001DC42002000F02C
:1061C0000040984200202847002000F001400A4B80
:1061D00043F2FF42C3F8082301210022C3F8002242
:1061E000196103F5F0330549C3F80815054B022181
:1061F000C3F88011044BDA70704700100040300083
:10620000B08200E100E01847002070B5154C23680B
:1062100001332360E6F719FA134B01220026DA60F6
:10622000C3F84025C3F840610546FEF79EFE0E4ABE
:1062300003304FF48031C2F84061C2F84005C2F823
:10624000441302F5A0324FF00041C2F80415236850
:10625000074A013B106323602846BDE87040E6F71B
:10626000FAB9B81A00200080004000B0004018477A
:1062700000202DE9F0418B684D79B3F800E00A8ADF
:10628000AEEB05050E46043D0F46AA42944628BFD4
:10629000AC462CF0030C3968A7F806C0A2EB0C0240
:1062A000E046444603E050F8083041F80830B8F1C1
:1062B0000408F8D500190919032A03D8A5EB0C0521
:1062C000AA4202D9FF687546DFE7FB881344FB80CA
:1062D00001E0835C8B54013AFBD5034906F11800B9
:1062E0001022BDE8F04109F02ABB3047002030B54C
:1062F000164B01289C7A154B05BF154AD3F8483533
:10630000D3F84035525C13480CBF993328331A44F4
:10631000124B1B5D28331A440D4BC3F84C25002249
:10632000C3F84C210E4A30241021C0F80445C2F8AD
:10633000041301215964D3F84455D3F84C359D42D8
:1063400084BFC0F80845116130BD184700200080A7
:106350000040601E030000F001405C1E03000010BE
:1063600000402DE9F0473F4F404DDFF820813F4886
:1063700040F201137B812823BB703D4B0024012692
:1063800043F2FF423E73BC734FF00309C3F8FC4F66
:10639000C3F8FC6FC3F80823374AC3F81095C3F855
:1063A0001425354AC3F81825D3F850263243C3F8CC
:1063B000502640F20312C3F82C45C3F83065C3F8E9
:1063C000342540F25B62C3F838259622C3F8442591
:1063D0004FF0FF3A4FF04063C8F804354FF486722F
:1063E000C5F808A32146C5F80062C5F8084108F0C1
:1063F00048FB224B3C61C5F80835214BC5F808A382
:106400000422C5F80041C5F80441C5F80841C5F8A3
:1064100004455E601E61C3F80895C3F80445C3F8DF
:106420001025A3F5DD437C3BC8F8303503F5DE438A
:106430004833C8F8343503F58073C8F83835114D42
:106440001249A3F5E2433C3BC8F83C35304685F899
:106450000143E6F7E6F802232B603B7803B93E7070
:106460000020BDE8F0871847002000F000400043FE
:1064700000200010004008011000FF0003029842B5
:1064800000200080004000E100E05D29020000F0F3
:106490000140F8B50F4C07460E4615461946102226
:1064A000204609F04CFA0822294604F11900276118
:1064B000666109F044FA9DF818302376064B0122F4
:1064C000DA71054B0022C3F800250222C3F800252B
:1064D000F8BDDC4200201847002000F00040024BCD
:1064E000186159611A76704700BFDC420020074BE3
:1064F0004FF00072C3F80825064A01239360002379
:10650000C2F80831C2F80035034AD371704700F071
:10651000014000F0004018470020014BC3E90A1079
:10652000704718470020032812DC1DD0002811DA1C
:10653000031D11DA10F1080F11DA10F10C0F11DA46
:1065400010F1150FCCBF6FF013006FF027007047EC
:1065500004207047002070476FF0030070476FF011
:10656000070070476FF00B00704708B5FFF7DBFFBF
:10657000034BC3F80C05024B5870002008BD0010F7
:10658000004018470020014B9873704700BF184720
:106590000020272810B522D8124B0C02C3F81C4546
:1065A000D3F8244524F0FF0444EA1164C3F82445D9
:1065B0000D4C6161D3F8741721F0807121F0010155
:1065C00041F08071C3F87417C3F83C25074AA070E6
:1065D000125CC3F80825C3F85405002010BD032041
:1065E000FCE70010004018470020681E0300054B20
:1065F00001225A601A6103F540534FF48032C3F808
:106600004823FFF7E4BD00800040F8B59F4B9F4C46
:10661000D3F8085315F0020F03D0D3F80421002A51
:106620006ED1EF0600F1E3802B0763D5974BD3F8CB
:106630000C21002A5ED00022C3F80C210822C3F8E6
:106640000823934A4FF40011C2F80815D3F84815EF
:10665000A27B521A2277D3F830318E49DBB2087907
:10666000E3B1238B43F080022283E279B2B18A4AFC
:1066700028B1D2F8005415B943F0A0032383D2F80F
:1066800008311BB1238B23F080032383834BD3F882
:1066900004311BB9238B23F080032383804AA57F19
:1066A000804ED2F84835755D7F4E6E335B1BA57A00
:1066B000755D5B1BC2F84035764D0023C2F8403152
:1066C0004FF480160123C5F80465D364D2F84C75E5
:1066D000D2F84025974284BFC5F808656371CB782E
:1066E00048710B7171487149F7F797FC002801DA7E
:1066F000FFF77DFF00236371644BD3F80032F8BDD0
:1067000000261222C3F80461C3F80823614B30222B
:10671000C3F80825F7F729FDA378A27A2083A3768A
:106720006448216B2162012363775C4BA277E67694
:10673000825CD3F844652832964238BF1E36A6EBF9
:10674000020638BF01F1FF31304638BF2163FEF742
:1067500010FC0746FEF713FC301A226A1F2808BFF8
:1067600001373A4408BF0020C4E90820474AD2F85C
:106770005035D2F8281141B9002BF8D143F2FF412E
:10678000C2F80813C2F800324BE7237AE3B141485C
:10679000C3785E0618D503F00F03D91F4B424B4157
:1067A0005B00D91C01443C48C0F810150021C2F818
:1067B000281137494FF40000C1F80405617B083304
:1067C00001EBC303C2F86035394AA1783A48F7F7BC
:1067D000FAFB002808DB0123A3712B4B0822C3F826
:1067E000042325F010051FE7FFF701FFF9E7264B0B
:1067F000D3F81021002A3FF417AFE278012A05D11F
:106800000020C3F81001F7F78EFB0DE7002A3FF4D4
:106810000BAFE179A77A00221020C3F81021C3F84A
:106820000803C3F80C21D3F8003229B11B4BD3F86D
:10683000081109B1C3F80821E36A0BB1A06A9847AF
:106840002379164E022B17D1FFF74BFC0022394655
:106850000120FFF74CFD184BD6F84825DB5D6C3264
:106860001344C6F840350023C6F84031094B4FF4B5
:106870000012C3F80425D7E6012373603361044B8B
:106880000F4AC3F80825CFE600BF001000401847A4
:10689000002000F001401045002000F00040008082
:1068A0000040581E0300641E0300144500203047BA
:1068B00000205C1E030013450020601E0300300012
:1068C000108010B5FFF7ABFB0D4BD3F850254AB144
:1068D000D3F8502502F00702022A03D0FFF787FE03
:1068E000012010BD002443F2FF42C3F80823C3F87F
:1068F0000C41C3F81041FFF7F4FB2046F1E700100C
:10690000004038B50C4D4FF48013C5F8083500220F
:10691000FFF795FB044610B1FFF777FC01244FF415
:106920000013C5F80435FFF7CCFF10B9002C18BFD1
:10693000062038BD00BF00F0014008B50B4B012216
:106940005A601A6103F540534FF48032C3F848236C
:10695000FFF73DFCFFF759FC054B4FF40012C3F85D
:106960000425BDE80840FFF7ACBF0080004000F000
:10697000014010B5094C4FF40013C4F8083501224A
:10698000FFF75DFB18B1FFF732FE052010BD4FF495
:106990008013C4F80435F9E700BF00F001402DE989
:1069A000F743304D95F80590804616460846B9F1F4
:1069B000000F05D0FFF71BFE052003B0BDE8F083F4
:1069C000FFF72DFB294B294AC3F80825EA79284F00
:1069D000A3F58033002A3DD00122C3F80022254CC4
:1069E000264AC3F80C45C3F81075C3F814254FF0B8
:1069F0008072C3F80891C3F80425204AC3F808251B
:106A000001460DF10702E01CC0479DF807302370D6
:106A10000023A370EB79607013B1194B01221A6047
:106A2000194900230322C1F80475C1F80031C1F8E7
:106A30000C31C1F81031C1F800221022C1F8042332
:106A40002E716872D1F850250B2A08D00222EA7004
:106A50001846B2E70D4AC3F808253C46D0E7FFF7D1
:106A6000C6FD0120A9E71847002000F001403000D2
:106A70008002144600200C44002000430020DC4229
:106A8000002000F000400010004098420020014B20
:106A90005869704700BF18470020014B987970472C
:106AA00000BF18470020024BD3F85005C0B2704712
:106AB00000BF00100040FB207047044B1A78044BC5
:106AC000C3F80425044B01221A72704700BF944298
:106AD000002000F0004018470020014B00221A72ED
:106AE000704718470020002001F065BD01F08DBD02
:106AF000000013B5936818681446F5F7BEFCB0F5AE
:106B0000285F05D042F60123984210D00E200CE0F9
:106B10002378E3B91148646808F02FFF0F4982B267
:106B20002046FEF7DDFAA8B9002002B010BD237898
:106B30006BB90A4B60681B88ADF8063002220DF174
:106B40000601FEF7CDFA002818BF1120EDE7012B52
:106B5000DCD1E9E71120E8E700BFD40000204C4772
:106B6000002070B5054608F008FF1F28044608DC21
:106B7000054E02462946304608F0E1FE0020305519
:106B800070BD0320FCE7D4000020014B18800020DA
:106B900070474C47002010B5044C2046F2F7C9F965
:106BA0002046BDE81040F2F7A0B9901E030010B5D2
:106BB00004215068FEF7C9FC044650B1064B198801
:106BC000FFF7B0F8054BA01C1988FFF7ABF80020C1
:106BD00010BD0620FCE7504700204E47002010B5AE
:106BE000044C2046F2F7A5F92046BDE81040F2F724
:106BF0007CB9B01E030007B5002211460120F5F74D
:106C000049FD38B16846FFF72CF930B90DF10100A4
:106C1000F5F7C5FC03B05DF804FB1520FAE708B5ED
:106C2000024650B1FFF7E7FF15280FD10022BDE85B
:106C3000084011461046F5F72DBD0146F5F72AFD2F
:106C4000152803D1BDE80840FFF7D5BF08BD70B5D2
:106C5000C2B00D461646014616AA68461C4600F00C
:106C6000BBFB10B9112042B070BD324629466846C0
:106C700000F0DDFB0028F5D06946204600F041FC1D
:106C80000028EFD00020EEE708B5F5F703FBB0FAD7
:106C900080F0400908BD2DE9F04196B00D46202155
:106CA0001F46144680461C9EF5F7DCFA2021284634
:106CB000F5F7D8FA20461021F5F7D4FA20224146FC
:106CC00005A8FFF766F8202229460DA8FFF761F80E
:106CD0002146102201A88DF85470FFF75AF8334668
:106CE000412205A901A8FFF7B2FF044658B91021B7
:106CF0003046FFF73DF810213046F5F7B3FA20464D
:106D000016B0BDE8F0811124F9E72DE9F04F9BB0F2
:106D10003D4CDDE927989A460CAB07460E461546D2
:106D200004F1300C9B46206861681A4603C208349F
:106D300064451346F7D12068106022791A7120212A
:106D40003846F5F78FFA10213046F5F78BFA102107
:106D50002846F5F787FA2022394604A8FFF719F8E4
:106D60002A486B46202204A9FFF771FF20B11124A5
:106D700020461BB0BDE8F08F10216846F5F772FA87
:106D8000102231460DF13500FFF703F81022294695
:106D90000DF14500FEF7FDFF24998DF855A0062260
:106DA0000DF15600FEF7F5FF9DF8943026998DF809
:106DB0005C3006220DF15D00FEF7EBFF4B463522FD
:106DC00059466846FFF743FF0028D0D110214846B6
:106DD000F5F748FA10214846FEF7CAFF01238DF85F
:106DE00030303522434659466846FFF730FF0446A7
:106DF0000028BCD140461021F5F734FA1021404656
:106E0000FEF7B6FFB4E7B01F0300D01E03002DE964
:106E1000F04F97B00E4610211C461546DDE9249729
:106E2000DDF888A0DDF880B08046F5F71BFA102168
:106E30003046F5F717FA10212846F5F713FA2046E1
:106E40001021F5F70FFA03215846F5F70BFA012147
:106E500021A8F5F707FA06215046F5F703FA0121B4
:106E600023A8F5F7FFF906214846F5F7FBF91022AC
:106E7000314605A8FEF78DFF1022294609A8FEF726
:106E800088FF214610220DA8FEF783FF03225946F2
:106E900011A8FEF77EFF9DF884308DF8473006225A
:106EA000514612A808F04BFD0622514612A8FEF7E3
:106EB00070FF9DF88C308DF84E30062249460DF15A
:106EC0004F0008F03CFD062249460DF14F00FEF749
:106ED00060FF1022414601A8FEF75BFF3B464122BE
:106EE00005A901A8FFF7B3FE044658B9102138469A
:106EF000F5F7B8F910213846FEF73AFF204617B0EB
:106F0000BDE8F08F1124F9E70000F0B50E4699B006
:106F100020211D4614460746F5F7A4F920213046E6
:106F2000F5F7A0F920461021F5F79CF91021284625
:106F3000F5F798F92022394604A8FEF72AFF202207
:106F400031460CA8FEF725FF1022294614A8FEF7AB
:106F500020FF214610226846FEF71BFF6B46502299
:106F600004A96846FFF773FE044680B910216846FD
:106F7000F5F778F903A8FEF7F8FE054BB0FBF3F23E
:106F800002FB13001E9B1860204619B0F0BD1124AF
:106F9000FAE740420F0070B5A0B00E461546014614
:106FA000202210A81C46FEF7F4FE2022314618A825
:106FB000FEF7EFFE20220DEB02002946FEF7E9FE68
:106FC0000C4910A801F0A9F9002802DA112020B01C
:106FD00070BD074B6A4608A910A801F00FFA0028F7
:106FE000F4D0204620226946FEF7D3FE0020EEE7CB
:106FF00000BF001F0300F0B5134F134E91B00546BC
:107000000C463A462146684601F0AAF9012818D1F3
:1070100020223146204607F00AFD0028F1D0202228
:1070200069462846FEF7B5FE20220DEB0201A8189E
:10703000FEF7AFFE20462021FEF79AFE002011B099
:10704000F0BD1120FBE7001F0300E01E0300014814
:1070500000F039BB00BFDB2F0200CB780278534031
:1070600003704B884278534043700A68837883EA00
:10707000122383700A68C3785340C370CB790279B6
:1070800053400371CB884279534043714A688379F6
:1070900083EA122383714A68C3795340C371CB7A60
:1070A000027A53400372427A4B89534043728A6892
:1070B000837A83EA122383728A68C37A5340C37245
:1070C000CB7B027B53400373CB89427B534043739A
:1070D000CA68837B83EA12238373CA68C37B5340E5
:1070E000C373704700000449431E0F3013F8012F8B
:1070F0008A5C1A708342F9D17047E51F03001FB5FF
:1071000002788DF8002042798DF80120827A8DF87E
:107110000220C27B8DF8032002798DF80420427A88
:107120008DF80520827B8DF80620C2788DF8072027
:10713000027A8DF80820427B8DF8092082788DF83C
:107140000A20C2798DF80B20027B8DF80C20427842
:10715000C37A8DF80D2082798DF80E208DF80F30CE
:1071600010236A46194600F0ECF805B05DF804FB00
:10717000F8B5064608780C4600F0F2F80546607847
:1071800000F0EEF8A27863785340E27853405D4017
:10719000684030706078277800F0E2F80546A07803
:1071A00000F0DEF8A3785F40E3785F407D40684000
:1071B000707063782778A0785F4000F0D1F80546BA
:1071C000E07800F0CDF8E3785F407D406840B07033
:1071D000207800F0C5F8627823785340A2785340B5
:1071E00080EA0305E07800F0BBF8EDB24540F570A9
:1071F000F8BDF0B5264E07460C460FCE8DB001AD5A
:107200000FC50FCE0FC596E8070085E80700384682
:10721000002F38D0002C38D0381F214602461034B9
:107220004B780D781B0443EA0563CD782B438D78AA
:10723000043143EA05238C4242F8043FF0D1144C58
:1072400004218A07036916D1C3F30742A55C1A0E0D
:10725000A25C42EA0562C3F30725DBB2655DE35C2D
:1072600042EA054242EA032221F0030330336B4431
:1072700053F82C3C534050F8042F013153402C2933
:107280000361DED101200DB0F0BD2046FBE7E82010
:107290000300E51F030070B5144688B005460028BA
:1072A00049D0002949D0002A49D010230A4668460F
:1072B000194600F046F821466846FFF7CEFE103426
:1072C00001F1A0066846FFF70EFF6846FFF717FFBB
:1072D000694604A8FFF74CFF01A905A8FFF748FF7E
:1072E00002A906A8FFF744FF03A907A8FFF740FF7C
:1072F000102319460DEB0302684600F022F82146E0
:1073000068461034FFF7A9FEB442DBD1FFF7EBFE6D
:107310006846FFF7F4FE21466846FFF79EFE1023FD
:1073200019466A46284600F00CF8684610220021EB
:1073300000F014F8012008B070BD0846FBE71046C5
:10734000F9E738B50D46AB4211461C4604D81A463B
:1073500008F0F5FA204638BD0024FBE707F091BBA2
:10736000C30903EB430303EBC30383EA4000C0B24A
:10737000704710B50A460F3012F9103B002BACBF16
:107380000023872312F8014D83EA44038A4200F860
:10739000013902D01378DB09F4E710BD08B520B13C
:1073A00058220021FFF7DAFF012008BD10B504467E
:1073B00088B110220021FFF7D1FF102204F1300024
:1073C0000021FFF7CBFF0023636400224FF48033DA
:1073D000C4E91423012010BD70B504460D461646BD
:1073E00010B311B358220021FFF7B8FF2946A66455
:1073F0003046FFF7FEFE102200212046FFF7AEFFC9
:1074000004F11005A26C21462046FFF744FF2146F7
:107410002846FFF7AEFF294604F12000FFF7A9FF39
:107420002046FFF7C3FF012070BD0846FCE72DE9A9
:10743000F0410E4615460446002860D0FAB10029F6
:107440005DD0D0E9143253EA020158D0013BD0F8A4
:10745000448042F1FF32C0E91432B8F1000F2CD061
:10746000C8F1100708F13000BD4220440AD22B4673
:1074700032462946FFF765FF636C2B4463640120A5
:10748000BDE8F0813B4632463946FFF75AFF103DD2
:107490000023636445443E44631E04F10F0113F866
:1074A000012F93F830008B4282EA00021A70F6D165
:1074B000A26C21462046FFF7EEFE04F10F07102DC7
:1074C0000AD8002DDBD02B463246294604F1300085
:1074D000FFF737FF6564D2E7631E711E13F8012FB3
:1074E00011F8010FBB4282EA00021A70F6D1A26CB9
:1074F00021462046FFF7CFFE1036103DDFE7002083
:10750000BEE770B50C460546E8B169B34A6C102A6F
:107510001AD11031631E013904F10F0013F8012F45
:1075200093F83060724011F8016F984282EA0602C7
:107530001A70F3D1A26C21462846FFF7ACFE204614
:10754000FFF72CFF012070BD02F130000021C2F1D5
:1075500010022044FFF702FF636C2344802283F86B
:10756000302004F12001D5E70846ECE7F0B500240F
:107570000646204665B2AB4200DCF0BD51F82470EF
:1075800052F824503D440544AF4218BF002046F84D
:10759000245088BF40F001000134EBE700EB81018B
:1075A0000023884200D3704751F8042D43EA520368
:1075B0000B60D307F5E770B5036813F001060546C5
:1075C000144605D013460A460146FFF7CFFF06468C
:1075D00021462846FFF7E2FF46B104F18042013A16
:1075E00055F8223043F0004345F8223070BD2DE9B4
:1075F000F74F4FF0000C0092654664464FFA8CF945
:107600004B4516DC4FF0FF3606EB430601964FF074
:107610000008019A53FA88FE4FFA8EFE96455FFAEB
:1076200088F629DB00EBC30040F8044C03B0BDE84A
:10763000F08F009A4FF0000E02EB8C0AF04651F8E2
:107640002E705AF80469A6FB076736190EF1010E71
:107650006F4134464FFA8EF64FF0000B28BF4FF0C3
:10766000010B4E45D8443D46E9DD40F82C404546E7
:107670000CF1010C3C46C1E7009A0136A94676B2EE
:1076800002EB8E0A002577B2BB4205DC40F82E40A3
:1076900008F101084C46BCE76FF0030202FB06F755
:1076A00051F826205AF80770A7FB027C3F195CEBC3
:1076B000090C4FF0000B28BF4FF0010B5D44E14671
:1076C0003C460136DFE7014B1860704700BF544766
:1076D0000020014B1868704700BF5447002000236A
:1076E00010B51C465AB2914200DC10BD40F8234050
:1076F0000133F7E710B500231A465CB2A14203DC60
:10770000B2FA82F0400910BD50F823400133224301
:10771000F3E74A11012350F8220001F01F018B40CA
:10772000184070474B1E10B55BB2041D1A0603D4F7
:107730005A1E54F8221061B101335BB25BB103F100
:107740008042013A50F82220B2FA82F2C2EB431092
:1077500010BD1346EAE71846FAE710B500235CB2FD
:10776000A24200DC10BD51F8234040F82340013311
:10777000F5E710B5013A52B2130601D5002010BD4D
:1077800050F8224051F822309C4205D802F1FF32D5
:10779000F2D24FF0FF30F2E70120F0E730B5013AC6
:1077A00052B20023140603D5181E18BF012030BDA5
:1077B00050F8224051F822506C402343013AF1E73F
:1077C000F0B5002406469C46204665B2654500DBC0
:1077D000F0BD51F8247052F824303D1AED1AAF4232
:1077E00018BF002046F8245038BF40F00100013493
:1077F000EBE7F0B5082289B0FFF7AFFFCB6A039340
:107800000B6B04934B6B05938B6B0693CB6B0793BE
:1078100013466A460C460646002711461046CDE937
:1078200001770097FFF7A2FE314605463046FFF785
:107830009DFE216B0391616B0491A16B0591E16B3E
:107840000544CDE9061710461146FFF78FFE314675
:1078500005443046FFF78AFE0544206A0090606ABE
:107860000190A06A0290A06B0690E06B07903046F2
:10787000CDE904770397FFF779FE0544606A00902D
:10788000A06A0190E06A0290A06BD4F834C0049022
:10789000E06BCDF80CC0CDE9050C206A07903046AE
:1078A000FFF764FE0544E06A0090206B0190606B76
:1078B0000290206A0690A06A07903046CDE90477CE
:1078C0000397FFF77DFF236B0093636B0193A36B1B
:1078D0000293E36B0393636A0693E36A07932D1A9B
:1078E00008233046FFF76CFF636B0093A36B019393
:1078F000E36B0293236A0393636A0493A36ACDE95B
:107900000537236B07932D1A08233046FFF758FFDE
:10791000A36B0093E36BCDE90137636A0393A36A1A
:107920000493E36A0593636B07932D1A082330468B
:10793000FFF746FF2D1A10D40D4C35B908223146F9
:107940002046FFF716FF01280FD0082322463146B4
:107950003046FFF735FF2D1AEFE7044A082331467A
:107960003046FFF703FE2D18F8D409B0F0BD1821FA
:10797000030070B59DF910601D4633460446FFF7BD
:10798000F5FD30B9324621462846FFF7F2FE0128C0
:1079900007D033462A4621462046BDE87040FFF70F
:1079A0000FBF70BD70B59DF910601D46334604468B
:1079B000FFF706FF38B133462A4621462046BDE888
:1079C0007040FFF7D3BD70BD2DE9F04FA5B01D4647
:1079D00014ABCDE902310190294610461746FFF756
:1079E000A1FEC0EB851424B2002C2146B8BF04F1DF
:1079F0001F01634203F01F0341F3471104F01F0608
:107A000004A858BF5E42FFF76AFE002E4FEA8100CD
:107A10002DDD04AB00221844C6F1200E13469D4212
:107A20001AD804AB03EB850300936F1E24AB4FEA17
:107A300045084FEA8509012603EB8707002C53DA36
:107A400024AB03EB8606019856F8881C2A46FFF7FC
:107A500084FE25B0BDE8F08F57F823C00CFA06F17C
:107A60000A4340F8042B01332CFA0EF2D7E704AB9B
:107A70002A4639461844FFF770FED2E75AF8883C88
:107A800053F8202024AB03EB80030CF1010C53F8D6
:107A9000803C0B44D31A34BF4FF0010B4FF0000B66
:107AA0009A425EF8882C42F8203018BF59464FFAA7
:107AB0008CF04045E2DB731A5E42294604A85E4121
:107AC000FFF76CFD09F190036B44009853F8802C8C
:107AD00057F8803C294643EAC273013C47F8803C92
:107AE00024B2FFF75BFDA9E724AB4FF0000C86F052
:107AF000010E614603EB860A03EB8E0ED7E730B525
:107B00001C4691B0054693F900306846FFF76FFDBB
:107B1000D4F8AC3069462846984711B030BD1346BA
:107B20000A46FFF7ECBF2DE9F04793F9006092B0E9
:107B3000044689461046314615461F46FFF7DAFDD2
:107B4000002840F091803A46494602A8FFF7E7FF37
:107B50003B4602AA21460AA8FFF7D1FF02A9084620
:107B60003A46FFF7DCFF3B462A4649464846FFF7C0
:107B7000C6FF07F104083A4629462846FFF7CFFF1B
:107B800043462A46214620460096FFF7F2FE43462A
:107B90002A46294628460096FFF7EBFE43462A462A
:107BA000214628460096FFF7FDFE3B462A46214621
:107BB0002046FFF7A4FF434622462146284600966A
:107BC000FFF7D7FE434600962A4621462046FFF798
:107BD000D0FE2368DB074AD533464246214620467D
:107BE000FFF7C4FC314682462046FFF7D7FC06F17A
:107BF0008043013B54F8232042EACA7244F8232010
:107C00003A4621462846FFF78AFF43460AAA2946F4
:107C100028460096FFF7C6FE43460AAA294628468C
:107C20000096FFF7BFFE0AA9084643462A4600967B
:107C3000FFF7B8FE3B460AAA21462046FFF75FFF42
:107C400002AA4346104621460096FFF7ABFE324695
:107C500029462046FFF781FD49462846FFF77DFD6E
:107C600002A94846FFF779FD12B0BDE8F08731461A
:107C70002046FFF793FCC3E72DE9F04115468AB093
:107C800004460E461C22002103A806F0FAFE2F1D12
:107C900095F9008003232A46314620460293FFF7D8
:107CA0003EFF3B4602AA21462046CDF80080FFF762
:107CB00079FE2B46324621462046FFF720FFCDF8BD
:107CC00000803B4605F1840221462046FFF751FE25
:107CD0000AB0BDE8F0812DE9F0479AB01646DDF80C
:107CE00088804446994614F9045B009507468A4605
:107CF00023460246314602A8FFF754FE02A9424637
:107D00000846FFF70CFF434602AA39463846FFF7FC
:107D1000F6FE434602AA31463046FFF7F0FE234600
:107D20005246494602A80095FFF723FE23465246D5
:107D3000494648460095FFF735FE23463A46314608
:107D40000AA80095FFF72EFE43460AAA5146504660
:107D5000FFF7D5FE2346324639460AA80095FFF7BD
:107D600008FE424649463046FFF7D9FE23460AAA96
:107D7000314630460095FFF715FE23463246394618
:107D800012A80095FFF70EFE434612AA4946484640
:107D9000FFF7B5FE23465246494648460095FFF791
:107DA00001FE424602A912A8FFF7B9FE12A9234616
:107DB0000AAA08460095FFF7F5FD23463A4612A9A0
:107DC0000AA80095FFF7EEFD0AA9434602AA084655
:107DD000FFF795FE234652460AA950460095FFF745
:107DE000E1FD2A4612A93846FFF7B7FC1AB0BDE8F4
:107DF000F087F0B50F46A1B006461946384615463D
:107E00001C46FFF777FC28B1304621B0BDE8F040B2
:107E1000FFF765BC224639466846FFF79EFC2946B7
:107E200008A8FFF79AFC10A82146FFF758FC012389
:107E300018A81093FFF753FC224608A96846FFF7DD
:107E400098FC30B9224610A93046FFF786FC21B0D5
:107E5000F0BD009BDA0709D421466846FFF79EFB78
:107E60002246294610A8FFF7A6FBE5E7089BDB079B
:107E700007D4214608A8FFF791FB2246294618A8F7
:107E8000F1E7002823461CDD08AA69466846FFF78B
:107E900097FC21466846FFF781FB224618A910A8E7
:107EA000FFF767FC002805DA10A923462A46084692
:107EB000FFF75CFB10A9234618AA0846FFF780FCD1
:107EC000CEE76A4608A8FFF77BFC214608A8FFF723
:107ED00065FB224610A918A8FFF74BFC002805DA1D
:107EE00018A923462A460846FFF740FB18A923464F
:107EF00010AA0846FFF764FCBFE70978490049B2B9
:107F0000FFF7F8BBF0B5154689B01C4607460E468C
:107F10001A4629466846FFF702FE23466A46394656
:107F20003846FFF7ECFD23462A4669466846FFF7C8
:107F3000E6FD23466A4631463046FFF7E0FD09B0CC
:107F4000F0BD2DE9F0478AB01446DDF848A055464B
:107F50001F4615F9046B0096804689462B4602465B
:107F6000214602A8FFF71EFD02A952460846FFF768
:107F7000D6FD534602AA41464046FFF7C0FD534690
:107F800002AA21462046FFF7BAFD2B464A4639464B
:107F900038460096FFF706FD5246394602A8FFF71D
:107FA000BEFD02A92B46424608460096FFF7FAFCA2
:107FB00002A92B46224608460096FFF7F3FC2B4603
:107FC0004246214620460096FFF7ECFC53462246E7
:107FD00049464846FFF793FD2B4602AA41462046F4
:107FE0000096FFF7DFFC5346224639463846FFF736
:107FF00086FD2B464A46394638460096FFF7D2FCA6
:10800000324602A92046FFF7A8FB0AB0BDE8F08778
:108010002DE9F04FAFB09146399C039094F9006080
:1080200016A832461D46FFF798FBB300049301EBF8
:1080300086030F4626A819460293FFF78EFB002DF4
:108040007FD0294606A8FFF788FB324616A90EA85E
:10805000FFF783FB26A91EA8FFF77FFB234606AA8E
:1080600016A8FFF74FFFD4F8A450234606AA26A966
:1080700016A8A847234606AA1EA90EA8FFF742FF86
:10808000BDF9E050023D2DB2002D61DCD9F8005061
:10809000009405F001050EAB03EB45181EAB03EB96
:1080A00045190EAB85F0010503EB451A1EAB03EB3A
:1080B00045152B4652464946404604F1040BFFF74E
:1080C0000AFE5B460EAA16A906A80096FFF76AFCF0
:1080D00006A923464A460846FFF711FD06A923468E
:1080E0003A460846FFF70BFD06A933465A460846AE
:1080F000FFF77FFE06A9029A23460846FFF7FFFC1A
:1081000006A9234642460846FFF7F9FC4B4642467D
:10811000294650460094FFF714FF234606AA1EA9DD
:108120000EA8FFF7EFFE039832460EA9FFF715FBE6
:10813000DDE903031EA91844FFF70FFB2FB0BDE8CC
:10814000F08F314606A8FFF7CAFA012306937CE7B1
:1081500029464846FFF7DDFA002814BF0121002117
:108160000EAB03EB411B1EAB03EB41110CBF4FF0F9
:1081700001084FF000080EAB03EB481A1EAB03EBEF
:10818000481843465246584600940591FFF7A3FD10
:10819000059900940B465A4641465046FFF7D1FEDA
:1081A000013D70E72DE9F843B3F9029019F11F067C
:1081B00048BF09F13E060F4603F1240546F3471672
:1081C0000146904633462A463846FFF7CFF9044623
:1081D00090B9B9EB461F06DA49463846FFF799FAD7
:1081E000041E18BF012433462A4639464046FFF78D
:1081F000BDF92046BDE8F8830124F4E730B5144604
:1082000095B005460CAA2346084604A9029103929C
:10821000FFF7C8FFB0FA80F301945B0914AA02EBE0
:108220008302638801331BB2009352F8482C002369
:1082300004F144012846FFF7EBFE21462846FFF7EC
:108240005CFEB0FA80F0400915B030BDF0B50025F5
:108250004F1E6CB28C4205F1010500DBF0BD3B1BEB
:1082600023F0030603F003039659DB0026FA03F319
:108270000355EEE7F8B50E46D11C48BF911D41F3FA
:1082800087011446FFF72BFA0025671E6AB2A24247
:1082900005F1010500DBF8BDBB1A23F00301B25C58
:1082A00003F00303DB009A40435813434350EDE7C8
:1082B000F0B591B091F9006005460C46FFF71DFE40
:1082C00028BB271D324629463846FFF752FA0128B7
:1082D00020D1324605EB86013846FFF74AFA0128DD
:1082E00018D122466846FFF71AFCD4F8A830224677
:1082F000294608A89847324608A96846FFF74EFA6B
:10830000002814BF6FF00200002011B0F0BD4FF044
:10831000FF30FAE76FF00100F7E7F0B50C4691F98E
:10832000017091B02646014605463A466846FFF779
:10833000A1FF16F9440B3A46E9190DEB8000FFF74F
:1083400099FF102231466846FFF713FA28B12146FB
:108350006846FFF7ADFF11B0F0BD6FF00300FAE71C
:108360002DE9F0410546A8B00F461446402602F11B
:108370002408FFF7AEF9034600283DD0402108A8A5
:108380009847C8B3B4F9022012F11F0348BF02F1A5
:108390003E0308A94246684643F34713FFF714FB20
:1083A0002246694618A8FFF729FF18B3B4F902302E
:1083B000D91D48BF03F10E016A46C9103846FFF7C0
:1083C00045FF94F9011018AA2846FFF73FFF94F9DA
:1083D000011094F9002018AB03EB82026818FFF734
:1083E00035FF20220021684606F04BFB012028B013
:1083F000BDE8F081013EBCD10020F8E72DE9F0474F
:108400001C4693F9017093F900A0B3F90230A4B0AF
:108410009046DA1D48BF03F10E0204AD81460CAE52
:108420002846D21002950396FFF724FF3A464946A4
:1084300014A8FFF71FFF14AB09EB070103EB8A0039
:108440003A46FFF717FF2346324629462846FFF7EC
:10845000A9FEB0FA80F3019424AA5B0902EB830120
:10846000638801331BB2009351F8882C14A90023B0
:108470000846FFF7CDFD14AA39464046FFF7E6FE51
:10848000214614A8FFF739FD02AF04460822002157
:10849000384606F0F6FA20220021304606F0F1FABE
:1084A00020220021284606F0ECFAB4FA84F04009B4
:1084B00024B0BDE8F0870649074A074B9B1A03DD45
:1084C000043BC858D050FBDC02F041F8E3F749FD0B
:1084D00000003C2803000000002000020020FEE70E
:1084E000FEE7FEE7FEE7FEE7FEE7FEE7FEE7FEE764
:1084F000FEE738B5074C051EA4F1080308BF1C466B
:1085000023682BB11A6822605B6828469847F7E712
:1085100038BD6847002020B9054B01225A70FFF78B
:10852000E8BF012802D1014A9070F8E77047584728
:10853000002038B5094C23786BB908486360A36004
:108540002361E36000F075F8054600F07EF8012332
:108550002370284638BD8525FBE758470020694829
:10856000020038B5134CA378054603F0FF0073B141
:1085700015B16B6801209847002001F0B4FFE36853
:108580000133E360BDE83840002001F0AEBF01F0E8
:10859000AAFF25B1226913463BB92A602561E36829
:1085A000002BECD100F063F8E9E79D42F7D01B689F
:1085B000F2E75847002038B5134C6378054603F0BE
:1085C000FF0073B115B16B6800209847002001F0DF
:1085D0008AFF636801336360BDE83840002001F022
:1085E00084BF01F080FF25B1A26813463BB92A6021
:1085F000A5606368002BECD100F065F8E9E79D42C7
:10860000F7D01B68F2E75847002038B5084C002027
:1086100001F069FF6368013B6360656815B900F0AC
:1086200062F86570BDE83840002001F05EBF584731
:108630000020044B0246187918B91A6001229A806A
:108640007047852070476C470020074B1A68D20797
:108650005FBFC02283F8002301221A604FF08043DD
:108660000122C3F81825704700BF00E100E037B5CC
:108670004FF080430022C3F80421D3F80421019273
:10868000019A0222C3F804230D4AD2F8FC0040F0FC
:108690008073C2F8FC300A4B1C6844F00101196079
:1086A0005D685968491BB1F50A5FFAD31C604FF049
:1086B0008043C2F8FC0001229A6003B030BD00ED97
:1086C00000E0001000E04FF080430022C3F80021DA
:1086D00082B0D3F800210192019A0122C3F8042349
:1086E0001A6002B070474FF0804201235360D2F805
:1086F0000C3403F00113B3F1011FF8D0024B002238
:108700005A71704700BF6C47002007B54FF0804397
:10871000D3F800217AB10022C3F80021D3F8002158
:108720000092009A0122C3F808230F4B587910B920
:108730005A711B6898474FF08043D3F8042182B1E7
:108740000022C3F80421D3F804210192019A0222E5
:10875000C3F80823054B1B68012003B05DF804EB48
:10876000184703B05DF804FB00BF6C47002000F120
:10877000804000F5C040002382B00360036801938D
:10878000019B02B07047800000F1A040D0F8003794
:1087900023F44033C0F80037D0F8003743EA0143F0
:1087A000C0F800377047C208012300F0070083407B
:1087B000885C03438B5470470000054B4FF0FF3239
:1087C000072843F8202084BF1B1883F848207047EF
:1087D00000BF7447002010B5174C94F8583043BBC5
:1087E00004F12F032021FF22013911F0FF0103F8CA
:1087F000012FF9D1C8B20131FFF7DFFF0C29F9D100
:1088000004220D48002106F03CF90C4BC02283F8ED
:10881000062340221A604FF4BE70FFF7A8FF084BF2
:108820004FF00042C3F80423012384F8583000209D
:1088300010BD0820FCE774470020C847002000E175
:1088400000E000600040034B93F85800003818BF68
:108850000120704700BF744700202DE9F041DFF888
:10886000E08008EB0003044693F93030002B0F46FC
:1088700063DA8978C1F3400100290BBF0823002384
:108880000C260826B34202D10420BDE8F08158F836
:10889000230001304FEA83053AD108EB04005EB2B1
:1088A00048F8232080F8306011B9434483F84840E9
:1088B000BB7859070ED4DA072CD5A30003F1A043E7
:1088C000D3F8002722F00202C3F800271C492046F3
:1088D000FFF769FFBB783A789B0724D505F1804301
:1088E00003F5C0432402D3F8101521F4473121F4D5
:1088F0004071C3F810151204D3F8101504F4F8549D
:1089000002F4403214430C43C3F810450020BCE786
:108910000133B7E77A7804F5E0734FF0A041920095
:1089200041F82320D2E7083E48FA86F696F8503000
:1089300043EA821386F85030E8E70820A5E7C847E5
:1089400000207447002038B51E4C251895F93020BA
:10895000072A16DD144494F848309B09032B0BD1E9
:108960004FF0A043D3F81015C14001F001010231CE
:10897000BDE83840FFF707BF012B0CBF02210321E0
:10898000F6E7D3B2072B1BD8930003F1804303F51E
:10899000C043D3F8100540F00100C3F8100502F100
:1089A0004000800080B2FFF7E2FE49B195F9303017
:1089B00054F8233023B101239340024AC2F8043310
:1089C00038BD74470020006000400E4B034493F90B
:1089D0003020072A02DD0021FFF7D5BED3B2072BD6
:1089E0000FD8930003F1804303F5C043D3F810156B
:1089F00021F00101C3F8101501239340034AC2F886
:108A00000833704700BF7447002000600040F8B58D
:108A10000446FFF7DAFF15490A1992F9303092F847
:108A20003020072A9FBF124A03F5A273002042F8A4
:108A3000230004F00702012393400E48E208855CFE
:108A40001D420AD004F5E0754FF0A046022746F813
:108A50002570855C25EA03038354214491F8300096
:108A6000FFF7ABFEFF2381F83030F8BD00BF74473D
:108A7000002000600040C8470020084B034493F9E1
:108A8000300093F83030072B9DBF4030800080B21B
:108A90004FF4BE7000F1804000F5C040704774474D
:108AA00000202DE9F04F87B00024584D03944FF477
:108AB0008072012102F1804303F5C0431B68012B42
:108AC00007D1D5F80433194203D090B2FFF74FFE17
:108AD0000C430432B2F5907F4FEA4101EAD14B4B8F
:108AE000D3F87C31012B0AD14FF4BE70FFF73FFE63
:108AF0004FF0A04344F00044D3F810350393E3B2A1
:108B0000D3B1434F01260025344210D0AB0003F10E
:108B1000804303F5C043D3F81005D3F8101557F878
:108B2000253023B1C1F30141C0F30420984701353A
:108B3000082D4FEA4606E7D1002C64DA00224FF0F8
:108B4000FF33CDE90423DFF8C890DFF8C8800026A2
:108B5000374618F9014F631C46D0C4F3C2031833DB
:108B60006B440122E5B204F03F0A04F0070402FA64
:108B700004F413F8042C224236D009EB0A02AD09A2
:108B800092F9302059F822B0BBF1000F08D1032D23
:108B90002AD104A950460193FFF705FE019B01E08D
:108BA000032DF6D00AF5E0714FF0A04213F80C3C0B
:108BB00052F821102342C1F3014105D0022913D1FB
:108BC000032D0BD1294604E003290DD1032D05D136
:108BD00002215046FFF7D7FD0136F6B2BBF1000F78
:108BE00002D029465046D8470137042FB1D156B19B
:108BF0004FF0A043039AD3F810359A4203D0039361
:108C0000049B0593A1E707B0BDE8F08F00BF0060AB
:108C1000004074470020C347002000F1804000F569
:108C2000E040002382B0036003680193019B02B01F
:108C30007047F0B5544B544CD3F8043194F82E20BF
:108C400085B0002B3BD04FF48270FFF7E6FF2AB3CC
:108C500094F82F3013BB4B4AD2F80031002B32D09E
:108C60004FF48070FFF7D9FF638B94F82D00834297
:108C700050D921891B1A9BB289B26383CB1A6168D0
:108C800001EB4301C2F82C16C2F830064FF4827093
:108C9000FFF7C3FF3C4B01225A6014E06368029364
:108CA0002389ADF80C30E36800218DF8041033BB44
:108CB0002374236801A89847002384F82F3094F880
:108CC0002E30002BC7D12F4BD3F810315BB14FF4AE
:108CD0008870FFF7A2FF0023237402238DF804306D
:108CE00001A823689847274BD3F814310BB34FF4EE
:108CF0008A70FFF792FF0023237405B0F0BD208B2C
:108D0000608363602081E160002AD2D11E4B012282
:108D10001A60CEE7BAD1E168012084F82F0031B1A2
:108D200000206083C2F82C16C2F83036AEE76183AB
:108D3000ACE766694FF000470125002EDDD0B6FA9A
:108D400086F227FA02F34632920026EA030602F17F
:108D5000804303F5E0431B68002BEED01046A2F5DC
:108D60008C72FFF75AFFD30882F00402C2F380022C
:108D70008DF808308DF8045023688DF8092001A87B
:108D80009847DAE700BF00700040D047002038B5B0
:108D9000204A92F82C300446002B37D111601D492F
:108DA0000078C1F8F0056078C1F8F405E078137434
:108DB00082F82D30536182F82F3001256FF0004387
:108DC00082F82E0082F82C504FF48270C1F80833DC
:108DD000FFF723FF4FF48070FFF71FFF4FF48A70F7
:108DE000FFF71BFFA3780C485B01DBB280F8073369
:108DF000802303600223C1F8043392F82E300BB1B4
:108E0000C1F80453C1F80055002038BD0820FCE724
:108E100000BFD04700200070004000E100E010B526
:108E20002C4B1A7C02F0FF04002A4FD10A79012A48
:108E30009CBF284AC2F8004500F10C0403EB440231
:108E4000127922B993F82D20013283F82D2003EBFB
:108E50004403CA791A710A7A5A714B788A781B01CD
:108E6000120202F4E06203F0300313430A7802F0C6
:108E700003021343CA78120302F4805213430A799F
:108E8000120402F4E02213434A79120502F480121C
:108E900013438A79120602F0807213430E4A02EBE2
:108EA0000014000100F18040C4F8183500F5E040DE
:108EB000CB790C7AC0F81445C0F810350B79012B2A
:108EC0009CBF0123C2F80035002010BD1120FCE733
:108ED00000BFD04700200070004038B5254A254B20
:108EE00004461220C2F808031D7C022D03D1C2F8EB
:108EF0000403112038BD187C01281CD1D86818B192
:108F00000223C2F80433F4E7DC60198393F82E30AF
:108F10005BB9D2F80031002BFBD04FF48070FFF723
:108F20007CFEC2F82C46C2F83016114B0222C3F860
:108F300004230020DEE70220C2F804030020D860EA
:108F400093F82E005C6001251D74198138B1598396
:108F500093F82D30C2F82C46C2F83036E9E7C2F853
:108F60002C464FF48070C2F83016FFF756FE15609D
:108F7000DFE700700040D0470020074B197C012933
:108F8000CAB208D193F82E10054B11B11A60002017
:108F900070475A60FBE708207047D04700200070F8
:108FA0000040F0B51B4F8BB207EB001443EA0243BD
:108FB000C4F81C35184B40005C6900F1010C4FF0FF
:108FC000004611F5006F26FA0CF64FF0800505FA01
:108FD00000F50BBFB44334435C615C610CBFC7F860
:108FE0000853C7F8045340244FF0004559698440A2
:108FF00025FA00F040F2FF75AA42054A0BBF8143F3
:109000000143596159610CBFC2F80843C2F80443D7
:10901000F0BD00700040D047002010B5124B1A7C04
:10902000F2B900F10C0103EB4102127922B193F87D
:109030002D20013A83F82D2003EB410300249C806E
:10904000030103F1804303F5E0430749C3F81445E6
:1090500040F2FF72C3F81045FFF7A3FF204610BD92
:109060001120FCE700BFD047002000F8FFFF134BA2
:109070006FF0004270B5C3F80823114A8021C2F88E
:10908000801001229A6042F21072D3F8141109B9CB
:10909000013AFAD10C4D0024C3F8004505F11C0635
:1090A0002C7416F8143013B1E0B2FFF7B6FF013498
:1090B000082CF6D1002385F82C3070BD00BF00705D
:1090C000004000E100E0D047002010B50446E9F779
:1090D000E4F9A46BE9F7E9F9B4FA84F0400910BDAA
:1090E00070B51646026C856B044642B906689EB997
:1090F000406800F080FF66600135A56370BD6EB901
:10910000806806F01CFCA368226C13446268A360AC
:10911000934224BF2368A3600020EDE7C06806F0F7
:109120000EFC226CE36851429B1A2268E360934272
:109130003EBF63685B18E360022EEDD10DB1013DC7
:10914000EAE72846D8E7034610B41A6C08466AB125
:10915000DC68596814448C4228BF1968DC6028BF59
:10916000D960D9685DF8044B06F0E9BB5DF8044BA3
:10917000704770B50446E9F790F994F8455004F14A
:1091800024066DB2002D01DD636AB3B9FF2384F8B4
:109190004530E9F78AF9E9F780F994F8445004F189
:1091A00010066DB2002D01DD23697BB9FF2384F821
:1091B0004430BDE87040E9F778B9304600F027FE4A
:1091C00008B100F092FE013D6DB2DBE7304600F0E1
:1091D0001EFE08B100F089FE013D6DB2E2E738B530
:1091E00004460D46E9F759F9D4E90F312268A26027
:1091F0004B43D0185B1A1A446060FF230020A06321
:10920000E26084F8443084F845309DB923696BB13D
:1092100004F1100000F0FBFD40B10A4B4FF080520A
:109220005A6040BFBFF34F8FBFF36F8FE9F73DF92F
:10923000012038BD04F1100001F0B7FA04F1240058
:1092400001F0B3FAF2E700ED00E0F8B50646484356
:1092500050300D461746E2F7EEFE044658B165B1B0
:1092600000F15003C4E90F65236001212046FFF798
:10927000B6FF84F84C702046F8BD0346F2E710B5FF
:1092800002220C460021FFF7E0FF00B1846310BD0D
:1092900000002DE9F04385B00027DFF8F09001923F
:1092A00004460E461D46B846E9F7F7F8A26BE36B95
:1092B0009A421AD22A4631462046FFF711FF636AC6
:1092C0001BB104F1240000F0A2FD40B1304B4FF07F
:1092D00080525A6040BFBFF34F8FBFF36F8FE9F7E3
:1092E000E4F8012005B0BDE8F083022DE2D0019B37
:1092F0001BB9E9F7DAF80020F4E717B902A800F083
:10930000C0FDE9F7D2F800F0CCFBE9F7C6F894F815
:109310004430FF2B08BF84F8448094F84530FF2B7D
:1093200008BF84F84580E9F7C0F801A902A800F059
:10933000B4FD30BBE9F7B1F8A26BE36B9A420ED1F2
:10934000E9F7B3F8019904F1100000F03CFD204664
:10935000FFF70FFF00F037FC48B10127A4E7E9F75A
:10936000A4F82046FFF705FF00F02DFCF5E74FF0CD
:109370008053C9F8043040BFBFF34F8FBFF36F8FE6
:10938000EBE72046FFF7F5FE00F01DFCB3E700ED2C
:1093900000E010B5024600210120FFF756FF044609
:1093A00038B10023C0E90033C3601A461946FFF7FD
:1093B00070FF204610BD38B50446456800F0B5FD85
:1093C00085420BD1E368013BE3600BB1012038BD5E
:1093D0001A4619462046FFF75CFFF7E70020F6E73C
:1093E0002DE9F843044616461F468946E9F767F813
:1093F000A26BE36B9A42804601D3022F1FD194F8EF
:1094000045503A466DB249462046FFF769FE6B1C4F
:1094100010D1636A3BB104F1240000F0F8FC10B1F4
:109420000EB10123336001244046E9F74CF8204691
:10943000BDE8F88301356DB284F84550F3E70024A8
:10944000F2E770B504460D46E9F739F8A26BE36B15
:10945000934206461BD994F845100132FF294BB2BE
:10946000A2630FD1636A3BB104F1240000F0CFFC8A
:1094700010B10DB101232B6001243046E9F723F828
:10948000204670BD01335BB284F84530F4E7002418
:10949000F3E72DE9F04385B00027DFF8E49001926F
:1094A00004460E46B846E8F7F8FFA56BDDB1314635
:1094B0002046013DFFF747FEA56323696BB104F128
:1094C000100000F0A4FC40B12E4B4FF080525A60C7
:1094D00040BFBFF34F8FBFF36F8FE8F7E6FF012068
:1094E00005B0BDE8F083019B1BB9E8F7DEFF002063
:1094F000F6E717B902A800F0C4FCE8F7D6FF00F0C1
:10950000D0FAE8F7CAFF94F84430FF2B08BF84F87C
:10951000448094F84530FF2B08BF84F84580E8F775
:10952000C4FF01A902A800F0B8FCF8B92046FFF773
:10953000CCFDA8B1019904F1240000F044FC2046C0
:10954000FFF717FE00F03FFB40B94FF08053C9F81A
:10955000043040BFBFF34F8FBFF36F8F0127A2E7E7
:109560002046FFF706FE00F02EFBF7E72046FFF748
:1095700000FE00F028FB2046FFF7A7FD0028EDD0F5
:10958000B5E700ED00E02DE9FF410025DFF8188187
:10959000019104462F462E46E8F77FFFA36BE3B107
:1095A000013BA363236813B900F09DFD606023694C
:1095B0006BB104F1100000F02AFC40B13A4B4FF0BF
:1095C00080525A6040BFBFF34F8FBFF36F8FE8F7F1
:1095D0006CFF012004B0BDE8F081019B1BB9E8F7E6
:1095E00064FF0020F6E717B902A800F04AFCE8F78C
:1095F0005CFF00F056FAE8F750FF94F84430FF2B78
:1096000008BF84F8446094F84530FF2B08BF84F805
:109610004560E8F74AFF01A902A800F03EFC48BBFC
:109620002046FFF752FDF8B123683BB9E8F735FF54
:10963000606800F090FC0546E8F737FF019904F1F7
:10964000240000F0C0FB2046FFF793FD00F0BBFABA
:1096500040B94FF08053C8F8043040BFBFF34F8F7C
:10966000BFF36F8F012797E72046FFF782FD00F0D9
:10967000AAFAF7E72046FFF77CFD00F0A4FA20469F
:10968000FFF723FD0028EDD0002DAAD0E8F705FF55
:10969000616A19B1236B1968C1F10301606800F0B8
:1096A000E2FC9CE700BF00ED00E070B504464668B0
:1096B0000D4600F03AFC864204D1E3680133E360D2
:1096C000012070BD29462046FFF75DFF0028F8D035
:1096D000E3680133E360F4E72DE9F8430446894683
:1096E0009046E8F7ECFEA56B0746C5B194F84460D8
:1096F000494676B22046FFF726FD013D731CA5635F
:1097000013D1236953B104F1100000F080FB28B19C
:10971000B8F1000F02D00123C8F800300125384607
:10972000E8F7D1FE2846BDE8F883013676B284F822
:109730004460F3E710B50446E8F7AFFEA46BE8F722
:10974000B4FE204610BD806B7047054B1A6812B1FD
:109750009A682AB9012243F8321003EBC203586019
:1097600070470048002070B504460D461646E8F7DD
:1097700094FE94F84430FF2B04BF002384F8443057
:1097800094F84530FF2B04BF002384F84530E8F7F8
:109790008CFEA36B2BB93246294604F1240000F05D
:1097A00022FB2046BDE87040FFF7E3BC0000F8B59F
:1097B0001A4B1A4D1C680646286804300F4601F003
:1097C00024F840B92A681649D06A0B680122824001
:1097D00023EA02030B60731C07D137B129681148D3
:1097E000BDE8F840043100F0EEBF2B68A4195C60BE
:1097F00007D30D4B18682968BDE8F840043100F024
:10980000EDBF0A4B18682968043100F0E7FF084BE8
:109810001A68A24288BF1C60F8BD34480020E8489E
:109820000020304800203C4800207C480020804830
:10983000002018480020094B0A4A1B681268D06AA9
:1098400050B9084A12681343012B06D8074B186811
:10985000074B1B68C01A70470020704700BF304894
:109860000020E8480020AC48002018480020344878
:109870000020064A13681968064B19B94FF0FF32E9
:109880001A6070471268D268D2685268F8E7804858
:109890000020184800202DE9F0479500064628468C
:1098A000DDF824808A461F46E2F7C5FB814618B9D9
:1098B0004FF0FF30BDE8F0874820E2F7BCFB0446DC
:1098C000002800F09C80C0F830902A464846A52128
:1098D00005F0D7F8236B043D2B4423F0070904F16E
:1098E00033020AF1FF330AF1030A13F8011F02F8E9
:1098F000011F09B15345F8D1089D022D28BF02254B
:10990000002304F1040AC4E9105384F83730E562F7
:10991000504600F055FFC5F1030504F1180000F0B2
:109920004FFF2461A56164623A4631464846E8F734
:109930007EFD2060B8F1000F01D0C8F80040E8F7C4
:10994000ACFD304B314D1A68314E01321A602A6835
:10995000002A4AD12C601B68012B1FD12D48DFF84B
:10996000E0802C4F00F021FF2C4800F01EFF2B4818
:1099700000F01BFF404600F018FF384600F015FFCE
:10998000284800F012FF274800F00FFF274800F09A
:109990000CFF264BC3F80080264B1F60264A264941
:1099A0001368086801331360E26AA36301239340DC
:1099B00003430B60174B142000FB0230514600F0AC
:1099C00002FFE8F772FD33686BB12B68DA6AE36A6D
:1099D0009A4208D21A4B4FF080525A6040BFBFF3F0
:1099E0004F8FBFF36F8F012064E73268E36A002A6C
:1099F000D4D12A68D26A9A4298BF2C60CEE74846F2
:109A0000E2F79BFB54E738480020E84800202C4848
:109A10000020AC48002084480020C0480020D448E2
:109A2000002068480020544800203C48002080481E
:109A300000207C4800201C4800203048002000ED19
:109A400000E09848002013B5104B019300240F4903
:109A50001048009423467822FFF71DFF012811D1FA
:109A600000F097FB01280DD172B60A4B4FF0FF3280
:109A70001A60094B1860094B1C6002B0BDE8104029
:109A8000E8F7E7BC02B010BD00BF1448002083DE39
:109A9000020021600200184800202C4800203448B1
:109AA0000020024A136801331360704700BF10485A
:109AB0000020014B1868704700BF34480020014B5C
:109AC0001868704700BF34480020024A13680344F6
:109AD0001360704700BF344800202DE9F84F2E4B2B
:109AE0001B68002B54D12D4B1D6801351D605DB9DD
:109AF0002C4A2C4B1168186810602B4A19601368A7
:109B000001331360FFF7B5FE294F3B68AB4208D91C
:109B10000026274B1B68002B0CBF30460120BDE8F8
:109B2000F88FDFF87CA0DFF89490DFF894B000267F
:109B3000DAF800301B681BB94FF0FF333B60E8E7F1
:109B4000DAF80030DB68DC6863689D42F6D304F124
:109B50000408404600F059FEA36A1BB104F1180046
:109B600000F053FEE26AD9F800100123934014205C
:109B70000B4300FB02B04146C9F8003000F023FE61
:109B80000D4BE26A1B68DB6A9A4228BF0126CFE7C9
:109B90000A4A136801331360BAE7104800203448BA
:109BA0000020804800207C480020204800201848E1
:109BB000002024480020E8480020284800203048A1
:109BC0000020AC4800202DE9F843E8F766FC2A4B5A
:109BD0001A68013A1A601C682CB10024E8F765FC89
:109BE0002046BDE8F883254B1B68002BF5D0244D9B
:109BF000254EDFF8A4801FE0EB68DC6804F104095F
:109C000004F1180000F001FE484600F0FEFDE26A93
:109C10003168012707FA02F314200B4300FB02808E
:109C20004946336000F0CFFD184BE26A1B68DB6ADF
:109C30009A4201D3164B1F602B68002BDCD10CB16C
:109C4000FFF717FE134D2C6844B1104E0127FFF7A4
:109C500044FF00B13760013CF9D12C600C4B1B680C
:109C6000002BBAD00C4B4FF080525A6040BFBFF36C
:109C70004F8FBFF36F8F0124B0E7104800203848A2
:109C800000206848002030480020E8480020244890
:109C900000202848002000ED00E0AC48002008B576
:109CA00048B9094B4FF080525A6040BFBFF34F8F05
:109CB000BFF36F8F08BD0021FFF7F3FEFFF777FDBD
:109CC000FFF781FF0028ECD0F4E700ED00E0F8B5E5
:109CD0001B4C1B4F1C4E2368DBB91B4B1B68012B15
:109CE00008D91A4B4FF080525A6040BFBFF34F8FD4
:109CF000BFF36F8FFFF79FFD0128EBD9FFF7D1FE70
:109D0000FFF799FD012801D9E8F72DFBFFF75BFF6D
:109D1000E0E7E8F7C2FBFB68DD68281D00F075FD91
:109D20003368013B33602368013B2360E8F7BDFBE8
:109D3000286BE2F702FA2846E2F7FFF9CBE7504832
:109D400000205448002038480020AC48002000ED96
:109D500000E070B5174B1A68174B12B101221A6058
:109D600070BD154C1A602268236812681B6B9A42FA
:109D700004D8206821683431E2F7C5FB104B104944
:109D80001B68B3FA83F3C3F11F03142606FB03F227
:109D90008818083245686D6845600A44954204BFDA
:109DA0006A68426006FB03114B68DB682360D7E7F3
:109DB00000BF1048002024480020E8480020304818
:109DC0000020AC48002010B5064B0C46196818312D
:109DD00000F004FD20460121BDE81040FFF7E7BC7C
:109DE00000BFE848002038B5084B0D4619681446F6
:109DF000183100F0E8FC002C21460CBF28464FF03B
:109E0000FF30BDE83840FFF7D2BCE848002038B545
:109E1000C368DC6804F11805284600F0F6FC124B14
:109E20001B68F3B9251D284600F0EFFC1049E26AD3
:109E300008680123934003430B600D4B142029460F
:109E400000FB023000F0BFFC0B4BE26A1B68DB6AD0
:109E50009A4285BF094B012000201860FFF709FDD9
:109E600038BD06482946EDE700BF104800203048BD
:109E70000020AC480020E848002024480020684822
:109E80000020034B1B680360034B1B684360704753
:109E900000BF204800203448002070B50C4605461D
:109EA000E8F7FBFA0F4B196823685A1C10D00D48CD
:109EB0002E6800686A68864201D08A420FD9881AE3
:109EC00083420AD95B1A134423602846FFF7D9FF5F
:109ED0000024E8F7EAFA204670BD0023236001243D
:109EE000F7E73448002020480020014B01221A6087
:109EF000704724480020084B186860B9084B1B685D
:109F000053B9074B1868074B1B68013B98420CBFBD
:109F10000220012070470020704768480020244834
:109F200000203C48002038480020014B186870474A
:109F300000BFE8480020054B1B6833B1054B18688B
:109F4000B0FA80F0400940007047012070472C486B
:109F50000020104800202DE9F041044600282ED0B2
:109F6000224DC36A2A68D26A934236D282691F4F51
:109F7000002AA1BF2A68D26AC2F1030282611426B4
:109F8000426906FB03739A4215D100F1040840466A
:109F900000F03BFC174AA0B12B681168D86AE06258
:109FA000012383400B4313601423414603FB0070DD
:109FB00000F009FC02E02B68DB6AC3620120BDE807
:109FC000F081E06A4643BB59002BE5D113680121BB
:109FD000814023EA01031360DEE72B68006CDB6A33
:109FE00098422CBF00200120E9E7E8480020AC4857
:109FF000002030480020F8B5044608B90020F8BD1C
:10A00000436CC16A026C013B91424364F6D0002B61
:10A01000F4D1061D304600F0F8FB104F114A50B93C
:10A02000E16A14234B43FB582BB9136801258D407B
:10A0300023EA05031360236CE362C3F10301A1610A
:10A040001168012404FA03F514200D4300FB03708A
:10A050003146156000F0B7FB2046D0E700BFAC48A2
:10A06000002030480020F8B50446002836D0036CA4
:10A07000994238BF1946C36A8B422FD0426C012ADD
:10A080002CD18269164EC162002A4FF01405426934
:10A09000A8BFC1F1030105FB0363A8BF81619A4218
:10A0A0001CD1071D384600F0B0FBE26A0D4C40B9E8
:10A0B000554373592BB923680121914023EA0103C9
:10A0C00023602168012393400B4323601420394609
:10A0D00000FB0260BDE8F84000F075BBF8BDAC487D
:10A0E000002030480020044B1A681AB119684A6CE5
:10A0F00001324A641868704700BFE8480020914266
:10A1000008B5416000610AD8D21A83699A420DD21B
:10A11000084B011D186800F061FB002008BD9A4241
:10A1200001D2994202D2034B011DF3E70120F5E76A
:10A1300000BFF8480020FC480020F8B50F4CE8F7B5
:10A14000ACF92568ADB90D4F0E4E384600F02DFB29
:10A15000304600F02AFB0B4B1F600B4B2A461021A8
:10A1600020201E60FFF771F8206010B10849FFF74A
:10A17000ECFABDE8F840E8F798B9F4480020144933
:10A18000002000490020FC480020F848002088DE1C
:10A19000020007B5FFF7D1FF084B186850B1074B15
:10A1A0000193012300930649074800234FF4967258
:10A1B000FFF771FB03B05DF804FBF4480020F048A2
:10A1C00000208DDE0200216602002DE9F04180466C
:10A1D0002C200F4616461D46E1F72DFF044658B1C8
:10A1E000FFF7ABFF069BC4F80080C4E90676256242
:10A1F0006362201D00F0E4FA2046BDE8F0817FB5DF
:10A200000F4C0546206816461A4680B10529CDE94F
:10A21000001602950DDCFFF78EFE0023022808BF12
:10A22000089A206818BF1A466946FFF732F804B04A
:10A2300070BD00236946FFF7D3F8F8E700BFF44884
:10A2400000202DE9F347DFF880800646FFF731FC58
:10A25000D8F800308342054609D9194F3B681A687F
:10A260006AB9184A116839601360012300E00023BD
:10A2700028463360C8F8005002B0BDE8F087DB68BC
:10A28000DC68D3F8009004F1040A504600F0BDFAEF
:10A29000636A20469847E369012BDFD1A3694B44E9
:10A2A000994506D2386863602461514600F096FAF9
:10A2B000D4E7002300934A4619462046FFF79FFF44
:10A2C000CCE7FC480020F8480020EC4800202DE9AD
:10A2D000F047594E88B04FF0000833681D68002DD4
:10A2E0005BD0DB68D3F80090554FFFF7DAFB04A88A
:10A2F000FFF7A7FF049C8246002C6AD1002D4ED0A8
:10A30000484552D3FFF75FFC3368DB68DD68281DE2
:10A3100000F07BFAEB69012B0ED1A9694B4652463E
:10A3200049442846FFF7EBFE30B1009423464A46E5
:10A3300021462846FFF763FF6B6A2846984738682E
:10A34000002204A9FFF7A5F80028C6D0049B0698B0
:10A35000002B41DB069C6369002B44D103A8FFF767
:10A3600070FF049B0246092BE9D801A151F823F0A4
:10A3700000BF416702004167020041670200916629
:10A3800002007367020083670200416702004167B1
:10A3900002009166020073670200A946A4E7284BF9
:10A3A0001B681C68B4FA84F4640938682246A9EB77
:10A3B0000A01FFF7D8F9FFF706FC0028BFD1214BAF
:10A3C0004FF080525A6040BFBFF34F8FBFF36F8F83
:10A3D000B5E7FFF7F8FBB2E7059B07999847049BA1
:10A3E000002BACDBB6E7201D00F00FFAB6E7A16941
:10A3F000059B20461944FFF782FE00289FD0636A20
:10A4000020469847E369012B99D1A2690599CDF8B7
:10A41000008000230A4420461946FFF7F0FE8EE72D
:10A420000599A161034601442046FFF768FE86E7CF
:10A430002046E1F782FE82E700BFFC480020F44896
:10A440000020F848002000ED00E04068704710B59B
:10A450000446E8F722F86469003C18BF0124E8F7D5
:10A4600024F8204610BD10B50446E8F716F8246A13
:10A47000E8F71BF8204610BD1FB50021039001AA84
:10A4800044F20100CDE9011100F003F805B05DF8D8
:10A4900004FB72B6094BD3F8F020D20700D500BEFA
:10A4A000BFF34F8FD968054A01F4E0610A43DA60CF
:10A4B000BFF34F8F00BFFDE700BF00ED00E00400D9
:10A4C000FA0572B6024A13680133136070472849CF
:10A4D0000020034A1368013B136003B962B670475A
:10A4E00000BF28490020FFF7ECBFFFF7F2BF4FF095
:10A4F000704393F8E02F062A10D1D3F8E42F120707
:10A500000CD1D3F8E80F00F0F003302B08D000F0A6
:10A51000E000A0F1400358425841704700207047C6
:10A52000012070474FF0704393F8E02F062A0CD1BA
:10A53000D3F8E42F120708D1D3F8E80F00F0F000A9
:10A54000A0F130035842584170470020704708B5C9
:10A55000FFF7CDFF40B14FF08053884AD3F8243342
:10A56000C3F30423C2F84035FFF7DCFF10B1844B7E
:10A57000854A5A67FFF7BBFF48B14FF080534FF051
:10A580008042D3F84432C3F34233C2F83C35FFF77C
:10A59000C9FF30B17D4AD2F8FC3023F08073C2F895
:10A5A000FC30FFF7A4FF40B14FF080430022C3F816
:10A5B0000C21C3F81021C3F83825FFF7B3FF20B1F1
:10A5C0004FF080430322C3F8A025FFF7ABFF60B133
:10A5D0006F4B0522C3F810260122C3F888260022FB
:10A5E000C3F818263F22C3F814264FF0704393F89F
:10A5F000E02F062A50D1D3F8E42F11074CD1D3F81D
:10A60000E83F03F0F003502B46D14FF08052604BEF
:10A61000D2F80414C3F82015D2F80814C3F824158E
:10A62000D2F80C14C3F82815D2F81014C3F82C155E
:10A63000D2F81414C3F83015D2F81814C3F834152E
:10A64000D2F81C14C3F84015D2F82014C3F84415EE
:10A65000D2F82414C3F84815D2F82814C3F84C15BE
:10A66000D2F82C14C3F85015D2F83014C3F854158E
:10A67000D2F83414C3F86015D2F83814C3F864154E
:10A68000D2F83C14C3F86815D2F84014C3F86C151E
:10A69000D2F84424C3F87025FFF729FF48B14FF0E2
:10A6A00080534FF08042D3F8583203F04F03C2F882
:10A6B000E43EFFF71CFF48B14FF08043D3F800247D
:10A6C000D20744BF6FF00102C3F800244FF080535B
:10A6D000D3F83021062A0AD1D3F83431062B01BF32
:10A6E0002D4AD2F83C3743F48063C2F83C37264AFF
:10A6F000D2F8883043F47003C2F88830BFF34F8F2C
:10A70000BFF36F8F4FF01023D3F80022002A03DB32
:10A71000D3F80432002B2EDA204B0122C3F8042593
:10A72000D3F80024002AFBD04FF010221521C2F8E4
:10A730000012D3F80024002AFBD04FF0102315227A
:10A74000C3F80422154BD3F80024002AFBD00022C2
:10A75000C3F80425D3F80024002AFBD0BFF34F8FA1
:10A760000A490E4BCA6802F4E0621343CB60BFF3A0
:10A770004F8F00BFFDE70A4B0B4A1A6008BD00303F
:10A78000014000C007400DF0ADBA00ED00E0005000
:10A79000004000C000400010004000E00140040004
:10A7A000FA052C0100200090D00300F108034FF0BF
:10A7B000FF32C0E902234360036100230360704756
:10A7C00000230361704743684B609A688A60516058
:10A7D00099600861036801330360704730B50C6805
:10A7E000631C0AD103695A684A6091608B605960A2
:10A7F000086103680133036030BD00F108021346AD
:10A8000052681568A542FAD9EDE7D0E9011203694B
:10A810008A60416851605A68824204BF82685A6007
:10A82000002202611A68013A1A60186870470368CA
:10A83000013304D04068431C5842584170470120FE
:10A84000704710B504680B689C4209D0406849689D
:10A85000884205D08C4203D0181A18BF012010BDC1
:10A860000020FCE740F30903B3F1FF3F08BF0130CC
:10A87000C0F309000430704710B5031F04390830D5
:10A8800053F8042F51F8044F834282EA04021A60FD
:10A89000F6D110BD08B503681B0D024613F4E06045
:10A8A00005D0101DFFF7CDFFB0FA80F0400908BDBC
:10A8B00010B5836E1A6A436DD31A1944B1FBF2F3D3
:10A8C00002FB1311836D8B420AD94C09406E01F0D3
:10A8D0001F0150F8243001228A40134340F82430ED
:10A8E000002010BD000030B5164A0368164C11F068
:10A8F000805F18BF144683EA010525421FD043F349
:10A90000090401341BD001EA02040F4A1A4042F044
:10A910009F4242F4E002944211D00A0D02F4E06436
:10A92000B4F5806F09D1C3F38924C1F389218C4226
:10A9300022BF52B203EB82230360002030BD01200E
:10A94000FCE700FCFF7F00FC0F7000FC0F000246DC
:10A9500008B50846FFF786FF13680344136000201C
:10A9600008BD036B1944C1F30903003B18BF012361
:10A9700021F0004141EAC371016300207047036880
:10A98000013303600020704710B5836E1B6B0446D3
:10A9900013B9C068E1F724FBA36E5B6B13B9E069E0
:10A9A000E1F71EFBA36E9B6B13B9606EE1F718FB1A
:10A9B000002010BD2DE9F04F87B08A460292826ECA
:10A9C00010990493136A139E8B42DDE91148814666
:10A9D00040F2AB80D269A319934200F2A680049B97
:10A9E000013B05930EB930469CE0BAF1000F3FD011
:10A9F000DAF80030109A9A423AD1DAE9015305EBBD
:10AA0000030BA34534D9A54211D8ABEB040BB345D6
:10AA1000DAF80C1028BFB346651B40465A46294455
:10AA200004F08DFFD8445C44A6EB0B06DAE72D1B3F
:10AA3000B54228BF3546029B109A1B689A421DD129
:10AA4000029BD3E901130B449C4217D28C4211D3D1
:10AA50001B1B9D4228BF1D46029BDB68611A4046B6
:10AA60002A46194404F06BFFA8442C44761BB9E72E
:10AA70003546E0E7091B8D4228BF0D46049BB342D3
:10AA800020D8D9F868004369B4FBF3F203FB124203
:10AA9000C2B99E4216D3B5FBF3F203FB1253A5EBEA
:10AAA000030BCDF800B00393436810991F4622466C
:10AAB0004346B847002835D1039B5B1BD8445C4410
:10AAC0001E448FE7029A109B1360D9F868300299F0
:10AAD0005A69B4FBF2F302FB1343E21A4A60D9F855
:10AAE00068500599D5F814C001EB0C002044B0FB68
:10AAF000FCF10CFB1101401AE9691B1B884294BF51
:10AB00001B185B18A96A8B4228BF0B4602998B6001
:10AB1000D9F868000093CB6845681099A8470028C9
:10AB20003FF460AF07B0BDE8F08F6FF05300F9E776
:10AB300000002DE9F04F9A46D1E9038387B006461D
:10AB40003C3091460F460593FFF7A4FEC9F3892BCD
:10AB5000044658B1BBF1000F78D0F36B3D4CC3F302
:10AB60008922CAF389239A4288BF0024059D28467A
:10AB7000FFF778FE031D434534D80423A8EB0008F3
:10AB8000039305ABCDE901833B6800933246042370
:10AB900000213046FFF70EFF30BB059B1BBA6B4010
:10ABA00023F000430593BBF1000F23D02A0D02F4DC
:10ABB000E063B3F5806F1DD1AAEB0403C3F38920D2
:10ABC000C5F38921884215D323F07F4323F4700312
:10ABD00023F47F7323F0030343F0804343F4801393
:10ABE000AB4204D16FF0010007B0BDE8F08F52B264
:10ABF00004EB8224AAEB0401694011EA0901B5D1F2
:10AC000045F309030133EDD0129BC5F309099945BA
:10AC100028BF9946119B0293109BCDF80C900433EA
:10AC2000434401933B68009332464B463046FFF75E
:10AC3000C1FE0028D8D1129BA3EB0902119B01464B
:10AC400003EB090003F01DFF6019CDE75C468DE7BB
:10AC500000BF00FCFFFF1FB5C3F309040294069C6C
:10AC6000019400240094FFF764FF04B010BD30B5D8
:10AC700087B003AD094B00951446084AFFF7EBFF78
:10AC8000002804DA831C00D1002007B030BD29461B
:10AC90002046FFF7F1FDF7E700BF0C00F07F000052
:10ACA000F07FF0B51C4640F2FF339A4285B005466E
:10ACB0000E4604F1080C08D11B49604604F0B1FEB1
:10ACC00002232370002005B0F0BDC36ECDF800C094
:10ACD000013343EA82239702144AFFF7BCFF00289E
:10ACE000F1DB000D02AB2070009347F000530F4AD8
:10ACF00043F0080331462846FFF7ADFF0028E2DBAA
:10AD000040F20223B3EB105F4FEA105202D1039BD3
:10AD10006360D7E740F201239A42D3D1C0F3090020
:10AD20006060CFE700BF95DE020000FC0F7800FCFA
:10AD30000F702DE9F04F93B01E46BDF880300C9394
:10AD4000BDF884300D931E9BBDF988B0DDF870A06E
:10AD5000C3F38F230B934FEA8B2307468846914614
:10AD60000A933046FFF77EFDD8F80C3000EB09045B
:10AD70009C4252D2042303930FABCDE90143D8F890
:10AD8000003000933A46042300213846FFF712FEB4
:10AD900000283FD10F9B1BBA734043F00046D8F800
:10ADA00000301093231D0F961193A14610AD1F9BE9
:10ADB0000F9C5C401E9B1C40424B1C40D1D10B9B06
:10ADC000002B38D10F99C1F30A53002BC9D040F2A0
:10ADD000011293424FD1249A0892C1F30903239A96
:10ADE0000792C1F389215A1CCDE90432C91A354BA7
:10ADF0004FF000525944CDE9023209B200220691C7
:10AE0000CDE900224FF0FF3329463846FFF791FF86
:10AE10000028A6D013B0BDE8F08F1D9B002B4EDD9F
:10AE2000DAF800300F931D9BDAF80450013B0AF169
:10AE3000080A1D93BBE70FAB0893234BCDE90643EC
:10AE40001D9BCDE90444CDE900A3CDE9024433467E
:10AE50004A4641463846FFF76CFF0028DADB80D1CE
:10AE60000F9B0C9AC3F389239A423FF67AAF0D9A4F
:10AE70009A42A7D875E7B3F5817F19D10F9BC3F329
:10AE800009029442BFF46DAFA9686A68C3F38923CD
:10AE90005B4441EA83212B7803F5407341EA035177
:10AEA000DDE9233098470C350028B3D10134E5E7BC
:10AEB0000A9B2A461944DDE923309847A8E7002079
:10AEC000A8E70000F07F00FC0F60396C020030B58D
:10AED000134687B00268044604AD0820916E0390C3
:10AEE0000295586801901B680093CB69104602F1E7
:10AEF0001001FFF75FFD30B9211D2846FFF7A1FCC7
:10AF0000003818BF012007B030BD2DE9F04F93B0D5
:10AF1000164609931368826E126A934207460C46DE
:10AF200005D36FF05305284613B0BDE8F08F716864
:10AF30008A42F6D900214FF004080CAACDE901128B
:10AF40000093CDF80C8043460246CDE90C11FFF783
:10AF500031FD054610B110F1540FE4D1CDF80C804D
:10AF60000DAB4FF000080293CDF804807368009396
:10AF70003A46042341463846FFF71CFD0D9B054623
:10AF8000002849D010F1540FCDD1414656F8213058
:10AF9000236081F00103079356F82330636012ABFE
:10AFA00003EB81014FF0FF3551F8183CA3600023FB
:10AFB000E36002230893B14A92E803000EAB83E8F2
:10AFC0000300042204F108014FF0FF3002F0B7FC47
:10AFD0000023CDE905330A90A8464FF0FF3A994681
:10AFE0005046FFF73FFC0DF12C0B8144BB6ECDE9C1
:10AFF000019B0422039222680092DB693A460021F9
:10B000003846FFF7D7FC064668B110F1540F40F000
:10B0100034810023A37529E00C9A9B1A002BD4BF1E
:10B0200000210121B2E759460A98042202F087FC68
:10B030000B9B0A901BBA8AEA030BBBF1000FCDF8F9
:10B040002CB02EDA4FEA1A5A0AF4E06ABAF5A06F69
:10B05000E36808D1BA6E9269B3FBF2F102FB1133D7
:10B06000B3FA83F6760906F00106A675E368002BAD
:10B0700000F02881214607F13C00FFF70BFC002877
:10B0800000F00A81FB6BC5F38922C3F389239A423E
:10B0900040F0FB8045F000451D9B002B40F0FE80FA
:10B0A00007E15846FFF7DEFBBB6EDB694844984278
:10B0B000AFD84FEA1B5202F4E062B2F5A06F2168EC
:10B0C00040F086800422039210AA029209F1040241
:10B0D000CDE90012384631463A46FFF76BFC06468A
:10B0E00030B110F1540F40F0C8804FF0000391E7E9
:10B0F000109A0A9B9A42F8D10B9BF86A1B0D042206
:10B100000AA98BEAC37B02F01AFCF8620B98FFF7DE
:10B11000A9FB059BA3820E9BA36148440F9BE3619F
:10B12000C4E9030B069BE3754FF0FF330A934346D4
:10B130004546DA46984653E70A98012210A902F0DC
:10B14000FEFB0AF1010A0A900B98FFF78BFB5045B2
:10B15000236817D90121BA6E039110A902910AEB55
:10B160000901CDE900313846D36900213A46FFF79D
:10B1700021FC06460028DFD010F1540F7DD14FF09E
:10B180000003A3750B9B20681A0D12F4E06122D115
:10B19000059AC3F389239A4201D8013305931C9A77
:10B1A0000B99236881EA020A099A1AEA020A4ED127
:10B1B000109309F10403119310AADDE91E3098479A
:10B1C000061E41DA16F1540F57D184F816A04DE748
:10B1D0004FF0040AB8E7B1F5806F1DD1059851B260
:10B1E00040FA82F292B20592264A08EA020242F03E
:10B1F0009F4242F4E002934202D148F00048CEE779
:10B20000B8F1FF3FCBD0C3F38923C8F3892293421F
:10B21000C5D808EB8128C2E7B1F5C06FBFD102F0F5
:10B22000010308220693BB6E03920EAA029209F153
:10B230000402CDE900020021DB693A463846FFF7F7
:10B24000B9FB5430ABD1E4E60B9B03D1984643469F
:10B25000A8466DE70C4A88EA03010A4052B1022E63
:10B26000F5D1C8F38922C3F389218A42EFD343F091
:10B270000048ECE74FF0FF38E9E7354653E6D021C8
:10B28000030000FC0F0000FCFF7F691C3FF404AFCB
:10B290009A4288BFA5F580651D9B3BB1A28AC5F384
:10B2A0008923934228BF13461D9A1380002DBFF6B1
:10B2B0003AAEA38AC5F38925AB4294BF00256FF04F
:10B2C000010530E6D4E90032C4E90023079B12AA45
:10B2D00002EB830353F8183CA360089B012B3FF457
:10B2E00020AE0123089366E600BF2DE9F047012355
:10B2F0000024C2E90643184FDFF86480DFF8649049
:10B3000088B005460E4692460AF118021046FFF72D
:10B310008EFA10B16FF0010018E0AB6E1B6AB4EB4F
:10B32000530F16D2336806937368079305ABCDE9C4
:10B330000273CDE900804B465146284601340595FD
:10B34000FFF7E3FD0028DFD0831CDDD008B0BDE8A7
:10B35000F0876FF05300F9E700BF21720200080088
:10B360000020FF03F07F1FB50023CDE902330193D6
:10B370004FF0FF330093FFF7C8FD05B05DF804FB05
:10B380002DE9F04101230024C2E906430646884620
:10B39000154602F118073846FFF749FA10B16FF069
:10B3A000010011E0B36E1B6AB4EB530F0ED241469D
:10B3B00038460134FFF745FA30B13A46294630465F
:10B3C000FFF7D1FF0028E6D0BDE8F0816FF0530011
:10B3D000FAE72DE9F04F8DB016680692814688464F
:10B3E00005931BB1059A40F2FF331380D9F8203042
:10B3F000C8F81830D9F82430434CC8F81C304249FA
:10B40000304603F004FB35184049284603F0EEFAB5
:10B410000128074605EB000623D13C490246284691
:10B4200003F005FB0028EAD0B2464FF0010B364985
:10B43000504603F0ECFA82443449504603F0D6FA01
:10B440000246B8B1022811D107903149504603F0A5
:10B45000EEFA079A50B9BBF1010B09D10AF10206C5
:10B46000CDE70228E0D12A490246D8E70BF1010BCB
:10B470009244DCE72B78002B3DD0069B1D60C4F383
:10B480000A53022B3BD1C4F3892440F2FF339C4280
:10B4900008F1180A23D10DF1240B2F21284603F0BF
:10B4A00098FA059B1C4ACDF80CB0002818BF002361
:10B4B000CDE9013200974FF0F043524641464846ED
:10B4C000CDE909950B97FFF720FD041E13DB96D1FC
:10B4D00098F81730002BE0D16FF001040BE00E4B11
:10B4E0000F4ACDF800A043EA842341464846FFF7BF
:10B4F000B2FB041ECFDA20460DB0BDE8F08F6FF02E
:10B500001304F8E700BF00FC2F0095DE020098DE70
:10B51000020097DE02009D7902000800002000FC76
:10B520000F702DE9F04F87B01546826E119C139E67
:10B53000D2698946A119914207464FD8DFF8A4B0D5
:10B540006FF0010A03F1FF380EB9304643E02B6873
:10B55000E868023318D1D5E901120A44944213D2A3
:10B560008C4211D3121BB242A4EB010128BF324618
:10B5700001441298059204F0E2F9059A129B1344D3
:10B5800012931444B61ADFE7C5F800A0BB6E5B69DE
:10B59000B4FBF3F203FB1242A21A6A60D7F868C048
:10B5A000DCF814E008EB0E032344B3FBFEF10EFBC2
:10B5B00011315B1ADCF828108B4228BF0B46AB60B8
:10B5C0004946CDE901030092109B5A463846FFF7E1
:10B5D000B0FA0028B8DA07B0BDE8F08F6FF053007A
:10B5E000F9E700FCF7FF2DE9F04F87B00746129E00
:10B5F000884691469A4600240DF1100BA64201D8C8
:10B6000000201BE0351B109B082D28BF0825E318E0
:10B61000CDE900A3CDE902B5A9EB04034246002120
:10B620003846FFF7C7F948B9119B2A4619195846F9
:10B6300003F0FDF9002804D005DA012007B0BDE8C9
:10B64000F08F2C44DAE70220F8E730B51346826821
:10B65000C1F3090585B0AA4228BF2A460292416873
:10B6600001915968009101681B6804460846FFF77C
:10B67000BAFF28B9A368AB4202D034BF0120022030
:10B6800005B030BDF8B5C6690D68083EB5420F4635
:10B6900013D3B5FBF6F0013805F025FF841CA5EBAC
:10B6A0008404B4FBF6F4204605F01DFFA5EB8005ED
:10B6B00004FB16553D602046F8BD0020FCE72DE94F
:10B6C000F04F89B00646DDF84C8005920F464BB925
:10B6D0004FF0FF32C8F80020149A0020136009B020
:10B6E000BDE8F08F846E013B07A920460793FFF762
:10B6F000C9FF12A905462046FFF7C4FF4FF0040A10
:10B7000081460DF1140BA945059A03D3129BC8F885
:10B710000020E1E7A5EB0904B4FA84F495FAA5F357
:10B72000B3FA83F3C4F11F049C4228BF1C46A30054
:10B73000CDE90023CDE902BA04233A460021304680
:10B74000FFF738F90028CAD10123A340ED1ADAE740
:10B750002DE9F04F89B00646DDE9120A0F46904602
:10B760001D4688B30138059005A9B06EFFF78AFF22
:10B770000DF1180B044614982946D04720BB1CB382
:10B7800004F00109C9F102039B00CDE90050CDE9A5
:10B7900002B3424639463046FFF70CF9A0B9E543FB
:10B7A00005F00105A84207DB08AB03EB8505023C69
:10B7B00055F8085C4C44DEE706991498D0470346D8
:10B7C0000120002BEED0184609B0BDE8F08F2DE91E
:10B7D000F04F91B004460D46164600211C2208A8E1
:10B7E000059303F04EF901230F934FF0000840F248
:10B7F00002290EA8FFF71BF820B1A76A002F55D128
:10B80000384641E0A36E1B6AB8EB530F7BD20E990A
:10B81000304608F10108A847002835D10F99304675
:10B82000A84788BB0EAA08A92046FFF79CFD58BB75
:10B83000DFF8E0A0DFF8E0B00746BDF83420BBB287
:10B840009A42D6D906AA0AEA8723009243EA0B0352
:10B850002F4A08A92046FFF7FEF9002803DA831CC7
:10B8600012D10137E9E7B9EB105F4FEA10530ED15F
:10B87000079B0093CDE90156069B224600212046F6
:10B88000FFF766FF0028ECD011B0BDE8F08F059AF5
:10B89000002AE6D0B3F5007FE3D106993046A847E9
:10B8A0000028F1D107993046A847EBE7BB79012B77
:10B8B00001D03F68A2E73B6B03F48813B3F5803FE8
:10B8C00013D03B6B03F49013B3F5003FF1D1CDE9F6
:10B8D00001567B6B0093BB6B224607F1400120466B
:10B8E000FFF736FF0028E4D0CEE7CDE90156FB6A2A
:10B8F0000093BB6A224607F140012046FFF728FF6C
:10B900000028DED0C0E76FF05300BDE700BF00FCA9
:10B910000F7000FCFF0308000020F8B504460D4638
:10B920000126A36DD4E91712994225D1002A52D0DD
:10B93000A16E606D0344086AB3FBF0F700FB173398
:10B940006365CB6A606EDB000027934294BFA365FA
:10B95000A265E765CA6A394603F093F820490123D6
:10B9600022462046FFF733FF0028DAD0C4E91677D5
:10B97000A36E1B6A236625E0481CE065013A606EF1
:10B9800022664F0901F01F0250F8270006FA02F262
:10B990000242C7D1A26E636D126A0B44B3FBF2F18F
:10B9A00002FB11332B60A66D0125E36DB34210D06D
:10B9B000616E5A0903F01F0051F8222005FA00F0C9
:10B9C000104000D1F8BD0133E365236E013B2366CF
:10B9D000EBE70020F6E76FF01B00F3E700BF036C16
:10B9E00002007FB50C4604310646FFF796FF054678
:10B9F00080BB21463046FFF790FF054650BB2246EC
:10BA0000042342F8080FCDE9022301902268009236
:10BA1000014632463046FEF7CDFF10B110F1540F0B
:10BA20001BD1B36E5A6A002A0BDDA368013242F0C3
:10BA30000102013B1344B3FBF2F102FB11329B1AEA
:10BA4000A3604FF0FF330422C4E903230022C4E9BA
:10BA50000523E361284604B070BD0546FAE707B543
:10BA600000230449019301AAFFF7B1FE00B9019830
:10BA700003B05DF804FBD16C0200C368184710B531
:10BA80000C46826AE068FF2102F0FBFF4FF0FF33B3
:10BA9000236010BD10B581660B6B0446002B37D0B8
:10BAA000C360A36E5A6B002A3ED0E261A06E2146AD
:10BAB000FFF7E5FFA06E04F11001FFF7E0FFA36EB2
:10BAC0009A6B002A37D06266A26ED36B002B08BF38
:10BAD000FF23E366136C002B08BF6FF0004323675E
:10BAE000536C40F2FE32002B08BF13460020636700
:10BAF0004FF0FF33C4E90833C4E90A00C4E90F007A
:10BB0000C4E90C00C4E912006064A063206510BDA4
:10BB1000886AE0F760FAE0600028C2D12046FEF7AC
:10BB200033FF6FF00B00F2E7986AE0F754FAE06138
:10BB30000028BBD1F2E7D86AE0F74DFA606600282A
:10BB4000C2D1EBE72DE9F0430D4609689846CB1CBE
:10BB500085B00646174603D9002005B0BDE8F0833E
:10BB6000806EAC6882691444013CB4FBF2F302FBC2
:10BB70001343E41A0094D0F80890EB686A68C84749
:10BB80000028EAD1B8F1000F04D1B06E2946FFF7C2
:10BB900076FFE1E74FF0FF333B600294EB680193DF
:10BBA0006B6800932B68224639463046FFF71BFD31
:10BBB0000028D2DBE9D06FF05300CEE72DE9F84F33
:10BBC0000B9EDDF8348007460C46924699464FF0AE
:10BBD000000BB8F1000F01D1404630E023680A9A0B
:10BBE00093422ED16068B0422BD8BB6E9D6A05444B
:10BBF000B54226D9AD1BE3680C99454528BF45469B
:10BC0000301A2A46184403F09AFE6368A2682E444C
:10BC1000F31A934238BF1346A360BA6E926A9A42EF
:10BC200005D00C9B2B440C93A8EB0508D1E74B46A1
:10BC3000524621463846FFF785FF0028F1D0BDE87F
:10BC4000F88F0A9B2360BB6E9A69B6FBF2F302FB86
:10BC50001363F31AC4E9013BBBE7F0B585B0CDE946
:10BC600002231D464B6801930B6800930C46174650
:10BC70000023024600F11001FFF7A0FF064640B97D
:10BC8000E0682A46394601F05AFE6368E0602B44BA
:10BC90006360304605B0F0BD2DE9F04F064687B031
:10BCA00010469946FEF7DEFD4B6893464A69034409
:10BCB00093420C46804641D88B682BF0004A8AEAB2
:10BCC00003031BBA059305AA04233046FFF7C5FFFB
:10BCD000054678BBBBF1000FA8F1040720DA0DF18F
:10BCE000130B2FB30123CDE902B3D9F80430043B81
:10BCF0004344DB1B0193D9F80030009332463B46A6
:10BD000000213046FEF756FE40B901235A4621462F
:10BD10003046FFF7A2FF013F0028E2D0054609E0C8
:10BD20003B464A4621463046FFF797FF0028F5D1AB
:10BD3000C4F808A0284607B0BDE8F08F6FF01B05D7
:10BD4000F8E713460A46D0E90001FFF7A5BF2DE941
:10BD5000F04F044687B00D4605A92046FFF7DDFDEC
:10BD6000064658B9DDF81480A06E4146FFF785FEFF
:10BD70000646002853D010F1540F56D0304607B075
:10BD8000BDE8F08F2A6BCDF80C900DF1130A12F478
:10BD9000801FCDE9017AA3EB07031CD0AA882449B0
:10BDA00041EA8222009205F108015A462046FFF737
:10BDB000B8FB70B9CDE902A9CDE90087012322467D
:10BDC00004F110012046FFF7F9FE60B110F1540FA5
:10BDD0002BD00646D2E7AA6B00925946224620464F
:10BDE000FEF7E8FDE5E70137EB6BBB42CAD8A36E6F
:10BDF000E1699A6AE86C03F0A2FD23692B64636928
:10BE00006B64A369AB64A06E04F11001FFF737FE09
:10BE10002B6BC5F8388043F400332B63AEE707463D
:10BE200005F1400B4FF00109DEE74FF0FF332361CE
:10BE300092E700001020F0B50B6B0C46590397B049
:10BE4000054608D5DA0258BF4FF0FF3223F48023AD
:10BE500058BF22642363216B8B0302D4002017B0E8
:10BE6000F0BD11F48011666BE76A3FD1542201A83E
:10BE700002F007FEA36ACDE90B370123CDE90D36A9
:10BE800095E80F0011AF87E80F004FF0FF372F60E4
:10BE9000626BE36A9A4212D304F1400701232A46F7
:10BEA00039462846FFF74EFE20B310F1540FD6D185
:10BEB00021462846FFF74BFF0028EFD0CFE70123AC
:10BEC0000DF1030201A9284600F095F90028C6DB10
:10BED00001230DF103022146284600F017F800283F
:10BEE000BDDB2B680133D3D01197D0E7B7422CBF0D
:10BEF00067636663A36BA362636BE362236B23F4E4
:10BF0000003343F48033C4E90C36A7E72DE9F04F42
:10BF100093B0064606930B6B09925D030C461FD443
:10BF2000276B390525D4D4F83480069B326F08EB93
:10BF30000301914200F25B8117F400371FD0236B9D
:10BF4000DA022ED4069B059304F140030D93059A63
:10BF5000236B002A51D123F40023069D236304E0C0
:10BF6000FFF769FF05460028DAD0284613B0BDE880
:10BF7000F08FE26A616B8A4288BF6263D3E7E36A4B
:10BF80009845DCD96363636B9845D8D9012311AA1E
:10BF9000214630468DF84470FFF7B8FF051EF2DAEF
:10BFA000E3E7069B606BB26EC118E36A956A99423B
:10BFB00038BF1946936CD3B140F2FE32AA424FEA21
:10BFC000D30328BF2A46934228BF13468B42B9D2D7
:10BFD000E063B36E1B6A336621463046FFF7B7FE57
:10BFE000236B054628B143F400232363BDE7D369DF
:10BFF000E2E723F480132363A4E713F4003205D0AF
:10C00000B16EE06BC969884240F0A480DB0200F1A8
:10C01000D98004F140030793BAB9636BABB104F163
:10C020003C020292013B04F1380201920093D4E9F0
:10C030000A2307993046FFF742FB054608B1236BF8
:10C04000D1E70799B06EFFF71AFDB36E1B6A33662E
:10C05000A36B0B93636B0893013B0C930FA93046C2
:10C06000FFF75BFC05460028E9D1DDF83C90B06E97
:10C070004946FFF702FD054630B115F1540FDED1F8
:10C080004FF0FF332364E9E7089B1BB9C4F83890ED
:10C09000E3635BE0B76E0C9B109310A93846FFF783
:10C0A000F1FA109B03F1010AFB69CDF840A09A4513
:10C0B00073D100F1010898FAA8F80B9B1193B8FA14
:10C0C00088F808F1010BAA4611AF4FEA8A030A93D8
:10C0D0000423CDE902730A9B0799CDE90093324608
:10C0E00001233046FFF76AFD119B05460028C4D1A5
:10C0F000C24557D10AF1010AD345E6D8C4F83890B1
:10C100004FEA8B03C4E70B9B0093CDE9027BCDF88C
:10C110000480AAEB0803324600213046FEF74AFCB1
:10C12000054600288BD1CDE9027BCDE9009807991F
:10C13000012332463046FFF741FD054600289CD1D9
:10C1400008F10108C245DED8C4E90E9A236B43F416
:10C1500000332363B36EDF69E36BFF1A059B9F42D5
:10C1600028BF1F46099B03970293E36B0193A36BC0
:10C1700000930D99012332463046FFF71FFD054617
:10C1800028B310F1540F7FF45AAF21463046FFF721
:10C19000DEFD05460028E5D051E7A8464FF0010B2B
:10C1A00011AFCFE70422CDE902720A9A0146CDE928
:10C1B0000032304604233246FEF7FCFB05460028D9
:10C1C00098D03CE76FF00103A363636B60E7636B98
:10C1D0003B446363E36B3B44E363099B3B44099348
:10C1E000059BDB1B0593B36E1B6A3366AFE66FF0EE
:10C1F0001A05BAE600002DE9F04F1D460B6B9E03B1
:10C2000085B007460C46904605D4636BE66AB34298
:10C2100008D3002003E0FFF70EFE0028F5D005B09C
:10C22000BDE8F08FF61AAE4228BF2E46DFF8B0B058
:10C23000B14604F1400AB9F1000F01D13046EEE7F2
:10C24000226B510304D5BB6EE16BDB69994215D1BA
:10C25000D202636B36D404F13C02029204F138023C
:10C26000CDE900325146D4E90A233846FFF727FAD0
:10C270000028D4D1236B43F480232363BB6EE26B8D
:10C28000DB69216B01929D1A4D4528BF4D4611F483
:10C290008011CDE902851AD0A2884BEA8222009251
:10C2A00004F1080152463846FFF73BF90028B6D1A1
:10C2B000636B2B446363E36B2B44E363A844A9EBF8
:10C2C0000509B8E76FF00102C4E90E23D2E7A26BBB
:10C2D000009238465246FEF76DFBE7E700BF0000CC
:10C2E00010202DE9F04F836E4E689A691644073688
:10C2F0008BB0B6FBF2F302FB1363F61A0023049330
:10C300009B46A6F1080380460D4605936B68B34231
:10C3100020D341464FF0FF3341F8103B4246002303
:10C320004046FFF70FFC0446002840F0B680D8F8DE
:10C330006800036998470446002840F0AE802F69E2
:10C34000DA46B74280F0A9800AF104034FF0FF39C2
:10C35000059385E003F1040AA6EB0A0340F2FE32DE
:10C36000934294BF0AEB03070AEB0207B74203D2DA
:10C37000059B9F4228BF1F4607AACDE901724FF0D7
:10C38000FF330793042303932A6800920021424657
:10C390004046FEF70FFB044610B110F1540F7CD15C
:10C3A000079BE8681BBA6FEA03094FEAD97303F5E4
:10C3B000A063A7EB0A0747EA035747F47F27AB6858
:10C3C00047F4406708AC07975F40214604223FBA14
:10C3D000089701F0B4FA0823E860CDE902436B68DE
:10C3E00001932B68099000934246002308F1100145
:10C3F0004046FFF7E3FB044600284ED16968BBF1D5
:10C40000000F03D1EB68049301F1040B079AC2F308
:10C41000090304330B4409F000496B6089EA020206
:10C420004FF0FF33AA60EB6070E7BB4502D1049B7D
:10C430004B452FD10123039308ABCDE901732B6842
:10C440000093059B4246DB1B00214046FEF7B2FAF3
:10C4500010BB4846012208A901F071FA0137814654
:10C46000059BBB42E1D8B9F1000F1AD1A6EB0A0235
:10C4700040F2FE339A4294BF0AEB02070AEB03072D
:10C48000B74204D2A6F108039F4228BF1F4607F116
:10C49000040A56E76FF05300044620460BB0BDE88F
:10C4A000F08F6FF05304F8E738B514460D464A6B29
:10C4B00013B1012B07D11444036FA34217D3944245
:10C4C0000ED1204638BD022B08D1D1E90B318903AA
:10C4D00002D5934238BF13461C44EDE71446EBE700
:10C4E0002946FFF7A8FC0028ECD16C63E9E76FF060
:10C4F0001500E7E700002DE9F04F9DB09A460B6864
:10C500000C93BDF89C704B68BDF8A0900B9204464C
:10C510000D460D934FF00008A9EB0706012E60DCD5
:10C52000AB680133AB60A26E526A002A2DDD013286
:10C5300042F00102B3FBF2F102FB11332BBB0126E7
:10C5400014A9284614931596FEF77BF9002836D1D6
:10C550002046FFF784FAB0F1000BC0F28D80A36E85
:10C560001B6ABBEB530F10D2269B0093CDE90179D8
:10C570000B9A53462946204600F097FD8346002833
:10C5800000F0828010F11C0F76D1002600234FF0BE
:10C59000FF32CDE91532CDE917236968A06E1491F9
:10C5A000836C002B74D0083B1993FFF766FA0246A0
:10C5B00000286FD012F1540F40F0AD8100264FF0EB
:10C5C000FF3323614FF00108002314A92846CDE969
:10C5D0001438FEF736F9002840F09F816FF01B0BEE
:10C5E0004AE014AB0893AA4B07937B421BB2CDE9F8
:10C5F0000593A84B2699CDF85080CDE901A30B9B5C
:10C600000093CDE903874FF0FF3300222046FEF769
:10C6100090FB834680BBFE2E15DCA36EDA69986C16
:10C62000A2F1240160B342089869431E1344B3FB8E
:10C63000F0F200FB12329B1A8B42149A28BF0B4671
:10C640009A427FF66DAF07EB6606269B0093B6B263
:10C65000CDE901690B9A53462946204600F025FD95
:10C66000834678B110F11C0F06D1A36E1499DB69D3
:10C67000243B8B42BFF454AF58461DB0BDE8F08F49
:10C680005208D1E7B14647E7B9467EE746467DE71F
:10C69000C36988E70DF1500805F1080204234146FB
:10C6A0002046FFF7DAFA0246002883D10EAB089342
:10C6B0007A4B07937B421BB2CDE90593764B2699C3
:10C6C000CDE901A30B9B0093CDE903074FF0FF33A6
:10C6D0002046CDE90E48FEF72CFB024600287FF4E9
:10C6E00069AF05F118010846FEF7A1F870B9EA7DB7
:10C6F0000B466A4902F5C06241EA025220464146B1
:10C70000FFF7CAFA024600287FF454AF0023CDE9B0
:10C71000103312934EB904F13C0110A8FEF7ACF8A7
:10C7200004F1300110A8FEF7A7F804F1480B5946B0
:10C7300010A8FEF7A1F8109B10AA6FF30903294671
:10C7400020461093FEF793FA0246002840F0E3805B
:10C75000DDE910321343129A134309D0514A10AB4A
:10C7600041462046FFF798FA024600287FF422AFA0
:10C7700041462046FFF7B5FD024600287FF41AAF78
:10C78000D5E90031C5E90013159BEB60A9EB07075C
:10C79000169BAF822B61A064CBE90100002E00F054
:10C7A000B28004F120010CA8FEF74BF818B92B68F1
:10C7B00023626B686362A66AD6B942460CA920461A
:10C7C000FEF793FDB0F1000B2BDA1BF1020F7FF4A3
:10C7D00053AF42460CA92046FEF7D2FD83460028FF
:10C7E00063D010F1020F7FF447AF4FF0000B43E727
:10C7F00006F108010CA8FEF724F818B92B68B360FD
:10C800006B68F360B379022B09D106F12C010CA8F7
:10C81000FEF717F818B92B68F3626B683363366854
:10C82000CAE701212046FEF79CF8C8B9414604F149
:10C830003000FEF72FF8A8B9002310930023CDE9AC
:10C84000113B10AA022341462046139500F079F8C7
:10C8500030B94FF0FF312046FEF783F80028B8D0FA
:10C86000834609E7236BA663C3F389216FF39E23F5
:10C87000C4E90C36CBF38923994205D2ABF5806B22
:10C88000094B43EA8123D8E740F2FF339942D3D0E2
:10C89000F6E7A16C020000FC0F409580020008FC46
:10C8A0000F000CFCFF7F0000F04F414604F1300008
:10C8B000FDF7F0FFB0B900239DF867201093002327
:10C8C00011931D4B02F5C06243EA0253CDE91235C4
:10C8D00010AA02234146204600F033F88346002880
:10C8E00083D0C9E6236BC4F838B0C3F389216FF352
:10C8F0009E23C4E90C3B40F2FF339942DBD00F4B3F
:10C9000043EA8123D8E704F13C03303494E807007C
:10C9100083E8070069E79346AEE6291D2046FEF747
:10C92000FCFF834600283FF4B1AE10F11C0F7FF4EA
:10C93000A3AE002E3FF452AE28E608FC0F00000024
:10C94000F04F2DE9F04F866AA1B005460C4690469F
:10C950009946002E6BD1A446BCE80F0010AF0FC75C
:10C960009CE80F0087E80F00434608EBC90140F23E
:10C97000014040F2FF47994240F0898076B1A38A96
:10C9800063B918AA21462846FEF7FAFC8446002817
:10C9900000F0A08010F1020F40F0AA80A37D13B92F
:10C9A000A38AFE2B30D9E268236818934FF0FF3139
:10C9B000CDE91B122369A86E19921A93816C002984
:10C9C00000F09E8008391D910BA90891A449079198
:10C9D0000021CDE90511CDE90311CDE901910DF15A
:10C9E000600BCDF80080214628460B95CDF830B07D
:10C9F000FEF79FF98446002800F084801CF11C0F8C
:10CA000002D01CF1540F73D14FF0FF332B61A38A76
:10CA100002930023CDE9004342464B462146284677
:10CA2000FFF769FD8446002800F0B08060E006F161
:10CA30000800A04201D136688BE72146FDF701FFCF
:10CA40000028F8D1B379012BF5D1336BDB02F2D595
:10CA5000AB6EF26A9B6A9A42EDD9736BF363AB6E6D
:10CA60001B6A2B6631462846FFF771F9844650B998
:10CA7000336B23F48013336331462846FFF7DBF929
:10CA800084460028D7D0604621B0BDE8F08F1A68F0
:10CA90004FEA125CC2F30A52824204D1A28A0132E6
:10CAA000A282083367E7BA4204D1A28A013AA2827D
:10CAB0000126F6E70CF4E062B2F5C06FF1D15A68D6
:10CAC0001268A2615A685268E2611A68C2F30052A1
:10CAD000E275E6E79DF87730002B3FF45FAF224622
:10CAE00018A9284600F0BFF8844600283FF456AF46
:10CAF00010AD0FCD0FC495E80F0084E80F00C2E71A
:10CB0000C1695FE705F13007CDE90D000F903946A7
:10CB10000DA805F13C06FDF7AFFE05F1480A3146C8
:10CB20000DA8FDF7A9FE51460DA8FDF7A5FEDDE90C
:10CB30000E210D9B0A436FF309031A430D9311D085
:10CB40000DAA21462846FEF792F884460028CFD148
:10CB5000444A0DAB59462846FFF79EF88446002804
:10CB60007FF44CAF59462846FFF7BBFB84460028AC
:10CB70007FF444AF199BE3601A9B236197E8070099
:10CB800086E80700C5F848C0CAE901CCAE6A40F2A1
:10CB9000014B4FF0FF3A26B9AC6A002C43D1A446B2
:10CBA00071E706F10807A74201D13668F3E710A93B
:10CBB0003846FDF746FE86460028F6D1A446BCE876
:10CBC0000F000FC79CE80F0087E80F00CE45ECD0A0
:10CBD00058F83E3040F2FF41C3F30A528A4213D163
:10CBE000B288C3F389239A4204D1C6E902AA0EF19E
:10CBF000010EEBE7FBD9B379013A022BB280F6D1F3
:10CC0000B36A013BB362F2E75A45F0D1B288C3F38D
:10CC100089239A42EBD3B3790132022BB280E6D159
:10CC2000B36A0133EEE704F1080610A93046FDF7B8
:10CC300008FE38B904F12007A388A18B8B4201D3E9
:10CC4000E07F08B92468A8E75B1AA3803A4631461A
:10CC50002846FEF788FB84460028EDD013E7958030
:10CC600002000CFCFF7F73B514460E4600F148022B
:10CC700021460546FDF7FBFF70B9E27D084B02F542
:10CC8000C06243EA02530093183401236A463146D6
:10CC900028460194FFF755FE02B070BD00BF08FCA6
:10CCA0000F0070B50B6B1E0386B005460C463FD4D3
:10CCB000FFF7C1F8226B20B142F40022226306B0D4
:10CCC00070BDD10334D504F108063046FDF7AFFD41
:10CCD00000282DD1D3025DBFD4E90A016B46C3E918
:10CCE0000001E26AA1884BBFE36C082240F20120F8
:10CCF00040F2022042EA812242EA0052CDE90223B8
:10CD0000226D936843EA812343F08153049353686F
:10CD1000059302AA022331462846FFF712FE236B31
:10CD200018B143F400232363C9E723F4803323635A
:10CD30000020C4E770B505460C46FFF7B2FFAB6AAA
:10CD4000064605F128021BB19C42196808D1116002
:10CD5000236D1B6813B9E06CDFF742F9304670BDF4
:10CD60001A460B46EFE770B5C36B1B0D13F4E06F6B
:10CD70009EB0044605D1206BC0F30900F8B91EB07F
:10CD800070BD00F1400216A9FEF7EDFA0028F6D1B9
:10CD9000E36BA063C3F38922236B6FF39E23C4E983
:10CDA0000C30344B43EA8223CDE90E300EAA012326
:10CDB00016A92046FFF7C5FD0028DCD0DFE71C22BE
:10CDC000002106A801F05DFE01238DF82F300D93A0
:10CDD0000CA8FDF72CFD40B1216B494249B2204619
:10CDE0001EB0BDE87040FDF7BCBD0CAA0EA92046E0
:10CDF000FEF7B9FA0028C2D19DF82F30002B31D1AF
:10CE000016AA0CA92046FEF770FA002809DA831C3E
:10CE1000B5D10EAA06A92046FFF725FF0028AED1FE
:10CE2000D6E702AD0346144A009516A92046FDF741
:10CE300012FF0028A3DBDDE90C31029A9A420CD1E3
:10CE4000039B99420ED00D4B04AACDE9043506A9E7
:10CE500001232046FFF775FDE0E79142F3D1039AE5
:10CE60009342EFE70EAE0FCE06AD0FC596E80F006A
:10CE700085E80F00ACE70000F04F00FCFF7F08FCE6
:10CE80000F602DE9F0478AB013F0020F06460D46F9
:10CE90000392984634D1129B2B6505F108070023B5
:10CEA0006B63EB63EB64C5F830802B1D03AA394636
:10CEB0003046FEF78EFA041E06DAA21C17D1AA88A5
:10CEC00040F2FF339A4212D00123AB71B36A2B6058
:10CED000A31CB56251D118F4807F08D0039C204672
:10CEE00002F04BFDF36E834213D26FF023042B6BE1
:10CEF00043F400232B6329463046FFF71BFF04E071
:10CF0000FFF731FF04460028C5D020460AB0BDE82F
:10CF1000F087AB88614A40EA832040F48010CDE975
:10CF200006045E4C42EA8322049244EA83230022F0
:10CF3000CDE908320592032304AA39463046FFF7AB
:10CF400000FD0028D1D1DFF85CA14FF000084FF0C0
:10CF50000C092B6D9A68424535D81B68002B62D0AE
:10CF6000EB64B06E05F14001FEF789FD40F201234C
:10CF7000B3EB145F61D00024C7E718F4007F40F0E2
:10CF80008380240D012C40F08280AB8818F4806FE0
:10CF90004FEA832308D043F000542B6B43F48033D3
:10CFA00044F480142B63CEE705F1280243F00053CC
:10CFB000009243F008033A4A39463046FDF74BFEEB
:10CFC000041EC0DA93E72A6BD00706D42B6B2A6DB8
:10CFD00099071DD408F10108BBE75868B5F804C0EB
:10CFE00009FB08F28118825C8B684968009143EA6A
:10CFF0008C2302F5407243EA0253394652463046CA
:10D00000FDF729FE0028E1DA831CDFD004466EE735
:10D01000526809FB08229168726F91423AD843F432
:10D0200080332B63D6E7B36E986ADEF7D4FFE864EB
:10D03000002896D16FF00B0459E72B6B43F4801353
:10D040006FF001022B63C4F309040023AA62EC62AF
:10D050002A646B64B36E9A6AAA64002C8BD040F287
:10D06000FE339342A98828BF134643EA8123EA6C22
:10D07000009243F000530A4A39463046FDF7EBFD73
:10D08000041EBFF678AF32E76FF010042FE76FF0A1
:10D0900014042CE76FF01B0429E700001040000087
:10D0A000102000FC0F7000FCFF7F2DE9F043984634
:10D0B000836E8DB01B6A03660C4604A9BDF85490BC
:10D0C00006461746FEF78DFC054628BBE37D8DF826
:10D0D0002730A3690A93E3690B93BDF85830CDE973
:10D0E0000193149B00933A46434604A93046FFF748
:10D0F00002FA054680B9049F059AA7610123E261FF
:10D10000E37506F120012046FDF79BFB20B9B9F13C
:10D11000000F01D1C6E9087228460DB0BDE8F083C2
:10D12000000030B597B00546FEF7B4FC0446002871
:10D130004FD1AB6E0146DA6A686E01F0A2FCAB6EAD
:10D140006C65DA6A196AEC65D2008A4294BFAA65F6
:10D15000A9651B6A2B660EA92846FEF742FC044609
:10D16000002833D14FF400330293AB6EDA691B6AA7
:10D170000493EB6E05932B6F06936B6F0793164B1F
:10D180000392CDE90830154B0A93154B0B93154BC1
:10D190000C9302AB0D9308AA03230EA92846FFF7B0
:10D1A000D0FB044690B98DF84E00034602460EA906
:10D1B0002846FFF7C6FB044640B9009001236A46A3
:10D1C0000EA928460193FEF7CEF804462846FDF73F
:10D1D000DBFB204617B030BD00BF00001040080048
:10D1E000F00F9ADE020018001020FDF7CDBB2DE9EC
:10D1F000F04397B00446FEF74DFC054670BB014670
:10D200001C220EA801F03DFC444FDFF81881DFF826
:10D210001891012315932E4614A8FDF708FB08B3B7
:10D2200004F12000FDF703FB0346002872D1226BB6
:10D2300002EBD272226304F1300207CA04F13C0609
:10D2400086E80700A16EE26A086AB2FBF0F600FB0E
:10D250001622C4E91523E3650B6A2366284617B036
:10D26000BDE8F083A36E1B6AB6EB530F4FD20823C1
:10D27000079305ABCDE90283294B0190009314AAD3
:10D28000284B0EA92046CDE90547FDF73EFE0028B4
:10D2900006F1010619DB31D040F3090001302DD031
:10D2A0000E9B23620F9B636208AB00931D4A4B46A3
:10D2B0000EA92046FDF7CFFC002806DB089B9AB29A
:10D2C0001B0C022B06D06FF0150005462046FFF719
:10D2D0008CFFC3E7002AF6D10B9B1BB1E26E934291
:10D2E000F1D8E3660C9B1BB1226F9342EBD8236706
:10D2F0000D9B1BB1626F9342E5D8636704F1300266
:10D300000EA92046FDF7B3FC002885D0DDE76FF0BD
:10D310005300DAE76FF01505D8E79ADE020008003F
:10D32000F00F00FCFF7F9D79020018001020F0B57F
:10D3300099B004460391FFF716FD00285DD103461E
:10D3400003AA06A92046FEF744F8002855DBC0F3DF
:10D35000892340F2FF32934251D0050DA26A0E920A
:10D36000022D4FEA832704AE21D147F00053254A0E
:10D37000009643F0080306A92046FDF76CFC002840
:10D380003BDB324610A92046FDF7EDFF002834D1E3
:10D39000159B33F47F032ED101212046FDF7E1FADE
:10D3A00058BB0EAB8DF83E00ADF83C00A3620023E5
:10D3B00047F09F47059347F4E0070123324606A94B
:10D3C00020460497FFF7BDFA0E9BA362A8B9022D71
:10D3D00013D14FF0FF312046FDF7C3FA68B906AA12
:10D3E00010A92046FDF7CCFF38B910AA06A920469F
:10D3F000FFF739FC01E06FF0260019B0F0BD6FF0C7
:10D400001500FAE700BF00FC0F702DE9F04FAFB038
:10D41000CDE906120546FFF7A6FC0346002840F0BA
:10D420000F810DF1280906AA49462846FDF7D1FFCC
:10D43000061EC0F2078140F2FF38C6F38927474530
:10D4400005D16FF0150420462FB0BDE8F08F0DF127
:10D45000160307AA12A92846FDF7BBFF041E2ADB04
:10D46000C4F389234345ECD012A94846FDF7E9F9F6
:10D47000AB6A1A93A11C804629D1079802F07DFA65
:10D48000EB6E984200F2E080BDF81630B8F1000F64
:10D4900018D02B6B6FF39E2343EA872343F09F43FF
:10D4A00043F4E0032B630A9B6B63A21C0B9BAB63EF
:10D4B00047D13A4609E0A01CC5D1BDF81630434516
:10D4C000D2D1C0E79F42F4D37A1C00233FE0330D52
:10D4D000B3EB145F4FEA145240F0B980BDF8163038
:10D4E000002840F0B7809F4201D10024ABE7022A18
:10D4F00027D15A4A0DF1900A42EA8323CDF800A0C1
:10D50000584A12A92846FDF7A6FB002859DB5246C7
:10D510001CA92846FDF727FF002852D1219B33F490
:10D520007F034CD101212846FDF71BFA002848D182
:10D530001AAB8DF86E00ADF86C00AB62B8F1000F5D
:10D54000A7D1BDF81620474B43EA82233A462493DD
:10D550004649BDF8163003926FF3130641EA832162
:10D560004FEA832B46EA8326079B02934FF0000A7B
:10D570001846CDE9261ACDF894A002F0FEF9029BD8
:10D5800029934BEA070343F08053064343F4801387
:10D59000CDE92A392896B8F1000F14D1324B039AFD
:10D5A00043EA82232C9300232D9324AA052312A956
:10D5B0002846FFF7C6F940B11A9BAB6201E06FF055
:10D5C000260004463FE75346ECE7B8F1000F16D0BB
:10D5D0002B6B1A0D12F4E06F11D06FF39E23C5E987
:10D5E0000C30204BA86343EA8723CDE9083008AA12
:10D5F000012349462846FFF7A4F90028DCD11A9BED
:10D60000AB62A31C3FF471AF240D022C7FF46DAF0D
:10D610004FF0FF312846FDF7A4F9044600287FF4B7
:10D6200012AF12AA1CA92846FDF7AAFE044600283C
:10D630007FF409AF1CAA12A92846FFF714FBC0E724
:10D64000044600E73446FEE66FF02304FBE66FF085
:10D650001404F8E6022A3FF44CAF1AE700BF0800B2
:10D66000002000FC0F700000F04F0000104030B5AB
:10D670008BB015460191002301AA02A90446FDF7CB
:10D68000A8FE002806DBC0F389222B4602A920460B
:10D69000FDF707FB0BB030BD000013B5034C009441
:10D6A000FFF7EFFB02B010BD00BFC4210300FFF77E
:10D6B00041BBFEF7A0BDFEF729BCFEF7F5BE2DE984
:10D6C000F047A6B005460191FFF74DFB80B9AB6A64
:10D6D0001C9301AA0DF102031EA92846FDF779FE4D
:10D6E000831C08D1BDF8027040F2FF339F4207D17E
:10D6F00026B0BDE8F0870028A8BF6FF01000F7E75C
:10D70000DDF80480404602F038F9EB6E9842064698
:10D7100071D8AB6E04AC1B6A2B6621462846FEF717
:10D7200060F90028E4D10DF1780EBEE80F000DF18C
:10D73000300CACE80F009EE80F008CE80F000DF1F4
:10D74000480A9DF84730002B4DD1DFF8B8900123EF
:10D7500002AA21462846CDE9029AFFF7F2F80028EE
:10D76000C6D19DF88F30F3B101212846FDF7F9F8B5
:10D770000028BDD11CAB8DF87600ADF87400AB620B
:10D7800014AA01230CA92846CDE91494FFF7D9F86F
:10D790001C9BAB620028ABD14FF0FF312846FDF750
:10D7A000E0F80028A4D1154B43EA87231493002303
:10D7B0001593134B43EA8723CDE918349DF88F3036
:10D7C000002B104B46EA872618BF0023CDE91A34F8
:10D7D00046F40016042314AA1EA92846CDE91668AB
:10D7E000FFF7AFF884E752460CA92846FDF7BBFDCA
:10D7F0000028A6D07CE76FF0230079E700BF000087
:10D8000010400800002008FC0F60F0B587B001F15F
:10D81000080603920C46002303AA31460546FDF78D
:10D82000D8FD00282ADB030D022B29D1C0F3892063
:10D8300040F2FF33984204AF15D12B6A04936B6A10
:10D8400005933A4631462846FDF78DFDB0B9A368E9
:10D85000E362E36823630223A080A062A371AB6A42
:10D860002360AC620AE0074B084A009743EA802332
:10D8700031462846FDF7EFF90028E2DA07B0F0BD9F
:10D880006FF01300FAE70800002000FC0F702DE98C
:10D89000F0410C46154606464FF484720021284696
:10D8A00001F0EFF8A36A63B92846022300F8083BA9
:10D8B0001A4902F0B6F8A36A0133A3620120BDE859
:10D8C000F081012B22D004F1200804F10807A2887E
:10D8D000A38B9A420AD1E07F0028F0D04246394615
:10D8E0003046FDF740FD0028E9D1A080A2882B46F4
:10D8F00039463046FDF7D5F908B1831CDFD1A3883E
:10D90000023003F10103A380E1D0D4E728460223CB
:10D9100000F8083B0249CCE700BF98DE020097DE22
:10D92000020010B501F12C020C460831FDF71BFD79
:10D9300008B9A080A06210BDFEF791B8000030B514
:10D940000C4D0A44914200D130BD11F8013B83EAED
:10D95000000404F00F0455F8244084EA101080EA13
:10D96000131303F00F0355F8233083EA1010E9E78F
:10D9700000BFD82103000B460146184601F07DBFC9
:10D9800000F074B80268D207034605D4427802B1A9
:10D99000FFDE0120587070470020704701230360AC
:10D9A0007047012838BF012010B504462046DEF735
:10D9B00012FB00B110BD00F05CF808B900F0D5FE14
:10D9C0008047F3E708B500F0D0FE08B500F0CDFEC3
:10D9D00008B500F0CAFE012A30B403D10B780370F9
:10D9E00030BC7047002AFBD030BC01F030B82DE9C4
:10D9F000F041DDE906680D4617461C4636B19642F1
:10DA000030D8324619462846FFF7E5FFB8F1000F37
:10DA100011D0BE420FD04246E919A819FFF7DBFF2B
:10DA2000BE4208D9EB19A219934206D332462146C9
:10DA30002846FFF7D0FFBDE8F081A34208D8641B59
:10DA4000E41B3444324629192846E2F783FFF2E703
:10DA50001F1B3A4621462846FFF7BDFFF21BA919B6
:10DA6000E819F2E7B8F1000FD5D1DBE7DEF7B8BA75
:10DA70000000024B1868BFF35B8F704700BF2C4952
:10DA8000002008B52DED028BB0EE408A00F057F96A
:10DA9000B4EE488AF1EE10FA06D6DFED098AB4EE4C
:10DAA000E88AF1EE10FA02D4BDEC028B08BD01F059
:10DAB000B4FE88EEA80ABDEC028B2123036008BDEA
:10DAC00000BF0000000010EE103A184923F0004299
:10DAD0008A421AD9B2F1FF4F02D330EE400A7047A2
:10DAE00000B583B0684600F02EF900F0030001286D
:10DAF000DDED010A9DED000A10D0022809D090B991
:10DB000000F053F803B05DF804FBDFED090A00F004
:10DB10004CB800F04AF8B1EE400AF3E700F0C7F85D
:10DB2000B1EE400AEEE7012000F0C1F8EAE7D80FB5
:10DB3000493F0000000010EE103A194923F000425E
:10DB40008A421BD9B2F1FF4F02D330EE400A704730
:10DB500000B583B0684600F0F6F800F00300012835
:10DB6000DDED010A9DED000A13D002280BD098B913
:10DB7000012000F09CF803B05DF804FBDFED0A0A19
:10DB8000002000F094B8012000F091F8B1EE400AB6
:10DB9000F1E700F00AF8EEE700F007F8B1EE400A0E
:10DBA000E9E7D80F493F0000000010EE103A23F0DB
:10DBB0000043B3F1485F2CD2FDEEC07A17EE903AE5
:10DBC000002B60D060EE007A9FED317A9FED315AE4
:10DBD000DFED315A9FED316ADFED316AA7EE875AEA
:10DBE0009FED307AE7EE855AA7EEA56AA7EE867A12
:10DBF000E7EE876A67EEA66A60EEC00AB6EE007AC4
:10DC0000E7EEA60AB7EE000AD7EE870A30EE600A02
:10DC1000704760EE007A9FED1D7A9FED1D5ADFED93
:10DC20001D5A9FED1D6ADFED1D6A1E4AA7EE875A39
:10DC300093429FED1B7AE5EE275AA5EEA76AA6EE62
:10DC4000277AE7EE276A66EEA76AD5D9174A934284
:10DC500014D803F17F4307EE103AB7EE006A36EEB0
:10DC6000476A60EEC00AF6EE005A97EEA57AE7EE34
:10DC7000A60A37EE607A36EE470A7047B6EE076AB4
:10DC8000B5EE027AEDE7B7EE000A704700BF4ED757
:10DC900047ADF6740F317CF293B4010DD037ABAAC7
:10DCA0002A3D610BB6BA9999993E0000483F10EEA3
:10DCB000103A23F00043B3F1485F04D2FDEEC07A7E
:10DCC00017EE903A5BB360EE007A9FED157ADFEDC8
:10DCD000155A9FED156ADFED156AE7EE875A9FED3D
:10DCE000147AA5EEA76A20EE275AE6EE276AA6EE7A
:10DCF000A77A30B9DFED106AE7EE876AA6EE850AEB
:10DD0000704727EE457AF6EE006AA0EEA67ADFEDC0
:10DD10000A6AD7EE270AE5EE260A30EE600A704757
:10DD200000BFD3C92E2F342FD7B21BEF3836010DC9
:10DD300050B98988083CABAA2ABEABAA2A3EB1EEEC
:10DD4000C00A704700BF70B510EE103A884A23F041
:10DD50000044944286B0054671D9854A94421E46D5
:10DD600024D823F00042002BDFED837A834922F090
:10DD70000F02B0EE407A40F3E0808A4270EE677A9C
:10DD800009BF9FED7E7ADFED7E6ADFED7E6A77EE7A
:10DD9000C77A37EEE67A77EEC77A80ED007A77EECB
:10DDA000E67AC0ED017A012006B070BD774A944250
:10DDB00052D9B4F1FF4F48D2E215863AA4EBC253D0
:10DDC00007EE903ABDEEE77ADFED716AB8EEC77AFA
:10DDD00077EEC77A8DED037A67EEA67ABDEEE77A25
:10DDE000B8EEC77A77EEC77A8DED047A67EEA67A39
:10DDF000F5EE407AF1EE10FACDED057A40F098801C
:10DE0000B5EE407AF1EE10FA0CBF0123022360490F
:10DE100001910221009103A8294600F0CCF8002EC0
:10DE2000C2DA95ED007AD5ED017AB1EE477AF1EEDE
:10DE3000677A85ED007AC5ED017A4042B4E70022A9
:10DE400085ED000A42600020AEE770EE407AC0ED3A
:10DE5000017AC0ED007AF6E700F0A5F89FED4E7A62
:10DE60009FED456AF6EE007AE0EE077A9FED457A7F
:10DE7000FDEEE77A17EE900AF8EEE76A1F28A6EEA5
:10DE8000C60A66EE877AB1EE666A20DC434A411E16
:10DE900026F0004352F8212023F0FF03934216D0CE
:10DEA00030EE677A30EE470A002E30EE670A85EDD5
:10DEB000007A85ED010ABFF677AFB1EE477AB1EE91
:10DEC000400A85ED007A85ED010A40426CE730EEAC
:10DED000677AE21517EE103AC3F3C753C3EBD45376
:10DEE000082BDFDD9FED267A9FED275AF0EE405A92
:10DEF000E6EE075A70EE657AE6EE077AD6EE857A98
:10DF000035EEE77A17EE103AC3F3C753D21A192A3F
:10DF100010DD9FED227A9FED225AB0EE650AA6EE43
:10DF2000070A75EEC07AE6EE077AD6EE857AB7E78D
:10DF300003236CE7B0EE650AB4E78A4270EE277AF5
:10DF400009BF9FED0E7ADFED0E6ADFED0E6A77EE08
:10DF5000877A37EEA67A77EEC77A80ED007A77EE89
:10DF6000A67AC0ED017A4FF0FF301DE700BFD80F51
:10DF7000493FE3CB1640800FC93FD00FC93F004453
:10DF800035374344353708A3852E800F49430000B9
:10DF900080439822030084F9223F1822030000A343
:10DFA000852E32318D2410EE103A23F0004300EE1E
:10DFB000103A704700BF2DE9F04F2DED048BDBB018
:10DFC0001C46944603930A46CD4B68991CF1040FF6
:10DFD00053F82160824604F1FF38C0F24982BCF157
:10DFE000030348BF0CF10403DB10029301334FEA33
:10DFF000C30EACEB0E030593029B16EB0800A3EBDC
:10E00000080316D401309FEDBE7A699C18441EA9FE
:10E01000002BA4BF54F8235007EE905A03F10103DC
:10E02000ACBFF8EEE77AF0EE477A8342E1EC017A92
:10E03000EED1002EC0F2B182039B1EA901EB830436
:10E0400046AD4FEA83094046F7180AEB8301B8F161
:10E05000000FDFEDAB7A09DBA3465346F3EC016A10
:10E060003BED017A8B42E6EE877AF7D10130B84278
:10E07000E5EC017A04F10404E9D10DF1280B0BEB76
:10E080008603CDE9062E043B9FEDA09ADFED9E8A24
:10E09000059804930AEB090446AF0BEB860900963A
:10E0A000CDF820C05AAB03EB8603002E13ED140A03
:10E0B0004FEA860515DD7B195A4660EE097AB0EE07
:10E0C000407AFDEEE77A73ED016AF8EEE77ABB423B
:10E0D000A7EEE87A37EEA60ABDEEC77AA2EC017A7F
:10E0E000EBD1019000F0CFFAF4EE007AB0EE408A66
:10E0F00020EE270A00F07DFAF2EE007AA0EE678AA1
:10E1000001980028FDEEC89AF8EEE97A38EE678AA1
:10E110006CDD06F1FF3EC0F108035BF82E2042FAE9
:10E1200003FC0CFA03F3D21AC0F1070119EE903A7E
:10E130004BF82E200A416344002A09EE903A00F37E
:10E14000F080B5EE408AF1EE10FA40F09D80009B21
:10E150009E420ADD5D44002355F8041D4D4543EA07
:10E160000103F9D1002B40F0F280009B013B5BF8EA
:10E170002330002B40F0E780049B012153F8042D4D
:10E180000131002AFAD0731C31449C46029D039A47
:10E1900005EB030E0EF1804E699D32440EF1FF3EF9
:10E1A00007EB83061EAB05EB8E0E03EB8205DEED5F
:10E1B000017AF8EEE77AB8F1000F0EF1040EE5EC03
:10E1C000017ADFED4F7A09DB2A465346F3EC016A08
:10E1D00032ED017AA342E6EE877AF7D10CF1010C19
:10E1E0006145E6EC017AE2DA0E465BE740F08F80AB
:10E1F000731E5BF82320D211002AA2DD19EE903A9B
:10E20000002E03F1010309EE903A40F3D481594600
:10E210004FF0000E51F8043B002B6AD0C3F5807319
:10E2200041F8043C04E00B68C3F1FF0341F8043BF0
:10E230000EF1010E7645F6DC01239E4600280ADD2C
:10E24000012878D0022806D1711E5BF8213003F036
:10E250003F0C4BF821C0022A7FF473AFB7EE000ADF
:10E26000734630EE488A002B3FF46BAF0992019061
:10E2700000F009FA38EE408A0198099AB5EE408A12
:10E28000F1EE10FA3FF463AF9246DDE9062EDDF8B9
:10E2900020C00196AEEB0C00B0EE480A009E009242
:10E2A00000F0F1F9DFED186AB4EEE60AF1EE10FACB
:10E2B000DDE90023F0EE407AC0F250819FED137A41
:10E2C000059920EE077A0831BDEEC77A0591B8EEC0
:10E2D000C77A5C1CE7EE667ABDEEC77AFDEEE77A98
:10E2E00017EE901A4BF8231017EE103A4BF8243023
:10E2F00046E00EF1010EB6458CDB9E469EE7DC251E
:10E30000030000000000000080430000803BF6EEA8
:10E31000007AB4EEE78AF1EE10FA80F298800022DB
:10E320000FE70133002E09EE903A3FF770AF00235C
:10E3300001289E4686D1711E5BF8213003F07F0CC8
:10E340004BF821C087E7731C9C4619461EE73346ED
:10E350009246DDE905125C1EA1F108005BF824106D
:10E36000009E059061B903F18043013B0BEB8303F1
:10E37000014653F8040D013C08390028F9D00591F5
:10E3800005980092B7EE000A00F07DF9002C009A83
:10E39000B0EE407AC0F20581601C46AD5FED256AA3
:10E3A00081000BEB800305EB800073ED017AF8EE42
:10E3B000E77A5B4567EE877A27EE267A60ED017A89
:10E3C000F3D10DF1C8080B1F46A8C718C646A446CE
:10E3D00000259146002E73DB844ADFED847A3846AF
:10E3E000002301E0AB4208DCF2EC016AB0EC017AF8
:10E3F00001339E42E6EE877AF4DA0CF1FF3CBCF181
:10E40000FF3FEEEC017A05F10105A7F10407E1D128
:10E41000689B022B4A4656DC002B2EDC0ED1DFED2A
:10E42000737A414431ED017A414577EE877AF9D12B
:10E430005346002B40F0AE80C2ED007A19EE903AC0
:10E4400003F007005BB0BDEC048BBDE8F08F19EE64
:10E45000903A002E03F1010309EE903AC8BF022260
:10E460003FF7D5AEF7EE007A37EEC88A022268E6AB
:10E4700000234FF0080E0293BBE59FED5C7A414408
:10E4800071ED017A414537EE277AF9D1DDED327A27
:10E49000534677EEC77A002B75D182ED007A64B1CE
:10E4A00033A90123B1EC017A01339C4277EE877ADC
:10E4B000F8DA53460BB1F1EE677AC2ED017ABDE7A7
:10E4C000DFED4B7A99E7689B032BB7D1002C7ED008
:10E4D00008EB840595ED007AA0002B46294671EDE6
:10E4E000017AF0EE476A37EE277A414577EEC77A30
:10E4F00081ED007A77EEA67AC1ED017AEFD1012C99
:10E5000065D095ED007A08F1040173ED017AF0EE23
:10E51000476A37EE277A994277EEC77A83ED007A19
:10E5200077EEA67AC3ED017AEFD1031DDFED307AE5
:10E53000434408F1080833ED017A984577EE877A6D
:10E54000F9D15346DDED326A9DED337A73B9C2EDF0
:10E55000006A82ED017AC2ED027A6FE7FDEEC07AC1
:10E560001C4617EE901A4BF8231009E7F1EE666A85
:10E57000B1EE477AF1EE677AC2ED006A82ED017A78
:10E58000C2ED027A5AE7B1EE477A82ED007A002CAA
:10E5900086D190E7F1EE677A4EE7039B4FEA830955
:10E5A0006BE5689B022B0EDC002B13DC7FF446AF7F
:10E5B000DFED0F7A3CE7022A7FF4C3ADF7EE007A75
:10E5C00037EEC88ABDE5689B032B7FF437AFDFEDDC
:10E5D000077AB6E75346DDED327A13B900231360AC
:10E5E0006BE74FF00043136065E7B02503000000C0
:10E5F000000010EE102AC2F3C7537F3B162B22F007
:10E60000004129DC002B104618DB1A4919410A4247
:10E6100021D0DFED197A70EE277AF5EEC07AF1EEAF
:10E6200010FA18DD002A04DA4FF4000242FA03F36C
:10E63000184420EA010300EE103A7047DFED0F7A2C
:10E6400070EE277AF5EEC07AF1EE10FA03DD002ABB
:10E6500008DB9FED0A0A7047B1F1FF4FFBD330EEA4
:10E66000000A7047DFED077A0029BFEE000A08BFF5
:10E67000B0EE670A7047FFFF7F00CAF249710000E1
:10E6800000000000008010EE103A33F000411A46FE
:10E6900027D0B1F1FF4F21D213F0FF4F22D1DFED90
:10E6A0002B7A2B4A60EE277A904217EE903A33DBB2
:10E6B0004CF2503CC3F3C75160451A46A1F1190111
:10E6C00016DDDFED247ADFED246A002BB0EE677AE9
:10E6D000B8BFF0EE667A27EE870A704730EE000A80
:10E6E000704770474CF2503C60454FEAD151E8DC2E
:10E6F0000144FE29E5DC002915DC11F1160F19DBB8
:10E70000193122F0FF4242EAC15207EE902A9FEDF2
:10E71000130A27EE800A7047DFED127A07EE103AEF
:10E7200027EE270A704722F0FF4242EAC15300EE6B
:10E73000103A7047DFED0B7ADFED0B6A002BB0EE7D
:10E74000677AB8BFF0EE667A27EE870A7047000056
:10E75000004CB03CFFFFCAF24971CAF249F1000017
:10E7600000336042A20D6042A28D08B5062001F080
:10E7700034F8012003F06BF80028B8BF404270471E
:10E78000000008B5064B044613B10021AFF300802A
:10E79000044B1B6803B19847204603F058F800006B
:10E7A0000000684A00200CB430B5174B0C1E1D68E1
:10E7B0009DB008DA8B232B604FF0FF301DB0BDE811
:10E7C000304002B070474FF40273ADF8143014BFFC
:10E7D00004F1FF332346049307934FF6FF7302902F
:10E7E0000690ADF81630209A21AB02A92846019375
:10E7F00001F0E3F9431CBCBF8B232B60002CDDD060
:10E80000029B00221A70D9E700BF440100200EB419
:10E8100000B59CB01DAB029006906FF00041094816
:10E8200007910491094953F8042B0591006801935D
:10E8300002A901F0C2F9029B00221A701CB05DF817
:10E8400004EB03B07047440100200802FFFF0023DF
:10E8500010B50446C0E90033C0E904338360818108
:10E860004366C2818361194608225C3000F009F9D1
:10E870000D4B63620D4BA3620D4BE3620D4B2363A3
:10E880000D4B24629C4206D003F16802944202D0F0
:10E89000D0339C4205D104F15800BDE8104000F08F
:10E8A000E6BF10BD00BFC9C50200EFC5020027C604
:10E8B00002004BC6020030490020024A03490348C7
:10E8C00000F069B800BF3001002025C502004801F2
:10E8D000002041680C4B994210B5044601D001F06C
:10E8E00078FCA168094B994202D0204601F071FCE6
:10E8F000E168064B994204D02046BDE8104001F083
:10E9000068BC10BD00BF3049002098490020004A73
:10E91000002010B50B4B0B4C0C4A1A60204600220D
:10E920000421FFF794FF04F1680001220921FFF799
:10E930008EFF04F1D0000222BDE810401221FFF743
:10E9400086BF684A0020304900200DAC0200014813
:10E9500000F08FBF00BF934A0020014800F08BBF3A
:10E9600000BF934A002010B50446FFF7F0FF236A6A
:10E970001BB1BDE81040FFF7F0BF044B2362044B0E
:10E980001B68002BF5D1FFF7C4FFF2E700BF25ACF1
:10E990000200684A00202DE9F843074688461446DD
:10E9A0000026D4E90195B9F1010905D52468002CA8
:10E9B000F7D13046BDE8F883AB89012B07D9B5F90B
:10E9C0000E30013303D029463846C0470643683528
:10E9D000E9E7C9B20346184613F8012B12B18A427F
:10E9E000F9D17047002918BF0020704770B5034661
:10E9F0001E4613F8014B44B14A1E01E0A54204D063
:10EA000012F8015F002DF9D1F2E7301A70BD70B530
:10EA100003461E4613F8014B3CB14A1E01E0A542D5
:10EA2000F7D012F8015F002DF9D1301A70BD10B582
:10EA300001390244904201D1002005E0037811F829
:10EA4000014FA34201D0181B10BD0130F2E78842EC
:10EA500010B501EB020402D98442234607D8431EB5
:10EA6000A14208D011F8012B03F8012FF8E7024466
:10EA700001468A4200D110BD13F8014D02F8014D44
:10EA8000F7E702440346934200D1704703F8011BA5
:10EA9000F9E738B50B4B1D686B6B044653B924205E
:10EAA000DDF799FA0246686320B9064B0748322120
:10EAB00000F0BFFF696B2046BDE8384000F007B8A2
:10EAC00000BF44010020A3DE0200BADE02002DE9EF
:10EAD000F0410C46074600F09CFE214605463846AC
:10EAE00001F0DBFC43699907044603F26C7806D118
:10EAF000642298FBF2F302FB1383002B71D14FF4D5
:10EB0000C87298FBF2F302FB1383B3FA83F35B0939
:10EB10005E42644B06F030061E4400F002FC00F03A
:10EB20000CFC614B1B68002B6AD06B6843455AD1C3
:10EB3000D7E900232F68D5E90801002F5BD1824275
:10EB400073EB01015EDB012323622B6D61684FF4DF
:10EB5000616293FBF2F002FB10333C2293FBF2F56F
:10EB600002FB153223689B1AA2682360491B121A04
:10EB70003B2B6160A26051DD013161603C3B236051
:10EB800063683B2B50DD0132A2603C3B6360A368AD
:10EB9000172B4FDDE2690132E261A2690132072AD7
:10EBA000A8BF0022A261E268183B0132A36023697A
:10EBB000E26056F823108A420EDD0B2BA2EB010215
:10EBC000E26003F1010209BF63692261002201339F
:10EBD00002BF22616361E26100F0A9FB2046BDE84B
:10EBE000F081012394E7404600F0E7FA00289FD126
:10EBF0004FF0FF3304E0824273EB010102DA00239D
:10EC0000236209E0D5E9120182428B41B4BF01239E
:10EC100000232362002B98D1AB6A97E7002BAFDA71
:10EC2000013961603C33AAE7002BB0DA013AA260F7
:10EC30003C33ABE7002BCFDAE269013AE261A2692B
:10EC4000013A48BF0622A261E2681833013AE26045
:10EC5000A360002AC0D12369013B05D42361236945
:10EC600056F82330E360B7E70B23236163695A1E2C
:10EC70006261920703F26B7305D1642193FBF1F299
:10EC800001FB123262B94FF4C87293FBF2F102FB3E
:10EC90001133B3FA83F35B0903F5B673E361DEE77F
:10ECA0000123F9E700BF482603008C4A0020F7B58E
:10ECB00001683B29044611D93C22684600F0D7FE82
:10ECC000019A63680099002A0B446360BBBF3C3221
:10ECD00003F1FF3322602260B8BF636061683B29A3
:10ECE00011D93C22684600F0C2FE019AA36800993F
:10ECF000002A0B44A360BBBF3C3203F1FF336260C8
:10ED00006260B8BFA360A168172911D918226846AC
:10ED100000F0ADFE019AE3680099002A0B44E3601D
:10ED2000BBBF183203F1FF33A260A260B8BFE3603B
:10ED300021690B2911D90C22684600F098FE019A2E
:10ED400063690099002A0B446361BBBF0C3203F175
:10ED5000FF3322612261B8BF636163699A071CD1E6
:10ED6000642193FBF1F201FB1232C2B903F26C731E
:10ED70004FF4C87293FBF2F102FB1133002B0CBF6E
:10ED80001D231C23E268002A0BDC314D0B2064217B
:10ED9000E668002E30DD03B0F0BD1C23F2E71D2332
:10EDA000F0E72B4DD4E90312012A14BF55F82200D5
:10EDB00018468142EFDD0132091A0C2AE160226116
:10EDC000F0D1636900215A1C2161910762613CD135
:10EDD000642192FBF1F001FB1022002A37D103F2EB
:10EDE0006D734FF4C87293FBF2F102FB1133002BE9
:10EDF0000CBF1D231C23D5E72269013A2261013291
:10EE000016D163695A1E9707C4E9040219D192FB0F
:10EE1000F1F701FB1722B2B903F26B734FF4C8721A
:10EE200093FBF2F702FB1733002B0CBF1D231C23AF
:10EE30002269012A14BF55F822201A463244E260A2
:10EE4000A6E71C23F4E71D23F2E71C23AAE71D23F2
:10EE5000A8E7182603002DE9F04F85B0074600F01B
:10EE6000D8FC81463846FFF722FFD7E900433C2211
:10EE700002FB0344BB687D694FF4616202FB0344FB
:10EE8000D7E90363C04A52F82320013E012B164400
:10EE900011DDA9070FD1642295FBF2F302FB135396
:10EEA00043B905F26C734FF4C87293FBF2F102FBA5
:10EEB000113303B9013605F51C53103344F62062B3
:10EEC0009342FE6100F26A81462D40F38E80462314
:10EED00040F26D1C64214FF4C8709A077FD193FBF8
:10EEE000F1F201FB1232002A7CD103F26C7292FB28
:10EEF000F0FE00FB1E22002A0CBF4FF4B7726246E0
:10EF000001339D421644E8D1A04B4FEAE478C6FB9A
:10EF1000034800F006FA00F010FA9C4B1B68002B27
:10EF200000F04381D7F820A078695346012BA8BF91
:10EF300001230193D9F8043000F26C70834240F051
:10EF40009680D9E90821D9F85000D9F84CC0131A95
:10EF50000393D9F848300293029AD9F8283061EB2C
:10EF6000E07BB2EB030E6CEBE371744578EB0102CE
:10EF700080F28580D9F80020002A00F08D80039A65
:10EF8000944278EB0B02C0F20D81744578EB0101DD
:10EF9000B4BF4FF0010B4FF0000BBAF1000F80F23D
:10EFA0008780BBF1010F40F00281D9F850301C1965
:10EFB00048EBE3784FF0010B00F0B9F90436072372
:10EFC00096FBF3F3C3EBC303F61A00F1E580C7F831
:10EFD00020B0BE612046414605B0BDE8F08F40F24A
:10EFE0006D128DE74FF4B7728AE78DD0452340F25A
:10EFF0006D1C64214FF4C87012E062BB93FBF1F208
:10F0000001FB123252BB03F26C7292FBF0FE00FB6A
:10F010001E22002A0CBF4FF4B7726246B61A013B9B
:10F020009D4203F00302E8DBDAB9642295FBF2F3B8
:10F0300002FB1353C3B905F26C734FF4C87293FB10
:10F04000F2F102FB1133002B40F26D1308BF4FF4B5
:10F05000B773F61A58E740F26D12DFE74FF4B77254
:10F06000DCE740F26D13F4E74FF4B773F1E700F01B
:10F07000A4F800287FF465AFDDF804B091E7029AA8
:10F08000121A02924FEAE0726CEB020C029A94425E
:10F0900078EB0C0CF0DB6DE7039A944278EB0B02F3
:10F0A000FFF673AFBAF1000FFFF67FAF4FF0010B21
:10F0B000019A82EA0B0ABAF1010F7FF472AFBBF139
:10F0C000000F37D01B1A3A681A441C193A603846A8
:10F0D000FA68019248EBE378FFF7E9FDFB68019AD3
:10F0E0009B1A3FF45EAF012B26DCB3F1FF3FA8BFB4
:10F0F0009A46FB691AEB0303564426D56B1E990703
:10F100001DD1642293FBF2F102FB1133D3B94FF40A
:10F11000C87305F26B7595FBF3F203FB1255002DD6
:10F1200040F26D1318BF4FF4B673FB6139E74FF02F
:10F13000000BBDE7C31AC6E74FF0FF3AD9E74FF41B
:10F14000B673F2E740F26D13EFE7AA0717D1642117
:10F1500095FBF1F201FB1252DAB94FF4C87205F2D5
:10F160006C7595FBF2F102FB1155002D40F26D120A
:10F1700008BF4FF4B7729342A8BF9B1AD5E740F27D
:10F180006D12F8E700BFE8250300805101008C4AAA
:10F1900000204FF4B772EEE7073618E74FF0FF3460
:10F1A000A04617E7BAF1000FC1DA4FF0000BD9F80B
:10F1B00028301C1948EBE378FEE62DE9F8430446B5
:10F1C00000F027FB40F2B1739C4240F3A3806FF440
:10F1D000F6616518A4F2B27340F26D12AD1002FB35
:10F1E00003556FF4C8666FF06302A4F26D7393FB6E
:10F1F000F2F31D44A319484E44604FF4C87201460F
:10F20000B3FBF2F300F150071D440B7AD1F814C0A0
:10F210004A2B38D1A20705EB0C0306D14FF0640E40
:10F2200094FBFEF20EFB124232B94FF4C87E94FBFF
:10F23000FEF20EFB12421ABBBCF13B0FD4BF4FF0E3
:10F24000000C4FF0010C6344013B8A694FEAE27CF9
:10F25000C3FB062C8B6AD2184CEBE373C1E908237D
:10F2600028318F42D1D1D0E90843D0E912128C4223
:10F270009341B4BF0123002303600120BDE8F8835C
:10F280004FF0000CDFE7442B02D105EB0C03DCE769
:10F29000A30705D1642294FBF2F302FB134393BB53
:10F2A0004FF4C87294FBF2F302FB1343B3FA83F3F7
:10F2B0005B09DFF868E0D1F80C905B4203F03003A3
:10F2C0002A464FF00008734408F10108C14553F87D
:10F2D00028E01ADC02F10408072398FBF3F3C3EBE0
:10F2E000C303A8EB0303BCEB030C0B6903F1FF336F
:10F2F00048BF0CF1070CC3EBC3039C44F44506DA8A
:10F3000002EB0C03A1E70123D3E77244DCE7ACF185
:10F31000070CF3E70020B1E700BF8051010044264D
:10F320000300014800F0A4BA00BF904A0020014841
:10F3300000F0A0BA00BF904A0020014B186800F00E
:10F3400002B8440100202DE9F04F8DB0074600F0CF
:10F3500060FABC49BD4D0446384600F0CCFB064679
:10F3600010BBBA4BBB4A1860BB4BA0621860BA4BCB
:10F370002065C3E900224A2100220023C4E90300DA
:10F38000C4E90500C4E90D00C4E90F00C4E908237D
:10F39000C4E912232868217284F83010DCF720FEBB
:10F3A0002E600DB0BDE8F08F2968002940F08E80F6
:10F3B0002868DCF715FE304600F0DFFA411C3846BD
:10F3C000DCF70BFE2860002840F08680A24ADFF8B8
:10F3D0008882DFF878A200231360A04ACAF80030C0
:10F3E00000200021C8E90022C4E90333C4E9053341
:10F3F000C4E90801C4E90D33C4E90F33C4E91201BB
:10F400004A222272A36284F83020236533783A2B93
:10F4100008BF013633783C2B62D1751C914A914963
:10F420000AAB284600F0FDFE0028BADD0A9BDA1E72
:10F43000072AB6D8EB5C3E2BB3D102360A9BF518EF
:10F44000F35C2D2B5AD101354FF0FF390023ADF875
:10F450001E30ADF8203008AF0AABCDE90137039379
:10F460000DF11E03009380490AAB07AA284600F05D
:10F47000D8FE002895DDBDF81E30BDF820603C2286
:10F4800002FB0366BDF81C304FF4616202FB0366A9
:10F490000A9B09FB06F605EB0309EB5C3C2B40F0ED
:10F4A000EE8009F10105714A6F490AAB284600F068
:10F4B000B8FE002828DC99F801303E2B24D1684B97
:10F4C000A662C8E90033CAF800606AE700F09FFA54
:10F4D00000287FF46DAF64E7314600F0A2FA75E7CB
:10F4E000604A63490AAB304600F09BFE00287FF774
:10F4F00058AF0A9B033B072BA0D952E72B2B08BF21
:10F5000001354FF00109A1E70A9BDA1E072A3FF6F1
:10F5100048AFEB5C3E2B7FF444AF09F102090A9B34
:10F5200009EB030519F803302D2B40F0B7800135A6
:10F530004FF0FF390023ADF81C30ADF81E30ADF8A8
:10F5400020300A930AABCDE9027301930DF11E033B
:10F55000009345490AAB07AA284600F062FE00283E
:10F5600000F3A280A6F5616304930A9B27461D441D
:10F570004FF0000B2B782C2B08BF013595F800902D
:10F58000B9F14D0F40F0A3800AAB0DF12602CDE991
:10F59000013209AA0092374903930DF1220228464D
:10F5A00000F03FFE03287FF4FCAEBDF822104B1E96
:10F5B0000B2B3FF6F6AEBDF82420531E042B3FF66E
:10F5C000F0AEBDF82630062B3FF6EBAEC7E90312CE
:10F5D00087F808907B610A9B05EB030900254FF033
:10F5E0000203ADF81C30ADF81E50ADF820500A955E
:10F5F00099F800302F2B40F096800AAB08AACDE98D
:10F6000001320DF11E0200921C49039307AA4846DD
:10F6100000F007FEA84200F386804A210022002362
:10F62000C4E90355C4E90555C4E90823C4E90D55E7
:10F63000C4E90F55C4E912232172A56284F8301081
:10F640002565AEE600BF1CDF02006C4A0020884A38
:10F6500000201FDF02008C4A00203C01002044DC17
:10F6600002007C4A002023DF020058DF0200704ABB
:10F67000002036DF020044DF020057DF02003E4A6E
:10F680003F490AAB484600F0CCFD00287FF717AF92
:10F690000A9B033B072B7FF642AF82E62B2B08BF6A
:10F6A00001354FF0010945E7BDF81E20BDF82030B7
:10F6B0003C2101FB0233BDF81C204FF4616101FBCA
:10F6C000023309FB03F34FE74FF0010B52E7B9F1A7
:10F6D0004A0F06BF01354B4644230A220BA9284690
:10F6E000059300F0BEFEDDF82C90059BADF82600DA
:10F6F000A94514D14D23BBF1000F07D1237203217B
:10F700000223C4E90313C4F814B067E784F8303067
:10F710000B220123C4E90D230023E3635EE780B2DB
:10F720003B7278615AE7BDF81E20BDF820303C21BD
:10F7300001FB0233BDF81C204FF4616101FB023371
:10F74000BB610A9D28374D44BBF1000FBCD0049B20
:10F7500023650B4BC8F800306068074BA662C8F8F9
:10F760000430FFF72AFDA26A236DCAF800209B1A15
:10F77000054A18BF0123136013E6704A002036DFE4
:10F7800002007C4A00208C4A00201F2938B505461B
:10F790000C4604D9162303604FF0FF3038BDC26B0E
:10F7A00012B152F821304BB9284600F030F8224609
:10F7B00001462846BDE8384000F017B8012B0AD0B2
:10F7C000591C03D1162303600120E7E7002142F80A
:10F7D0002410204698470020E0E7024B01461868B5
:10F7E000FFF7D3BF00BF4401002038B5074D002309
:10F7F0000446084611462B6002F009F8431C02D16A
:10F800002B6803B1236038BD00BF944A002001F08B
:10F81000EEBF0048704798010020014B1868704700
:10F8200000BF4401002070B50D4D0D4C641BA410A9
:10F830000026A64209D10B4D0C4C02F00AF8641BBD
:10F84000A4100026A64205D170BD55F8043B984788
:10F850000136EEE755F8043B98470136F2E7F4012C
:10F860000020F4010020F4010020FC01002070477A
:10F870007047704770477047000010B50446044851
:10F88000134620B10A4602202146AFF3008010BD86
:10F8900000BF00000000000000000000000001F0B8
:10F8A000FF01102A2BDB10F0070F08D010F8013BE6
:10F8B000013A8B422DD010F0070F42B3F6D1F0B4CD
:10F8C00041EA012141EA014122F007047FF00007EB
:10F8D0000023F0E80256083C85EA010586EA0106A5
:10F8E00085FA47F5A3FA87F586FA47F6A5FA87F66B
:10F8F0008EB9EED1F0BC01F0FF0102F0070232B187
:10F9000010F8013B013A83EA010313B1F8D100205A
:10F91000704701387047002D06BF35460338073859
:10F9200015F0010F07D1013015F4807F02BF0130BF
:10F9300015F4C03F0130F0BC0138704700BF0A44E5
:10F94000914200F1FF3300D1704710B511F8014B1F
:10F9500003F8014F9142F9D110BD10B50C4600F0EB
:10F9600014F8D4F8020010BD0000024B01461868DC
:10F97000FFF7F3BF00BF44010020034613F8012B3B
:10F98000002AFBD1181A01387047F8B5036B0546F9
:10F990000C46B3B91820DCF71EFB0246286320B9D9
:10F9A000164B16488B2100F044F81549164BC0E958
:10F9B0000013154B83600B23838100210120C2E9D2
:10F9C0000401286B678803892588C6888189B4F873
:10F9D00004C0408905FB03F27B4305FB061106FBCF
:10F9E000072206FB0C3302EB114205FB003303EB4D
:10F9F000124321806280A380F8BDA3DE02006ADF8B
:10FA000002000E33CDAB34126DE6ECDE050010F8CB
:10FA1000012B11F8013B012A28BF9A42F7D0D01AD6
:10FA20007047034611F8012B03F8012B002AF9D186
:10FA300070471FB514461A46094B1B680546D8681F
:10FA40004CB1074B0091CDE9013406492B4600F03B
:10FA500058FCFEF78AFE044B1C46F3E700BF440146
:10FA60000020CDDF0200DADF020044DC020010B526
:10FA700091FBF2F402FB14110460416010BD2DE90A
:10FA8000F84FDFF86CA006468946174600F0F1FDF6
:10FA9000DAF8004034B14B46984613F8012B3AB1DE
:10FAA0003D2AF9D1304600F0EAFD0020BDE8F88F8C
:10FAB000A8EB0908A34654F8040B0028F2D04246EC
:10FAC000494600F0D8FC0028F4D154F8043C03EB7C
:10FAD000080513F808303D2BECD1DAF80030ABEB19
:10FAE00003039B1030463B6000F0C9FD681CDDE756
:10FAF00000BFF001002007B501AAFFF7C0FF03B067
:10FB00005DF804FB2DE9F0478E681F46BE420B6886
:10FB100082460C4690462DD8B1F90C2012F4906F15
:10FB200026D06569096905EB4505A3EB010905EBDD
:10FB3000D5757B1C4B446D109D4238BF1D46530547
:10FB400027D52946DCF749FA064660B321694A46BB
:10FB5000FFF7F5FEA38923F4906343F08003A381AC
:10FB6000266165614E44A5EB09052660A5603E4609
:10FB7000BE4200D93E46206832464146FEF767FF46
:10FB8000A3689B1BA3602368334423600020BDE867
:10FB9000F0872A4600F0C7FB06460028E0D121691D
:10FBA000504600F072FD0C23CAF80030A38943F0E0
:10FBB0004003A3814FF0FF30E9E72DE9F04F98466D
:10FBC0008B891B069DB007460D46144610D50B6960
:10FBD00073B94021DCF701FA2860286130B90C23A1
:10FBE0003B604FF0FF301DB0BDE8F08F40236B61EC
:10FBF0000023099320238DF82930CDF80C80302381
:10FC0000DFF89C818DF82A304FF0010923469A468F
:10FC100013F8012B0AB1252AF9D1BAEB040B0BD04A
:10FC20005B46224629463846FFF76CFF013000F05C
:10FC3000A780099A5A4409929AF80030002B00F0E4
:10FC40009F8000234FF0FF32CDE905230AF1010A1E
:10FC5000049307938DF853301A935446052214F8F1
:10FC6000011B4E48FFF71BFE049AD8B9D00644BFCB
:10FC700020238DF85330110744BF2B238DF85330C8
:10FC80009AF800302A2B15D0079A544600204FF0DE
:10FC90000A0C214611F8013B303B092B4BD9B0B17E
:10FCA000079214E0A0EB080309FA03F3134304934B
:10FCB000A246D2E7039B191D1B680391002BBBBF13
:10FCC0005B4242F0020207930793B8BF0492237885
:10FCD0002E2B0AD163782A2B32D1039B1A1D1B6865
:10FCE000039243EAE37302340593DFF8C0A021785E
:10FCF00003225046FFF7D3FD38B1049BA0EB0A0066
:10FD00004022824013430134049314F8011B244819
:10FD10008DF828100622FFF7C2FD002836D0214BAF
:10FD20001BBB039B073323F0070308330393099B93
:10FD3000334409936AE70CFB02320C460120A8E722
:10FD400000230134059319464FF00A0C204610F8A1
:10FD5000012B303A092A03D9002BC6D00591C4E7FC
:10FD60000CFB012104460123F0E703AB00932A4674
:10FD70000E4B04A93846AFF30080421C0646D6D18C
:10FD8000AB895B063FF52DAF09982CE703AB0093D9
:10FD90002A46054B04A9384600F079F8EDE709E05A
:10FDA000020013E002000000000057BE02000FE056
:10FDB00002002DE9F047164698468A680B69DDF87F
:10FDC00020909342B8BF1346336091F84320074612
:10FDD0000C460AB1013333602368990642BF336889
:10FDE00002333360256815F0060506D104F1190ABF
:10FDF000E36832689B1AAB4226DC94F843302268F1
:10FE0000003B18BF012392062BD404F14302414664
:10FE10003846C84701301ED02368226903F0060324
:10FE2000042B02BFE5683368ED1AA3680CBF25EA0E
:10FE3000E57500259342C4BF9B1AED1800261A34BD
:10FE4000B5421AD1002008E0012352464146384607
:10FE5000C847013003D14FF0FF30BDE8F0870135CE
:10FE6000C6E7E1185A1C302081F84300224494F878
:10FE7000451082F843100233C7E70123224641466A
:10FE80003846C8470130E6D00136D9E700002DE9F1
:10FE9000FF470F7E0C9E782F914680460C469A466F
:10FEA00001F1430207D8622F0AD8002F00F0D18059
:10FEB000582F00F0B88004F1420684F842703AE00E
:10FEC000A7F16303152BF6D801A151F823F079C2ED
:10FED00002008DC2020009C2020009C2020009C26A
:10FEE000020009C202008DC2020009C2020009C25A
:10FEF000020009C2020009C202008BC30200B7C29D
:10FF0000020045C3020009C2020009C20200ADC3DB
:10FF1000020009C20200B7C2020009C2020009C2FF
:10FF200002004DC3020033681A1D1B68326004F1E1
:10FF3000420684F8423001239CE033682068191D92
:10FF40003160060601D51D6803E04506FBD5B3F90F
:10FF50000050002D03DA2D236D4284F843305848B9
:10FF60000A2311E021683368080653F8045B02D4C1
:10FF7000490648BFADB26F2F5248336014BF0A2301
:10FF80000823002184F843106668A660002E05DB74
:10FF900021682E4321F0040121604BD01646B5FBA9
:10FFA000F3F103FB1157C75D06F8017D2F46BB42F5
:10FFB0000D46F4D9082B0BD12368DF0708D5236938
:10FFC00061689942DEBF302306F8013C06F1FF3636
:10FFD000921B2261CDF800A04B4603AA2146404661
:10FFE000FFF7E7FE01304AD14FF0FF3004B0BDE823
:10FFF000F087236843F0200323603248782784F891
:020000023000CC
:100000004570236831681F0651F8045B02D45F060F
:1000100048BFADB23160D90744BF43F0200323602D
:100020001DB11023ADE72648E9E7236823F020033C
:100030002360F6E71646BDE7336825686169181D39
:1000400030602E061B6801D5196002E06806FBD5FA
:100050001980002323611646BCE733681A1D3260FD
:100060001E68626800213046FFF719FC08B1801B4A
:10007000606063682361002384F84330AAE7236942
:10008000324649464046D0470130ADD023689B07F1
:1000900013D4E068039B9842B8BF1846A6E7012333
:1000A000324649464046D04701309DD00135E3688D
:1000B00003995B1AAB42F2DCEBE7002504F1190669
:1000C000F5E71AE002002BE00200B1F90C202DE95F
:1000D000F041160705460C4654D44B68002B02DC51
:1000E0000B6C002B48DDE66A002E45D0002312F48D
:1000F00080522F68216A2B6030D0626DA389590726
:1001000005D56368D21A636B0BB1236CD21A002336
:10011000E66A216A2846B047431CA38906D12968AC
:100120001D292BD82A4ACA40D60727D5002262604B
:10013000D9042269226004D5421C01D12B6803B97D
:100140006065616B2F60B9B104F14403994202D03C
:10015000284600F09AFA002363630DE00123284645
:10016000B0470246501CC9D12B68002BC6D01D2BAE
:1001700001D0162B1ED12F60002022E043F0400357
:100180001BB21BE00F69002FF6D093070E6808BF63
:100190004B690F6018BF0023A6EB07088B60B8F10E
:1001A000000FE9DD216AA66A43463A462846B04771
:1001B000002808DCB4F90C3043F04003A3814FF071
:1001C000FF30BDE8F0810744A8EB0008E7E7010035
:1001D000402038B50B6905460C4613B90025284662
:1001E00038BD18B1036A0BB9FEF7BDFBB4F90C308A
:1001F000002BF3D0626ED00704D4990502D4A06D11
:10020000FFF737FB28462146FFF75FFF636EDA07EB
:100210000546E4D4A3899B05E1D4A06DFFF72BFB31
:10022000DDE70EB430B59CB01FAC4FF4017254F84A
:10023000045BADF8142002900690FFF79EFB0B4B79
:10024000039007900B930A48019400230F93149393
:100250004FF6FF73ADF816302A46234602A9006810
:1002600000F0B7FA1CB0BDE8304003B07047EBC5F2
:1002700002004401002010B50C46B1F90E1000F048
:10028000D4F90028ABBF636DA3891B1823F48053F6
:10029000ACBF6365A38110BD002070472DE9F0411C
:1002A0001F468B89DB0505460C46164605D5B1F978
:1002B0000E100223002200F0A6F9A389B4F90E1053
:1002C00023F48053A38132463B462846BDE8F041E3
:1002D00000F0BDB910B50C46B1F90E1000F093F95D
:1002E000431CA38915BF606523F4805343F48053F6
:1002F000A38118BFA38110BDB1F90E1000F073B92E
:1003000000000EB403B5014603AB054853F8042BB7
:100310000068019300F0FDFB02B05DF804EB03B050
:100320007047440100202DE9F041074614460D4670
:1003300021B9BDE8F0411146DBF74FBE2AB900F004
:10034000A4F925462846BDE8F08100F08EFE8442DF
:10035000064602D8B4EB500FF4D821463846DBF7F6
:100360003CFE804608B94546ECE7B44222462946A1
:1003700028BF3246FFF7E3FA2946384600F085F9F0
:10038000F1E72DE9F043344E86460D46284615F830
:10039000014B375D17F00807F8D12D2C10D12C78C0
:1003A0000127851C33F0100015D1302C0DD1287891
:1003B00000F0DF00582808D16C78023510230AE0DD
:1003C0002B2C04BF2C78851CECE7002BF6D1302CAD
:1003D00014BF0A2308234FF0FF380026B8FBF3F8B8
:1003E00003FB08F96FEA09093046A4F1300CBCF1AF
:1003F000090F10D86446A3421EDDB6F1FF3F07D0B7
:10040000804516D301D1A14513DB00FB0340012633
:1004100015F8014BE9E7A4F1410CBCF1190F01D823
:10042000373CE8E7A4F1610CBCF1190F04D8573C44
:10043000E1E74FF0FF36EBE7731C06D12223CEF83D
:100440000030304632B9BDE8F08307B14042002A9F
:10045000F9D006B1691E1160F5E7A9260300FFF780
:1004600090BF13460A46014602480068FFF789BF5D
:1004700000BF4401002010B56AB10139841810F89A
:10048000012B11F8013F9A4203D1A04201D0002A6A
:10049000F5D1D01A10BD1046FCE72DE9F0414D4AC8
:1004A0000C460023D0E9000100F0B5FF002ABCBFD4
:1004B00002F5A83202F5C0724FF4616100F52F20F9
:1004C000B2FBF1F301FB13224FF03C01ACBF00F68D
:1004D0006C2000F66B20A360B2FBF1F301FB13224A
:1004E00063602260C31C072293FBF2F2C2EBC202DC
:1004F0009B1A48BF07330028A361B8BFA0F50E338D
:100500003649AEBF90FBF1F1A3F52C7393FBF1F1EB
:10051000334B03FB010048F6AC63B0FBF3F3034439
:1005200040F2B45CB0FBFCF29B1A40F26D172C4A0F
:10053000B0FBF2F264269B1AB3FBF7F2B3FBFCF3B9
:10054000B2FBF6F5EB1A034407FB1233992003EBD9
:100550008307023703F1010EB7FBF0FC00FB0CF040
:1005600002304FF00508B0FBF8F0AEEB000040F2AF
:10057000F95E77458CBF6FF00907022767444FF497
:10058000C87C0CFB0121012F98BF0131B3F5997F85
:100590000CD3A3F59973E361A1F26C710023E060C1
:1005A000C4E9047123622046BDE8F08112F0030F14
:1005B00002D106FB15255DB94FF4C875B2FBF5F6FF
:1005C00005FB1622B2FA82F252093B331344E2E7EA
:1005D0000122FAE700BF80510100B13A02004FC585
:1005E000FDFFB03A020038B5064D00230446084628
:1005F0002B6001F0ECF8431C02D12B6803B123609F
:1006000038BD944A002038B5074D044608461146C7
:1006100000222A601A4601F002F9431C02D12B681D
:1006200003B1236038BD944A002038B5074D044615
:100630000846114600222A601A4601F0F8F8431CC9
:1006400002D12B6803B1236038BD944A002038B52D
:10065000074D04460846114600222A601A4601F05A
:10066000EEF8431C02D12B6803B1236038BD944AD5
:1006700000200148FFF7FDB800BF914A0020014863
:10068000FFF7F9B800BF914A002038B505460029A8
:1006900041D051F8043C0C1F002BB8BFE41800F007
:1006A000D8FC1D4A136833B9636014602846BDE85E
:1006B000384000F0D4BCA34208D9206821188B42EE
:1006C00001BF19685B6809182160EDE71A465B688D
:1006D0000BB1A342FAD911685018A0420BD120687F
:1006E0000144501883421160E0D118685B68536080
:1006F00008441060DAE702D90C232B60D6E72068A3
:1007000021188B4204BF19685B68636004BF091835
:1007100021605460CAE738BD00BF9C4A002038B54C
:100720004B1C144603D14FF0FF35284638BD938942
:1007300023F020039381636B5268CDB28BB1A36B1E
:10074000934208DD23685A1E226003F8015C636847
:1007500001336360E9E7214600F08FFC0028F1D007
:10076000E1E72169236851B1994208D213F8011CCD
:10077000A94204D1013B013223606260D5E7C4E99C
:100780000F3204F1440363630323A363234603F896
:10079000465F23600123DCE710B50C46496B69B165
:1007A00004F14403994201D0FFF76FFF236C6360AB
:1007B0000020606313B1E36B236010BD23692360E5
:1007C00000236360A38943F02003A3814FF0FF302F
:1007D000F3E72DE9F04F0C46ADF5237D0021CDE97F
:1007E0004411A649A0910DF10408A549A64FCDF8E2
:1007F00018810646A191009392F80090B9F1000F7C
:1008000000F0588117F8093013F0080302F10105D0
:1008100019D06368002B0FDD23681A78BA5C1207C1
:1008200001D42A46E8E7459A0132459262680133CD
:10083000013A62602360ECE7A19B2146304698476D
:100840000028E9D0EDE7B9F1250F40F0858041930C
:10085000439353782A2B02BF1023951C41930A22FD
:10086000AA461AF8011BA1F13003092B1ED9DFF8A3
:1008700018B203225846FFF712F838B1419AA0EB9C
:100880000B000123834013434193554615F8013B68
:10089000782B06D8572B10D8252B5DD057D8002B96
:1008A00075D0032347930A23429388E0439B02FBBE
:1008B0000311303943915546D2E7A3F15802202A5B
:1008C000EFD801A151F822F000BFEFCC0200F5CB28
:1008D0000200F5CB020049CD0200F5CB0200F5CBBA
:1008E0000200F5CB0200F5CB0200F5CB0200F5CB00
:1008F0000200F5CB02005FCD020045CD0200A7CC7F
:100900000200A7CC0200A7CC0200F5CB020001CD6B
:100910000200F5CB0200F5CB0200F5CB0200F5CBCF
:1009200002006FCD020009CD0200E7CC0200F5CB3A
:100930000200F5CB02006BCD0200F5CB020045CDE5
:100940000200F5CB0200F5CB0200EFCC0200453BE4
:10095000022BA6D8052331E06368002B0DDD236848
:100960001A784A4540F0A680013362682360459BAF
:10097000013A01336260459353E7A19B214630461B
:1009800098470028EBD04498002840F08B804FF027
:10099000FF308BE0419A42F020024192419A42F4AA
:1009A0000072419210226E2B429202D905E0002380
:1009B0004293032302E0082342930423479363688E
:1009C000002B39DD419B590604D423681A78BA5CA0
:1009D000120738D4479B022B47DC6B46224641A9BD
:1009E000304600F0AEF9012864D002287FF419AF38
:1009F000C9E70A22D7E72946404600F0F0FA419BB2
:100A000043F04003419305460123D7E7419B43F060
:100A1000400341930023D1E70223CFE74198C30667
:100A20003FF5FFAE009B459A191D00911B68C0075A
:100A30004CBF1A801A60F4E6A19B214630469847C5
:100A40000028BFD09FE7459A013245926268013A7B
:100A5000002A626002DD01332360B6E7A19B2146D4
:100A6000304698470028B0D08DE7042B0FDC6B464A
:100A7000224641A9304600F0BEF9B4E700BF71CA72
:100A80000200EBCA0200A92603000FE002000A4B95
:100A9000002B3FF4C6AE6B46224641A93046AFF369
:100AA0000080A0E7A3895B063FF571AF0DF5237DBC
:100AB000BDE8F08F4498F9E700BF0000000093689C
:100AC000013B002B10B4936008DA9469A34201DB68
:100AD0000A2903D15DF8044B00F085BB1368581C4C
:100AE0001060197008465DF8044B7047F8B506466B
:100AF0000F461446D518AC4201D1002007E014F887
:100B0000011B3A463046FFF7DAFF431CF3D1F8BD2C
:100B100000002DE9F04F0D469DB01446984606465C
:100B200018B1036A0BB9FDF71EFF6B6ED90705D428
:100B3000AB899A0502D4A86DFEF79BFEAB891B0713
:100B400001D52B699BB92946304600F08AFB70B16C
:100B50006B6EDC0704D54FF0FF301DB0BDE8F08FA1
:100B6000AB899805F7D4A86DFEF785FEF3E700235F
:100B7000099320238DF82930CDF80C803023DFF83D
:100B8000AC818DF82A304FF0010923469A4613F8BC
:100B9000012B0AB1252AF9D1BAEB040B0BD05B4625
:100BA000224629463046FFF7A1FF013000F0A7801A
:100BB000099A5A4409929AF80030002B00F09F805D
:100BC00000234FF0FF32CDE905230AF1010A049317
:100BD00007938DF853301A935446052214F8011BDD
:100BE0005348FEF75CFE049AD8B9D10644BF2023CF
:100BF0008DF85330130744BF2B238DF853309AF8E8
:100C000000302A2B15D0079A544600204FF00A0CCA
:100C1000214611F8013B303B092B4BD9B0B107926B
:100C200014E0A0EB080309FA03F313430493A2466C
:100C3000D2E7039B191D1B680391002BBBBF5B42CE
:100C400042F0020207930793B8BF049223782E2B39
:100C50000AD163782A2B32D1039B1A1D1B68039299
:100C600043EAE37302340593DFF8D4A0217803222A
:100C70005046FEF714FE38B1049BA0EB0A00402258
:100C8000824013430134049314F8011B29488DF862
:100C900028100622FEF703FE00283FD0264B1BBB80
:100CA000039B073323F0070308330393099B3B445B
:100CB00009936AE70CFB02320C460120A8E70023E7
:100CC0000134059319464FF00A0C204610F8012B09
:100CD000303A092A03D9002BC6D00591C4E70CFB92
:100CE000012104460123F0E703AB00932A46124B8F
:100CF00004A93046AFF300800746781CD6D16B6E4E
:100D0000D90705D4AB899A0502D4A86DFEF7B3FDC7
:100D1000AB895B063FF51FAF09981EE703AB009355
:100D20002A46054B04A93046FFF7B1F8E4E709E08D
:100D3000020013E00200000000003FCE02000FE0BE
:100D400002002DE9F84315468A6880460C4632B900
:100D50008A69002A14BF4FF0FF3201228A6022689C
:100D6000DFF89090D1065FBF1A68111D19601668F0
:100D70000027A06988B1012807D12B681A78636918
:100D80009B5C53B9002F31D022E0022820D12B6880
:100D90001B7819F803301B071AD42368DA065EBFE4
:100DA0002B681B7806F8013B2A686B6801322A60C1
:100DB000A268013B013A6B600137A26042B1002B8F
:100DC000D7DCD4F880312946404698470028D0D057
:100DD000236813F0100305D1E2680132E260A269D2
:100DE00002B1337023693B4423610020BDE8F883DE
:100DF00000BFA92603002DE9F04F9846744B0C461E
:100E00008246164693E8070087B003AB83E80700E5
:100E1000704BA169704A032908BF1A46A368019262
:100E20005A1EB2F5AE7F88BF6FF4AE75274682BFFB
:100E300003EB050940F25D13A36057F81C3B43F434
:100E4000506398BF4FF0000923603D464FF0000B00
:100E5000316803AB097853F82B000222FEF71FFD1F
:100E600028B3BBF1010F59D162682AB92268082161
:100E700042F4007261602260226822F4A062226063
:100E8000A268511EA16092B13268511C3160127883
:100E900005F8012B7268013A002A726007DCD4F869
:100EA0008021314650469047002840F085800BF164
:100EB000010BBBF1030FCBD163680BB90A2363604D
:100EC000636845496069C91A00F089F84FF0000B62
:100ED000A3682268002B3DD03168606991F800C09A
:100EE00010F80C00002835D0BCF1300F24D11005CB
:100EF00022D50BF1010BB9F1000F03D0013309F139
:100F0000FF39A3607368013B002B73601BDD3368FE
:100F100001333360A368013BA360D9E7BBF1020F43
:100F2000AED1226802F4C061B1F5007FBFD11021BB
:100F3000616042F48072A2E722F4106222600B78B2
:100F400005F8013BDEE7D4F880313146504698473A
:100F50000028DFD02368D9050DD5BD4209D915F881
:100F6000011CD4F87C3132465046984705F1FF39D0
:100F70004D46BD4228D0226812F0100213D12A70CB
:100F80006368019E39465046B047D8F80030216862
:100F90001A1DC8F8002011F0200F1B680FD0186030
:100FA000E3680133E3602369ED1B5D442B44236157
:100FB000002007B0BDE8F08F4FF0000BCAE7CA076A
:100FC0004CBF18801860EBE70120F2E700BFAC27A8
:100FD000030035D50200B1C702004CE0020070B535
:100FE0000B7804465E2B0BBF4B784A1C8A1C0021F1
:100FF00008BF0121013804F1FF0500F8011FA842D4
:10100000FBD10BB9501E70BD81F00101E1541046B7
:10101000024612F8015B2D2D05D05D2D16D0002D56
:10102000F1D02B46F2E746785D2EFAD0B342F8DCD9
:1010300002301A4601329642A154FBDCF21A013A00
:101040005D1CB342A8BF0022AB18E1E71046DAE707
:1010500000000148FEF70DBC00BF924A0020014885
:10106000FEF709BC00BF924A002051F8043C181F4B
:10107000002BBCBF0B58C01870472DE9F0410C463F
:10108000496B04F1440399421DD14FF48061DAF7B2
:10109000A4FF18B94FF0FF30BDE8F0814FF4806332
:1010A000A36394F84630606380F8FF3394F84530CA
:1010B00080F8FE3394F8443080F8FD3300F2FD30C0
:1010C00020600020E8E7A66B77003A46FFF72BF98F
:1010D00005460028DED000EB0608014632464046B1
:1010E000FEF72DFCC4E90D57C4F80080E9E7242B76
:1010F0002DE9F0478646904601D8012B06D1FEF730
:101100008CFB162303600020BDE8F08734480D46B1
:101110002A4615F8014B065D16F00806F8D12D2C6D
:1011200010D12C780126951C33F0100215D1302CEB
:101130000DD12A7802F0DF02582A08D16C780235E6
:1011400010230AE02B2C04BF2C78951CECE7002B15
:10115000F6D1302C14BF0A23082306F1004C0CF101
:10116000FF3C0022BCFBF3F9104603FB19CAA4F1B3
:101170003007092F0FD83C46A3421BDD571C07D070
:10118000814514D301D1A24511DB00FB03400122AC
:1011900015F8014BEBE7A4F14107192F01D8373CB3
:1011A000EAE7A4F16107192F04D8573CE4E74FF0B0
:1011B000FF32EDE7531C08D12223CEF80030604601
:1011C000B8F1000FA0D0691E06E006B14042B8F1A8
:1011D000000F99D0002AF6D1C8F8001094E7A9268C
:1011E0000300FFF784BFF8B50E461446054618B154
:1011F000036A0BB9FDF7B7FBA369A360A3891A07BC
:1012000001D5236943B92146284600F02AF818B1D0
:101210004FF0FF373846F8BD23682269981A636992
:10122000F6B28342374605DC21462846FEF7D1FF59
:101230000028EDD1A368013BA36023685A1C2260FB
:101240001E706269431C9A4204D0A389DB07E1D572
:101250000A2EDFD121462846FEF7BBFF0028D9D051
:10126000D6E738B5294B054618680C4618B1036A0D
:101270000BB9FDF778FBB4F90C30190722D4DA0664
:1012800007D409222A6043F04003A3814FF0FF30C6
:1012900033E0580712D5616B41B104F14403994220
:1012A00002D02846FFF7F1F900236363A38923F0F6
:1012B0002403A3810023636023692360A38943F08F
:1012C0000803A38123694BB9A38903F42073B3F501
:1012D000007F03D02146284600F03FF8B4F90C30D7
:1012E00013F001020AD00022A26062695242A26198
:1012F000226942B913F08000C5D138BD990758BFA3
:101300006269A260F4E70020F7E74401002070B5AD
:101310000C46B1F90E10002996B015461E460DDA9E
:10132000A38913F0800F4FF0000114BF40234FF446
:101330008063002031602B6016B070BD6A4600F0FB
:1013400048F80028ECDB019901F47041A1F5005345
:10135000594259414FF48063EBE78B89F7B59D07FC
:1013600006460C4607D504F1470323602361012399
:10137000636103B0F0BD01AB6A46FFF7C8FF009F91
:10138000054639463046DAF728FE48B9B4F90C303C
:101390009A05EED423F0030343F00203A381E2E7AE
:1013A000A389206043F08003A381019BC4E9040763
:1013B0005BB1B4F90E10304600F01DF828B1A389D6
:1013C00023F0030343F00103A381A3891D43A581F7
:1013D000CFE738B5074D00230446084611462B6079
:1013E00000F0FDF9431C02D12B6803B1236038BD26
:1013F00000BF944A002038B5064D00230446084635
:101400002B6000F0FCF9431C02D12B6803B1236070
:1014100038BD944A00207BB972B90029BEBF0020B4
:101420004FF0004106E008BF00281CBF6FF00041EC
:101430004FF0FF3000F0C9B9ADF1080C6DE904CEF2
:10144000002909DB002B1ADB00F061F8DDF804E06D
:10145000DDE9022304B07047404261EB4101002BFB
:101460001BDB00F054F8DDF804E0DDE9022304B0F2
:10147000404261EB4101524263EB430370475242E9
:1014800063EB430300F043F8DDF804E0DDE90223F9
:1014900004B0404261EB41017047524263EB4303A9
:1014A00000F035F8DDF804E0DDE9022304B0524233
:1014B00063EB4303704753B94AB9002908BF0028BA
:1014C0001CBF4FF0FF314FF0FF3000F07EB9ADF19F
:1014D000080C6DE904CE00F01AF8DDF804E0DDE94F
:1014E000022304B07047430803F05533C01A830841
:1014F00003F0333300F03330184400EB101000F0E9
:101500000F3000EB002000EB0040000E70472DE98B
:10151000F047089D0E4604460F46002B4AD19446DC
:101520008C45B2FA82F260D942B1C2F120039740F1
:1015300020FA03F30CFA02FC1F4394404FEA1C4EBE
:101540001FFA8CF6B7FBFEF1230C0EFB117743EA72
:10155000074301FB06F098420AD91CEB030301F193
:10156000FF3780F01581984240F2128102396344BE
:101570001B1AA4B2B3FBFEF00EFB103344EA034483
:1015800000FB06F6A6420AD91CEB040400F1FF3367
:1015900080F00081A64240F2FD806444023840EAB7
:1015A0000140A41B00211DB1D4400023C5E9004324
:1015B000BDE8F0878B4205D90DB1C5E900010021D6
:1015C0000846F5E7B3FA83F1002946D1B34202D3C6
:1015D000824200F2F580841A66EB0302012017466E
:1015E000002DE5D0C5E90047E2E7002A40F09380EE
:1015F000A1EB0C034FEA1C471FFA8CFE0121B3FB41
:10160000F7F607FB1630230C43EA00430EFB06F007
:10161000984208D91CEB030306F1FF3802D2984226
:1016200000F2D08046461B1AA4B2B3FBF7F007FBCA
:10163000103344EA03440EFB00FEA64508D91CEB18
:10164000040400F1FF3302D2A64500F2B68018462A
:10165000A4EB0E0440EA0640A5E7C1F120078B4049
:1016600022FA07FC4CEA030C06FA01FE20FA07F402
:1016700026FA07F344EA0E0400FA01F84FEA1C4088
:101680004FEA1449B3FBF0FE1FFA8CF600FB1E3341
:1016900049EA03430EFB06F9994502FA01F20BD918
:1016A0001CEB03030EF1FF3A80F08580994540F270
:1016B0008280AEF1020E6344A3EB0909A4B2B9FB28
:1016C000F0F300FB139944EA094403FB06F6A64233
:1016D00008D91CEB040403F1FF3068D2A64266D996
:1016E000023B644443EA0E40A41BA0FB02E6B44262
:1016F0007346B14652D34FD05DB1B8EB030264EBF1
:10170000090404FA07F722FA01F31F43CC40C5E9A4
:10171000007400214CE7C2F1200120FA01F30CFA19
:1017200002FC26FA01F1964033434FEA1C471FFAA8
:101730008CFEB1FBF7F007FB1016190C41EA0641CD
:1017400000FB0EF68E4204FA02F408D91CEB0101EC
:1017500000F1FF382DD28E422BD902386144891B0B
:101760009BB2B1FBF7F607FB161143EA014306FBF8
:101770000EF1994208D91CEB030306F1FF3814D28D
:10178000994212D9023E63445B1A46EA004136E7A9
:101790003946EDE6184602E7F045ADD2BEEB02034E
:1017A00066EB0C060138B146A6E74646ECE7034671
:1017B00098E74046D3E7D6467EE76444023847E7D9
:1017C00008460DE7023E63442DE7704700BF024B19
:1017D00058221A604FF0FF307047944A0020024BA5
:1017E00058221A604FF0FF307047944A0020024B95
:1017F00058221A604FF0FF307047944A0020024B85
:1018000058221A600020704700BF944A0020024B03
:1018100058221A604FF0FF307047944A0020024B64
:1018200058221A604FF0FF307047944A0020024B54
:1018300058221A604FF0FF307047944A0020024B44
:1018400058221A604FF0FF307047944A0020FEE79C
:1018500000BFF8B500BFF8BC08BC9E467047F8B59D
:1018600000BFF8BC08BC9E467047256C642E256CF2
:10187000642E256C6400646973706C6179617070AA
:10188000006465626F756E636554696D65720064AE
:1018900065626F756E636554696D657243686172E8
:1018A000676500496E66696E6954696D65002F62EF
:1018B0006F6E642E6461740050696E6554696D6565
:1018C00000312E32302E3000312E302E3000504973
:1018D0004E453634006E6F74696669636174696F72
:1018E0006E54696D6572001004010010040500104B
:1018F0000101001003010062617369635F73747218
:10190000696E673A3A5F4D5F637265617465004E58
:101910006F7420506C6179696E6700416C657274F8
:10192000203A204E6F6E6500416C657274203A203B
:101930004D696C6400416C657274203A2048696797
:1019400068002F73657474696E67732E6461740028
:101950002F2E73797374656D2F616C61726D2E64B7
:10196000617400416C61726D004D41494E006D65BE
:10197000617375726542617474657279004865615E
:1019800072747261746500627574746F6E54696DFF
:101990006572006C6C00626C6500636F00626C6560
:1019A0005F68735F6863695F65765F706F6F6C0017
:1019B000626C655F6C326361705F7369675F7072E0
:1019C0006F635F706F6F6C00626C655F6C32636138
:1019D000705F6368616E5F706F6F6C00626C655FF3
:1019E000736D5F70726F635F706F6F6C00626C65B8
:1019F0005F6761705F75706461746500626C655FDC
:101A000067617474735F636C745F6366675F706F44
:101A10006F6C00626C655F67617474635F70726F96
:101A2000635F706F6F6C00626C655F68735F636F9C
:101A30006E6E5F706F6F6C00626C655F6174745F77
:101A40007376725F656E7472795F706F6F6C00622F
:101A50006C655F6174745F7376725F707265705FDE
:101A6000656E7472795F706F6F6C00626C655F6831
:101A7000735F6863695F6672616700307825303430
:101A800068780030782530386C7800253032782539
:101A900030327825303278253032782D2530327842
:101AA000253032782D25303278253032782D25308A
:101AB0003278253032782D2530327825303278252D
:101AC000303278253032782530327825303278003F
:101AD000626C655F6863695F72616D5F636D645FAF
:101AE000706F6F6C00626C655F6863695F72616DD7
:101AF0005F6576745F68695F706F6F6C00626C65BC
:101B00005F6863695F72616D5F6576745F6C6F5F5C
:101B1000706F6F6C00626C655F6C6C5F7363616E9D
:101B20005F6475705F706F6F6C006D7379735F3198
:101B30000049444C4500546D725100546D7220535D
:101B40007663002F002E2E006C6974746C656673CA
:101B5000005245454E54206D616C6C6F6320737567
:101B600063636565646564002F566F6C756D65739E
:101B70002F646174612F6A656E6B696E732F776F66
:101B8000726B73706163652F474E552D746F6F6C68
:101B9000636861696E2F61726D2D31332F737263CB
:101BA0002F6E65776C69622D63796777696E2F6E2A
:101BB00065776C69622F6C6962632F74696D652F3C
:101BC0006C636C74696D652E6300545A00474D5404
:101BD000002531315B2D2B302D39412D5A612D7A65
:101BE0005D256E002531315B412D5A612D7A5D25D1
:101BF0006E004D256875256E2E256875256E2E257F
:101C00006875256E002F256875256E3A256875253F
:101C10006E3A256875256E002F566F6C756D65736D
:101C20002F646174612F6A656E6B696E732F776FB5
:101C3000726B73706163652F474E552D746F6F6CB7
:101C4000636861696E2F61726D2D31332F7372631A
:101C50002F6E65776C69622D63796777696E2F6E79
:101C600065776C69622F6C6962632F7374646C6949
:101C7000622F72616E6434382E63002C2066756E9C
:101C80006374696F6E3A2000617373657274696F73
:101C90006E2022257322206661696C65643A206695
:101CA000696C6520222573222C206C696E652025C5
:101CB00064257325730A00232D302B2000686C4C9B
:101CC0000065666745464700303132333435363774
:101CD0003839414243444546003031323334353699
:101CE00037383961626364656600412D46612D664F
:101CF000383930313233343536375D002B2D0030F2
:101D00003000785800FF00FF00FF00FF00FF00FFD9
:101D100000FF00FF00FF00FF00FF00FF00FF00FFCB
:101D200000FF006602ED04EC05EA07E809E60AE5B3
:101D30000CE30EE110DF12DE12DD14DB16D918D72A
:101D40001AD51BD41DD30D030ED10D050ECF0E05D4
:101D50000FCD0F050FCC100510CA110511C81205C3
:101D600012C6130513C5130513C4140514C21505B3
:101D700015C0170317BE33BC34BB36BA37B839B6F3
:101D80003BB43CB33EB140AF09022E0108AD09049B
:101D90002C0308AC08062A0507AB0906290608A982
:101DA0000B0529050AA70D032B030CA54CA34DA277
:101DB0004FA0519F529D549B559A579859965B94AA
:101DC0005D935D925F90618E638C658A668968879A
:101DD00008025902058607045704058408055506BC
:101DE00005820906540605810A055505077F0C047E
:101DF0005603097D747B7679777978777A757C7369
:101E00007E717F70816E836C856B86698768896659
:101E10008B648D628F609060915E935C955A0E0723
:101E200071070A580D0B6D0B08570E0C6C0C0855FA
:101E30000F0C6C0B0A53110A6D0B0B529F50A04FE5
:101E4000A24DA44BA649A848A8FF00E344AD43AE69
:101E500041B040B13EB23EB33CB53AB739B837B9FC
:101E600036BB350E0166013C0109330E0315050E24
:101E70000416150D0311050E04120309310F041485
:101E8000060D0416150D0410050E04120409300F7A
:101E90000414060D0416150D0410060D0412040991
:101EA0002F100414070C0416150D0410060D04124F
:101EB000040A2D110414070C0416041E0410070C48
:101EC0000412040B2C110414080B0416041E041035
:101ED000070C0412040C2A120414080B0416041E26
:101EE0000410080B0412040D281304140401040A3E
:101EF0000416041E04100401030B0412040D28131D
:101F000004140401040A0416041E04100401040A43
:101F10000412040E26140414040204090416041EF8
:101F200004100402030A0412040F2415041404020A
:101F300004090416041E0410040204090412041007
:101F400023150414040304080416041E04100402D8
:101F500004090412041121160414040304080416CD
:101F6000041E0410040304080412041120170414AE
:101F7000040403080416041E0410040304080412D5
:101F800004121F170414040404070416041E04108A
:101F900004040308041204131D18041404050307A1
:101FA0000416130F041004040407041204141B1A6B
:101FB0000314040504060416131003100405030794
:101FC000041303151A1B0115040603060416131146
:101FD000011104050406041401161932040604054F
:101FE0000416132304060306042C17330407030501
:101FF0000416043204060405042D161D01150407F9
:102000000404041604200111040703050414011933
:10201000141D0314040704040416041F031004070A
:10202000040404130319121D041404080403041601
:10203000041E04100408030404120419121D0414DD
:10204000040804030416041E041004080403041204
:10205000041A101E0414040903030416041E0410B9
:10206000040804030412041B0E1F041404090402D0
:102070000416041E0410040904020412041C0D1F9B
:102080000414040A03020416041E041004090402C2
:102090000412041D0B200414040A04010416041E77
:1020A0000410040A03020412041D0B200414040B80
:1020B00003010416041E0410040A04010412041E81
:1020C00009210414040B0816041E0410040B030158
:1020D0000412041F07220414040C0716041E041023
:1020E000040B0812042006220414040C0716041E14
:1020F0000410040C0712042104230414040D061612
:10210000041E0410040C0712042103240414040DFB
:102110000616041E0410040D0612042202240414E0
:10212000040D0616041E0410040D061204480315BF
:10213000040E0516041E0311040D0612034A01665F
:10214000013C01FF00FF00FF00FF00FF00FF00FF58
:1021500000FF0010110F090F0409040D0F8B110F60
:10216000090F0507050D0F8B110F090F0507050D49
:102170000F92031903120605060D039E031903129D
:102180000605060D039E031903120605060D039EA0
:1021900003190312030103030301030D039E031933
:1021A0000312030202030202030D039E031903122A
:1021B000030203010302030D039E0319031203022A
:1021C00003010302030D039E031903120303050316
:1021D000030D0D940319031203030503030D0D945E
:1021E0000319031203040304030D0D9403190312CE
:1021F00003040304030D039E0319031203050105E1
:10220000030D039E0319031203050105030D039E2D
:1022100003190312030B030D039E03190312030B8F
:10222000030D039E03190312030B030D039E0319F1
:102230000312030B030D039E03190312030B030D7B
:10224000039E03190312030B030D0F920316090FCC
:10225000030B030D0F920316090F030B030D0FFF62
:1022600000FF00FF00FF00FF00FF00FF00FF00FF76
:1022700000FF00FF00FF00FF00FF00FF00FF00FF66
:1022800000FF00FF00FF00FF00FF00FF00FF00FF56
:1022900000FF00FF00FF00FF00FF00FF00FF00FF46
:1022A00000FF00FF00FF00FF00EC0000000003380B
:1022B000FDD8704700030002030403000600000479
:1022C0000002000180000000000000000000033850
:1022D000FDD87047802EFE00802EF101C82E002E02
:1022E000802EFC00802EFB00802EFF00802EFD0043
:1022F000802E42B05039212EB0F01030212E16F031
:10230000802EF2015D505B5201423B804130014220
:102310003C80002E01400142212EFFAFB82E03B7B2
:10232000802E1800802E1800802E1800802E180095
:10233000802E1800802E1800802E1800802E180085
:10234000802E1800802E1800802E1800802E180075
:10235000802E1800802E1800802E1800802E180065
:10236000802E1800802E1800802E1800802E180055
:10237000802E180000000000000004010000000092
:10238000010000000000000000000000000000004C
:10239000000000000000000000000000000000003D
:1023A000000000000000000000000000000000002D
:1023B000000000000000000000000000000000001D
:1023C000000000000000000000000000000000000D
:1023D00000000000000000000000982E840120266C
:1023E000982EF7001030212E59F0982EAE00982E1E
:1023F000ABB3982EBAB3002E002ED02E982ED40157
:10240000012E5A0000B2102F0030212E5A004150E8
:10241000982E00B04150982EF2B041504352982E61
:10242000D5B341504552982ED5B3982EAE00E32D2A
:10243000012E55F0C02E212E55F030500030475659
:102440000530052CFB7F3EBED2BAB2B96C0B530EE1
:10245000F92F531A012F4D0EF52FD27F04301F2C68
:10246000E17FC501A303720E032F721A0F2F790F9C
:102470000D2FE16F4F045FB9B1BFFA0BD26F960613
:10248000B12551BFEB7F0600B2252703DB7FCFBF0D
:102490003EBF01B8D2BA41BAB2B9070A6E0BC090BA
:1024A000DF2F4091DD2FFB6FD05FB82E1050FB7FE8
:1024B0002125982E6501FB6F2125F05F1025802EC8
:1024C000B3000031C02E212EBAF0C82EC82EC82E5F
:1024D000C82EC82EAA000500AA0005002D01D47B35
:1024E0003B01DB7A04003F7BCD6CC3048509C30448
:1024F000ECE60C460100270019009600A000010040
:102500000C00F03C00010100030001000E0000007F
:102510004E148800570071007A000040FF7F008051
:10252000AF00FF00FFB7000200B00580B1F08000EF
:102530005EF0C00059F089F05A0000205C005000A5
:1025400054005B00FFFB52F056F0330933070008DC
:10255000900100F8000102019401DD03C0AD0B2FD2
:10256000C0A8032FC090072F80A6052F40A9122FC7
:102570004091012F00AB0E2FC0AC00304B52072F03
:10258000C0A9032FC091032F80A7012F40A1052FC1
:10259000C02E17250625C02EF03F4952B82E83863F
:1025A00001300030944024180600530E4F02F92FDA
:1025B000B82E80A80325102F8090012F410E0C2FDC
:1025C000F33F180505305D07150E032F551A022F2E
:1025D000CC0F002F58040125B82EB82E5950413089
:1025E0000240510A014218824D506042703C4F54E3
:1025F00042426982823243401808020A40424280C5
:10260000023F014010504A08FB7F11420B310B4240
:102610003E8001320142002E012E40F01190202F09
:1026200003305350515404350630575255321D1A59
:10263000E322181A5558E3220430D540B50DE1BE07
:102640006FBB8091A90D0189B52310A1F72FDA0E78
:102650000435EB2F012E2500701A00302130022C9A
:102660000822303000B2062F212E59F0982EAE00ED
:10267000002E002ED02EFB6FF05FB82E6150052E7D
:1026800000F05B56D30F0140F433CC080D2FF4302B
:102690009408B98802A3042F5F584C0A87A2052C1E
:1026A000CB225B544A0AF23BCA083C80272E59F0E1
:1026B00001400142B82EC82E1A242600802E830025
:1026C000802E1800802E1800802E1800802E1800F2
:1026D000802E18007050032E1F01F17F2A25B98229
:1026E000E07FDB7F00304530323003300430F66F5E
:1026F000F209FC13C2ABB509C72380B3E66FB7017B
:10270000002E8B414B42052FC57F05304640AE055C
:10271000C56F4642018023BDD3BE03894182DF0CD1
:1027200003A2E42FE06F916F1142C3B2A16F114277
:10273000002EB16F0142062F0032032E59F0080A15
:10274000212E59F0062DF13D012E59F00108212EC0
:1027500059F0DB6F905FB82E6050C37FD47FE77F66
:10276000F67FB27FA57F3630072E01F0BEBDBEBB1F
:10277000635877054156655427410641F8BFBE0BA3
:10278000B511D64203895A0EF62F1230252E5A0063
:102790000231252EB8F0D46FC36FE76FB26FA56F0B
:1027A000F66FA05FC82E7050428ED47FF67F47250B
:1027B0001A186752F10064250130390294418141B1
:1027C000E27FBEBBBD8D02BDB57F8EB5BA0AC67FA6
:1027D000AB7F5125982E4201D56FE26F2A186754BE
:1027E000B2010230C46F7A0312417425D07F52BC0B
:1027F000D3416EBADEB6200BC77F917F982E42017F
:10280000F26FD56FCA165518DD18956FEA18675A1A
:10281000312575010130202539025EBA82BC8EB6A1
:10282000210B982E4201E26FB56F2A18E07FF17FED
:1028300004306754F2007C02856FD06F0D17681862
:10284000E018906FC46FC518EB6FB2011B430230E4
:102850007A03FB6F3D8F0B433EBA12BD52BC6EBB79
:10286000A20A9EB5DEB6300BF77F982E4201F56FB7
:102870003125D16F926FAB6F50434343905F495600
:10288000802E6F011050034019184B56190536253C
:10289000F77F4A175418EC18091701300C07E21893
:1028A000DE00F26F97024758DC009102BFB821BDED
:1028B0008A0AC02E0242F05F092E1D01052E1D015D
:1028C000A3BC44BE90504FB9072E1D014A259FB8A6
:1028D000398FB2BDF27FBFB9EB7F8A0A37890B30DF
:1028E000930A8B7FCB430B4380B2D37FC17F902E63
:1028F0009DB12025012E560001900E2F6952012E08
:102900005300B47FA27F982EA3B10030212E560031
:10291000C16FD36FA26FB46F0B30012E1D0106BCC7
:1029200006BB5725012E1D0194B105BCB67F0FBB18
:102930006D5080B30F2F0D2E1D01715EB7092D2E26
:102940001D01735C6B5E9B439B43DB439B431B42BC
:10295000CB430B428B4340B2052F6B50002E1640E9
:102960000B40767F8B7FCB0A012E530069526F5C40
:10297000982EEFB1906F00B20B2FF06F00B2082FBE
:102980006B586D5012411242213004410442232EF3
:102990005EF0C06F00B2262F746F806F735488BDD5
:1029A000C8B84B0A94429142904288BA6B52F36F76
:1029B00054428542C0904042152F6D52002E524025
:1029C0004140A204410640AA042F40900B2FB16F52
:1029D0004A0F082FB26F80B2052F6D5421309442F8
:1029E0008042232E5EF0D06F00B2132F012E5200D2
:1029F000092E5B00041A0D2F7550292E5200244217
:102A00004430024002420980002E0442032D10305F
:102A1000212E5600EB6F705FB82E09864754E440B4
:102A2000C3809404C3401305054025058A177330FD
:102A300073098C17F308E3004C821501B3B55342B8
:102A40008B1643B652424C1754425542534252429F
:102A5000544245426D82775452421050795452424A
:102A6000FB7F22307B56434244820B3052425B4212
:102A70007C844B42358290808B420B4235800430FF
:102A80000B42378015306025982EE2B18B83FB6FA7
:102A90006542C02E4442F05F0580023051820242FE
:102AA000133041404B087D543E805114C02E0142EA
:102AB000002E4051D17F12250230424332308243F2
:102AC000C67FE57FB47FA37F907F8B7F982EEC003D
:102AD000C07E00AC012F4950C07E002E906F098A45
:102AE000D16F757F4C826341657F117F002E6441F9
:102AF0004485527F457F002EA6408040327F828EE3
:102B0000C26E4541F07F277F027F982E69B0236F08
:102B1000D16FC240F986237F80B2E07E0F2F326FE3
:102B2000646F8240F27F5082426F506F736F8540B6
:102B3000C34004410640E26E982E69B0E07EF33156
:102B4000106F3680E16E0240717F5104023040A860
:102B500091044A22891693084A0095B409188E16E2
:102B600013309308216F607F4D860280B200414090
:102B700021B5507F437F982ED8B0406F626F556F5C
:102B8000134084400140454142BE1D184C04310FA2
:102B9000048AC06F1130022F002E032C0142233013
:102BA0000342002ED66F44418A87768B00B3537F51
:102BB000152F046F7F5E8B8DE701C0A58441012F27
:102BC00000A1032FC0AD082F00A5062FC640818DA0
:102BD00007303C05D642042CC442022C0730073093
:102BE0008686946FD77E0E8D00407489C74002B2EE
:102BF000F92945418641BE80214175238240C74263
:102C0000457F347F207F982ED8B0316F606F246F5E
:102C100022400541434013014386AC0FD16F307F02
:102C2000002F4442488A4188E140137F047FF57EAB
:102C3000982ED8B0116F606F346F424003409A04F1
:102C400004414382A20E036F002FC242002E414076
:102C5000726F982ED8B0256F726F5341930ED16F5B
:102C600046801B3003300C2F044000914242082F55
:102C7000F66E446F8641B40E032F0288DB7E034359
:102C80000B42468D44414780056F940F767F607FED
:102C9000022F4589424303434988A56F4091A47F91
:102CA0001530E26FD36E032F04308342802E93B32E
:102CB00004402529044283424582946F0485C0B2B2
:102CC000902E7FB315873C8CC440467FC286074058
:102CD0008641F4BF00B30C2F906F1680462500404C
:102CE00057250418AE0E1030063075254623606F48
:102CF0006425C440FA8600B3337F092F936FD888C8
:102D0000536F0441C340DC0E13300430DC22B32582
:102D100040B3022F3B25C090052F916FD06F982EA6
:102D2000E2B14D2C04308D8843408240547FDA0F4D
:102D30000430082FC1804042C20F022F0030C07EF5
:102D40001B2DC07E192DE1BC926F4F04908440A8CA
:102D5000210583404C224B0EB6842130022F1130C6
:102D6000042CC17EE36FC17EC142002E0040814031
:102D700004BD406F982ED8B0506F113002405108FA
:102D8000C36E038099150B40B16FD06FB67F5B7F28
:102D900004304F540330112C1480556F06407501D8
:102DA00058BB6A090542C18647405125BE015643BA
:102DB000002E4641F403B66F47435E0EED2F316F90
:102DC000606F424015300282950804425242022C44
:102DD000444204303E8E916F4F8C02408341B58D4A
:102DE000930ED06F012F982EE2B1002EC041814189
:102DF000C10FC06F012F0442002E706F3C82004053
:102E00004140891695084A0004BC91B4010EE06F58
:102E1000072FA16F002E414040B2022FA16F054243
:102E20004442002E8B6FC05EB82E1050815243502A
:102E3000FB7F982EC9B34352458210305042603018
:102E4000FB6FC02E4042F05F105083524550FB7F15
:102E5000982EC9B345524582003050427030FB6F06
:102E6000C02E4042F05F1230124202301242124233
:102E7000124202420380418411420242B82E488429
:102E8000BE8A8440705002412DBB6341428445415B
:102E9000C27FB57F80B3E67FD07FF37F12305E2F95
:102EA000312555404191A17F0F2F0130C142002EA5
:102EB000C26F13409342002E13409342002E0040F5
:102EC0008042BD80C02E0142905FC7860130C54060
:102ED000FB864541044143BEC3BBD5BE55BA977F6F
:102EE0000530D115F709C0B3092F0640C740B70513
:102EF000073080A9FE05B723740F5523E66F418282
:102F00000180C18643A2EC2FB06FA46F281AD16F45
:102F1000C36F022F0230182C024305416A29966FB5
:102F200005436E0E102FF46F00B3032F3F899414E6
:102F3000252E5EF04125232515419542002E154191
:102F40009542002E044184420090092F5040D04207
:102F5000002E5040D042002E4040022CC04242423F
:102F6000905FB82E802E1800802E1800802E18003A
:102F7000802E1800802E1800802E1800802E180039
:102F8000802E1800802E1800802E1800802E180029
:102F9000802E1800802E1800802E1800802E180019
:102FA000802E1800802E1800802E1800802E180009
:102FB000802E1800802E1800802E1800802E1800F9
:102FC000802E1800802E1800802E1800802E1800E9
:102FD000802E1800802E1800802E1800802E1800D9
:102FE000802E1800802E1800802E1800802E1800C9
:102FF000802E1800802E1800802E1800802E1800B9
:10300000802E1800802E1800802E1800802E1800A8
:10301000802E1800802E1800802E1800802E180098
:10302000802E1800802E1800802E1800802E180088
:10303000802E1800802E1800802E1800802E180078
:10304000802E1800802E1800802E1800802E180068
:10305000802E1800802E1800802E1800802E180058
:10306000802E1800802E1800802E1800802E180048
:10307000802E1800802E1800802E1800802E180038
:10308000802E1800802E1800802E1800802E180028
:10309000802E1800802E1800802E1800802E180018
:1030A000802E1800802E1800802E1800802E180008
:1030B000802E1800802E1800802E1800802E1800F8
:1030C000802E1800802E1800802E1800802E1800E8
:1030D000802E1800802E1800802E1800802E1800D8
:1030E000802E1800802E1800802E1800802E1800C8
:1030F000802E1800802E1800802E1800802E1800B8
:10310000802E1800802E1800802E1800802E1800A7
:10311000802E1800802E1800802E1800802E180097
:10312000802E1800802E1800802E1800802E180087
:10313000802E1800802E1800802E1800802E180077
:10314000802E1800802E1800802E1800802E180067
:10315000802E1800802E1800802E1800802E180057
:10316000802E1800802E1800802E1800802E180047
:10317000802E1800802E1800802E1800802E180037
:10318000802E1800802E1800802E1800802E180027
:10319000802E1800802E1800802E1800802E180017
:1031A000802E1800802E1800802E1800802E180007
:1031B000802E1800802E1800802E1800802E1800F7
:1031C000802E1800802E1800802E1800802E1800E7
:1031D000802E1800802E1800802E1800802E1800D7
:1031E000802E1800802E1800802E1800802E1800C7
:1031F000802E1800802E1800802E1800802E1800B7
:10320000802E1800802E1800802E1800802E1800A6
:10321000802E1800802E1800802E1800802E180096
:10322000802E1800802E1800802E1800802E180086
:10323000802E1800802E1800802E1800802E180076
:10324000802E1800802E1800802E1800802E180066
:10325000802E1800802E1800802E1800802E180056
:10326000802E1800802E1800802E1800802E180046
:10327000802E1800802E1800802E1800802E180036
:10328000802E1800802E1800802E1800802E180026
:10329000802E1800802E1800802E1800802E180016
:1032A000802E1800802E1800802E1800802E180006
:1032B000802E1800802E1800802E1800802E1800F6
:1032C000802E1800802E1800802E1800802E1800E6
:1032D000802E1800802E1800802E1800802E1800D6
:1032E000802E1800802E1800802E1800802E1800C6
:1032F000802E1800802E1800802E1800802E1800B6
:10330000802E1800802E1800802E1800802E1800A5
:10331000802E1800802E1800802E1800802E180095
:10332000802E1800802E1800802E1800802E180085
:10333000802E1800802E1800802E1800802E180075
:10334000802E1800802E1800802E1800802E180065
:10335000802E1800802E1800802E1800802E180055
:10336000802E1800802E1800802E1800802E180045
:10337000802E1800802E1800802E1800802E180035
:10338000802E1800802E1800802E1800802E180025
:10339000802E1800802E1800802E1800802E180015
:1033A000802E1800802E1800802E1800802E180005
:1033B000802E1800802E1800802E1800802E1800F5
:1033C000802E1800802E1800802E1800802E1800E5
:1033D000802E1800802E1800802E1800802E1800D5
:1033E000802E1800802E1800802E1800802E1800C5
:1033F000802E1800802E1800802E1800802E1800B5
:10340000802E1800802E1800802E1800802E1800A4
:10341000802E1800802E1800802E1800802E180094
:10342000802E1800802E1800802E1800802E180084
:10343000802E1800802E1800802E1800802E180074
:10344000802E1800802E1800802E1800802E180064
:10345000802E1800802E1800802E1800802E180054
:10346000802E1800802E1800802E1800802E180044
:10347000802E1800802E1800802E1800802E180034
:10348000802E1800802E1800802E1800802E180024
:10349000802E1800802E1800802E1800802E180014
:1034A000802E1800802E1800802E1800802E180004
:1034B000802E1800802E1800802E1800802E1800F4
:1034C000802E1800802E1800802E1800802E1800E4
:1034D000802E1800802E1800802E1800802E1800D4
:1034E000802E1800802E1800802E1800802E1800C4
:1034F000802E1800802E1800802E1800802E1800B4
:10350000802E1800802E1800802E1800802E1800A3
:10351000802E1800802E1800802E1800802E180093
:10352000802E1800802E1800802E1800802E180083
:10353000802E1800802E1800802E1800802E180073
:10354000802E1800802E1800802E1800802E180063
:10355000802E1800802E1800802E1800802E180053
:10356000802E1800802E1800802E1800802E180043
:10357000802E1800802E1800802E1800802E180033
:10358000802E1800802E1800802E1800802E180023
:10359000802E1800802E1800802E1800802E180013
:1035A000802E1800802E1800802E1800802E180003
:1035B000802E1800802E1800802E1800802E1800F3
:1035C000802E1800802E1800802E1800802E1800E3
:1035D000802E1800802E1800802E1800802E1800D3
:1035E000802E1800802E1800802E1800802E1800C3
:1035F000802E1800802E1800802E1800802E1800B3
:10360000802E1800802E1800802E1800802E1800A2
:10361000802E1800802E1800802E1800802E180092
:10362000802E1800802E1800802E1800802E180082
:10363000802E1800802E1800802E1800802E180072
:10364000802E1800802E1800802E1800802E180062
:10365000802E1800802E1800802E1800802E180052
:10366000802E1800802E1800802E1800802E180042
:10367000802E1800802E1800802E1800802E180032
:10368000802E1800802E1800802E1800802E180022
:10369000802E1800802E1800802E1800802E180012
:1036A000802E1800802E1800802E1800802E180002
:1036B000802E1800802E1800802E1800802E1800F2
:1036C000802E1800802E1800802E1800802E1800E2
:1036D000802E1800802E1800802E1800802E1800D2
:1036E000802E1800802E1800802E1800802E1800C2
:1036F000802E1800802E1800802E1800802E1800B2
:10370000802E1800802E1800802E1800802E1800A1
:10371000802E1800802E1800802E1800802E180091
:10372000802E1800802E1800802E1800802E180081
:10373000802E1800802E1800802E1800802E180071
:10374000802E1800802E1800802E1800802E180061
:10375000802E1800802E1800802E1800802E180051
:10376000802E1800802E1800802E1800802E180041
:10377000802E1800802E1800802E1800802E180031
:10378000802E1800802E1800802E1800802E180021
:10379000802E1800802E1800802E1800802E180011
:1037A000802E1800802E1800802E1800802E180001
:1037B000802E1800802E1800802E1800802E1800F1
:1037C000802E1800802E1800802E1800802E1800E1
:1037D000802E1800802E1800802E1800802E1800D1
:1037E000802E1800802E1800802E1800802E1800C1
:1037F000802E1800802E1800802E1800802E1800B1
:10380000802E1800802E1800802E1800802E1800A0
:10381000802E1800802E1800802E1800802E180090
:10382000802E1800802E1800802E1800802E180080
:10383000802E1800802E1800802E1800802E180070
:10384000802E1800802E1800802E1800802E180060
:10385000802E1800802E1800802E1800802E180050
:10386000802E1800802E1800802E1800802E180040
:10387000802E1800802E1800802E1800802E180030
:10388000802E1800802E1800802E1800802E180020
:10389000802E1800802E1800802E1800802E180010
:1038A000802E1800802E1800802E1800802E180000
:1038B000802E1800802E1800802E1800802E1800F0
:1038C000802E1800802E1800802E1800802E1800E0
:1038D000802E1800802E1800802E1800802E1800D0
:1038E000802E1800802E1800802E1800802E1800C0
:1038F000802E1800802E1800802E1800802E1800B0
:10390000802E1800802E1800802E1800802E18009F
:10391000802E1800802E1800802E1800802E18008F
:10392000802E1800802E1800802E1800802E18007F
:10393000802E1800802E1800802E1800802E18006F
:10394000802E1800802E1800802E1800802E18005F
:10395000802E1800802E1800802E1800802E18004F
:10396000802E1800802E1800802E1800802E18003F
:10397000802E1800802E1800802E1800802E18002F
:10398000802E1800802E1800802E1800802E18001F
:10399000802E1800802E1800802E1800802E18000F
:1039A000802E1800802E1800802E1800802E1800FF
:1039B000802E1800802E1800802E1800802E1800EF
:1039C000802E1800802E1800802E1800802E1800DF
:1039D000802E1800802E1800802E1800802E1800CF
:1039E000802E1800802E1800802E1800802E1800BF
:1039F000802E1800802E1800802E1800802E1800AF
:103A0000802E1800802E1800802E1800802E18009E
:103A1000802E1800802E1800802E1800802E18008E
:103A2000802E1800802E1800802E1800802E18007E
:103A3000802E1800802E1800802E1800802E18006E
:103A4000802E1800802E1800802E1800802E18005E
:103A5000802E1800802E1800802E1800802E18004E
:103A6000802E1800802E1800802E1800802E18003E
:103A7000802E1800802E1800802E1800802E18002E
:103A8000802E1800802E1800802E1800802E18001E
:103A9000802E1800802E1800802E1800802E18000E
:103AA000802E1800802E1800802E1800802E1800FE
:103AB000802E1800802E1800802E1800802E1800EE
:103AC000802E1800802E1800802E1800802E1800DE
:103AD000802E1800802EFD00802EFF00C82E002EA4
:103AE000802EFB00802EDDB0802EFE00802EFC009C
:103AF000802E0DB15039212EB0F01030212E16F04D
:103B0000802E34B165504F5201423B80413001421A
:103B10003C80002E01400142212EFFAFB82E1F7FB6
:103B2000802E1800802E1800802E1800802E18007D
:103B3000802E1800802E1800802E1800802E18006D
:103B4000802E1800802E1800802E1800802E18005D
:103B5000802E1800802E1800802E1800802E18004D
:103B6000802E1800802E1800802E1800802E18003D
:103B7000802E1800FD2D0000000000000000000055
:103B80000000000000000000000000000401000030
:103B9000000001000000000800F800000000000024
:103BA00000000000000000000000000800F8000015
:103BB0000000000000000000000000000100000004
:103BC00000000000000000000000000000000000F5
:103BD00000000000000000000000000000000000E5
:103BE00000000000000000000000000000000000D5
:103BF00000000000000000000000000000000000C5
:103C000000000000000000000000000000000000B4
:103C100000000000000000000000000000000000A4
:103C20000000000000000000000000000000000094
:103C30000000000000000000000000000000000084
:103C4000000000000000012E55F0C02E212E55F07E
:103C50003050003051560530052CFB7F3EBED2BAA5
:103C6000B2B96C0B530EF92F531A012F4D0EF52FCD
:103C7000D27F04301F2CE17FC501A303720E032FF6
:103C8000721A0F2F790F0D2FE16F4F045FB9B1BF7B
:103C9000FA0BD26F9606B12551BFEB7F0600B22515
:103CA0002703DB7FCFBF3EBF01B8D2BA41BAB2B95A
:103CB000070A6E0BC090DF2F4091DD2FFB6FD05FA6
:103CC000B82E0031C02E212EBAF0C82EC82EC82E14
:103CD000C82EC82EAA000500AA0005002D01D47B1D
:103CE0003B01DB7A04003F7BCD6CC3048509C30430
:103CF000ECE60C460100270019009600A000010028
:103D00000C00F03C00010100030001000E00000067
:103D10000600060000004728880054005100970064
:103D2000A00080000040FF7F0080AF00FF00FFB7D1
:103D3000000200B00580B1F05EF0C00059F039F02B
:103D4000570089F054000020820059005D00810076
:103D5000FFFB52F056F0330933070008900100F8DA
:103D60000001020160006A004C04A000E803810029
:103D70008200EB07AE07AA007500FF0FDB00B6015B
:103D8000706926D39C07BC021F059D00A805EE069E
:103D900001F0BC053708BB0637FAB200FF03982EC6
:103DA00015B02026982EF700982EC4B01030212E82
:103DB00059F0982EB900982E7AB4982E89B4002E16
:103DC000002ED02E982EA7B0012E580000B21A2F28
:103DD0000030212E58004750982E65B0032E1E014A
:103DE00047500230982E28B5032E1F01475012303D
:103DF000982E28B5012E03F00DBC0FB80090022FAD
:103E00004F50212EBCF0012E570000B2252F00305C
:103E1000212E57004950982E65B04950982EC1B1B7
:103E20004950982E34B649504B52982EA4B449505C
:103E30004D52982EA4B4012E1E010FBC0FB8009055
:103E40004F50082F032E1F019FBC9FB84090022F98
:103E5000212EBCF0022D212EBAF0982EB900AF2DE4
:103E60001050FB7F2125982EF401FB6F2125F05F78
:103E70001025802EBE009401DD03C0AD0B2FC0A81D
:103E8000032FC090072F80A6052F40A9122F409125
:103E9000012F00AB0E2FC0AC00305552072FC0A928
:103EA000032FC091032F80A7012F40A1052FC02E03
:103EB00017250625C02EF03F5352B82E83860130B9
:103EC0000030944024180600530E4F02F92FB82EEC
:103ED000802E180080A80325102F8090012F410EFE
:103EE0000C2FF33F180505305D07150E032F551AEB
:103EF000022FCC0F002F58040125B82EB82E635086
:103F000041300240510A0142188257506042703CD1
:103F1000595442426982823243401808020A4042A0
:103F20004280023F014010504A08FB7F11420B3192
:103F30000B423E8031320142002E012E40F01390A0
:103F4000202F03305D505B541435063061525532DA
:103F50001D1AE322181A5F58E3220430D540B50D2C
:103F6000E1BE6FBB8091A90D0189B52310A1F72F88
:103F7000DA0E1435EB2F012E2500701A0030213097
:103F8000022C0822303000B2062F212E59F0982E34
:103F9000B900002E002ED02EFB6FF05FB82E7050AF
:103FA000032E2201F17F2A25B982E07FDB7F0030DA
:103FB0004530323003300430F66FF209FC13C2ABE7
:103FC000B509C72380B3E66FB701002E8B414B4282
:103FD000052FC57F05304640AE05C56F46420180BE
:103FE00023BDD3BE03894182DF0C03A2E42FE06F1F
:103FF000916F1142C3B2A16F1142002EB16F014205
:10400000062F0032032E59F0080A212E59F0062DF2
:10401000F13D012E59F00108212E59F0DB6F905F20
:10402000B82E6950052E00F04F56D30F0140F433DF
:10403000CC080D2FF4309408B98802A3042F6758D8
:104040004C0A87A2052CCB224F544A0AF23BCA08DD
:104050003C80272E59F001400142B82E012EB1F0CC
:104060006752010A212EB1F0012E1E010FBC0FB8BC
:1040700000904F50082F032E1F019FBC9FB8409007
:10408000022FC02E212EBCF0C02E212EBAF070506F
:10409000F77F002E0F2EB8F0F8BFFFBBC0B3232F61
:1040A000B27F947FC67FE57FD37FA17F3530052E19
:1040B00001F02EBD2EBB6B586E0547566D54113066
:1040C00027410641F8BFBE0BB511D64203895A0EEF
:1040D000F62F232E58004F52232EB8F0B26FE56F03
:1040E000D36FA16F946FC66FF76F905FC82E60504B
:1040F000C37FD47FE77FF67FB27FA57F3630072E60
:1041000001F0BEBDBEBB6F587705495671542741BB
:104110000641F8BFBE0BB511D64203895A0EF62FE1
:104120001230252E57000231252EB8F0D46FC36F00
:10413000E76FB26FA56FF66FA05FC82E1A24260036
:10414000802E65017050428ED47FF67F47251A1865
:104150007352F10064250130390294418141E27FBC
:10416000BEBBBD8D02BDB57F8EB5BA0AC67FAB7F23
:104170005125982ED101D56FE26F2A187354B201E0
:104180000230C46F7A0312417425D07F52BCD341F0
:104190006EBADEB6200BC77F917F982ED101F26FE9
:1041A000D56FCA165518DD18956FEA18735A312560
:1041B00075010130202539025EBA82BC8EB6210B12
:1041C000982ED101E26FB56F2A18E07FF17F04309D
:1041D0007354F2007C02856FD06F0D176818E018D9
:1041E000906FC46FC518EB6FB2011B4302307A03A6
:1041F000FB6F3D8F0B433EBA12BD52BC6EBBA20A91
:104200009EB5DEB6300BF77F982ED101F56F3125C4
:10421000D16F926FAB6F50434343905F5356802EE4
:1042200000B0105003401918555619053625F77F70
:104230004A175418EC18091701300C07E218DE0071
:10424000F26F97025158DC009102BFB821BD8A0A73
:10425000C02E0242F05F092E1D01052E1D01A3BCD8
:1042600044BE90504FB9072E1D014A259FB8398F83
:10427000B2BDF27FBFB9EB7F8A0A37890B30930A50
:104280008B7FCB430B4380B2D37FC17F902E6CB228
:104290002025012E5F0001900E2F7552012E5C002B
:1042A000B47FA27F982E72B20030212E5F00C16FC2
:1042B000D36FA26FB46F0B30012E1D0106BC06BB7D
:1042C0005725012E1D0194B105BCB67F0FBB795057
:1042D00080B30F2F0D2E1D017D5EB7092D2E1D0100
:1042E0007F5C775E9B439B43DB439B431B42CB43FB
:1042F0000B428B4340B2052F7750002E16400B40E7
:10430000767F8B7FCB0A012E5C0075527B5C982EEA
:10431000BEB2906F00B20B2FF06F00B2082F77582B
:10432000795012411242213004410442232E5EF0A2
:10433000C06F00B2262F746F806F7F5488BDC8B8DD
:104340004B0A94429142904288BA7752F36F54429A
:104350008542C0904042152F7952002E5240414074
:10436000A204410640AA042F40900B2FB16F4A0FC0
:10437000082FB26F80B2052F7954213094428042C9
:10438000232E5EF0D06F00B2132F012E5B00092E9A
:104390008100041A0D2F8150292E5B0024424430E5
:1043A000024002420980002E0442032D1030212ECB
:1043B0005F00EB6F705FB82E09865154E440C380F4
:1043C0009404C3401305054025058A17733073090B
:1043D0008C17F308E3004C821501B3B553428B16DA
:1043E00043B652424C1754425542534252425442F1
:1043F00045426D8283545242105085545242FB7F95
:1044000022308756434244820B3052425B427C84C6
:104410004B42358290808B420B42358004300B42F8
:10442000378015306025982EB1B28B83FB6F6542C3
:10443000C02E4442F05F05800230518202421330A8
:1044400041404B0889543E805114C02E0142002E39
:104450004051D17F12250230424332308243C67F21
:10446000E57FB47FA37F907F8B7F982EC601C07EAF
:1044700000AC012F5350C07E002E906F098AD16F7F
:10448000757F4C826341657F117F002E64414485B6
:10449000527F457F002EA6408040327F828EC26EC2
:1044A0004541F07F277F027F982E38B1236FD16F6F
:1044B000C240F986237F80B2E07E0F2F326F646F97
:1044C0008240F27F5082426F506F736F8540C340CD
:1044D00004410640E26E982E38B1E07EF331106F51
:1044E0003680E16E0240717F5104023040A8910491
:1044F0004A22891693084A0095B409188E1613307B
:104500009308216F607F4D860280B200414021B543
:10451000507F437F982EA7B1406F626F556F134055
:1045200084400140454142BE1D184C04310F048AAD
:10453000C06F1130022F002E032C014223300342A2
:10454000002ED66F44418A87768B00B3537F152F98
:10455000046F8B5E8B8DE701C0A58441012F00A104
:10456000032FC0AD082F00A5062FC640818D073050
:104570003C05D642042CC442022C07300730868604
:10458000946FD77E0E8D00407489C74002B2F9291E
:1045900045418641BE80214175238240C742457F07
:1045A000347F207F982EA7B1316F606F246F224037
:1045B0000541434013014386AC0FD16F307F002F7C
:1045C0004442488A4188E140137F047FF57E982E5B
:1045D000A7B1116F606F346F424003409A040441E9
:1045E0004382A20E036F002FC242002E4140726F21
:1045F000982EA7B1256F726F5341930ED16F4680ED
:104600001B3003300C2F044000914242082FF66EFD
:10461000446F8641B40E032F0288DB7E03430B42B6
:10462000468D44414780056F940F767F607F022F4F
:104630004589424303434988A56F4091A47F1530C3
:10464000E26FD36E032F04308342802E62B40440A5
:104650002529044283424582946F0485C0B2902E7E
:104660004EB415873C8CC440467FC28607408641C5
:10467000F4BF00B30C2F906F1680462500405725DD
:104680000418AE0E1030063075254623606F642581
:10469000C440FA8600B3337F092F936FD888536FD5
:1046A0000441C340DC0E13300430DC22B32540B398
:1046B000022F3B25C090052F916FD06F982EB1B27D
:1046C0004D2C04308D8843408240547FDA0F0430F3
:1046D000082FC1804042C20F022F0030C07E1B2D28
:1046E000C07E192DE1BC926F4F04908440A8210533
:1046F00083404C224B0EB6842130022F1130042C03
:10470000C17EE36FC17EC142002E0040814004BDE6
:10471000406F982EA7B1506F113002405108C36E00
:10472000038099150B40B16FD06FB67F5B7F04306B
:1047300059540330112C1480556F0640750158BB35
:104740006A090542C18647405125BE015643002EE5
:104750004641F403B66F47435E0EED2F316F606F35
:10476000424015300282950804425242022C4442D3
:1047700004303E8E916F4F8C02408341B58D930E75
:10478000D06F012F982EB1B2002EC0418141C10FD0
:10479000C06F012F0442002E706F3C8200404140E8
:1047A000891695084A0004BC91B4010EE06F072FEA
:1047B000A16F002E414040B2022FA16F054244423A
:1047C000002E8B6FC05EB82E10508D524B50FB7F69
:1047D000982E98B44B524582103050426030FB6F97
:1047E000C02E4042F05F10508F524D50FB7F982EEC
:1047F00098B44D524582003050427030FB6FC02E4D
:104800004042F05F12301242023012421242124213
:1048100002420380418411420242B82E48869050E1
:10482000C4404284F27F5A250241A2BF77850641E7
:10483000FFBB874261BF07416FBB867F7FBB967F0F
:10484000FE8686408091C340D37FE07F1330052FE2
:10485000866F8091022F966F80B3602F612557403D
:10486000C191C17F0F2F01308143002EF26F1340A1
:104870009342002E13409342002E00408042BD80A0
:10488000C02E0142705F87837A8D45407B8245410F
:104890000441D5BF43BEC3BAA57F75BAB67F053004
:1048A0009740C0B3092F06404740B705073080A99D
:1048B000FE05B723740F5D23B66F41820180560E4B
:1048C000EE2F4040281AC46FE06FF26F022F0330C2
:1048D000192C034305416B29A66F05436E0E112F5A
:1048E000D46F00B3032F3F89DC14272E5EF04025E0
:1048F00032251541D542002E1541D542002E0441E6
:10490000C442002E002E41404090092F1140914298
:10491000002E11409142002E0040022C8042434262
:10492000705FB82EB0503A25F5869158C4421530C4
:1049300093584D098190647FF27FEB7F022F40B343
:10494000902E05B6150B00B3902E05B69A00E330F5
:10495000CB0881404484B1BA4686498E975CC27FB9
:1049600002840725D37F2B2EA9008440E341E30472
:10497000C441C3432E18955A8B400B42B500995A37
:10498000B27F3A8095000540418B0542038AA27FA1
:10499000438440417B8B857F00B2DC05917F042FEF
:1049A000C36F002EC4400189C44247866641757FAB
:1049B000458842823E0F4541342F46403E0E262F09
:1049C0008540C133A90E0130022FC340C0B21B2F56
:1049D0008234AA0E312F01417F8243A20230022F7E
:1049E000002E0C2C013000B2D06F1130012F02428A
:1049F000022D01420130C06F002E02423E8104862A
:104A000002420243C242192DC0338042162DA06FCC
:104A10002804381E40421130906F2230982E08B67C
:104A20000C2C0130A16FA900906F0182BA1C424288
:104A300021301230982E08B60130726FD4B1F5BD16
:104A40006BBA9F5A80400518F5BEE30AEBBB3D0BDD
:104A5000806FE30004406305A1582C18F5BE834223
:104A6000EBBBFD0BB26F5A01DF017D1F15429A04AB
:104A700005405D052C1875BEEBBA2C0BDC049A1CA6
:104A800002420480002E004000B2102FC26FC033DB
:104A90008240900E0B2FD16F7E8803813C840B30B7
:104AA00082864B420B420B438B42CB42213042B2B7
:104AB00002309D50022241B29B520822F16F409079
:104AC0001130062F2230020800B2082F232E5EF08C
:104AD000062D010800B2022F0031212E5EF0EB6F8F
:104AE000505FB82E0786FC88C6400541311A122F48
:104AF0008091222FC133290F0A2F0680002E0040FB
:104B000000B2012F44A9032F0030C0420043B82E49
:104B1000C2420143B82EC133A90E0E2F433CEB0015
:104B2000CCA80A2F0586C280C34002423C84C180C3
:104B300081428284C02E8042002EB82E052E200194
:104B4000113020509108F07F80B2EB7F132F012E9F
:104B5000740001900230A350032F252E7400982E6C
:104B6000ADB7F26FA352982E57B600B2062F803021
:104B7000212E5EF0032D1030212E7400EB6FE05FCC
:104B8000B82E3051428AE17F8388DB7FC57F1A25AA
:104B9000052593400640B3011642CB160640F302AA
:104BA0001342540EF52F04401230A228024288A06E
:104BB0000030902EA9B76D847388927F707F847FB8
:104BC000A27F7086B57F637F7530A552A754BD5014
:104BD000AF58B76FF47F517F002ED641D441B77FD5
:104BE000CC177D097501063026034DBED3BA6C0B78
:104BF000280E05222A0F9022D242437F327F002EB8
:104C0000A95AAB58AD5CA956982E38B1916F326F46
:104C10005042917FB3301025982EDBB7716F8828F2
:104C2000436F806F727F580E516F4482A754BD50FE
:104C30007530AF58CD2FB16F4684E16F4E80814003
:104C4000B27F907F1230982ECCB7B16F7C8AA26F62
:104C5000B57F4042982EF40195BC0BB9510A626FA2
:104C6000A17F982EF40195BC0BB9110AA16F4917C9
:104C700048188816E818D11827251625807F982E01
:104C8000BE00B56FE16F43414B844C8CB07F627FB7
:104C90004A887E8BC090567F132F457F347FB33078
:104CA000B152B26F982EDBB7716F880E346F456FBB
:104CB000E16F062F34251B30106F226FDB42D0428C
:104CC000C2420230006F00A89005136F8623C0A86F
:104CD000D305DF23B705B35E370F4D8C0730192F8F
:104CE000447F002E246FB35EA70E446F0730112F50
:104CF000C75EDF00C15E5F0E022F002E0B2C073057
:104D0000C9560300C356430E022F002E032C073052
:104D1000824317304186C0910E2FC0400190092F69
:104D2000804114300428804306A0032FC880BB585C
:104D3000C2420442662C0030906F002E004000A852
:104D400000305E2F004100B200305A2F4982B26F0E
:104D5000437FB57F947FB3304140982EDBB7716FAE
:104D6000880FB56FE16F023000304A2F806FC55851
:104D70000400BF58440E022F002E432C0030A06FB9
:104D8000B558840E00303C2FB754216FB57F982E54
:104D9000CCB71025B3302125982EDBB7026FA07F4A
:104DA000B3301225982EDBB7126F807FB3301225F7
:104DB000982EDBB7816F88288752982ECCB7A16FC9
:104DC000880FB56FE16F023000301A2F446F002E4C
:104DD000004100B20F2F646F106F0441840E003049
:104DE0000F2F546F206F0441840F0030092F946FF0
:104DF0001030072C02430887B950D04210300043CE
:104E0000C2420B304B437A8BC46F068952435243E4
:104E10006C0EFB2F7885002E8240021A022F002E86
:104E2000022C40420030002EDB6FD05EB82E08828C
:104E3000023012420886C288875A12430543028B09
:104E40007C8D42431430BE8B044245814243024272
:104E50003580B95EA55AC742844352431242524339
:104E6000124252435243410EF72FB82E0A0C5556A8
:104E700003090A0400B3072F880C930880B2032F9C
:104E80005350C02E40AC0322B82EFF8810304A0D7C
:104E90000A1804154C165FB97908535A950034095D
:104EA0004090022F0091002F0030D800C0B20B2F8D
:104EB000D0A0032FF086BB11072CCE1701314B0475
:104EC00079143312FB11810BCE16C02E7B1A1622D9
:104ED000802E1800802E1800802E1800802E1800BA
:104EE000802E1800802E1800802E1800802E1800AA
:104EF000802E1800802E1800802E1800802E18009A
:104F0000802E1800802E1800802E1800802E180089
:104F1000802E1800802E1800802E1800802E180079
:104F2000802E1800802E1800802E1800802E180069
:104F3000802E1800802E1800802E1800802E180059
:104F4000802E1800802E1800802E1800802E180049
:104F5000802E1800802E1800802E1800802E180039
:104F6000802E1800802E1800802E1800802E180029
:104F7000802E1800802E1800802E1800802E180019
:104F8000802E1800802E1800802E1800802E180009
:104F9000802E1800802E1800802E1800802E1800F9
:104FA000802E1800802E1800802E1800802E1800E9
:104FB000802E1800802E1800802E1800802E1800D9
:104FC000802E1800802E1800802E1800802E1800C9
:104FD000802E1800802E1800802E1800802E1800B9
:104FE000802E1800802E1800802E1800802E1800A9
:104FF000802E1800802E1800802E1800802E180099
:10500000802E1800802E1800802E1800802E180088
:10501000802E1800802E1800802E1800802E180078
:10502000802E1800802E1800802E1800802E180068
:10503000802E1800802E1800802E1800802E180058
:10504000802E1800802E1800802E1800802E180048
:10505000802E1800802E1800802E1800802E180038
:10506000802E1800802E1800802E1800802E180028
:10507000802E1800802E1800802E1800802E180018
:10508000802E1800802E1800802E1800802E180008
:10509000802E1800802E1800802E1800802E1800F8
:1050A000802E1800802E1800802E1800802E1800E8
:1050B000802E1800802E1800802E1800802E1800D8
:1050C000802E1800802E1800802E1800802E1800C8
:1050D000802E1800802E1800802E1800802E1800B8
:1050E000802E1800802E1800802E1800802E1800A8
:1050F000802E1800802E1800802E1800802E180098
:10510000802E1800802E1800802E1800802E180087
:10511000802E1800802E1800802E1800802E180077
:10512000802E1800802E1800802E1800802E180067
:10513000802E1800802E1800802E1800802E180057
:10514000802E1800802E1800802E1800802E180047
:10515000802E1800802E1800802E1800802E180037
:10516000802E1800802E1800802E1800802E180027
:10517000802E1800802E1800802E1800802E180017
:10518000802E1800802E1800802E1800802E180007
:10519000802E1800802E1800802E1800802E1800F7
:1051A000802E1800802E1800802E1800802E1800E7
:1051B000802E1800802E1800802E1800802E1800D7
:1051C000802E1800802E1800802E1800802E1800C7
:1051D000802E1800802E1800802E1800802E1800B7
:1051E000802E1800802E1800802E1800802E1800A7
:1051F000802E1800802E1800802E1800802E180097
:10520000802E1800802E1800802E1800802E180086
:10521000802E1800802E1800802E1800802E180076
:10522000802E1800802E1800802E1800802E180066
:10523000802E1800802E1800802E1800802E180056
:10524000802E1800802E1800802E1800802E180046
:10525000802E1800802E1800802E1800802E180036
:10526000802E1800802E1800802E1800802E180026
:10527000802E1800802E1800802E1800802E180016
:10528000802E1800802E1800802E1800802E180006
:10529000802E1800802E1800802E1800802E1800F6
:1052A000802E1800802E1800802E1800802E1800E6
:1052B000802E1800802E1800802E1800802E1800D6
:1052C000802E1800802E1800802E1800802E1800C6
:1052D000802E1800010006000000020005000108F1
:1052E0000000AC0D0000200E03008B0E1600C00E57
:1052F00030008B0F4F005410640001010180D04238
:10530000193A3B43238EFE48FC780100060080D00A
:1053100042193A3B43238EFE48FC78000006000009
:1053200010000D188023D1BCEA5F782315DEEF1240
:105330001230150000000ADC02001EDC020013DC43
:1053400002001ADC0200F5DB020020DC0200100083
:10535000282A1000272A1000262A1000252A1000CB
:10536000242A1000292A10000A180000000000005A
:105370000000B5BD000010002B2A10000518000029
:105380000000000000009DBF00001000442A100033
:10539000452A1000462A1000482A1000472A10000B
:1053A00011188023D1BCEA5F782315DEEF12123486
:1053B0001500008023D1BCEA5F782315DEEF1212BE
:1053C000311500008023D1BCEA5F782315DEEF128F
:1053D00012321500000077C295F360D2EF7F35528C
:1053E000500F2CB6798010000F2A10002B2A1000C5
:1053F000051880D042193A3B43238EFE48FC7801C1
:10540000000200001000462A1000111880D0421936
:105410003A3B43238EFE48FC780C00000080D042CB
:10542000193A3B43238EFE48FC780B00000080D0E5
:1054300042193A3B43238EFE48FC780A0000008064
:10544000D042193A3B43238EFE48FC780900000005
:1054500080D042193A3B43238EFE48FC7808000076
:105460000080D042193A3B43238EFE48FC78070067
:10547000000080D042193A3B43238EFE48FC780658
:1054800000000080D042193A3B43238EFE48FC784E
:105490000500000080D042193A3B43238EFE48FCB1
:1054A000780400000080D042193A3B43238EFE4826
:1054B000FC780300000080D042193A3B43238EFE63
:1054C00048FC780200000080D042193A3B43238E0A
:1054D000FE48FC780100000080D042193A3B43238B
:1054E0008EFE48FC780000000080D042193A3B4311
:1054F000238EFE48FC780000050080D042193A3B1C
:1055000043238EFE48FC7801000500001000192A94
:1055100010000F1880726566736E617254656C6955
:10552000460002AFAD80726566736E617254656C41
:1055300069460001AFAD1000BBFE6DDC02007ADCF5
:10554000020087DC02001000062A1000021880D03A
:1055500042193A3B43238EFE48FC78040001008048
:10556000D042193A3B43238EFE48FC7803000100E9
:1055700080D042193A3B43238EFE48FC780200015A
:105580000080D042193A3B43238EFE48FC7801004C
:10559000010080D042193A3B43238EFE48FC78003C
:1055A000000100001000372A80D042193A3B432303
:1055B0008EFE48FC780200030080D042193A3B433B
:1055C000238EFE48FC780100030080D042193A3B4C
:1055D00043238EFE48FC7800000300000000090011
:1055E000000010270000983A0000000000000000B2
:1055F0000B0B030001000100000000000000000090
:1056000000009600000003000000000000000107F9
:105610000000000000000000000003700500000012
:105620000000D7D4223B536D223C4CF9B53C13D13A
:10563000203DF766793D76EEB13D0C92EF3DB480AA
:105640001A3EF2C5403E60376A3EC7358B3E03794D
:10565000A23E33AABA3ECB8BD33E7DDEEC3EEE308B
:10566000033F7FEA0F3F917B1C3F2CC4283F0EA5D0
:10567000343F0000403F1DB84A3F1FB2543FA5D4FD
:105680005D3F7008663FA3386D3FF352733FD947C3
:10569000783FB90A7C3F02927E3F44D77F3F0504A2
:1056A0000203010000000000070600000000C50919
:1056B0000100AF0701008D080100790801006508AD
:1056C000010051080100000000000000000000007F
:1056D00000002F0901003D07010029070100E9062C
:1056E0000100470A01004B0A01004F0A0100570A56
:1056F00001003F0A0100430A010000000000000011
:1057000000000000000000000000530A01003E00FD
:105710000000C906010013000000D30801000500C5
:105720000000A1080100080000001507010030007A
:1057300000000107010010000000ED06010000005C
:105740000000E50C010000000000EF0B010000006C
:105750000000EF0B0100EF0B0100EF0B0100000058
:105760000000EF0B010000000000EF0B0100000043
:105770000000EF0B010000000000EF0B0100000033
:105780000000EF0B01003D0D0100F90C0100EF0BD3
:105790000100EF0B0100EF0B0100EF0B0100EF0B1D
:1057A0000100EF0B0100EF0B01000101010A0200F3
:1057B000000009240100D5140100C9140100A5143A
:1057C0000100031601002D1401001F1401007116C1
:1057D000010055130100392E0100C92F01000000FE
:1057E000000099190100071E0100C91E0100D924FB
:1057F0000100BD150100651B0100E11B01005B1CE0
:105800000100D11C01004F1D0100E7260100DD2E23
:1058100001008D3001004D12010000000300030063
:10582000040300040202020002000000000002045F
:10583000030004000002000200040200040303024B
:10584000000300000000000304020004100003280D
:1058500000000C000000CD5E01000D000000E15DC5
:1058600001000C0000003D5E01000D000000655DC0
:10587000010007000000D154010009000000135787
:10588000010003000000475B010003000000D55841
:105890000100040000005558010005000000E15718
:1058A000010008000000A75B010003000000575A38
:1058B000010004000000ED59010005000000C95A74
:1058C0000100080000007D590100A35F01009F5303
:1058D0000100DF5301001F540100615401007B549B
:1058E0000100AD540100C7540100F5540100FF54FC
:1058F00001006F5F01002F5F0100E75E0100ED5DB9
:105900000100A955010000000000D15F01003B59D2
:105910000100B158010031580100BD5701006B571B
:1059200001000000000000000000EF560100000030
:105930000000000000001B5E0100215D010000006E
:1059400000009D5F0100A9530100E95301002954A3
:1059500001006B5401007F540100B7540100CB5487
:105960000100F954010003550100695F01002B5F3C
:105970000100A35E0100435D0100BF59010010005A
:10598000032810000228100000280000000000007A
:10599000EF8DE2164FEC430DBF5BDD34C0531EB8F4
:1059A0000100030200000000000001000000818CE3
:1059B000010002000000A76F010003000000A78C97
:1059C0000100040000008570010005000000398D11
:1059D0000100060000009571010007000000178E0D
:1059E00001000800000065730100090000009F8E9F
:1059F00001000A000000E17401000B0000003B8F71
:105A000001000C0000005D7501000D000000778FA3
:105A100001000E000000D77501000F000000858F07
:105A20000100100000007D76010011000000D58FFC
:105A30000100120000006178010013000000919045
:105A40000100160000004979010017000000F390E2
:105A5000010018000000A97A010019000000579108
:105A600001001B000000E17B01001D0000001D7C07
:105A700001001E000000DF91010052000000F578D7
:105A80000100CE0150002C00D0020B0701160C00C3
:105A900000010808000005010817170200000808A7
:105AA0000202040201002201012A080F0300F4018E
:105AB000FA00960064004B0032001E001400200023
:105AC000000000400000000000000000282200004C
:105AD00000000000000000F7FFFF0F000000003092
:105AE000F80F000080070000000000000000000028
:105AF00000000000000000000000000000000000A6
:105B00000000A03400201606021B11060211030437
:105B10000309050403050406080A0C0E10121416E6
:105B2000181C1E20222426282A2C2E3032343638E7
:105B30003A3C3E40424446484A4C4E021A5001000C
:105B40000000D000002000000000800000200000C5
:105B50000000000000000000000000000000010044
:105B600000002801002000000000F40000200000D8
:105B700000000000000000000000000000006C8831
:105B80008391AAF5A53860370BDB5A6083BE3F4985
:105B9000F6D4A3C55F3874C9B3E3D2103F504AFFAF
:105BA000607BEB40B7995899B8A6CD3C1ABD082048
:105BB0000001FFFFFFFFFFFFFFFFFFFFFFFF0000F0
:105BC0000000000000000000000001000000FFFFD6
:105BD000FFFF512563FCC2CAB9F3849E17A7ADFA33
:105BE000E6BCFFFFFFFFFFFFFFFF00000000FFFF1D
:105BF000FFFF96C298D84539A1F4A033EB2D817DE3
:105C00000377F240A463E5E6BCF847422CE1F2D109
:105C1000176BF551BF376840B6CBCE5E316B57334B
:105C2000CE2B169E0F7C4AEBE78E9B7F1AFEE2423C
:105C3000E34F4B60D2273E3CCE3BF6B053CCB00690
:105C40001D65BC86987655BDEBB3E7933AAAD83567
:105C5000C65A793E0200CB3F0200453B020000627B
:105C6000746C6500000000000000000000000000EF
:105C70000000000000000000000000000000000024
:105C80000000000000000000000000000000000014
:105C9000000100637C777BF26B6FC53001672BFEE0
:105CA000D7AB76CA82C97DFA5947F0ADD4A2AF9C72
:105CB000A472C0B7FD9326363FF7CC34A5E5F17149
:105CC000D8311504C723C31896059A071280E2EB52
:105CD00027B27509832C1A1B6E5AA0523BD6B329E2
:105CE000E32F8453D100ED20FCB15B6ACBBE394A6F
:105CF0004C58CFD0EFAAFB434D338545F9027F5076
:105D00003C9FA851A3408F929D38F5BCB6DA211074
:105D1000FFF3D2CD0C13EC5F974417C4A77E3D640C
:105D20005D197360814FDC222A908846EEB814DE3C
:105D30005E0BDBE0323A0A4906245CC2D3AC6291C6
:105D400095E479E7C8376D8DD54EA96C56F4EA65B0
:105D50007AAE08BA78252E1CA6B4C6E8DD741F4BAF
:105D6000BD8B8A703EB5664803F60E613557B9861D
:105D7000C11D9EE1F8981169D98E949B1E87E9CECA
:105D80005528DF8CA1890DBFE6426841992D0FB0DF
:105D900054BB1600000000000000000000010000DD
:105DA00000020000000400000008000000100000D5
:105DB000002000000040000000800000001B0000E8
:105DC000003608200001FFFFFFFFFFFFFFFFFFFF7E
:105DD000FFFF0000000000000000000000000100C4
:105DE0000000FFFFFFFF512563FCC2CAB9F3849E88
:105DF00017A7ADFAE6BCFFFFFFFFFFFFFFFF0000A4
:105E00000000FFFFFFFF96C298D84539A1F4A033E8
:105E1000EB2D817D0377F240A463E5E6BCF84742B1
:105E20002CE1F2D1176BF551BF376840B6CBCE5E8F
:105E3000316B5733CE2B169E0F7C4AEBE78E9B7F40
:105E40001AFEE242E34F4B60D2273E3CCE3BF6B017
:105E500053CCB0061D65BC86987655BDEBB3E79371
:105E60003AAAD835C65A793E0200CB3F0200453BDC
:105E70000200000000000000000000000000FFFF22
:105E8000FFFFFFFFFFFF000000006410B71DC820E8
:105E90006E3BAC30D9269041DC76F4516B6B586187
:105EA000B24D3C7105502083B8ED44930FF0E8A348
:105EB000D6D68CB361CBB0C2649BD4D2D38678E201
:105EC0000AA01CF2BDBD000FC93F000F494000CB26
:105ED0009640000FC9400053FB4000CB164100ED37
:105EE0002F41000F49410031624100537B41003A8C
:105EF0008A4100CB9641005CA34100EDAF41007E9A
:105F0000BC41000FC94100A0D5410031E24100C2AF
:105F1000EE410053FB4100F20342003A0A42008383
:105F2000104200CB164200141D42005C234200A523
:105F3000294200ED2F4200363642007E3C4200C727
:105F40004242000F4942A2000000F9000000830015
:105F500000006E0000004E0000004400000015002C
:105F6000000029000000FC0000002700000057008E
:105F70000000D1000000F500000034000000DD004A
:105F80000000C0000000DB0000006200000095007F
:105F90000000990000003C00000043000000900059
:105FA000000041000000FE000000510000006300FE
:105FB0000000AB000000DE000000BB000000C500D8
:105FC000000061000000B7000000240000006E0027
:105FD00000003A000000420000004D000000D20026
:105FE0000000E000000006000000490000002E0054
:105FF0000000EA00000009000000D100000092004B
:1060000000001C000000FE0000001D000000EB006E
:1060100000001C000000B100000029000000A700E3
:1060200000003E000000E800000082000000350093
:106030000000F50000002E000000BB00000044003E
:10604000000084000000E90000009C0000007000D7
:10605000000026000000B40000005F0000007E0089
:106060000000410000003900000091000000D6004F
:1060700000003900000083000000530000003900D8
:106080000000F40000009C000000840000005F009D
:1060900000008B000000BD000000F9000000280097
:1060A00000003B0000001F000000F8000000970007
:1060B0000000FF000000DE00000005000000980066
:1060C00000000F000000EF0000002F000000110092
:1060D00000008B0000005A0000000A0000006D0064
:1060E00000001F0000006D000000360000007E0070
:1060F0000000CF00000027000000CB0000000900D6
:106100000000B70000004F000000460000003F0004
:106110000000660000009E0000005F000000EA0032
:1061200000002D0000007500000027000000BA00EC
:106130000000C7000000EB000000E5000000F100D7
:1061400000007B0000003D00000007000000390057
:106150000000F70000008A000000520000009200DA
:106160000000EA0000006B000000FB0000005F0080
:106170000000B10000001F0000008D0000005D0065
:10618000000008000000560000000300000030007E
:10619000000046000000FC0000007B0000006B00D7
:1061A0000000AB000000F0000000CF000000BC00C9
:1061B0000000200000009A000000F40000003600FB
:1061C00000001D000000A9000000E3000000910095
:1061D0000000610000005E000000E60000001B00FF
:1061E0000000080000006500000099000000850024
:1061F00000005F00000014000000A0000000680024
:106200000000400000008D000000FF000000D800EA
:106210000000800000004D00000073000000270017
:10622000000031000000060000000600000015001C
:10623000000056000000CA00000073000000A80023
:106240000000C900000060000000E20000007B00C8
:106250000000C00000008C0000006B000000000087
:10626000C93F0000F0390000DA370000A233000017
:10627000842E0000502B0000C2270000D022000016
:10628000C41F0000C61B00004417040000000700E4
:10629000000009000000000000001F0000003B009B
:1062A00000005A0000007800000097000000B500D0
:1062B0000000D4000000F3000000110100003001D4
:1062C00000004E0100001F0000001C0000001F0025
:1062D00000001E0000001F0000001E0000001F0044
:1062E00000001F0000001E0000001F0000001E0034
:1062F00000001F0000001F0000001C0000001F0025
:1063000000001E0000001F0000001E0000001F0013
:1063100000001F0000001E0000001F0000001E0003
:1063200000001F0000001F0000001D0000001F00F3
:1063300000001E0000001F0000001E0000001F00E3
:1063400000001F0000001E0000001F0000001E00D3
:1063500000001F00000000202020202020202020FE
:106360002828282828202020202020202020202005
:106370002020202020202088101010101010101035
:106380001010101010101004040404040404040479
:106390000410101010101010414141414141010101
:1063A00001010101010101010101010101010101DD
:1063B00001011010101010104242424242420202EB
:1063C00002020202020202020202020202020202AD
:1063D0000202101010102000000000000000000059
:1063E00000000000000000000000000000000000AD
:1063F000000000000000000000000000000000009D
:10640000000000000000000000000000000000008C
:10641000000000000000000000000000000000007C
:10642000000000000000000000000000000000006C
:10643000000000000000000000000000000000005C
:10644000000000000000000000000000000000004C
:10645000000000000000000000004EE0020051E0DB
:10646000020054E002001000000000000000017A69
:106470005200027C0E011B0C0D00380000001800B9
:1064800000001C94FFFF9E00000000510E108404C9
:106490008503860287015BC7C6C5C40E004C0A424D
:1064A0000B0A420B0E10840485038602870151C734
:1064B000C6C5C40E00001000000000000000017AF4
:1064C0005200027C0E011B0C0D0010000000180091
:1064D0000000A894FFFF1000000000000000000072
:1064E0000000785AFD7F0100000000000000302EFF
:1064F000302E300000000000000004000000FF000B
:1065000000000000000064000000100002291000DC
:1065100003281000022810000128100000280000A5
:10652000000000000000000E070300000000000053
:10653000000000000000000000000000000000005B
:10654000000000000000FB349B5F80000080001012
:1065500000000000000001000000000000007000CA
:1065600000200000000078000020CC000020452E14
:106570000200000000000000000002000000000017
:106580000000C8000020452E0200000000000000AE
:1065900000000200000000000000000000000000F9
:1065A00000000000000000000000000000000000EB
:1065B00000001000012A1000002A100000186E6967
:1065C0006D626C650000000000000000000000002B
:1065D0000000000000000000000000000000240196
:1065E0000020012F02000000000000000000200039
:1065F00000005247002000000000000000000000E2
:10660000000000000000000000000000000010007A
:10661000052A100001180090D003000000000300BC
:106620000000304900201FDF02001FDF0200480188
:106630000020000000003049002098490020004A56
:10664000002000000000000000000000000000002A
:10665000000000000000000000000000000000003A
:10666000000000000000000000000000000000002A
:10667000000000000000000000000000000000001A
:10668000000001000000000000004A0000000000BF
:1066900000000000000000000000000000000000FA
:1066A00000000000000000000000000000000000EA
:1066B00000004A0000000000000000000000000090
:1066C00000000000000000000000000000000000CA
:1066D00000000000000000000000984A00208982AD
:1066E0000000358B0000618200000769280010005F
:1066F000200054C269A24ABC0191F6469D03DF6F97
:10670000841BAD5B7BCA747EEA2D73E101072A2FDF
:0C67100080980003000203040000000059
:08671C00901BFD7F010000004D
:1067240004000000FF0000000090D00389820000F4
:0867340055970000618200008E
:04000003000097B9A9
:00000001FF
