:1000000000000120E9C7010011C8010013C8010068
:1000100015C8010017C8010019C801000000000040
:100020000000000000000000000000006965000002
:100030001DC80100000000008965000021C8010002
:100040003DCA01001509000023C80100B5080000E1
:1000500023C8010023C80100D5CD010065CF0100F0
:1000600023C8010023C8010023C801002D09000096
:1000700023C801002109000023C8010023C8010092
:1000800039090000E965000023C8010023C8010008
:1000900023C8010023C8010023C8010023C80100B0
:1000A00023C8010023C8010023C8010023C80100A0
:1000B00023C8010023C80100000000000000000068
:1000C00023C8010023C8010023C8010023C8010080
:1000D00023C8010023C8010023C80100000000005C
:1000E0000000000000000000000000000000000010
:1000F0000000000000000000000000000000000000
:1001000000000000000000000000000000000000EF
:1001100000000000000000000000000000000000DF
:1001200000000000000000000000000000000000CF
:1001300000000000000000000000000000000000BF
:1001400000000000000000000000000000000000AF
:10015000000000000000000000000000000000009F
:10016000000000000000000000000000000000008F
:10017000000000000000000000000000000000007F
:10018000000000000000000000000000000000006F
:10019000000000000000000000000000000000005F
:1001A000000000000000000000000000000000004F
:1001B000000000000000000000000000000000003F
:1001C000000000000000000000000000000000002F
:1001D000000000000000000000000000000000001F
:1001E000000000000000000000000000000000000F
:1001F00000000000000000000000000000000000FF
:100200000348044B834202D0034B03B118477047A5
:100210000002002000020020000000000548064BFC
:100220001B1AD90F01EBA301491002D0034B03B1F4
:100230001847704700020020000200200000000064
:1002400010B5064C237843B9FFF7DAFF044B13B11E
:100250000448AFF300800123237010BD000200208A
:100260000000000098A7020008B5054B1BB1054926
:100270000548AFF30080BDE80840FFF7CFBF00BFDF
:10028000000000000402002098A70200A3F5803AB5
:10029000704700BF174B002B08BF134B9D46FFF75D
:1002A000F5FF00218B460F461348144A121A22F01C
:1002B00081FD0E4B002B00D098470D4B002B00D03A
:1002C00098470020002104000D000D48002802D0AE
:1002D0000C48AFF3008023F03FFC2000290000F021
:1002E00091FB22F0E7FB00BF0000080000000000C7
:1002F000000000000000012000020020A04A0020B1
:10030000000000000000000000F02EB8084600F0D9
:100310002BB800F0ABB800F0CFB8000010B5104B10
:100320001A461B688342FBD354681119884201BFE7
:100330004168104609195160446801198B420DD17A
:10034000084909688B4204D05B6823444360136802
:1003500019680160904218BF106010BD1946F8E797
:10036000300200202C0200202DE9F04104461DF04F
:1003700031FD3549354D0B68F3B9354B354A3648B3
:10038000D21A0260580718BF0733344A18BF23F047
:100390000703002013605060314A22F00702C2E9CF
:1003A0000000D01AC3E900202E4B0A6018602E4BC3
:1003B00018604FF000432B602F68274207D01DF0D4
:1003C0009BFD00F031FA00263046BDE8F081002C9C
:1003D000F5D004F1080362071CBF23F007030833BC
:1003E000002BECD0DFF88080D8F800509D42E6D397
:1003F0001A4A14686068984201D2206800BB0968F4
:10040000A142DCD02168166811606268D21A102AF5
:1004100006F1080604D9E01842606360FFF77EFF2A
:10042000104962680868AD1A174300238542676067
:100430002360C8F8005038BF0D601DF05DFDC3E7B4
:1004400022460446D6E700BF2C02002020020020EE
:10045000B04A002000FC00201C02002030020020D6
:10046000F8FB0020240200202802002010B50446DA
:10047000E0B10F4A50F8043C1268134216D050F80D
:10048000081C99B923EA020340F8043C1DF0A2FCC1
:10049000084A54F8043C1168A4F108000B441360A6
:1004A000FFF73CFFBDE810401DF026BD10BD00BFAA
:1004B00020020020280200202DE9F04105460C46CC
:1004C00001B308461DB9BDE8F041FFF74DBF0E4B23
:1004D00055F8046CD3F8008016EA080FF3D0FFF744
:1004E00043FF074658B126EA0802083AA24228BF4D
:1004F0002246294623F0BCFB2846FFF7B7FF3846C3
:10050000BDE8F0810F46FAE720020020014B987801
:10051000704700BF38020020014B5878704700BF79
:1005200038020020034B1868B0F5803F34BF00202C
:1005300001207047380200200A4B07B518600246B8
:10054000FFF7E4FF0146FFF7E7FFD2B2CDE9000273
:100550000B46054A05480C2122F0BEFA03B05DF8AF
:1005600004FB00BF380200209C5B02000400002056
:10057000009A41608260704713B500220446012151
:100580000A201CF0FBFF0023E060094900930948A2
:10059000019423464FF400721DF016FB012805D08C
:1005A000042002B0BDE810401EF0FFB802B010BD3C
:1005B000A85B0200290700002DE9F0418CB000245F
:1005C00005460B460094104940F2A55205A806F0D6
:1005D00021FE05F110064FF4F07801274FF4F07278
:1005E000314605A806F020FECDE901680097A2B2C9
:1005F0006868F0230021013400F049FCF02CEDD1B3
:100600000CB0BDE8F08100BF376002004FF6FF710B
:10061000FFF7D2BF2DE9F04300F1100707EE101AE3
:1006200085B0064600F5F8713B46994229D1DFEDC9
:10063000167AB8EE477ADC2527EE277ADFED137AB3
:10064000B4EEE77AF1EE10FAD8BFF0EE477AFCEE9E
:10065000E77A4FF0010817EE903A9CB24FEA44094E
:10066000CDE90179CDF800802A460135706823462E
:100670000021ADB200F00BFCF02DF1D105B0BDE8CA
:10068000F08303F8012BD0E79A99194000007043DA
:100690001FB50446C822C0680DF10F011DF092F885
:1006A00028B19DF80F30032B26D00B2B30D0A36838
:1006B0009A78FAB1D3ED026A93ED017ADB68022BE6
:1006C00029D0032B2BD0012B14D1B8EE477AF8EEAA
:1006D000666A4FF6FF72C6EE877A9FED127A67EE72
:1006E000877AFCEEE77ACDED017A9DF8041020467A
:1006F000FFF790FF04B010BDA06801F075FF20B1B6
:10070000FF212046FFF758FFD1E74FF6FF71F8E7CA
:100710004FF4FC61F5E74EF207026421E7E7FF22A0
:10072000FBE700BF0000C84210B50446FFF76EFFAC
:100730002046FFF7ADFFFBE71FB500238DF807103C
:10074000C068039303AA0DF107011CF0E2FF039BAD
:1007500043B1064B4FF080525A6040BFBFF34F8FFA
:10076000BFF36F8F05B05DF804FB00BF00ED00E044
:1007700070477047704770470148092106F092BBE7
:100780005802002007B5002300931A4603211DF0EC
:10079000CFFE0348122103B05DF804EB06F082BBE4
:1007A000580200200246034652F8080B904203D03C
:1007B0009968013121F07DBA704710B5836804460D
:1007C00013B1032201469847204610BD10B50446D8
:1007D00000F5F860FFF7E6FF04F5F560FFF7E2FFCC
:1007E00004F5F260FFF7DEFF04F5B860FFF7DAFF0B
:1007F00004F5B560FFF7D6FF04F5B260FFF7D2FF4E
:10080000074BC4F87C3304F56770FFF7D6FF054B40
:10081000C4F8E43204F53E70FFF7CFFF204610BD68
:10082000B8960200A4960200024A136801331360CE
:10083000704700BF50020020024A13680133136062
:10084000704700BF4C02002030B51C2885B006D18F
:100850001448082105B0BDE8304006F023BB002451
:100860001328039419D1032915D10F4B1D681DF0CE
:10087000BFFA03AB02460094062128461DF058FE3D
:10088000039B43B1094B4FF080525A6040BFBFF306
:100890004F8FBFF36F8F05B030BD0D28FBD1044BD8
:1008A000E4E700BF580200203018002000ED00E00F
:1008B0003418002010B5154CD4F80433580609D567
:1008C000D4F81831012B05D100231148C4F8183190
:1008D00000F02CFDD4F80433190309D5D4F84C31B9
:1008E000012B05D100230A48C4F84C3100F006FD65
:1008F000064BD3F80423920706D5D3F80421012A26
:1009000004BF0022C3F8042110BD00BF0030004026
:10091000E8180020014B1B68184700BF4802002060
:10092000014B1B68184700BF44020020014B1B68A5
:10093000184700BF40020020054B002282B0C3F8D8
:100940000021D3F800310193019B02B0704700BF32
:10095000000001400B2808D00D2804D0012801D147
:10096000034B19607047034BFBE7034BF9E700BFEC
:10097000480200204402002040020020EFF31080D3
:1009800072B600F00100704700B962B6704700000F
:10099000004870473C02002010B5044C4FF0FF3176
:1009A000204607F073FA43689847F7E73C020020B7
:1009B00008B5FFF7F1FF000008B500220421202050
:1009C0001CF0DCFD0C4B186019F088FB07F0E8FD0B
:1009D00011F0EEF90021052019F004FA4FF400405F
:1009E00018F04EFC11F0CEFD11F086FABDE808407B
:1009F000024807F01DBA00BF3C020020B109000008
:100A000011F028BD73B54FF080440123C4F8783548
:100A10001BF028FF00201BF03DFF1BF0C1FFD4F8A6
:100A20001834DB03FBD54FF0A04540F203632A4E98
:100A3000C5F81C378023C5F80835102446F0010698
:100A4000D5F80435DA4302F0800203F08003C5F8DC
:100A500008254FF4A070C5F80C35013CB04714F0E0
:100A6000FF04EDD10223C5F81C371C4B009322462E
:100A700023460A211A481B4D1B4E1DF03FFD1B4B00
:100A800018601B4B009322462346C82119481DF0CD
:100A900035FD194B1860194BD3F84005FFF74CFD95
:100AA0002B68B34210D1164B1648D3E9002301F04E
:100AB00055FE154805F0FAFEFFF77EFF1DF05CF9C4
:100AC0000F201DF072FEFBE71048114A2146121A52
:100AD00022F070F92E60ECE7E06502007907000073
:100AE000B35B0200A84A00200000ADDE34180020ED
:100AF00085070000C15B02003018002000A0004004
:100B0000A04A00201013002058020020A04A002014
:100B1000AC4A00202DE9F04F674B684C18689B8861
:100B200095B012AA129000216548ADF84C3000F043
:100B3000F0FA63496348192200F056FD1A2361490F
:100B40006148122200F022F905225D495F4800F059
:100B50004BFD5E495E4800F0B1F9072300934FF06A
:100B6000C46206234FF040215A4806F0CAF9594999
:100B70005948152205F00CFC56495848182200F037
:100B80005BFE54495648442200F0ACFD554801F044
:100B900035FC554B524955484FF480721A80002558
:100BA000534A9D70C3E90155DD60DD6106F078FBB5
:100BB0004749504806F0DAFF4E494F4805F0A8FA79
:100BC0004D494E4801F01CFE23464FF0050A03F83C
:100BD000045B18466522002122F0ECF8BAF1010A04
:100BE0000346856680F86C5080F86D5003F1700301
:100BF000EFD1DFF80081414E414F424DDFF828919F
:100C000084F83CA20423424631463846C4E98D3A72
:100C100005F0DAFA3C49C5F80CA00123C5E901AAA0
:100C20002B74C9F800A0A9F808A0CDE908713749CC
:100C300007913749DFF898A0DFF8B4B006912E4845
:100C40003449059028480090CDE90161CDE90B8A2F
:100C5000CDE9034B234B204A1B490A952E48FFF749
:100C600087FC22490D911D490991284908911C4989
:100C7000294B21480A90CDE9064126491A48164ACF
:100C80000290CDE90BB3174B0193CDE904710092AB
:100C9000104B0B49CDF83880524603961F48CDE9DA
:100CA0000F5905F0B5FD1E4A1E491C4815B0BDE898
:100CB000F04F20F0F9BF00BFE6650200C810002029
:100CC000E8180020E0180020CC180020C4180020EC
:100CD000BC180020941800208C1800204018002018
:100CE0003818002020180020001800207014002060
:100CF000F0170020A4130020681300201013002018
:100D0000301000201C10002010000020581000207F
:100D10006013002008130020200E0020580200203D
:100D200000000020CD07000010100020012A02D191
:100D3000016000207047022A05D0032AF9D0002A5A
:100D4000F7D10260F5E70B780370F2E7012A02D1D0
:100D5000016000207047022A05D0032AF9D0002A3A
:100D6000F7D10260F5E70B780370F2E70278012310
:100D700093404FF0A042C2F80C357047027801232F
:100D800093404FF0A042C2F80835704710B5437148
:100D9000002301600271837110BD006800F033BC54
:100DA0001FB50023CDE90033074B0393074B0479AC
:100DB00002936B468DF80040FFF7EFFF6846FFF7A0
:100DC000FCFC04B010BD00BF7D0D00004D0D000007
:100DD0001FB50023CDE90033074B0393074B04797C
:100DE00002936B468DF80040FFF7D7FF6846FFF788
:100DF000E4FC04B010BD00BF6D0D00002D0D00001F
:100E000007B501228DF807100DF10701FFF7E0FF8C
:100E100003B05DF804FBF7B504461E460F462A21D1
:100E200015467FBAFFF7ECFF76BA042269462046E2
:100E3000ADF80070ADF80260FFF7B2FF20462B213D
:100E4000FFF7DEFF6DBABDF82030ADF80450042284
:100E500004F10C055BBA0DEB02012846ADF8063033
:100E600022F006FF042229462046FFF799FF03B02F
:100E7000F0BD70B504460D4616462C21FFF7C0FFA5
:100E8000324629462046BDE87040FFF789BFF7B5D6
:100E9000BDF82040013C1444013B0B44A4B2DDE901
:100EA000096700949BB20546FFF7B5FF3A46314605
:100EB000284603B0BDE8F040FFF7DBBF0022016029
:100EC00002714271827170477FB5B9238DF8073086
:100ED0000023CDE90233CDE90433006802AB0122DF
:100EE0000DF1070100F08FFB049B1BB102A9032247
:100EF0000846984707B05DF804FB10B586B09F23FD
:100F00008DF80F3003230093002404AB01220DF170
:100F10000F010068ADF810408DF8124000F07EFB24
:100F2000049B2046DAB262F30700C3F3072262F3A0
:100F30000F20C3F3074363F3174006B010BD10B58D
:100F40000446FFF7DAFFC0F307232071C0F3074020
:100F50006371A07110BD00001FB50D4B03930023FA
:100F60008DF80B300123009304460DF10B0304228E
:100F700003A9006800F052FB2046FFF7BEFFC0F354
:100F800007232071C0F307406371A07104B010BD46
:100F9000AB0102031FB50122009205238DF80E302C
:100FA0000DF10E010DF10F03006800F037FB9DF805
:100FB0000F0005B05DF804FB08B5FFF7EBFF00F08C
:100FC000010008BD08B5FFF7E5FFC0F3400008BD0C
:100FD0001FB5032400938DF80C400C0C49BAADF8F2
:100FE0000E10134603A9042200688DF80D4000F08E
:100FF00015FB04B010BD1FB506238DF80F3000237C
:10100000009301220DF10F01006800F007FB05B00D
:101010005DF804FB1FB520238DF80C300B0C49BA8A
:1010200004468DF80D30ADF80E10FFF7E4FF2046B2
:10103000FFF7C8FF60B1002300932068042203A9D2
:1010400000F0ECFA2046FFF7B7FF28B904B010BD56
:1010500001201CF0BDFFEAE701201CF0B9FFF1E719
:101060001FB5012200922B238DF80E300DF10E01D9
:101070000DF10F03006800F0D1FA9DF80F0005B0E4
:101080005DF804FB08B5FFF7EBFFC0F3401008BDA7
:1010900008B5FFF7E5FFC0F3801008BD2DE9F04368
:1010A000074685B00D4690461E464FF0020916B918
:1010B00005B0BDE8F08325F0FF04641B04F58074DF
:1010C0002B0CB4428DF80D3038466BBA28BF34462D
:1010D0008DF80C90ADF80E30FFF78DFF3846FFF716
:1010E00071FF70B1009438684346042203A900F0F0
:1010F000A1FA3846FFF760FF38B92544A044361BF3
:10110000D5E701201CF064FFE8E701201CF060FF38
:10111000EFE741711168928842810022C260C0F8F5
:1011200006100261426102767047000010B5416905
:10113000044621B9032201201CF020FA6061617A83
:101140004FF0A043012202FA01F1C3F80815617AB9
:1011500001F5E071032043F82100A17A8A40C3F829
:101160000C25A27A02F5E072002143F82200E27A0F
:1011700002F5E07243F8221063791BB1012B22D0F3
:10118000002010BD2A4B627A2360C3F8082523682B
:10119000A27AC3F80C252368E27AC3F81025237AD3
:1011A000002BEDD123684FF00042C3F82425A3792A
:1011B0000BB1012BE4D1E1791A460329E0D8DFE82D
:1011C00001F0070531344FF04023DCE743F0020221
:1011D0002368C3F8542522680023C2F8103122681E
:1011E000C2F820312268C2F8183122684021C2F8C2
:1011F000041322680220C2F8040322684FF400207E
:10120000C2F8040322680720C2F80005094A82F8E0
:1012100003130821116060691A4619461CF0D2F9BF
:101220000120AEE743F00402D2E743F00602CFE725
:101230000030004000E100E037B50368D3F80855FE
:101240001B4B1A88ADF80420027E9B788DF806307F
:101250000446BAB901A928461BF098FC08B11DF054
:10126000A4FA002128461BF007FD28461BF09EFD2E
:1012700023685A690F4BC3F81005C3F814250122DF
:10128000C3F8042523680022C3F8182123684022EC
:10129000C3F8082323680222C3F8082323684FF405
:1012A0000022C3F808230123237603B030BD00BF1A
:1012B000EC65020000F0014010B504460368D3F865
:1012C0000805237E2BB11BF03BFD0B4B0122C3F81D
:1012D000082522680023C2F8183122684021C2F88C
:1012E000041322680221C2F8041322684FF400217B
:1012F000C2F80413237610BD00F001407047036864
:10130000C3F844150368C3F8482502680023C2F8EF
:1013100050350268C2F834350268C2F838350268C0
:10132000C2F840350268C2F81831704737B5C36853
:101330008BB105698DB1FF2D28BFFF252A46C168F5
:10134000FFF7DDFFC3682B44C36003695B1B0361C8
:10135000036801221A6103B030BD017901238B407B
:101360004FF0A041C1F80835C56001A94069019559
:101370001CF000FA019B002BEDD0054B4FF0805282
:101380005A6040BFBFF34F8FBFF36F8FE3E700BFDB
:1013900000ED00E010B504680023C4F8443504688B
:1013A000C4F848350468C4F850350468C4F83415E6
:1013B0000168C1F838250268C2F840350268C2F8F1
:1013C000183110BD2DE9F041069F044688461E469F
:1013D0001546002A4BD040694FF0FF311CF06CFAE3
:1013E000012E84F80480204626D1FFF725FFBB6834
:1013F00013B1FB6838469847237901274FF0A04284
:1014000007FA03F3C2F80C35E56026612569E16847
:10141000FF2D28BFFF252A462046FFF770FF2369CE
:101420005B1B2361E3682B44E3602368BE421F61BA
:1014300005D00120BDE8F081FFF73EFFD7E7226825
:10144000D2F81831002BFBD02279012393404FF0C2
:10145000A0420025C2F808352046E560FFF72CFFC2
:1014600060692B462A4629461CF0ACF8E1E7104695
:10147000E0E7F8B504460F4640694FF0FF311546E6
:101480001E461CF019FA27712046FFF715FF236846
:101490004022C3F8082323680222C3F808232368E4
:1014A0004FF40022C3F80823237901274FF0A0420C
:1014B00007FA03F3C2F80C350023E36032462361D8
:1014C00029462046FFF71BFF23681F612268D2F8D8
:1014D0001831002BFBD0DDE906122046FFF75AFF3A
:1014E000236801221A612268D2F81831002BFBD040
:1014F000237901254FF0A04205FA03F3C2F808351D
:10150000002360691A4619461CF05CF82846F8BDAD
:1015100000210368D3F8002592B9427A4FF0A04326
:1015200002F5E072022143F82210827A02F5E0729D
:1015300043F82210C27A02F5E07243F82210704795
:10154000C3F80015E5E7FFF7F1BDF8B504460F460F
:1015500040694FF0FF3115461E461CF0ADF927716A
:101560002046FFF7A9FE23684022C3F8082323681A
:101570000222C3F8082323684FF40022C3F808238B
:10158000237901274FF0A04207FA03F3C2F80C3584
:101590000023E3603246236129462046FFF7AFFE71
:1015A00023681F612268D2F81831002BFBD0DDE9D7
:1015B00006122046FFF7A3FE236801221A61226863
:1015C000D2F81831002BFBD0237901254FF0A0422F
:1015D00005FA03F3C2F80835002360691A46194674
:1015E0001BF0F0FF2846F8BD10B5016002F5E0736E
:1015F0004FF0A0410324027141F82340012393409E
:10160000C1F8083510BD07B5009313460A460179A5
:101610000068FFF7D7FE03B05DF804FB13B5049C28
:10162000CDE9003413460A4601790068FFF721FF2F
:1016300002B010BD13B5049CCDE9003413460A4630
:1016400001790068FFF781FF02B010BD10B5C90332
:101650001B4C1A430139C4F80C25C4F80415D4F8FE
:1016600008354FF0804243F00103C4F80835D2F842
:1016700000344FF0FF31C2F80014DA0712D49C078F
:1016800012D4590712D41A0712D4DC0312D49903C6
:1016900012D45A0312D413F4002F14BF07230823C3
:1016A000036010BD0023FBE70123F9E70223F7E7FE
:1016B0000323F5E70423F3E70523F1E70623EFE728
:1016C00000000140014B01221A60704700000140F8
:1016D000024B034AC3F80026704700BF00000140D8
:1016E0003546526E0160027170477FB50822009244
:1016F0000179006804AB05F023FD9DF817209DF8E3
:1017000011109DF810009DF8153002F00F0242EA0A
:101710000122C0009DF8121040EAC3209DF8163047
:101720000901C9B203F0070303430A43002062F32F
:101730000F009BB263F31F4007B05DF804FB1FB5B9
:10174000012300938DF80F200DF10F030A46017954
:10175000006805F023FD05B05DF804FB1FB501230B
:1017600000930A460DF10F030179006805F0E8FCCB
:101770009DF80F0005B05DF804FB10B5012104468B
:10178000FFF7ECFF60F07F02D2B220460121FFF7A5
:10179000D6FF20462F22BDE810400C21FFF7CFBF17
:1017A00010B501210446FFF7D9FF012100F07F02A7
:1017B0002046FFF7C4FF20460022BDE810400C2160
:1017C000FFF7BDBF38B54FF0A0430025C3F87857E9
:1017D0000446FFF7E5FF64201CF0FAFB2046502288
:1017E0000121FFF7ACFF20462F220C21FFF7A7FFB6
:1017F000204677221621FFF7A2FF2A46204617210E
:10180000BDE83840FFF79BBF20B1034B800143F098
:1018100001031847704700BF0066020038B5054D48
:10182000044645F001054FF47A40A847013CFAD13F
:1018300038BD00BF0066020002710022C0E910221C
:10184000828780F83E20826401220160027405498B
:101850004275054A816202630449C1621022C06078
:10186000828370478718000009180000B118000033
:1018700007B5009313460A460179006805F060FC3D
:1018800003B05DF804FB10B50446184613460A463B
:101890002146FFF7EDFF002010BD07B5009313466A
:1018A0000A460179006805F079FC03B05DF804FB95
:1018B00010B50446184613460A462146FFF7EDFFC9
:1018C000002010BD2DE9FF4191F83C3004460D4643
:1018D0004BB94A6C01324A64C4E90033A360204624
:1018E00004B0BDE8F08101F10808414602A800F00B
:1018F0001CFB20B1AB6C0133AB640023ECE795F823
:101900003B20BDF90860BDF90A70BDF90C500D4BC4
:101910000190414601A833F91230B602BF0296FB8E
:10192000F3F697FBF3F736B23FB2AD0295FBF3F552
:1019300000F047FD2DB2019B2360A780E680258142
:10194000CDE700BFF0650200083000F011BD38B5EA
:10195000002300F10805044680F83D30284600F0D9
:1019600016FC30B9012084F83D00BDE83840FFF78F
:1019700055BF0A20FFF752FF284600F008FC002858
:10198000F0D038BD38B5002380F83C30036C01330B
:10199000036490F83D30044633B104F1080528464D
:1019A00000F007FC38B138BDFFF7D1FF94F83D30A7
:1019B000002BF2D1F7E7237A112B04D0132B31D06F
:1019C00084F83E00EFE7012384F83E30284600F01B
:1019D00005FC0028E7D12946012000F0C0FB0028C3
:1019E000E1D101212A46084600F01CFC0028DAD18A
:1019F000294600F08FFC0028D5D12946012000F0AF
:101A000089FB0028CFD120464FF4027340F8383FBD
:101A1000294600F026FA0028C5D1012384F83C307D
:101A20002064C0E70223CFE790F83E00704748B13A
:101A3000036A3BB1436A2BB14068B0FA80F04009B9
:101A4000404270474FF0FF30704770B5054618466A
:101A50001C46FFF7ECFFB8B9B1B1237A0BB905F01A
:101A60007F052846666A6368B0470546607270B9AC
:101A700094F82E20A36A6168012A0CBF02204FF45B
:101A8000E1709847284670BD4FF0FF35FAE76FF0D8
:101A90000105F7E72DE9F84F834600AF1846884661
:101AA00015461C46FFF7C3FF40BB39B3E27A2A4410
:101AB000D31D23F00703E946ADEB030D237AEA4675
:101AC0000BB94BF0800B266A636851465846B04705
:101AD000607288B16FF00100CD46BD46BDE8F88F59
:101AE000E17A0AEB0306715C08F8031093B29D4299
:101AF00002F10102F4D8EFE70246F7E74FF0FF30BA
:101B0000EBE713B5002304468DF806308DF8073057
:101B1000FFF78DFF48B9234601220DF106015B2036
:101B2000FFF7B8FF18B16FF0010002B010BD2346F7
:101B300001220DF107015C20FFF7ACFF0028F2D174
:101B40009DF806209DF8073002F00F0242EA0312CA
:101B5000A38A02EB530202F00F0312098DF806303C
:101B60008DF80720234601220DF106015B20FFF7C7
:101B70006CFF0028D9D1234601220DF107015C201A
:101B8000FFF763FFD1E710B50446FFF750FF80B9B8
:101B90002346012204F117015B20FFF756FF40B9ED
:101BA000234604F118010122BDE810405C20FFF734
:101BB0004CBF10BD13B50023044608468DF807300E
:101BC000FFF735FF78B974B10B4601220DF107011B
:101BD0007C2000F00BF820B99DF8073003F00103DA
:101BE000237002B010BD4FF0FF30FAE72DE9F74F38
:101BF0001D460746002328468DF80730FFF717FFDC
:101C00000E4614468146002874D1002972D05E2FFA
:101C100069D129460DF10700FFF7CCFF9DF8078039
:101C2000B8F1010F074609D12946484600F068F887
:101C3000AB6A696807464FF4E170984714F00109F0
:101C40005BD1AB7DA34258D3002F56D1AF8AA742B8
:101C500042D2B4FBF7FA2846FFF795FF07FB1A4775
:101C6000CB4604465FFA89F39A4520D847B1D4B9E8
:101C70002B463A4606EB0B015E20FFF70BFF0446AE
:101C80008CB92846FFF77FFF044660B9B8F1010F11
:101C900009D12946404600F033F8AB6A696804462A
:101CA0004FF4E1709847204603B0BDE8F08FAA8A50
:101CB0002B4606EB0B015E20FFF7ECFE044640B915
:101CC0002846FFF71EFF044618B9AB8A5B441FFA8B
:101CD00083FB09F10109C5E72B46224631465E2008
:101CE000FFF7D8FED0E72B46384603B0BDE8F04FEB
:101CF000FFF7D0BE4FF0FF34D5E76FF00904D2E70D
:101D000037B50023054608460C468DF80730FFF727
:101D10008EFEC0B90B4601220DF107017C20FFF7B2
:101D200065FF80B99DF8073005F0010523F0010338
:101D300043EA05008DF80700234601220DF1070153
:101D40007C2000F002F803B030BD2DE9F04F1C46B6
:101D500085B00746002320460E4615468DF80F3005
:101D6000FFF765FE002876D1002974D05E2F6BD175
:101D700021460DF10F00FFF71DFF9DF80FA0BAF1EE
:101D8000010F074609D140B92146FFF7B9FFA36A01
:101D9000616807464FF4E170984715F001095DD17D
:101DA000A37DAB425AD3002F58D1B4F814B0AB4541
:101DB00043D22046FFF7E7FE034628BBB5FBFBF7FF
:101DC000C8465FFA89F2974222D80BFB17523AB104
:101DD000D3B9234606EB08015E20FFF736FE034623
:101DE00093B92046FFF7CFFE034668B9BAF1010F59
:101DF0000AD121465046FFF783FFA26A019061682D
:101E00004FF4E1709047019B184605B0BDE8F08F94
:101E10002346A28A06EB08015E20FFF716FE034662
:101E200040B92046FFF76DFE034618B9A28A424426
:101E30001FFA82F809F10109C3E723462A46314611
:101E40005E20FFF702FECFE72346384605B0BDE827
:101E5000F04FFFF7FABD4FF0FF33D5E76FF00903FE
:101E6000D2E773B50023044608460E46ADF80430A9
:101E7000FFF7DDFD60BB5CB3A5786378012D24D14D
:101E8000022B28D82278511E0B2924D8ED0145EACF
:101E900003152A43E378D2B203F003038DF804203C
:101EA000D2098DF8053086F82E203346012201A98B
:101EB0004020FFF74AFF30B9334601220DF10501FA
:101EC0004120FFF742FF02B070BD25B9072BD8E7CC
:101ED0004FF0FF30F7E76FF00700F4E713B500238A
:101EE00004468DF806308DF80730FFF7A0FD024656
:101EF000B0B9237ABBB90122E27223460DF1070182
:101F0000FFF774FE024658B9012223460DF106017F
:101F10000020FFF76BFE024610B99DF806302370D3
:101F2000104602B010BDE072EEE7F7B5002306469A
:101F300008460F460093ADF80430FFF778FD0028FF
:101F40003AD1002E38D00B46062269461220FFF700
:101F50004DFEE0B9BDF90050BDF90240BDF90420C5
:101F600035807480B2803B7B0C2B12D1002DB8BF22
:101F70000F35002CB8BF0F34002A4FEA25154FEA61
:101F80002414B8BF0F32358074801211B28003B0B0
:101F9000F0BD0E2BFBD1002DB8BF0335002CB8BF10
:101FA0000334002A4FEAA5054FEAA404B8BF033260
:101FB000358074809210E9E74FF0FF30E7E70000CA
:101FC000F7B50546294600208DF804008DF8050078
:101FD000FFF796FEAB6A696804464FF4E1709847D4
:101FE0004CB92B46012201A95920FFF7AEFE044649
:101FF000002800F08780204603B0F0BD73092F69E8
:102000008DF806302846C6F3430337448DF8073071
:10201000FFF70DFD002872D1002F70D02B46012252
:102020000DF107015B20FFF790FE044678B92B46BF
:1020300001220DF106015C20FFF787FE044630B94E
:10204000AA8A2B4639465E20FFF7FFFC0446AB8A7E
:1020500033449EB2AB8DB342D0D8002CCBD10126F5
:102060002B46324601A959208DF80460FFF76DFE1A
:1020700004460028BFD1AB6A6968254898473246B4
:102080002B460DF105012A20FFF7B0FD9DF80560F4
:1020900006F00F068DF8056004460028ABD1012E2E
:1020A00032D129463046FFF72BFE04460028A2D144
:1020B0008DF806008DF807002846FFF7B8FC0446A7
:1020C000002898D12B4632460DF106015B20FFF720
:1020D000E1FC044600288ED12B4632460DF1070163
:1020E0005C20FFF7D7FC0446002884D19DF8063019
:1020F00003F00F03EB759DF807302B767BE74FF06D
:10210000FF34A4E70646A5E76FF0040473E700BFB9
:10211000F049020037B50023044608460D468DF805
:102120000730FFF784FCC0B90B4601220DF107010F
:102130007D20FFF75BFD80B99DF80730A40023F0F8
:10214000040304F004041C4301222B460DF1070193
:102150007D208DF80740FFF7F8FD03B030BD07B5CF
:102160008DF807000846FFF762FC50B99DF807306C
:10217000012B09D80B4601220DF107015520FFF76D
:10218000E4FD03B05DF804FB6FF00700F9E707B565
:10219000B62302468DF80730FFF749FC30B91346E5
:1021A0000DF1070101227E20FFF7CFFD03B05DF89E
:1021B00004FB10B50446FFF791FE70B9237803F0D5
:1021C000FD03112B01BF0C2323734623A37506BF08
:1021D0004FF4C053A3856FF0030010BDA8B102787F
:1021E00002F0FD03112B13D1838A991E442912D8C2
:1021F000D90744BF03F1FF3383820849084B112AF2
:1022000008BF0B460361FFF7DBBE4FF0FF3070479E
:102210006FF0030070476FF0090070470666020018
:10222000067E020070B592B0154604460E46462260
:102230000021684620F0BEFD002D65D02B7803F00C
:10224000FD03112B63D12B46462269465E20FFF722
:10225000CDFCA0BB012E04F0010304F0020004F049
:10226000040104F0080204F010042AD12BB19DF8F7
:102270003B3043F010038DF83B3028B19DF83B30E4
:1022800043F020038DF83B3029B19DF8403043F0F6
:1022900001038DF840302AB19DF83C3043F0010332
:1022A0008DF83C302CB19DF83E3043F001038DF8A1
:1022B0003E302B46462269465E20FFF746FD12B0AF
:1022C00070BD2BB19DF83B3023F010038DF83B30EF
:1022D00028B19DF83B3023F020038DF83B3029B125
:1022E0009DF8403023F001038DF840302AB19DF86D
:1022F0003C3023F001038DF83C30002CD9D09DF800
:102300003E3023F00103D2E74FF0FF30D7E76FF004
:102310000300D4E730B593B00D46044646220021B1
:10232000684620F047FDEDB12B7803F0FD03112B3B
:102330001BD12B46462269465E20FFF757FC78B931
:102340009DF83B20E40022F0080204F00804224338
:102350008DF83B202B46462269465E20FFF7F5FCB0
:1023600013B030BD4FF0FF30FAE76FF00300F7E72E
:1023700010B592B0044646220021684620F01AFDAE
:10238000CCB1237803F0FD03112B17D1234646224D
:1023900069465E20FFF72AFC58B99DF83B3043F0B0
:1023A00004038DF83B304622234669465E20FFF742
:1023B000CCFC12B010BD4FF0FF30FAE76FF0030015
:1023C000F7E713B50023019304460B4679B10A7869
:1023D00002F0FD02112A0DD104220DEB02011E2094
:1023E000FFF704FC08B9019B236002B010BD4FF059
:1023F000FF30FAE76FF00300F7E7000001210181E9
:102400004FF0A0430449002242804260C26008604D
:10241000C3F83027704700BF201900204FF0A041BB
:10242000D1F810256FEA123303F001038371D1F85C
:1024300010156FEAD14303F001030903C37104D4FB
:10244000D30401D50123437170470023FBE700004B
:1024500030B5114D114985B0044628680090684692
:102460001AF02EFE08B11CF0A0F90D4A68685168F8
:10247000127A01AB03C301A900201A701AF068FE9A
:1024800008B11CF092F9012120461AF0BFFE08B1F4
:102490001CF08BF905B030BD06960200D525000072
:1024A0000A96020010B5FFF7B9FF437A3BB9012342
:1024B0004372FFF7CDFFBDE810401AF0F7BE10BD24
:1024C000F0B5044640480368BFF35B8FDB0787B075
:1024D0000D461DD41FF0EFFBD0B13C4B6E4603F10F
:1024E000180C324618685968374603C708336345E5
:1024F0003E46F7D1364E06AF134603CBBB423060A3
:1025000071601A4606F10806F6D12F481FF0DFFB6E
:102510002B7873BB012120461AF078FE08B11CF01D
:1025200044F96B681B884FF4965213FB02F3002B9F
:10253000B8BF03F2FF3362799912C3F38F2363802C
:10254000002A35D1224802889A4214D38278A3798E
:10255000C3F16403DBB2934228BF1346E1792279C9
:1025600041B3934228D8227A32BB1AF019FF0023D4
:10257000637207B0F0BD012230F82250AB4200EB8D
:10258000820610D2013A00EB820330F822009B78D9
:10259000B27889B2D21A091A51432D1A91FBF5F17A
:1025A0005A18D2B2D3E70132062AE5D1827DCEE7AE
:1025B0006423D3E79342D6D20022E06822722371CB
:1025C000162104F06FFCD0E70419002014960200D5
:1025D00008190020024B01461868FFF771BF00BFC1
:1025E00020190020C16070470078704701230370F4
:1025F0007047002303707047407870470123437091
:102600007047002343707047012383707047002395
:1026100083707047416070478160704710B50378E0
:102620005A1C027081F86C30012381F86D30BFF3C1
:102630005B8F80F83C320446BFF35B8FD0F83402E6
:1026400088B101387023C4F8340203FB00406E22C5
:10265000043021F00DFBD4F83832042B9CBF013339
:10266000C4F8383210BD0420ECE780F8241080F85C
:102670002520704700000000F7B5C36A8B4204466E
:1026800086BF01F18070C31ACB1AB3F5806F4FEA91
:10269000932501D2002A4DD0C3F30903994238BFD4
:1026A00001F18071CB1AD4E90C01E3622A4BE5FBFE
:1026B0000301D4E90E325B1942F10002C4E90E3283
:1026C000C4E90C0122A3D3E9002323F03DF8CDE9AE
:1026D0000001684620F076FB05460FCD26460FC662
:1026E0000FCD0FC62B6833602379257A00271BBBDB
:1026F00094F841303BB9606C012384F8413010B14B
:10270000102104F0CFFB94F842303BB9606C0123F8
:1027100084F8423010B1112104F0C4FB9DB994F843
:1027200040303BB9606C012384F8403010B10F2178
:1027300004F0B8FB03B0F0BD1E2B84F84170E2D06A
:1027400084F84270EAE7002384F84030F2E700BFE3
:1027500000CA9A3B0000000000CA9A3B70B50446CC
:102760001D4616464FF0FF31806A1BF0A5F8E16A5E
:102770002046C4E90C650122FFF77EFF0023A06A12
:102780001A46BDE8704019461AF01CBF30B58BB030
:1027900004469DF8400001909DF83C0002909DF891
:1027A0003800A1F26C71CDE903030025013A0691CE
:1027B000A06A05924FF0FF310991CDE907551BF052
:1027C0007BF801A820F0E0FC0C4AA0FB020302FB0E
:1027D0000133C4E90C03E16A01222046FFF74CFFF4
:1027E000A06A2B462A4629461AF0ECFE606C10B10E
:1027F000022104F057FB0BB030BD00BF00CA9A3B6A
:102800007FB50022002300250126C0E90C23C0E982
:102810000E234FF480730446C0E91151C0E90A55F4
:102820008584A0F8403080F8426030461AF04AFFB4
:102830002B462A462946A0621AF0C4FE2046CDE95E
:10284000015500953346324640F2E971FFF79EFF8D
:10285000204604B070BD000038B50C4605464FF068
:10286000FF31A06A1BF028F8094B2046D3F8041565
:102870000022FFF701FF00231946A06A1A461AF04A
:10288000A1FED4E90C23C5E90023284638BD00BFCA
:1028900000100140416470472DE9F84347F6FF7985
:1028A00005465001DFF870804845A8BF48464045BE
:1028B000B8BF404600B20F461E4605F0B7FA0446C0
:1028C00068014845A8BF48464045B8BF404600B2E9
:1028D00005F0ACFA002FA2B280B205DA002E0FDAB2
:1028E000801A00B2BDE8F883002E12DA104480B2DC
:1028F000002DBABFC0F57F404C30C0F1B400F0E706
:10290000024492B2002DB4BF02F1B400A2F1B400AF
:10291000E7E7101AE5E700BF0180FFFF2DE9F74F59
:102920008C6BCE6C0F6EA31D04F10809019300237C
:1029300004F1010B361BCA469E4698461A461D46B0
:102940009C463C1B0AF0070701EB47073F8D674495
:102950000FFA87FC06EB0A0707F0070701EB4707AA
:10296000BF8F2F443DB204EB0A0707F0070701EBC6
:1029700047070AF1FF3AB7F8507017443AB20BF024
:10298000070701EB47073F8D47440FFA87F806EB2F
:102990000B0707F0070701EB4707BF8F77440FFAD4
:1029A00087FE04EB0B0707F0070701EB47070BF166
:1029B000010BB7F850701F443BB2019F5745C1D17E
:1029C00003EBD3735B100CEBDC7C05EBD57502EBF2
:1029D000D27208EBD8780EEBDE7E4FEA6E0E4CF327
:1029E0004F0C45F34F0542F34F0A4FEA6808438105
:1029F0000023A0F808E0A0F800C04580A0F804A0DB
:102A0000A0F806801F469E4609F0070801EB48081B
:102A1000019AB8F92880A8EB0C0808FB08EE06EB31
:102A2000090808F0070801EB4808B8F93C80A8EB52
:102A3000050808FB087704EB090808F0070801EB14
:102A4000480809F1FF39B8F950804A45A8EB0A084F
:102A500008FB0833D8D14FEA5E027F085B08C260EA
:102A60000761436103B0BDE8F08F10B50446B0F9CB
:102A7000100020F01AF8B0F5C07F0CDC236AB3F523
:102A8000446F08D8B4F9120010F5357F05DA636A8F
:102A9000B3F5446F04D900200FE010F13F0FFADACC
:102AA000B4F91A30B4F91820B4F91410FFF7F4FE91
:102AB00010F12D0FACBF0020012010BD10B5044651
:102AC000B0F91000B0F55E7F2DDAB4F9100010F502
:102AD0005E7F09DCB4F91A30B4F91620B4F9141089
:102AE000FFF7DAFE1E3028DBB4F91200B0F5357FAF
:102AF00025DBB4F91A30B4F91820B4F91410FFF733
:102B0000CBFE1D281BDDE26CD31C083203F007014D
:102B100004EB4101B1F93C10B1F5847F0FDD0133C5
:102B20009A42F3D109E0B4F91A30B4F91620B4F995
:102B30001410FFF7B1FE1E28C7DD012000E00020C1
:102B400010BD012903D08B1E5942594149008166AD
:102B500070472DE9F041069F0C4615461E464FB1C1
:102B600000F0D4FC069733462A462146BDE8F041E2
:102B700000F0D0BCBDE8F0812DE9F04788B01F46D9
:102B8000DDF840A00368534504468846914604D0CA
:102B9000C06E10B1514603F04AFAE06EF8B1A36B73
:102BA00003F0070304EB4303B3F92830434511D185
:102BB000E36C03F0070304EB4303B3F93C304B45EC
:102BC00008D1236E03F0070304EB4303B3F950303D
:102BD000BB4204D03B464A46414603F048FAE3680C
:102BE000A3601BF0FFF8A56BE060013505F0070559
:102BF00004EB4503A563A3F82880E06C013000F0E6
:102C0000070004EB4002E064A2F83C90266E013617
:102C100006F007060730266604EB460100F00700C1
:102C2000073604EB400006F00706A1F8507004EBED
:102C30004606B0F93C10B2F93C20B6F95000B3F9A1
:102C40002830073505F00705521A04EB450502EB5D
:102C5000D272381A00EB6200B5F928209B1A48BFDF
:102C6000033300EBA3001FF020FFD4E90235626EAE
:102C7000ED1A6423052143439200B3FBF5F392FB65
:102C8000F1F293FBF1F3134402A863662146FFF7C8
:102C900045FE8446BCE80F0004F110060FC69CE810
:102CA00003004A4686E803003B460095414620461D
:102CB000FFF74FFF2368C4F800A0AAEB0303002B23
:102CC000C2BF6268D218626008B0BDE8F087000039
:102CD00010B5DFED217A20EE270A2DED028BC0EE34
:102CE000208A002343618361C36103620446B0EE1E
:102CF000680A1FF0B9F8B0EE408AB0EE680A1FF01B
:102D00007BF8F7EE007AB6EE006AB0EE677AA8EECE
:102D1000067A2046F0EE676A37EE075A77EEC07AF9
:102D200070EE005AE8EE466A87EE856A87EE875AAB
:102D3000C5EE877A84ED006AC4ED037AF1EE667A17
:102D4000C7EE876A84ED015A84ED026AC4ED046A15
:102D5000BDEC028B10BD00BFDB0FC940B0EE407A66
:102D60009FED1D6A90ED070AF0EEC77AF4EE467A01
:102D7000F1EE10FA2ED8D0ED056AD0ED017AD0ED43
:102D8000005A90ED025A80ED057A66EEA77AE7EEDA
:102D9000257AD0ED065AC0ED066AE5EE257AD0ED2B
:102DA000035A90ED045AE5EEC07AD0ED085A80ED52
:102DB000080AE5EE657AF0EEE75AF4EEC65A9FEDA2
:102DC000076AF1EE10FA88BFF0EE467AC0ED077A96
:102DD000B0EE670A704700BFFFFF7F7F0000000072
:102DE00010B5F2EE040AB0EE000A0446FFF770FFD9
:102DF00000200021C4E90A01002384F82430236361
:102E0000204610BD38B5044615460AB9A06A38BD3B
:102E100091ED010AD1ED007A20EE000AA7EEA70A93
:102E2000D1ED027AA7EEA70A1EF0C4FFF7EE007AF2
:102E300030EE670A2046B0EEC00AFFF78FFF94F825
:102E40002430DFED157ACBB1D4E90A32B4EEE70ACB
:102E50005B1942F10002F1EE10FAC4E90A324FF0B8
:102E6000000108D5236B1D44C82D2563CED984F8F5
:102E700024102163CAE700232363C7E7B4EEE70AFF
:102E8000F1EE10FAF7DD226B1544C82D2563BDD98C
:102E9000012284F82420EFE70AD7A33D30B50023B0
:102EA00080F824300024002503630023C0E90A458C
:102EB0000362C3618361436130BD38B500230025DF
:102EC00004460360436083600573F2EE040AB0EECB
:102ED000000A1030FFF7FCFEF2EE040AB0EE000A22
:102EE00004F13400FFF7F4FEF2EE040AB0EE000A3B
:102EF00004F15800FFF7ECFE00220023C4E9202370
:102F000084F87C50C4F88850204638BD7FB503460D
:102F10001AB9D3F8800004B070BD007B28B907C986
:102F200083E8070001221A73F3E71C4603F110003F
:102F300001AD03F17C06B1EC010AD4ED007AA4ECFA
:102F4000010A30EE670AB0EEC00AFFF707FF24302F
:102F5000B042A5EC010AEED193F87C409DED017AD8
:102F6000DFED257AD3E9201064B35118B4EEE77A87
:102F700040F10000F1EE10FAC3E920104FF0000418
:102F800036D59DED027AB4EEE77AF1EE10FA2FD540
:102F90009DED037AB4EEE77AF1EE10FA28D5D3F876
:102FA00088100A4442F63C018A4294BFC3F8882044
:102FB000C3F88810B2F5967F84BF83F87C40C3F8CD
:102FC0008840A6E7B4EEE77AF1EE10FA0DDC9DED4D
:102FD000027AB4EEE77AF1EE10FA06DC9DED037AA0
:102FE000B4EEE77AF1EE10FA02DD012283F87C20DC
:102FF0000022C3F888208CE78FC2F53C30B500234F
:1030000000220024002580F87C30C0F8883003734B
:10301000C0E9204502604260826000F110037C300C
:10302000834200D130BD1A62DA619A615A61243359
:10303000F6E7000038B5002300250446036043602E
:1030400083600573F2EE040AB0EE000A1030FFF759
:103050003FFEF2EE040AB0EE000A04F13400FFF77E
:1030600037FEF2EE040AB0EE000A04F15800FFF752
:103070002FFE064B84F87F501A889B78A4F87C209A
:1030800084F87E30C4F88050204638BD2C9602006B
:10309000F0B5034685B032B1007B38B907C983E883
:1030A000070001221A73002005B0F0BD01AC03F146
:1030B000100003F17C0726461D46B1EC010AD5ED50
:1030C000007AA5EC010A30EE670AB0EEC00AFFF7FD
:1030D00045FE2430B842A6EC010AEED100209FED57
:1030E0001E7ADFED1E6A03F17B0103F17E060127E4
:1030F000844611F8015FF4EC017AFDB1F4EEE67A52
:10310000F1EE10FA02DD81F800C02846B142F0D19C
:1031100093F87F10C9B1D3F880100A4442F2A67127
:103120008A4294BFC3F88020C3F88010962ABAD987
:10313000002283F87F20C3F88020B4E7F4EEC77A3A
:10314000F1EE10FA48BF0F70E0E70028ABD0012283
:1031500083F87F20A8E700BF0AD7233CCDCC4C3DA5
:103160000D4B00F17C0219889B78A0F87C109370BD
:10317000002380F87F30C0F88030037300230360A1
:10318000436083601030904200D170470362C36196
:10319000836143612430F6E72C96020010B50446A3
:1031A000FFF71EFE04F13800FFF787FE04F1C800A8
:1031B000FFF740FF204610BDF8B50D461646044601
:1031C0001A46314628461F46FFF71CFE3A46206045
:1031D000314605F13800FFF799FE3A466060314606
:1031E00005F1C800FFF754FF95F8243020720BB9A1
:1031F00095F8B43063722046F8BD08B5FFF74EFE6F
:1032000001463830FFF7FAFEBDE8084001F1C8007A
:10321000FFF7A6BF0A68027010B5140A4470140CB8
:10322000120EC2704A688470140A02714471140C40
:10323000120EC2718A688471140A02724472140CEC
:10324000120EC2720A7B8472003A18BF0122027306
:103250004A7B003A18BF01224273B1F90E208273F3
:10326000C2F30722C273B1F910200274C2F307221D
:103270004274B1F912208274C2F30722C27410BDE5
:1032800038B50546044645F8041B3022002128467F
:103290001FF090FD104B6360104BC4E90234122301
:1032A000A38204F15403A3612022002104F134001D
:1032B0001FF080FD0123002184F83430084BA36304
:1032C0002564A4F8541084F85610142204F1580010
:1032D0001FF070FD204638BD2F9602002F330000EE
:1032E0004096020010B500F13404204609F0BAFF00
:1032F00020B92046BDE8104009F090BF10BD10B5C0
:10330000B0F854308B4286B014460ED100F158010B
:103310006846FFF77FFF60681622694616F079F865
:10332000002818BF112006B010BD0020FBE718468A
:10333000FFF7E5BFF0B50D46064600F158040F460D
:103340000FCD0FC42B682360BFF35B8F96F8563008
:10335000BFF35B8F87B013B9002007B0F0BD3068B2
:1033600000F001FA431E9BB24FF6FD7293420446F1
:10337000F2D839466846FFF74DFF1621684605F03A
:1033800027FF02460028E7D0B6F8541020460AF07E
:103390004DFF18B1C31F58425841DEE70120DCE75A
:1033A000B0F854308B4206D1BFF35B8F012380F815
:1033B0005630BFF35B8F7047B0F854308B4206D164
:1033C000BFF35B8F002380F85630BFF35B8F7047ED
:1033D000F8B5124E3368F3B9114F124C3D68BFF384
:1033E0005B8F15F0010515D138461EF064FC88B1DD
:1033F0002046FFF7D3FE1C22294604F5AA70C4F824
:1034000050511FF0D7FC002200233846C4E95C234A
:103410001EF05DFC34603068F8BD00BFA01A0020CB
:103420002419002028190020C0F85011FFF7E5BE2C
:1034300070B513460D46D0E95C21D21888B041F131
:1034400000010446C0E95C2101462A466846FFF7B0
:10345000B3FEDDE9006307EE903AF8EE676ADFED50
:10346000297A9DF808109DF8092084F85C1186EEF1
:10347000A77AC4E9556384F85D212868C4F864011B
:103480006868C4F86801A868C4F86C01D4F85001F1
:10349000DFED1D7A27EE277AB4EE677AF1EE10FAA7
:1034A000C8BFB0EE677A84ED587A48B395ED007ADC
:1034B000059327EE277AD4F870418DF81810BDEEE9
:1034C000C77A03A917EE103A95ED017AADF81A30D4
:1034D00027EE277ACDE90346BDEEC77A8DF819208D
:1034E00017EE103A95ED027AADF81C3067EE277AA8
:1034F000FDEEE77A17EE903AADF81E30FFF71AFFAF
:1035000008B070BD00BA5B4A0000C842004870476E
:10351000A41A002006EE901A07EE102A07EE903A41
:103520001FB59FED0F6A069CF8EEE66AB8EEC77A03
:10353000F8EEE77A66EE866A27EE067A67EE867A16
:10354000CDED016A8DED027ACDED037A2CB1FFF756
:103550003FFF224601A9FFF76BFF04B010BD00BF7B
:103560000000803A004870471800002070477047FC
:103570002DE9F3471E460C9BDDF83CA0C0F810A0D7
:103580000446C0E90263C0E9001214300D460A9FE8
:1035900004F5237900F090FE04F5E27000F0AEFB34
:1035A0003146484600F034FC04F549783A4629464D
:1035B00004F52C7001F0B6FA3A462946404600F070
:1035C0001BFD314604F5567001F076FA214604F5EC
:1035D000717001F065FB314604F5B56001F0BAFD8C
:1035E00004F5D46002F004FB0B9904F2847001F03E
:1035F000C7FE3A46294604F2F47002F025FA0D9A05
:10360000214604F6680002F001FC0E9A214604F6F9
:10361000C40002F08FFC214604F63C10FFF730FE98
:103620005246294604F6A81001F00AFF694604F63E
:103630002830CDE9009802F086FA4FF6FF7300219A
:10364000A4F8363B84F8381B102204F639301FF0FA
:10365000B1FB204602B0BDE8F087000010B5B6B05F
:1036600004460A22002103A81FF0A4FB60220021C7
:1036700006A81FF09FFB602200211EA81FF09AFBE6
:1036800040F20223ADF80C3094F8383B0E2B40D8B2
:103690002022ADF80E2001332F22ADF8102084F83F
:1036A000383B06238DF818301E4B1F490793BDF891
:1036B00020301E4825900B4040F201121343ADF814
:1036C00020301B4B0B93BDF830300B401A43802346
:1036D000ADF830208DF83A3020F0E8FA9DF89930B6
:1036E0008DF8980043F0010306A88DF8993008F092
:1036F00011FA1EA808F01FFA0E4B0093019494F8DB
:10370000340B03AB4FF4FA62002108F005F936B030
:1037100010BD40F26463ADF80E3040F27363ADF853
:103720001030BEE75296020000FEFFFFD55B02009C
:1037300056960200C53A000008B5002017F008FCB4
:10374000024B1868BDE80840FFF788BFA81A0020A0
:10375000B0F8361B4FF6FF73994203D000F62830BD
:1037600002F014BA7047B0F8360B70470A46B0F84A
:10377000361B4FF6FF73994203D000F2847001F0BC
:103780004DBE704710B504464068FEF737FF6068CD
:10379000FEF72FFF002384F8383B2046BDE8104099
:1037A000FFF75CBF10B504464068FEF72AFF60686B
:1037B000FEF71AFF48B1B4F8360B132108F002FAED
:1037C0006068BDE81040FEF714BFBDE8104008F087
:1037D00099B800002DE9F041ADF5687D0E4604462C
:1037E0004FF42072002148A81FF0E4FA20220021A3
:1037F00002A81FF0DFFA502200210AA81FF0DAFA0F
:10380000D6F80B00B6F80F20737C02900AA902A824
:10381000ADF80C208DF80E300CF0EEFA04F63938C5
:103820000546102241460AA81FF09AFA002866D0E1
:1038300010220AA9404620F01BFA2022002102A8EB
:103840001FF0B8FA502200211EA81FF0B3FAD6F8D4
:103850000B00B6F80F20737C02901EA902A8ADF8E9
:103860000C208DF80E300CF0D0FA2D1847D1202204
:10387000294602A81FF09EFAD6F80B00B6F80F20D2
:10388000737C029001A90320ADF80C208DF80E3056
:1038900001950CF0D3FB48AE3746019BAB4232DCBE
:1038A00020680E2103F0FEFA236893F8B43B002B46
:1038B00032D01F4A20694FF4817333A904F099F97B
:1038C0000546C0B950230AAA33A9206904F09AF921
:1038D00050231EAA33A9206904F094F9206901231A
:1038E00001AA33A904F08EF9019B2069AB4217DCD1
:1038F00033A904F081F920680D2103F0D3FA0DF506
:10390000687DBDE8F081394602A88DF81230013596
:103910000CF0A7FA5037C0E705201AF059FBC3E7AF
:103920003246102333A904F06DF901355036DBE738
:10393000E05B020070B50B788CB004460D46112B8D
:1039400015D8DFE803F017371414141414141409ED
:103950004F5FB5147F1414AB4068FEF74DFE30B1D5
:103960006068FEF741FE10B92046FFF777FE0020A1
:103970000CB070BD4B6893B100F5237000F057FA9E
:1039800004F5497000F084FB4FF6FF73A4F8363B52
:103990006068FEF72EFE002384F8383BE4E70B89CD
:1039A000A0F8363B4068FEF721FE2068052103F0B1
:1039B00079FADCE70B7A5A0702D50831FFF70AFFDC
:1039C00004F5237000F033FA04F5497000F060FB51
:1039D0004FF6FF736068A4F8363BFEF705FE00283B
:1039E000C5D0D5E74B68002BC1D1288901A907F0C4
:1039F000A1FD9DF804305B07B9D501A92046FFF76A
:103A0000E9FEB4E70E79032EB1D11422002101A8FA
:103A10001FF0D0F98DF80460284E0EF0B3FEB042CE
:103A2000FBD8274BB0FBF3F203FB12006368029054
:103A3000D8612068132103F035FAA88901A906F09E
:103A4000A5FE94E70B7A022B0FD1E98804F66800F3
:103A500002F064FAE98804F6C40002F042FBE98847
:103A600004F63C10FFF7A8FC81E74B7A03F0030350
:103A7000022B0FD1C98800F6680002F043FAE988EA
:103A800004F6C40002F017FBE98804F63C10FFF7C7
:103A900087FC6CE7012B7FF46AAFD6E701A9A88801
:103AA00007F048FD0DF10F000CF09BFA01205FE7D5
:103AB00000F5497000F0B4FA59E700BF7F3DF1FF0F
:103AC00040420F000B4601461846FFF733BF000087
:103AD00030B5C1B000238DF80730224A04460123D7
:103AE00000692BA904F085F8054670BB01465022F9
:103AF00002A81FF05FF9502302AA2BA9206904F045
:103B00007EF802A80CF07DF95022294602A81FF089
:103B100051F9502302AA2BA9206904F070F802A8D9
:103B20000CF078F9206901230DF107022BA904F0AC
:103B300066F89DF807302069AB4208DC2BA904F039
:103B40005BF80849206904F064F841B030BD1023E7
:103B500016AA2BA904F053F816A80CF087F9013522
:103B6000E7E700BFE05B020037B5044604F09EFCC7
:103B700000286CD0434B444A1C60444BDA60444AF2
:103B80001A61444A1A6217F09FF917F0C1F904F557
:103B9000E27000F083F804F5237000F047F904F5B3
:103BA000567000F0E9FE04F5717001F059F804F563
:103BB000B56001F019FB04F5D46002F08BF804F550
:103BC0002C7000F0A3FF04F1140000F048FB04F295
:103BD000847001F0FDFB04F2F47001F05FFF04F665
:103BE000680002F045F904F63C1504F6C40002F042
:103BF000DBF92846FFF776FB04F6A81001F056FC27
:103C0000FFF7E6FB2946FFF70FFC002017F0A0F9AD
:103C100004F6343100200CF0FBFE1F4817F03AF98F
:103C20006D46C22017F04AF9294694F8340B002259
:103C30000CF0C9FE95E8030063681861998294F856
:103C4000343B032B0AD8DFE803F0061316190A20C9
:103C50001AF0BEF98AE7636800229A6109F068F8F1
:103C60002046FFF735FF2046FFF7F8FC03B030BDD4
:103C700063680122F1E763680222EEE763680322CA
:103C8000EBE700BFA81A00206F35000034000020C9
:103C9000393700004D000100D55B020010B500F17E
:103CA000A804204609F0DEFA2046BDE8104009F0DD
:103CB000B5BA000038B58B6818680C460CF076FD74
:103CC000A0F52850243880B205280FD8084B646826
:103CD00053F8205028461FF0E9FF294682B22046BB
:103CE00015F097FB002818BF112038BD0E20FCE707
:103CF0006896020011461846FFF7DCBF10B5A822EF
:103D0000002104461FF056F81A4A1B491B4B23603A
:103D1000C4E906121A492462C4E90C121949A463C1
:103D2000C4E9121218492465C4E918121749A46697
:103D30000223C4E91E12C4E9012423822385A4F8C6
:103D40004030A4F85830A4F87030A4F88830C4F893
:103D500080402022002104F1A8001FF02BF801234D
:103D600084F8A8300A4BC4F8AC30C4F8B4402046FC
:103D700010BD00BFF53C0000909602009496020032
:103D80008C960200889602008496020080960200BB
:103D900098960200F0B587B0002302AD0293059318
:103DA000C5E90133936804460F4616463BB102222B
:103DB000314628469847F3680593B368049395E81D
:103DC00003006A4604F1140382E8030093E8030049
:103DD00085E8030092E8030083E80300049AE3699E
:103DE000216AE261059A0493059122621BB10322C4
:103DF000294628469847044A04492346384607B0CE
:103E0000BDE8F0400AF04AB9A93E0000AC960200B5
:103E1000054AC0E900210022C0E90522C0E90722C5
:103E200002728273704700BFA4960200704700239D
:103E300003728373704707B58268ADF806100AB93C
:103E40001DF05FFFC3680DF10601984703B05DF8F0
:103E500004FB000037B504461D46084693B9138895
:103E60000E2B1AD1237A43B100940D4BA28961899C
:103E70000AF03FF9012003B030BD04F11400FFF750
:103E8000DAFFF7E70748191D0CF033FC28B90123C6
:103E900023722B8863816B88A3810020EBE700BF2E
:103EA000093F0000AC96020010B5044618461346C0
:103EB0000A462146FFF7CEFF10BD000038B5044684
:103EC0001D46084683B913880E2B06D1A37B33B158
:103ED0000B4A218A23460AF04FF9002038BD04F12D
:103EE0001400FFF7A8FFF8E7064803F108010CF0FB
:103EF00000FC0028F1D10123A3736B882382ECE737
:103F0000693F0000A896020010B404461846134604
:103F10000A4621465DF8044BFFF7D0BF30B50D4689
:103F20001188044689B01846B1B905AB0A22406829
:103F300015F0F3FA9DF81A3002939DF819300193A9
:103F40009DF8183000939DF816209DF81730BDF8A5
:103F500014106068FEF71AFC04F114002946FFF7FC
:103F60006AFF002009B030BD10B40446184613465D
:103F70000A4621465DF8044BFFF7D0BFF0B587B085
:103F8000002302AD02930593C5E90133936804460B
:103F90000F4616463BB10222314628469847F36841
:103FA0000593B368049395E803006A4604F120037F
:103FB00082E8030093E8030085E8030092E8030029
:103FC00083E80300049AA36AE16AA262059A049353
:103FD0000591E2621BB10322294628469847044A0C
:103FE00004492346384607B0BDE8F0400AF056B809
:103FF000F9400000D096020010B5084C046000247F
:10400000C0E90144C0E90344C0E90612C0E908441C
:10401000C0E90A4484828475048610BDB896020003
:104020002DE9F0410A8983899A429CB005462CD13A
:10403000D1F80480B8F81040032C26D90134672C3D
:1040400028BF6724261F6522002168461EF0B2FEA5
:10405000002732466B46032140461A97ADF86C7034
:1040600015F05BFA04F16C030DEB0306E86906F842
:10407000707C01236946033C8DF865401A93FEF776
:10408000CDFAA869032102F00DFF1CB0BDE8F08154
:104090000023C0E90133C0E90333838283750386BB
:1040A0007047000037B504461D46084693B913888B
:1040B0000E2B1AD1A37D43B100940D4BE288A18849
:1040C0000AF017F8012003B030BD04F12000FFF71B
:1040D000B2FEF7E70748191D0CF00BFB28B92B8837
:1040E000A3806B88E3800123A3750020EBE700BF6A
:1040F000C9410000D096020010B504461846134688
:104100000A462146FFF7CEFF10BD000073B51D46DD
:1041100013880446084633B30E2B18D0014604F129
:104120002000FFF788FE002002B070BD6B8823815D
:10413000F9E76B886381F6E76B88A3812B8823827C
:10414000012384F83030EEE76B886382EBE765B9D2
:1041500094F83030002BE1D00094154BE288A1890F
:1041600009F0E7FFDFE7002DDDD005F10806114873
:1041700031460CF0BEFA0028D8D00F4831460CF07A
:10418000B8FA0028D5D00D4831460CF0B2FA002814
:10419000D2D00B4831460CF0ACFA0028D4D00948F4
:1041A00031460CF0A6FA0028BDD16B88A382BAE78D
:1041B00049420000CC960200C8960200C496020054
:1041C000C0960200BC96020010B40446184613467E
:1041D0000A4621465DF8044BFFF798BF08B5014633
:1041E00003F12000FFF727FE002008BD7FB51288ED
:1041F000089E04460D46DAB982899A4215D11048C4
:10420000311D0CF076FA80B1E38973B9012331884E
:10421000ADF80C3084F831300A4BE18103AA0093E9
:1042200001940223284609F0EAFF002004B070BD83
:1042300090F83130002BF8D12030FFF7FCFDF4E787
:10424000C4960200DD41000010B4044601980193B9
:1042500013460A4621465DF8044BFFF7C7BF10B569
:1042600000F5B674204608F0FDFF2046BDE810407A
:1042700008F0D4BF08B50B46022200F58471184639
:1042800015F0C7F8002818BF112008BD13B500228B
:10429000074BC0E90122044600934FF47A710346AC
:1042A00004481AF02BF92060204602B010BD00BF70
:1042B00015440000075C020073B5002583604FF4CD
:1042C000E8230446C0E90012C0E90635C0E90455F8
:1042D00005730562A0F8EC50F030FFF7D7FF04F546
:1042E00086760823A4F808312946602230461EF05D
:1042F00061FD214BC4F80C310422204BA4F81C2191
:104300001F4AC4F82C41C4E949231822A4F83421D7
:104310001C4AC4F84441C4E94F23C4E9443402238D
:10432000A4F84C3104F58473C4F850312946202296
:1043300004F5B6701EF03EFD012384F86C31124B7B
:10434000C4F87031114BC4F87861C4E96555C4E90B
:104350006755A4F89251C4F8A451A4F8A8512A466C
:10436000009342F21071234609481AF0C7F8C4F8C6
:10437000AC01204602B070BDF6960200654900000F
:10438000E5960200D4960200569602007944000099
:10439000075C020073B505460E46AC681046194628
:1043A000069AACB90A2A15D8AA60E880AE8005F151
:1043B0000C001FF05DFC2D6819F014FD00940246FE
:1043C0002346012128461AF0B3F8012002B070BD3F
:1043D0000020FBE72046F9E738B518460C46BDF843
:1043E0001010154604F0F4FE294602462046BDE8AA
:1043F000384009F01BBF836813B5044643B10093EE
:10440000C288818800F10C03FFF7E6FF0023A36058
:1044100002B010BD08B51AF0BFF9BDE80840FFF7BB
:10442000EABF07B50023C0E9013300931A46032110
:1044300000681AF07DF803B05DF804FB10B50023A6
:104440000446A0F89231C0F8A431A0F8A831C0E920
:104450006533C0E96733F030FFF7E3FF6068FEF7CC
:10446000D6F820680721BDE8104002F01BBD436864
:104470000322DA60FFF7E2BF08B51AF08DF9BDE854
:104480000840FFF7F4BF000030B5094B05460FCBDD
:1044900085B06C4684E80F002969286801F57F31F2
:1044A0001023224601F57C71FCF7F8FD05B030BD04
:1044B0000897020070B50379044615468BB300F1E6
:1044C0001C06406930441FF0D3FB63692B44C82BA2
:1044D00063610CD1A1692068324601F58021FCF7A7
:1044E000DDFDD4E905231344A361002363616369FF
:1044F000BBB1A169E2685818904212D132462068D7
:1045000001F58021FCF7CAFDD4E905231344A3611A
:10451000D4E903239A4204D22046BDE87040FFF755
:10452000B3BF70BD38B5054600242B69A34200D83F
:1045300038BD04F580212868FCF76CFD04F5805433
:10454000F3E723B118880A44914203D170474FF62C
:10455000FF70F8E711F8013B40BA80B24340C3F363
:104560000310584000B280EA003000B2430103F467
:10457000FF53584080B2E7E72DE9F341054600209C
:104580004FF00108064605F11C07EC68ADF806007F
:10459000B44207D8B5F8E4301B1A5842584102B06B
:1045A000BDE8F081A41BC82C28BFC8242868234676
:1045B0003A4606F58021FCF70BFDB8F1000F09D053
:1045C0000023224639462846FFF7BBFF26444FF01A
:1045D0000008DAE70DF10603F3E700007FB5136882
:1045E0001A78013A04460D46072A21D8DFE802F07E
:1045F00004233E538720203A90F89251C5B95B7846
:10460000042B15D1022380F892314068FDF7FCFF9E
:1046100063680122DA6060684FF0FF31FDF7FAFF4E
:1046200060682946FDF7F8FF2068062102F03AFC91
:10463000002004B070BD90F89221012AF8D15B7877
:10464000002BF5D04FF40473ADF80C300323009326
:104650008DF80E2003ABB0F88E212946F030FFF71D
:1046600099FEE5E75B7880F89331E1E790F89231C5
:10467000012BDDD1D0F8A411B0F8A82123730023B9
:10468000C4E9073314200323C4E90401A4F8EC208F
:1046900084F89231CCE790F89231042BC8D10830DD
:1046A000FFF76AFF034604F1F0009BB1052384F88D
:1046B000923163680222DA60154B1A889B788DF874
:1046C0000E3003230093ADF80C2003ABB4F88E2119
:1046D0002946C4E70F4B03261A8800969B78ADF84D
:1046E0000C208DF80E30B4F88E2103AB2946FFF76D
:1046F00051FE6368DE602046FFF7A0FE98E790F861
:104700009231052B94D143680222DA60F3E700BFAF
:10471000195C02001D5C02000246007920B1D068DD
:1047200093691B1A58425841704700002DE9F04127
:1047300084B090F89231022B02AF04460E46154623
:1047400008D0032B5CD0012B32D000200837BD46A7
:10475000BDE8F08113681B68C0F89C3113685B6882
:10476000C0F8A03113689968C0F8A4114068FDF73B
:1047700051FF236893F8B43BB3B104F10800FFF78D
:10478000D1FE464B1A889B78BB7003233A80314692
:10479000B4F88E21009304F1F0003B46FFF71CFEB5
:1047A000012384F89231D0E7052019F011FCE0E7ED
:1047B00011680B895A0007326E46D208A6EBC20276
:1047C00095460DF1080C01F10A000022934200F118
:1047D00002000BDC053301EB430211F81330527871
:1047E00003EB0223A4F8A831B546AEE710F801ECBC
:1047F00010F8025C05EB0E252CF812500132E5E7AB
:10480000D0F894310133C0F8943100F10808D2880F
:1048100029684046FFF74EFED4F89831E988606871
:104820001944C4F89811FDF7F7FE94F89321D4F8D1
:104830009431B3FBF2F102FB1133C3B9D4F89831D0
:10484000D4F8A421934212D011223A701A0A7B7034
:10485000BA701A0C1B0E3B710523FA703146B4F87E
:104860008E21009304F1F0003B46FFF7B5FD404672
:10487000FFF752FF00283FF468AF094B1A889B7876
:10488000BB7003233A803146B4F88E21009304F1C3
:10489000F0003B46FFF7A0FD042382E7215C020005
:1048A000255C02002DE9F3411D4643689B780446D0
:1048B0000F46164653B1D0F8AC8119F093FA002395
:1048C000024600930121404619F032FE2149224858
:1048D00004F5C673002208F08DFC20491E4804F53B
:1048E000C773002208F086FC04F5C8731C491A48F7
:1048F000002208F07FFCB4F88C31B3420AD12B7847
:10490000012B23D16A683946204602B0BDE8F04148
:10491000FFF70CBFB4F88E31B3420AD12B78012BCC
:1049200014D16A683946204602B0BDE8F041FFF76D
:1049300055BEB4F89031B34208D12B7833B96968C9
:10494000204602B0BDE8F041FFF794BC002002B061
:10495000BDE8F081F696020056960200E596020048
:10496000D496020010B40446184613460A4621465F
:104970005DF8044BFFF796BF10B500F148042046E0
:1049800008F070FC2046BDE8104008F047BC30B588
:104990000A78012A89B005460C461ED1606805AB2D
:1049A0000A22002114F0B9FD002802DA0D2009B016
:1049B00030BD9DF81A3002939DF8193001939DF88F
:1049C000183000939DF816209DF81730BDF814108C
:1049D000A86EFDF7DBFE0020E9E7002AFBD1836E1D
:1049E0006068596901F26C71ADF8141019690131F0
:1049F0008DF81610D9688DF8171099688DF8181071
:104A000059688DF819101B688DF81C2005A90A2219
:104A10008DF81A3014F0FDFC002818BF1120C6E7ED
:104A200037B50B78012B05460C4613D1606801ABF6
:104A30000222002114F071FD002802DA0D2003B0DB
:104A400030BD9DF905209DF90410A86EFDF70DFEFF
:104A50000020F4E7002BFBD1836E60689B8CADF8DF
:104A60000430022201A914F0D4FC002818BF112040
:104A7000E5E738B58B68054618680C460BF096FEDE
:104A800042F60F23984209D042F62B2398420BD1CD
:104A900021462846BDE83840FFF779BF2146284621
:104AA000BDE83840FFF7BCBF4FF0FF3038BD1146BE
:104AB0001846FFF7DEBF000038B5482204460D4611
:104AC00000211EF077F90D4A0D4B0E4923600A2391
:104AD000C4E90612C4E9012423822385246220222A
:104AE000002104F148001EF065F9012384F84830E4
:104AF000054BE3646465A566204638BDAF4A0000F7
:104B0000189702001C9702002097020010B500F1D0
:104B10004804204608F0A6FB2046BDE8104008F0F7
:104B20007DBB000070B504460E46154600214822A4
:104B30001EF040F90F4B236008220F4B22820F4AD0
:104B40002462C4E90623C4E901341023238504F157
:104B50007003E3622022002104F148001EF02AF9CC
:104B60000123C4E91A6584F84830054BE3646465A1
:104B7000204670BD36970200174C000024970200B3
:104B80003A9702002DE9F04791F80090B9F1010F32
:104B90009EB006460D463AD1D1F804A0BAF81040AE
:104BA000032C34D90134672C28BF6724271F6522C2
:104BB000002102A81EF0FEF84FF000083A4602ABB2
:104BC00003215046CDF87080ADF8748014F0A5FC38
:104BD0000DF107034A464146686814F09EFC04F153
:104BE00074030DEB03079DF80730F06E07F8708C27
:104BF000032B14BF0123042302A9033C8DF86D404D
:104C00001C93FDF70BFDB06E032102F04BF9002061
:104C10001EB0BDE8F08711461846FFF7B3BF00008D
:104C200008B50368002B02DA0C481DF067F88B42C8
:104C30000AD9B3EB410F4FEA410205D2002AB6BFB1
:104C40006FF00043026003600068013001D51DF081
:104C500052F8BDE808401DF03DB800BF295C0200D5
:104C600010B500F5A874204608F0FCFA2046BDE80F
:104C7000104008F0D3BA034653F8082B9A4214BFE9
:104C800080680F207047012A30B403D10B7803707D
:104C900030BC7047002AFBD030BC1EF0E9BF0000DA
:104CA0002DE9F04700F5BE7300250446C0E95D35E7
:104CB00000F5CA73C0E96335A0F8705180F87C51E3
:104CC00080F8945100F5D6700E46C4F8A4017049DE
:104CD000704FDFF8F4A10B22FFF7D5FF0B23C4F8C8
:104CE000A831C4F8DC614FF07E531826C4F8D431E3
:104CF00032462946C4E97055C4E9725584F8B75163
:104D000084F8BC51C4F8D051A4F8D85120461EF004
:104D100051F8614B23604FF0100904F5B8736361DB
:104D200032462946C4E90174A4F81090A0191EF077
:104D300041F85A4B24624FF00A08C4E9063732465C
:104D40002946A4F8288004F130001EF033F8544BB3
:104D5000A463C4E90C3732462946A4F8408004F124
:104D600048001EF027F84F4B2465C4E9123732463D
:104D70002946A4F8588004F160001EF01BF84A4B45
:104D8000A466C4E9183732462946A4F8708004F1B5
:104D900078001EF00FF8454BC4F88040C4E91E3778
:104DA00032462946A4F8888004F190001EF002F8EB
:104DB00032462946C4E924A7C4F89840A4F8A08044
:104DC00004F1A8001DF0F6FF32462946C4E92AA7DF
:104DD000C4F8B040A4F8B88004F1C0001DF0EAFFA8
:104DE000334BC4F8C840C4E9303732462946A4F8EA
:104DF000D08004F1D8001DF0DDFF2E4BC4F8E04058
:104E0000C4E9363732462946A4F8E88004F1F000B8
:104E10001DF0D0FF284BC4F8F840C4E93C373246B7
:104E20002946A4F8008104F584701DF0C3FF234BCC
:104E3000C4F81041C4E9423732462946A4F8188123
:104E400004F590701DF0B6FF1D4BC4F82841C4E96D
:104E5000483732462946A4F8308104F59C701DF08D
:104E6000A9FF4A46294604F5A8701DF0A3FF0123B7
:104E700084F85031134BC4F85431C4F85C414A46AD
:104E8000294604F5B0701DF095FF2046BDE8F08777
:104E9000415C020029510000F9970200E8970200E6
:104EA000C6970200D7970200B5970200A4970200A8
:104EB0008297020071970200609702004F970200EC
:104EC0003E9702000A98020093970200F0B504464C
:104ED00085B0476808460E461EF0E8FE05462046A7
:104EE000FFF7C9FE854201461BD82068B04211D8A1
:104EF000C3199E420ED80023CDE900530146334624
:104F00003A4620461CF00CFF2368656000225A5583
:104F100005B0F0BD002DF7D02A463146FFF7B3FEAD
:104F2000F2E703A80395FFF77BFE2A4631460746C2
:104F3000FFF7A9FE234653F8080B984203D0A16857
:104F400001311CF0B6FE039B2760A360DCE7000084
:104F50002DE9F0470B78012B00AF04460D462ED10A
:104F60004868B0F810A0BAF1280FD14628BF4FF01A
:104F7000280909F10803E846DB08A8EBC3039D46AE
:104F80004A46002114F0C9FACA456E4608D90DEB0D
:104F900009032E2203F8012C03F8022C03F8032C3A
:104FA000002306F80930AB68534918680BF0A1FBE1
:104FB00048B9314604F5D270FFF788FFC546002096
:104FC000BD46BDE8F087AB684C4918680BF091FB13
:104FD00018B9314604F5BA70EEE7AB68484918686D
:104FE0000BF087FB18B9314604F5C670E4E7AB68EF
:104FF000444918680BF07DFB18BB3378002B14BFB5
:105000000123002384F8BC3104D018F0EBFEC4F86F
:10501000D001D3E718F0E6FED4F8D03194ED757ADC
:10502000C31A07EE903AFBEECB7AD4F8C03167EEA4
:10503000877AFDEEE77A17EE902A1344C4F8C03160
:10504000BCE7AB68304918680BF053FB30B93378D4
:10505000003B18BF012384F8D831AFE7AB682B4978
:1050600018680BF046FB30B93378003B18BF0123BA
:1050700084F8D931A2E7AB68254918680BF039FBF1
:1050800020B933681BBAC4F8C031BEE7AB68214908
:1050900018680BF02EFB20B933681BBAC4F8C43172
:1050A0008CE7AB681C4918680BF023FB20B9336808
:1050B0001BBAC4F8C83181E7AB68184918680BF00F
:1050C00018FB20B933681BBAC4F8CC3176E7AB685B
:1050D000134918680BF00DFB00287FF46FAF33689D
:1050E000DFED106A1BBA07EE903AF8EEE77A87EE2A
:1050F000A67A84ED757A61E7D7970200C697020019
:10510000B5970200E89702004F9702003E97020011
:10511000A497020093970200829702007197020001
:10512000609702000000C84211461846FFF710BF02
:1051300010B503680279417902EBE372002402EBB7
:10514000012281791B1942EB0142C179181942EB06
:10515000016110BDF8B5214B04460E46024603F12D
:10516000100718685968154603C50833BB422A461C
:10517000F7D11B782B701A4B04F1110203F11001C7
:10518000174653F8040B42F8040B8B42F9D11B78F5
:10519000137004F124053022002128461DF00AFE78
:1051A000104B6762C4E90A340823A38604F1740330
:1051B000A3632022002104F154001DF0FBFD012314
:1051C00084F854300023A4652566A4F87430A667DB
:1051D00084F8B03084F8F0302046F8BD1B98020007
:1051E0002C9802007753000010B500F154042046BB
:1051F00008F038F82046BDE8104008F00FB82DE957
:10520000F0474B681C6894F8009098B00646B9F1D6
:10521000000F06D0B9F1010F50D0002018B0BDE842
:10522000F0876578002DF8D1202204F1100168463E
:105230001EF01EFDA01C8DF82050FFF779FFB4F979
:105240000A90B4F90C80B4F90EE094F830C0074627
:105250000D466B460DF137020DF1200A1C4603CCBA
:10526000544510605160234602F10802F6D12378BC
:10527000137096F8B030ADF83090CDE90A7506F1AC
:105280008004ADF83280ADF834E08DF836C00AAD58
:1052900043B10FCD0FC40FCD0FC495E80F0084E8C4
:1052A0000F00BAE70FCD0FC40FCD0FC495E80F0064
:1052B00084E80F00012386F8B030AEE76578002D52
:1052C000ABD1A01CFFF734FF282280460F4668466A
:1052D00029461DF06FFDA27A052A28BF05226B46DC
:1052E0000B34954224DB6B460DF1320C0AAD1C46A3
:1052F00003CCAC42CCF80000CCF8041023460CF1EF
:10530000080CF4D196F8F0308DF83020CDE90A87FA
:1053100006F1B8040BB316AA2B4603CB93422060C8
:1053200061601D4604F10804F6D11B88238074E7F0
:1053300093F806E0B4F900C0B4F902002179A3F8AB
:1053400000C058801971BEF1000F03D00135083339
:105350000534C6E783F80690F8E70FCD0FC40FCDEC
:105360000FC40FCD0FC495E80300012384E80300A8
:1053700086F8F03051E711461846FFF740BF0000AD
:1053800038B50546044645F8041B48220021284646
:105390001DF010FD0B4B63600B4BC4E9023412236C
:1053A000A38204F16C03A3612022002104F14C00CC
:1053B0001DF000FD012384F84C30044B2365A565E6
:1053C000204638BD3E980200175400004298020063
:1053D00010B500F14C04204607F044FF2046BDE81C
:1053E000104007F01BBF07B51346B0F86C208A4287
:1053F0000FD10268586812798DF807200DF1070166
:10540000012214F006F8002818BF112003B05DF83F
:1054100004FB0020FAE71846FFF7E5BF37B505465D
:105420000C460DF1070001218DF8072003F0D0FE96
:10543000B5F86C100246204608F0F8FE03B030BD07
:1054400038B5042300F10C050446C0E900120381BD
:105450004822002128461DF0ADFC0222A2830F4BFA
:10546000E36004F174020E4B22620E4AE462C4E966
:105470000923C4E904341A23A38604F17603A36341
:105480002022002104F154001DF094FC012384F833
:105490005430054BA3652566204638BD5798020059
:1054A000355A0000469802006898020010B500F1D5
:1054B0005404204607F0D6FE2046BDE8104007F011
:1054C000ADBE2DE9F04FEDB0136800AF04460D46B8
:1054D000006893F800801721164601F0E3FC0A20CB
:1054E00018F076FD2368D3F8B89BB9F1010F29D1E4
:1054F0003422002107F120001DF05CFC4FF484727F
:10550000002107F1A8001DF055FC54220021B81815
:105510001DF050FCB8F1300F00F0A4814AD8B8F16A
:10552000200F00F059810FD8B8F1100F00F08180E2
:10553000B8F1120F00F0F0802068182101F0B2FCE1
:10554000002051E16420CBE7B8F1220FF4D1D6F866
:105550000080606821233B71D8F80430BB6004F1FF
:10556000790240F2031307F1540102F042FB0646B0
:10557000B8B9D8F80420606807F1540102F045FB7F
:10558000061E09DBD8F80830606808F10C0207F144
:10559000540102F037FB0646606807F1540102F03F
:1055A0002BFB002E6068B8BF7E7102F04AFBD8F872
:1055B000042047E1B8F1500F00F07F81B8F1600F8F
:1055C00000F0F581B8F1400FB6D131684E8806F190
:1055D0000803E846DB08A8EBC3039D460022E94622
:1055E0008DF800200DEB0600834240F063813246C7
:1055F000103148461EF03CFB002109F806100F222E
:10560000781D1DF0D7FB4123494660683B7102F0CD
:105610000FFB002808BF012078711021381D03F00E
:10562000D7FDB4F876100246284608F0FFFDC546BF
:1056300082E73668B6F80290B9F5807F00F2D28032
:1056400004F1790A4A4606F10C015046A1441EF0C5
:105650000FFB4FF0000B40F2111389F879B0BB80BB
:1056600073686068BB6007F1A802514602F0E6FA71
:10567000821C12D197F8A830022B0ED078714146C7
:10568000381DC7E903BB03F0A3FD06463246B4F854
:105690007610284608F0CAFD4EE7D7F8AC30B2685D
:1056A0009A4294BF3A613B61FB605246012307F185
:1056B0005401606802F09DFA7268606807F1540155
:1056C00002F0A3FA3B69DA1D22F00702E846ADEBCF
:1056D000020D6A46002002F8010BE946991E0029D6
:1056E00016DA4A4607F15401606802F088FA102180
:1056F0003861381D03F06CFD3A8A4946064613F0BE
:1057000088FE606807F1540102F076FAC546BDE7ED
:1057100002F8010B0139E2E73668606840F21113C4
:10572000BB8004F179087368BB6007F1A8024146A9
:1057300002F084FA831C2FD197F8A830022B2BD0CB
:105740000023C7E9033378713B69002B3ED0DA1D93
:1057500022F00702E946ADEB020D6A46002002F88E
:10576000010BE846991E00292CDA424607F1540144
:10577000606802F044FA10213861381D03F028FDFA
:105780003A8A4146064613F044FECD46606807F16A
:10579000540102F031FA79E7D7F8AC30B2689A4296
:1057A00094BF3A613B61FB60424607F15401606877
:1057B000012302F01EFA7268606807F1540102F0DA
:1057C00024FAC1E702F8010B0139CCE71021381D9A
:1057D00003F0FEFC0646D9E73668B6F80280B8F555
:1057E000807F06D94FF0FF3007F5DA77BD46BDE878
:1057F000F08F04F1790A424606F114015046A044A4
:105800001EF036FA002388F879303269C4F87C211A
:1058100021223A71726860683B61C7E9022307F18F
:10582000540140F20313524602F0E3F930B96068C4
:1058300007F1540102F0E0F987F80590606802F082
:1058400000FA7268D4F87C3100039B1AC0F553103B
:10585000834294BF7B6178611421381D03F0B8FC4A
:10586000024614E731684E8806F10803E846DB0873
:10587000A8EBC3039D460022E9468DF800200DEBFE
:105880000600834213D13246043148461EF0F0F937
:10589000002309F80630606831234946BB8002F0D6
:1058A000B8F9002808BF012078710221B6E603F894
:1058B000012FE6E703F8012F96E631684A8802F1E6
:1058C0000803E846DB08A8EBC3039D4600236E46A9
:1058D0008DF8003068460DEB020C604517D1B354CB
:1058E000043130461EF0C4F91A220021B81D1DF003
:1058F00061FA51233B716068012307F120023146B0
:105900007B7102F089F940B178711C2186E600F8BC
:10591000013FE2E7FB680133FB60606807F1A80222
:1059200007F1200102F07EF906460028F2D16068F6
:1059300007F1200102F079F94FF00109606807F1E1
:10594000A80207F1200102F06DF900282ADD97F87E
:10595000A830012B1DD0022B20D007F1B0001EF083
:10596000A5F91C21F880381D03F032FCFA88824624
:1059700007F1B00113F04DFDB4F8761052462846F9
:1059800008F054FC642018F023FBBB680133BB60B3
:10599000D4E7D7F8AC303E61FB61DEE7C7F8109082
:1059A000FE61DAE70023FB61FB803B61ADE736680F
:1059B0007188731800209871B38803F10802E846D3
:1059C000D208A8EBC2029546E9468DF800006B4468
:1059D0009A4213D10731B288314448461EF048F943
:1059E000B3886068002209F80320B11D61234A468C
:1059F000BB8002F020F943B2002B53E702F8010FFD
:105A0000E6E738B5B0F87450954208D100F10801C6
:105A10000222586813F0FDFC50B9002038BDB0F8E0
:105A200076409442F9D15A68BDE83840FFF749BD45
:105A30001120F3E710B40446184613460A462146DF
:105A40005DF8044BFFF7DDBF38B500F108050446EB
:105A5000C0E900124822002128461DF0ABF90C4B8A
:105A6000A3600C4BC4E903340423238304F17003C3
:105A7000E3612022002104F150001DF09BF9012375
:105A800084F85030044B6365E565204638BD00BF9F
:105A900078980200215B00007C98020010B500F1AC
:105AA0005004204607F0DEFB2046BDE8104007F01A
:105AB000B5BB000030B5B0F870308B429DB00446E5
:105AC00026D11378012B23D153681B681B78022B36
:105AD00096BF114A114D52F82350002165226846A5
:105AE0001DF068F9002328461A93ADF86C301EF0BB
:105AF000DDF82946024668461EF0BAF860680123C0
:105B000069461A93FCF78AFD2068032101F0CAF95F
:105B100000201DB030BD00BF6C980200245C020064
:105B20001846FFF7C7BF012A02D101600020704765
:105B3000022A05D0032AF9D0002AF7D10260F5E73E
:105B40000B680360F2E70346021D03C982E8030005
:105B5000184670471FB5026803461068026814684B
:105B60000022CDE90032074B0393074B02936A46AC
:105B7000A047029B1BB1694603220846984704B020
:105B800010BD00BFA95B0000275B0000021D026082
:105B9000FFF7E0BF02680346043243F80C2B9A4239
:105BA00001D0FFF7D7BF704709880068FFF7F2BF41
:105BB00008B50368002B02DA0C481CF09FF88B42F2
:105BC0000AD9B3EB410F4FEA410205D2002AB6BF12
:105BD0006FF00043026003600068013001D51CF0E3
:105BE0008AF8BDE808401CF075B800BF295C0200C7
:105BF00000F1A0032DE9F0410025C0F8983000F134
:105C0000B8031826C0E92C3500F1D0030446DFF8AC
:105C1000C080C0F89C50C0E932353246294680F831
:105C2000A05080F8B85080F8D0501DF0C3F80A2773
:105C3000224B236032462946A019C4E901842782F9
:105C40001DF0B8F81E4B2462C4E9063832462946D6
:105C5000278504F130001DF0ADF81A4BA463C4E9A8
:105C60000C3832462946A4F8407004F148001DF073
:105C7000A1F8154B2465C4E912383246294610268E
:105C8000A4F8587004F160001DF094F832462946DB
:105C900004F178001DF08EF8012384F878300B4B66
:105CA000E367C4F884403246294604F188001DF0B9
:105CB00081F8C4F8E0502046BDE8F081B3980200B6
:105CC000A29802009198020080980200C4980200F5
:105CD000055E000010B500F17804204607F0C2FA16
:105CE0002046BDE8104007F099BAF0B5044685B0EB
:105CF000476808460E461DF0D9FF05462046FEF7C8
:105D0000BAFF854201461BD82068B04211D8C3199A
:105D10009E420ED80023CDE90053014633463A4651
:105D200020461BF0FDFF2368656000225A5505B030
:105D3000F0BD002DF7D02A463146FEF7A4FFF2E76A
:105D400003A80395FFF734FF2A4631460746FEF7BE
:105D50009AFF234653F8080B984203D0A1680131FB
:105D60001BF0A7FF039B2760A360DCE7F8B50B7867
:105D7000012B00AF05460C4619D14868028A02F192
:105D800008036E46DB08A6EBC3039D4600210DF811
:105D9000021013F0C2FBA368164918680AF0A9FCA8
:105DA00040B9694605F19800FFF79FFFB54600200E
:105DB000BD46F8BDA368104918680AF09AFC18B9E6
:105DC000694605F1B000EFE7A3680C4918680AF0CE
:105DD00090FC18B9694605F1C800E5E7A3680849D1
:105DE00018680AF086FC0028E0D19DF80030C5F85C
:105DF000E030DBE7B3980200A2980200919802001D
:105E00008098020011461846FFF7B0BF70B500F148
:105E100008060446C0E9001215460021302230462B
:105E20001CF0C8FF0F4BA3600F4BC4E903341223CF
:105E3000238304F15803E3612022002104F1380098
:105E40001CF0B8FF012384F83830084BE3630023CB
:105E50002846666484F85A30214601F01FFA20462D
:105E600070BD00BFD6980200B95E000052960200D5
:105E700010B500F13804204607F0F4F92046BDE8DB
:105E8000104007F0CBB913B51446B0F858208A4239
:105E900003464FF000000DD15B688DF804001B7ABB
:105EA00060688DF80530022201A913F0B2FA0028CB
:105EB00018BF112002B010BD1846FFF7E4BF37B578
:105EC000BFF35B8F90F85A30BFF35B8F0446BBB1D2
:105ED00000238DF8051001A802218DF8043003F08D
:105EE00077F905462068FDF73EFC431E9BB24FF64E
:105EF000FD72934204D8B4F858102A4608F096F977
:105F000003B030BDB0F858308B4206D1BFF35B8F81
:105F1000012380F85A30BFF35B8F7047B0F85830D8
:105F20008B4206D1BFF35B8F002380F85A30BFF35A
:105F30005B8F704770B500F108060446C0E9001297
:105F400015460021482230461CF034FF04F1700150
:105F5000114B124AA360E161122311492383238666
:105F600004F17203C4E90812C4E903246363A46260
:105F70002022002104F150001CF01CFF012384F8B2
:105F80005030084B6365002384F8743084F8753012
:105F9000E665EC66204670BDEB98020029600000C3
:105FA000DA980200FC98020010B500F15004204677
:105FB00007F058F92046BDE8104007F02FB913B597
:105FC000B0F870308B4214460CD143681B680093C4
:105FD00004226068694613F01CFA002818BF1120DB
:105FE00002B010BDB0F872308B421BD14368996B80
:105FF00001F0070103EB41010A8DADF80020D96CD7
:1060000001F0070103EB41018A8FADF802201A6EFF
:1060100002F0070203EB42030622B3F85030ADF85A
:106020000430D6E70020DBE71846FFF7C8BF37B5D6
:10603000BFF35B8F90F87430BFF35B8F0446A3B15E
:10604000019104210DEB010003F0C2F80546206820
:10605000FDF789FB431E9BB24FF6FD72934204D8B5
:10606000B4F870102A4608F0E1F803B030BD37B537
:106070000446BFF35B8F90F87500BFF35B8FC0B130
:10608000ADF8001068460621ADF80220ADF80430E6
:1060900003F09EF805462068FDF765FB431E9BB2A2
:1060A0004FF6FD72934204D8B4F872102A4608F0F5
:1060B000BDF803B030BDB0F870308B4207D1BFF3EC
:1060C0005B8F012380F87430BFF35B8F7047B0F8AB
:1060D00072308B42FAD1BFF35B8F012380F87530A9
:1060E000F2E7B0F870308B4207D1BFF35B8F00232B
:1060F00080F87430BFF35B8F7047B0F872308B421A
:10610000FAD1BFF35B8F002380F87530F2E700000F
:1061100010B5016042F210720921C0E90112DFF8E6
:1061200030C00A49002243F69824C0E9034296246D
:10613000C0E905C1048501210324C0E908220177D3
:10614000C46280F830204263018710BD0300010063
:1061500000000B0B70B5194D06460FCDA2B001AC77
:106160000FC40FCD0FC495E80F0084E80F00144A48
:10617000306801230DA901F03CFDE0B9302301AAEC
:106180000DA9306801F03BFD30680DA901F034FD28
:10619000019B092B0FD101AA331D0BAD144603CC73
:1061A000AC4218605960224603F10803F6D120681A
:1061B000186022791A7122B070BD00BF10990200D8
:1061C000745C0200FFF7C6BF30B50024C0E90112BD
:1061D0000480C46040F201728475846104770025F4
:1061E0000024C0E90845828230BD000000000000A4
:1061F000F0B587B00023044600931A4603210069D6
:1062000018F096F9616802A8FCF726FBDDE9026543
:10621000C4E9086530A3D3E90023D4E908011FF0DD
:1062200093FACDE9040104A81CF0CCFD6368617DFC
:106230001A7A914204D30FD1A27D1B799A420BD8CE
:10624000C3680133C36083690722013393FBF2F211
:10625000C2EBC2029B1A8361637D8360A37D4360AE
:1062600000230360A369022B04D183697BBBC3684D
:106270000133C3604FF0FF3303621CF085FF184AFF
:10628000A0FB020302FB0131C4E90801801B61EBA2
:10629000050111A3D3E900231FF056FA0027009748
:1062A00082023B460421206918F042F9256917F063
:1062B00099FD3B46024600970121284618F038F91F
:1062C000237F13B901232377637007B0F0BD062B3A
:1062D000D0D1C3680233CCE700CA9A3B000000006B
:1062E00000CA9A3B012303701421C06800F0DABD94
:1062F00008B518F051FABDE80840FFF7F3BF0000F9
:1063000030B5124B054693E8070099B06C4684E817
:10631000070001230E4AA86803A901F06AFC98B996
:106320000C230DEB03012246A86801F068FCA86865
:1063300003A901F061FC9DF80030012B04D103CCCE
:1063400023786861A9612B7719B030BD40990200AC
:10635000825C020013B50C4BC1600446009300221E
:1063600003460121094818F0C9F820612046FFF7CB
:10637000C7FF237F2BB1204602B0BDE81040FFF7D6
:1063800037BF02B010BD00BFF1620000955C020093
:106390000160027170471FB5044600230846236060
:1063A00063600293ADF80C3006230093097900680E
:1063B00002AB012200F0C4FE38BB9DF80A309DF804
:1063C0000B1003F00F0341EA0321EF291DDC9DF8B8
:1063D0000C309DF80D2003F00F0342EA0322EF2A50
:1063E00013DC9DF80800052803D9A0F10B03012B4D
:1063F0000BD89DF80930218013F00F0318BF01233B
:106400006371012362802071A371204604B010BD26
:1064100073B54FF0A0454FF480660446C5F80C658F
:10642000052017F0D5FDC5F80865322017F0D0FD1E
:10643000012300932179034B2068A52200F0AEFED2
:1064400002B070BD4C99020037B501250095017965
:10645000431D0446A722006800F072FEA84204D142
:10646000FF236371002003B030BD009521792068BF
:10647000A31DA82200F064FE012802D1FF23A3710E
:10648000F0E7009521792068E31DA92200F058FE6D
:10649000012802D1FF23E371E4E7636823F07F431F
:1064A00023F0FF03B3F5344FDCD1E079431E5842AB
:1064B0005841D8E77FB54FF0A04503234FF48066DD
:1064C0000446C5F828370520C5F80C6517F080FD8F
:1064D000C5F808653220012517F07AFD009521796D
:1064E00020680DF10F03152200F02AFE052017F099
:1064F0006FFD0095217920680DF10F03A72200F0B0
:106500001FFE052017F064FD2046FFF79DFF009554
:1065100021790B4B2068EC2200F040FE0095217998
:10652000084B2068FA2200F039FE00952179206896
:106530000023FB2200F032FE284604B070BD00BFED
:106540004E9902004D990200FFF7B4BF054800685C
:1065500080F3088862B661B6BFF34F8FBFF36F8FC9
:1065600000DF00BF00000000064B19680868B0E8B3
:10657000F04F80F30988BFF36F8F4FF0000080F376
:1065800011887047E8480020EFF30980BFF36F8F50
:10659000144B1A681EF0100F08BF20ED108A20E976
:1065A000F04F10604DF8043D4FF0400080F311882B
:1065B000BFF34F8FBFF36F8F17F064FD4FF00000F4
:1065C00080F3118808BC19680868B0E8F04F1EF025
:1065D000100F08BFB0EC108A80F30988BFF36F8FEB
:1065E000704700BFE8480020F7B51B4D0027C5F8ED
:1065F0004071D5F840310193019B00F0F9F8D5F8CE
:106600000445C5F80071D5F800310093009B06469B
:1066100017F0E8FB241A24F07F4323F0010383B929
:1066200024F07F440025013C11D225B10B4B4FF0E3
:1066300080525A6040BF304603B0BDE8F04000F0E1
:10664000DBB817F011FE0228EAD00124EAE717F0C0
:10665000DDFB0543E7E700BF0010014000ED00E06F
:1066600008B5002016F016F9094B1F22C3F80825BB
:106670000122C3F804239A601A600222C3F844235B
:10668000044BE02283F811234FF400321A6008BD56
:106690000010014000E100E07FB5054672B62C4CC9
:1066A000D4F8046517F0C0FD00284DD0294A954262
:1066B00094BF7319B31823F07F430122C4F8082351
:1066C000C4F840350023C4F84031D4F84031019378
:1066D000019B4FF48033C4F80433BFF34F8F95B15F
:1066E000F1EE103A23F09F03E1EE103AF1EE103A8A
:1066F000194B4022C3F8842120BFD3F80021D3F8DE
:1067000004110A43F8D04FF48033C4F8083300234F
:10671000C4F84031D4F840210392039AC4F8003100
:10672000D4F800310293029B0123C4F80433D4F857
:106730000405094B801B4FF4003230F07F40C3F852
:10674000802101D017F05AFB62B604B070BD00BFC3
:1067500000100140FDFFFF0000E100E072B6FEE71F
:106760004FF0807340E90213054B40F80C3C6FF08A
:10677000020340F8202C40F8243C4438704700BF06
:106780005D6700000E4C08B5E02384F82230FFF767
:1067900067FF0C4B00221A60D4F888300A4A43F491
:1067A0007003C4F88830536B43F04043536323694C
:1067B00043F010032361FFF7C9FE72B6FEE700BF86
:1067C00000ED00E0AC1A002000EF00E072B6024AD3
:1067D0001368013313607047AC1A0020034A136832
:1067E000013B136003B962B6704700BFAC1A0020CA
:1067F000EFF3108072B6704780F31088704701F095
:106800001F0101238B40034214BF01200020704769
:106810002DE9F04186B004461046DDE90D62C4E979
:1068200001100C99129D179FDDF868E0DDF850C04B
:10683000C4F840C0C4E90416109921621199C4E952
:106840000A1513992163159961631699C4E90E1706
:1068500018996164984619990F9BC4F80C80C4E993
:106860000623C4E9121E1B9921651C996165CDE9B7
:1068700004CECDE902072146CDE9005604F15800C7
:10688000FCF776FEFCF742FE0023C4F8A80B0122B9
:106890002046A4F8AC3B84F8B43BC4F8B82B84F889
:1068A000BC3BC4F8C03B06B0BDE8F08113B5002284
:1068B000044601210A2016F061FE012360620949A5
:1068C00000930948019423464FF4AF7217F07CF906
:1068D000012805D0042002B0BDE8104017F065BFC4
:1068E00002B010BD9B5C02009D6E000010B5D0F898
:1068F000B83B012B044623D01BB3032B0BD1A36B56
:106900000121586AFFF77BFF10B92069FFF71CFED1
:10691000A068FAF721FB606C0221F9F70DFFA06C6B
:10692000012100F0EFFCA069FBF766FE28B1A06929
:10693000FBF75AFE08B984F8900B0123C4F8B83B62
:1069400010BD4068FAF7FFFDD9E710B5D0F8B81BC5
:106950000129044612D190F8B43B7BB9836B406C9B
:10696000DA7C1B7C5BB1022A09D0F9F7E5FEA06C4A
:10697000002100F0C7FC0223C4F8B83B10BD002181
:10698000F3E710B586B0416B044603A8FAF79AFF07
:10699000039B0093BDF91220BDF91430BDF910100E
:1069A000206CFCF7E9F8A36BDA7C022A0AD0586A5B
:1069B0000221FFF724FFC8B9A26B0321506AFFF739
:1069C0001EFFE0B9A36B0421586AFFF718FFE8B176
:1069D000D4F8B83B012B19D1206CFCF76FF8A8B1A3
:1069E000204606B0BDE81040FFF7AFBF206CFCF7B3
:1069F0003CF80028E0D02046FFF778FFE2E7236C60
:106A0000B2F928205B6E9A42F5DBDBE706B010BDD9
:106A100038B5D0F8B83B012B04460D4614D10C21F3
:106A2000406CF9F789FE691E03290DD8DFE801F0F3
:106A3000020D0F1194F8BC3B1BB90521606CF9F7EE
:106A40007BFE002384F8BC3B38BD0821F6E7062115
:106A5000F4E70721F2E700002DE9F041044688B091
:106A6000806A002301220721FAF7F0FDA06AFAF7F5
:106A700029FE16F081F808B916F046F86068FAF7B2
:106A800055FBA068FAF75BFAA068FAF765FA04F11B
:106A90005805E06C01F098F82846FDF765F8E068C5
:106AA00000F049FA2069FFF705FDE0692146FBF790
:106AB000F1FE21466069FBF795FD606BFAF747FF31
:106AC0002146206AFFF746FCE06800F06EFAE068B5
:106AD00000F031FA606BFAF755FF606B266CFAF73D
:106AE000A3FF01463046FCF72CF8FCF73BFDFCF712
:106AF0003DFDA06BFFF766FB606C2146F9F738FEA1
:106B0000606C04F5C061F9F734FE606C04F21C415E
:106B1000F9F730FE04F5DF61606CF9F72CFE606C6C
:106B2000F9F72AFD206BFAF74DFE206BFAF738FED5
:106B3000A06C00F0C3FB606D214601F08DF89DF85C
:106B4000163023F007038DF816304FF0A0430326CC
:106B50004FF40042C3F83C6705A9C3F808250D208F
:106B600040F20313B34AADF8143016F00FF80121C8
:106B70000D2016F081F840F20233AE4AADF8143021
:106B800005A91C2016F002F801211C2016F074F84B
:106B9000A84AADF8146005A9132015F0F7FF0121EC
:106BA000132016F069F86069FBF77CFCA24B009398
:106BB000012223464FF41621A04817F09FFCC4F889
:106BC000B00B064617F00EF94FF0FF330246009364
:106BD00030460023012117F0ABFC994E606A642215
:106BE0000DF1130116F0EEFD01282BD19DF81330A5
:106BF000192B27D8DFE813F02300BB004C0053000B
:106C00002600680071007B009300C400DF00E200F2
:106C1000E2008F001A0006010A01280130013E013E
:106C20006300340138011A008F0043012046FFF74A
:106C30005DFE94F8B43B013384F8B43B02E0204697
:106C4000FFF783FE2046FFF79CFE94F8AC3B4BB168
:106C500094F8AD3B002B40F01D8184F8AC3B2846F6
:106C6000FCF776FD04F53C6000F04AF9E16902A802
:106C7000FBF7F2FDDDE90223C6E900234FF0A04354
:106C8000D3F810359B04A9D4A06AFAF721FDA5E733
:106C9000206A037F002BD5D0FFF7AAFAD2E7A36BB7
:106CA000DB7C002BCED1D4F8B83B012B02D02046A0
:106CB000FFF71CFE0921606CF9F73EFDC2E7204694
:106CC000FFF714FE0E21F6E7606C0C21F9F734FD96
:106CD00040F20153A4F8AC3BB4E72046FFF706FEB0
:106CE00094F8B43B013384F8B43B0B21E3E7A36988
:106CF000DB68022B0FD1BFF34F8F5249CA6803F1F3
:106D0000BF6302F4E06203F102131343CB60BFF3ED
:106D10004F8F00BFFDE794F8B43B013B8CE7D4F8FC
:106D20005080216906AF3846FFF735FB97E806002B
:106D3000404601F04BF8002884D0D4F8B83B012B32
:106D400001D10421B7E7206D01F03AF8A36BDA7C9A
:106D5000022A3FF477AF00283FF474AF07280AD126
:106D60000121586AFFF74BFD00283FF46BAF204626
:106D7000FFF7BCFD66E701287FF464AF0021F0E770
:106D80004FF0A043606DD3F810359A0407D4012169
:106D900000F074FF01462046FFF73AFE52E700215B
:106DA00000F06CFFD4F8B83B012B0146F3D001236F
:106DB00084F8BC3BDBE7606D0221E9E7D4F8B83B1F
:106DC000022B7FF43FAFF9F7ADFB10B1A068FAF7E3
:106DD0007BF89DF813300B2B02D16068FAF798FB13
:106DE000A36B0121586AFFF70AFD10B92069FFF76C
:106DF0000FFB9DF813300B2B0CBF00230323C4F8AB
:106E0000B83B1FE7606BFAF79FFD1BE7A36BDA7CCB
:106E1000022A3FF417AF5B7D012B7FF413AF236A87
:106E20001B78002B7FF40EAF2046FFF75FFD0F218C
:106E300041E700BF49080000F16E0000A05C0200BD
:106E4000A04A002000ED00E0A36BDA7C022A3FF4A8
:106E5000F9AE5B7D022BE0E76069FBF7DFFA86E7BE
:106E60006069FBF71FFBEDE6636928461979FCF7BB
:106E70007DFCE7E62046FFF739FD0D211BE7A36BFC
:106E800093F83830284613B1FCF77CFCDAE6FCF7BF
:106E900089FCD7E6013B84F8AD3BE3E608B5FFF794
:106EA000DBFD00001FB5114C8DF807106368406AC8
:106EB000C3F3080393B1002303AA0DF10701039361
:106EC00016F027FC039B3BB14FF08053636040BF3B
:106ED000BFF34F8FBFF36F8F04B010BD4FF0FF3281
:106EE0000DF1070116F06EFBF6E700BF00ED00E0C4
:106EF00008B517F051FCBDE808401521FFF7D2BFD7
:106F0000704730B5037400259DF80C30C260C0E9AD
:106F100001514374456230BD437C4FF0A04203F5FC
:106F2000E0734FF4C06142F82310037C03F5E07373
:106F300042F82310704710B54168044621B9032276
:106F4000012016F01BFB60602046FFF7E5FFA368F9
:106F5000E2682360C3F824252368627CC3F808250F
:106F60002368227CC3F80C2522680023C2F85C3118
:106F70002268C2F804312268C2F860312268C2F87F
:106F800024312268C2F84C312268C2F848312268A4
:106F9000C2F8503122680621C2F8001560681A460E
:106FA000BDE81040194616F00DBB03680022C3F877
:106FB000002570474FF040230021D3F800250368D7
:106FC000C3F800150368C3F80025704770B504685E
:106FD0009DF81050C4F888150468012121620468E6
:106FE000C4F834250268C2F83835036819600368AC
:106FF000D3F84C211AB9D3F82421002AF8D01E4C1A
:107000001E4E0022C3F84C21616803684162D3F828
:107010005C2152B9D3F824213AB96268521AB242BB
:10702000F5D9FFF7C7FF012070BD0022C3F85C212E
:1070300003686DB9D3F8242152B90122DA610368DB
:10704000D3F84821002AFBD00022C3F8482109E0E8
:1070500001225A610368D3F80421002AFBD00022E0
:10706000C3F804210368D3F824210AB90020DBE720
:107070000022C3F82421F9E7001000E0E8740200C0
:1070800070B504689DF81050C4F888150468012193
:1070900021620468C4F844250268C2F848350368D0
:1070A00099600368D3F850211AB9D3F82421002A33
:1070B000F8D0214C214E0022C3F8502161680368AA
:1070C0004162D3F8602152B9D3F824213AB96268F9
:1070D000521AB242F5D9FFF76DFF012070BD0022B0
:1070E000C3F8602103686DB9D3F8242152B9012295
:1070F000DA610368D3F84821002AFBD00022C3F8E4
:10710000482109E001225A610368D3F80421002ACA
:10711000FBD00022C3F804210368D3F824210AB964
:107120000020DBE70022C3F824210368D3F8C4243D
:10713000C3F8C424F4E700BF001000E0E8740200C4
:10714000F0B5044685B00D4640688DF80F204FF02D
:10715000FF311F4616F0B0FB236800260622C3F855
:10716000002529460DF10F02009601232046FFF766
:1071700087FF012300933A460A9B29462046FFF7E2
:1071800025FF2368C3F8006505463346606832462C
:10719000314616F017FA284605B0F0BD2DE9F34147
:1071A00004460D464068DDF820804FF0FF31174659
:1071B0001E4616F081FB23680622C3F800253146DF
:1071C0004246A77404F113001CF052FD0123009302
:1071D00004F11202434429462046FFF751FF22687A
:1071E0000023C2F8003505461A466068194616F0B5
:1071F000E9F9284602B0BDE8F0810000C0E90012BC
:1072000003490022C0E90222C0E9041282617047EA
:107210000000FFFF10B50446FFF7F0FF6382BDF8E2
:107220000830A382204610BD30B5D0E90143A34207
:1072300027D205688469EB5C1B1BDBB2C48A4BB99F
:107240008361838AA34208BF438AC3828368013370
:107250008360EAE7058A240A4C55048AC58A0C44EF
:10726000013B6570048A85690234A4B201359442F9
:107270000482DBB28561E1D300230382C36801335A
:10728000C36030BD037A4160934204D0027211465C
:10729000C068FEF714BE704701607047C160704758
:1072A00010B50123C0E9023104460261143000F038
:1072B00022F9002384F87C33204610BD13B5002248
:1072C000044601210A2016F059F921466060206920
:1072D000FFF7E2FF00230093084909480194234681
:1072E0004FF4FA7216F070FC012805D0042002B0A9
:1072F000BDE8104017F059BA02B010BDAF5C0200F3
:107300006F7400001FB500238DF8071040680393C9
:1073100003AA0DF1070116F0FCF9039B43B1064BDC
:107320004FF080525A6040BFBFF34F8FBFF36F8F53
:1073300005B05DF804FB00BF00ED00E010B50446A9
:10734000C068FAF71AFA04F11400012100F008F9F4
:10735000BDE81040642016F03BBE10B50446C0687E
:10736000FAF71EFA04F11400012100F0F9F8BDE863
:107370001040642016F02CBE2DE9F3470026044689
:10738000B0464FF00109A3686068012B0CBF64226E
:107390004FF0FF320DF1030116F014FA60B19DF8C1
:1073A0000330032B08D8DFE803F00228333D2046E2
:1073B000FFF7D3FFC4F8088094F87C33002BE2D0A9
:1073C000E068FAF792F904F11407020C81B238462A
:1073D00000F0B3F88246384600F082FBBAF1000FA5
:1073E000054629DD0121384600F0BAF8206900225F
:1073F0000121FFF747FF0026C5E794F87C33C4F866
:107400000890002BD8D02046FFF798FF0026D3E73E
:1074100094F87C33002BCFD12046FFF78FFF84F800
:107420007C93F3E794F87C33002BC5D02046FFF71C
:1074300094FF84F87C83BFE700280BDA00213846EC
:1074400000F08EF8206900220321FFF71BFF002EB9
:1074500099D1CBE746B90028C8D02069EAB2032108
:10746000FFF710FF2E468EE70028F6D18BE708B510
:10747000FFF782FFD0ED1F7AF4EEC07AF1EE10FA3A
:1074800002D591ED1F0A7047D0ED007AB4EEE70AFD
:10749000F1EE10FA26D902460023F2EC017AB4EE9E
:1074A000E70AF1EE10FA22DC9A0003F18043013B77
:1074B00000EB830090ED007A30EE470A37EEC77A92
:1074C00001EB8303C0EE077A1144D1ED006AB7EEF9
:1074D000007A37EE677A27EEA60AD3ED007AA7EE98
:1074E000870A704791ED000A70470133D5E71F2BDB
:1074F000FBD17C22D9E700234FF6FF71C0F850334F
:107500000022C0F85813A0F85C3300F54071012345
:1075100010B580F86433C0F8542300F554740B465A
:107520009C4204D100F52073994203D110BD43F869
:10753000042BF5E743F8042BF6E710B5B0F85C33FD
:107540003F2B9EBF5C1CA0F85C4320F81310A0F8F2
:107550005A23B0F8580390422CBF0020012010BDE0
:1075600010B5002309B1A0F85C3300F54071A0F814
:10757000503300F554740A46002394420DD14FF65F
:10758000FF72C0F858230122C0F8543380F86423F6
:1075900000F52070814203D110BD42F8043BECE7B6
:1075A00040F8043BF6E710B59DF8084014B10024FC
:1075B000A0F85243B0F8524307EE904AF8EE677ACB
:1075C0000024F7EE006A9C4207DBB0F85233012B2F
:1075D0009CBF0133A0F8523310BD92ED006AB1ECAC
:1075E000017AA6EE277A013477EEA65A87EE256A4D
:1075F000A2EC016AE7E70000B0F85033DFED177A3C
:1076000001339BB21422B3FBF2F102FB1133A0F859
:10761000503300EB830383EDC00AB0EE677A00F5C8
:107620004073B7EE006A00F55470834209D1F5EE5D
:10763000C07AF1EE10FACCBF87EE270A9FED070A59
:107640007047F3EC016AF5EEC06AF1EE10FAC4BFC0
:1076500037EE267A77EE867AE7E700BF0000000073
:107660002DE9F04F2DED048B85B000F18005044627
:107670000391821E00F5C0762B4632F8021F07EEFA
:10768000901AF8EE677AE3EC017AB342F5D194ED03
:10769000207AD4ED5F7ADFED736A77EEC77AA84679
:1076A000C7EEA65A2A46002306EE903AB8EEE66ADE
:1076B000F0EE476AE5EE866A0133402BD2ED007AA0
:1076C00077EEE67AE2EC017AEED104F5BE712B4654
:1076D000D3ED017A93ED007A77EEC77AE3EC017A85
:1076E0008B42F5D19FED607ADFED606A0422D4ED24
:1076F000207A2B4693ED006A67EE877AE6EE267ACB
:10770000E3EC017AB342F5D1013AF0D1DFED586AEA
:107710009FED586A0422D4ED207A2B4693ED007A2F
:1077200067EEA67AE7EE067A37EE677AA3EC017A7F
:10773000B342F3D1013AEED104F52073374600226B
:10774000BB423FD100234C4829461A4600EB820C2D
:1077500091ED007ADCED007A1F2B67EE877A03F15A
:107760000103D8BF0132402BE1EC017A2DD1002377
:10777000284619462022934239D201313F29134429
:1077800000F1040026D1DFED437A4FF0060ABFEE88
:10779000009A4FF00109F0EE679AB6EE008ACB46E8
:1077A0004FEA490904EB8B0C4FEA890E0021B0EE39
:1077B000697AB7EE006A59456ED004EB81036246E0
:1077C00008463EE047F8042BBAE71F2BC8BF02F17A
:1077D000FF32BBE78B42CDD905EB8302D0F800C066
:1077E000D2F800E0C0F800E0C2F800C0C2E79B1A7F
:1077F0005208C0E792ED605AD2ED206A67EE455A12
:107800004844E6EE865A66EE876AE6EE056A93ED30
:10781000205A35EE655A82ED205A93ED605A35EEC6
:10782000665A82ED605A93ED205A75EE255A7244DD
:10783000C3ED205AD3ED605A75EEA66AC3ED606AB7
:1078400073443F28D6D967EE676A27EE097AE6EED9
:10785000096A01310CF1040CA7EE867AB0EE666A73
:10786000A9E700BF00007C42806A3C3E60E5503FD3
:107870005A643B3F4C37893E509902009A99193F10
:10788000295C3F400AD7233CABAA2A3F5555754097
:107890000000704200000000B0EE480AA9EE480A5D
:1078A0001AF088FAF0EE408AB0EE480AA9EE080A0B
:1078B0001AF080FABAF1010AB0EE409AF1EE687A55
:1078C0007FF46DAFF8EC017A98ED3F0A20EE000AE4
:1078D000A7EEA70A1AF06EFAB04508ED010AF1D139
:1078E000039B00933A46202329462046FFF75BFE80
:1078F0005FED187A04F52373C4EDD87A04F53A7174
:107900001A46F0EE672AB2EC017AF4EE477AF1EE0D
:1079100010FA48BFF0EE477A9142F4D11FED237A76
:10792000F3EC016A994237EE267AF9D1F3EE076A51
:1079300087EE266AB0EE087AC7EE866AF4EEC76A6A
:10794000F1EE10FA6EDD94EDA07AB4EEC87AF1EEA5
:1079500010FA67D51FED377A27EE876A3246002383
:1079600007EE903A0133F8EEE77A402BE2EC017A29
:10797000F6D1394630461FED3E0A1FED3A5A1FED4B
:107980003F1AFFF777FD3946F0EE403A3046B0EE49
:10799000080AFFF76FFD4FF00008B0EE404AF0EE26
:1079A000455AB0EE453A4546F0EE084AF3EE0A1A5B
:1079B000B0EE642A74EE814A3946B0EE640A30466D
:1079C000FFF758FDB4EEC46AF1EE10FA77DC13D875
:1079D000B8F1000F10D0B4EEE36AF1EE10FA71DCEA
:1079E000B4EEC06AF1EE10FA06DB32EE435AF0EE66
:1079F000435AE5EE085A0135F4EEE14AF1EE10FA89
:107A0000F0EE443A58D4012D5FD1F0EE047AB4EE92
:107A1000E75AF1EE10FA5BDCF4EE047A65EEA75A51
:107A2000C4EDD85AD4EDD87A1FED697AF4EEC77A4E
:107A3000F1EE10FA06D41FED6B7AF4EEC77AF1EE90
:107A400010FA01DDC4EDD82A94EDD80AB5EE400A4B
:107A5000F1EE10FA04BF012384F86433B4F85A330A
:107A600007EE903AF8EEE77A204677EEA77AFCEE3A
:107A7000E77A17EE903AA4F85833FFF7BDFDB5EE5C
:107A8000400AF1EE10FA84EDD80A06D1D4EDD57A89
:107A9000F5EEC07AF1EE10FA1DDC5FED837AA0EE10
:107AA000278AFDEEC87A17EE900A84EDD50A05B054
:107AB000BDEC048BBDE8F08FB0EE404A78E74FF0A4
:107AC000010899E7B0EE423A96E75FED8E5AA3E7D8
:107AD000C4EDD82AA6E71FED910A4FF0FF30E4E786
:107AE00010B5B0F85C333F2B044612D990F86413FC
:107AF000FFF7B6FD002384F8643304F17402A31E7B
:107B0000998923F8021F9342FAD13B23A4F85C33EE
:107B100010BD0020FCE70020704710B50468B431A8
:107B200020680903F9F776FA2068F9F7B1FA4042BC
:107B300010BD38B504681546B4311A462068049B58
:107B400005EB0131F9F7AAFA2068F9F79BFA4042F0
:107B500038BD10B500681446B4311A460068029B5F
:107B600004EB0131F9F734FA002010BD10B50160C3
:107B70000021044601714C2208301BF01BF90E4B0A
:107B8000E3600E4B23610E4B63610E4BA361082231
:107B90001023C4E907324FF480514FF45372C4E903
:107BA00009124FF47A72C4E90B2363633223A46091
:107BB0006364E364204610BD537B0000337B000008
:107BC0001B7B0000177B000038B500F1080400F1B2
:107BD00054052146284619F0A3FC48B12146284601
:107BE00019F038FC21462846BDE8384019F098BC09
:107BF00038BD543019F0EABE543019F0F1BE54309B
:107C000019F0F0BE543019F0EFBE0023543019F0D3
:107C1000EDBE543019F024BD134654300A461946BF
:107C200019F08CBF543019F0CBBF54301AF012B891
:107C3000543019F0DDBE543019F080BD543019F0C5
:107C4000AFBE54301AF011B808B516F0A5FDBDE866
:107C500008400A21FFF726B913B5064A00920446E8
:107C60000B460022CC21044816F048FC606002B0AC
:107C700010BD00BF497C0000B95C0200F7B50446A6
:107C80000D4641B901232372637A032B1ED8DFE826
:107C900003F0092061850129F6D116F0A3F800232D
:107CA0002060F0E795B900952B46CC22042160684E
:107CB00016F03EFC666816F095F82B4602460095D5
:107CC0000121304616F034FC01236372002003B01A
:107CD000F0BD7DB916F086F82368C01ACB28F5D818
:107CE000009560682B462A46032116F021FC657238
:107CF0000220ECE7012D12D1002600963346CC225B
:107D00000421606816F014FC646816F06BF80096A5
:107D1000024633462946204616F00AFCD6E7022DD5
:107D2000D4D1237A9BB1002600963346CD2204217C
:107D3000606816F0FDFB676816F054F8009602467E
:107D400033460121384616F0F3FB6572BEE76372D5
:107D50000120BCE7012D4FF0000608D100966068B5
:107D600033463246032116F0E3FB6672F0E7022D3C
:107D7000ACD10096334640F29B520421606816F065
:107D8000D7FB656816F02EF80096024633460121AF
:107D9000284616F0CDFB0320607298E7012D4FF0C6
:107DA000000608D10096606833463246032116F07B
:107DB000BFFB66728AE7022D88D16672042086E7CF
:107DC0000346002200681A607047000013B503469E
:107DD00002A800E906009DF80600E0B19DF8044005
:107DE0009DF805106CB11A7C5AB1621ED2B2032AFA
:107DF00001D90C2C11D129B10B4CA2561A600022CA
:107E00001A7409B901221A74BDF80220BDF80040A5
:107E10001973C3E9014202B010BD0B2A96BF024C90
:107E20000022A2561A60ECE7D099020000207047A9
:107E300013B50C4B01930223044600930A490B48E7
:107E400000234FF4A07215F0BFFE094B01930123EC
:107E50000093084900234FF43472204615F0B4FE15
:107E600002B010BDB41A0020C55C0200010A000077
:107E7000B01A0020C85C0200034B5868C0F3080029
:107E8000003818BF0120704700ED00E013B5002353
:107E900004460A460093FFF7EFFFB0B1206801AA3D
:107EA000694615F0B2FD019B43B10A4B4FF0805279
:107EB0005A6040BFBFF34F8FBFF36F8F009B0BB172
:107EC00000221A70009802B010BD2068694615F0B3
:107ED00079FCF3E700ED00E01FB501910A78044654
:107EE000B2B901230B70FFF7C7FF034690B11346E9
:107EF000206803AA01A915F00CFC039B43B1094BB0
:107F00004FF080525A6040BFBFF34F8FBFF36F8F67
:107F100004B010BD20684FF0FF3201A915F052FBEC
:107F2000F6E700BF00ED00E010B516F035FC0346A3
:107F3000406803F1080118B1BDE81040FFF7CCBF5D
:107F4000BDE81040DB680846184700002DE9F34102
:107F50000B7805460E46BBB1FFF78EFF044658B3BB
:107F6000286815F089FD00240746A046B8450EDBB9
:107F700044B11F4B4FF080525A6040BFBFF34F8F48
:107F8000BFF36F8F0023337002B0BDE8F081286823
:107F900001AA694615F039FD019B1C43009BB342C1
:107FA00007D00023286801AA694615F0B2FB019B9F
:107FB0001C4308F10108D9E7FEF708FC286815F012
:107FC00052FD0746BC4202DBFEF708FCDAE72868F0
:107FD0000022694615F0F6FB009BB34205D0002352
:107FE00028681A46694615F0EDFA0134EAE700BF41
:107FF00000ED00E010B5044628B1042015F062FB46
:108000002060002010BD0320FCE710B5024660B1DF
:10801000FFF732FF044608B1062010BD106815F0C6
:10802000DDFC0128F8D12046F7E70320F5E708B585
:10803000024648B1FFF720FF20B9106815F054FB45
:10804000012803D1002008BD0320FCE70520FAE742
:1080500010B5044628B1802015F0AAFA206000204F
:1080600010BD0320FCE7000013B50446E0B1FFF7A4
:1080700003FFA8B1206801AA002115F0C6FC019BEE
:1080800043B10A4B4FF080525A6040BFBFF34F8F4D
:10809000BFF36F8F012814BF0620002002B010BD6F
:1080A000206815F009FCF5E70320F7E700ED00E094
:1080B00013B50446D8B1FFF7DFFE034688B1206848
:1080C00001A915F057FB019B43B10A4B4FF08052B9
:1080D0005A6040BFBFF34F8FBFF36F8F002002B0D5
:1080E00010BD02460146206815F06CFAF6E7032041
:1080F000F5E700BF00ED00E02DE9F341D0F8008086
:1081000004460F4616461D46B8F1000F0CD1142246
:1081100041461AF04FFE0A4B00930A482346424656
:10812000012116F0EBF9206067600C22002104F1B8
:1081300008001AF03FFEC4E9036502B0BDE8F08113
:10814000297F0000CC5C0200F0B5012987B038BF60
:1081500001210446FFF790FE0E46054650B3002568
:108160000095206803AB2A46082116F0E1F9009536
:1081700004AB32460921206816F0DAF9246815F0BC
:1081800037FE05AB024600950721204616F0D0F9D0
:10819000DDE903321343059A134308D0134B4FF024
:1081A00080525A6040BFBFF34F8FBFF36F8F0020E4
:1081B00007B0F0BD4FF0FF3700970346024603219A
:1081C000206816F0B5F900972B4632460421206846
:1081D00016F0AEF9246815F005FE009702462B460E
:1081E0000221204616F0A4F9E1E700BF00ED00E00F
:1081F00038B5850D0C464FF47A720023294680026B
:108200001DF0F2FAB5F57A7F36BF2060022000201B
:1082100038BD37B5044600F13C05E06BA0B14368BA
:10822000E36303B925641038019001A9204608F0E2
:10823000EDF80128F1D1019BE26B5A6112B903F10B
:10824000140222641033E36303B030BD024B0349D0
:108250001868FFF741BE00BFDC1A0020001B002099
:1082600010B584680146044811F0CAFC2046BDE8F8
:10827000104000F0E3BB00BFF01B002010B5044627
:1082800009F0AFFA054B06481968224609F0D6FAFC
:1082900018B1204611F0B3F80B2010BDDC1A0020F5
:1082A000C81A002004F0AEBE07B50C4B1B78022B99
:1082B00001460CD04FF0FF330948009300231A46C3
:1082C0000321006816F034F903B05DF804FB04489C
:1082D00003B05DF804EBFFF737BF00BFFC1A0020C6
:1082E000E01A002070B5054615F082FD094E0446DF
:1082F000306816F045FA012804D02846BDE87040E1
:10830000FFF7D2BF306816F039FA2C44241A002C3B
:10831000F3DB70BDE01A00206FF00043984201D0FB
:10832000FFF7E0BF7047000070B50C4C01232370CD
:1083300009F0EAFA0546B0FA80F0400940002070E2
:108340006620FFF7CFFF3DB908F0D4FB044B1B6953
:1083500013B1BDE87040184770BD00BFFD1A002082
:10836000340000200F4B10B500221A7009F0C2FD36
:108370000D4C204609F048FA88B90C4C206803F0EF
:10838000C9FC08F067FB0A4BDB6813B1206800B139
:10839000984700232360BDE81040FFF7C5BF11F0E8
:1083A0002EF8E6E7FD1A0020C81A0020F81A00206F
:1083B0003400002008B5104B1B78BBB1022B19D13B
:1083C00005F016FEFFF7A8FF03F03EFAFFF7A4FF43
:1083D00000F07AFDFFF7A0FF02F0A2F8FFF79CFF84
:1083E00006F032FBBDE80840FFF796BFBDE8084045
:1083F000FFF7B8BF08BD00BFFD1A0020FFF7B2BFEE
:1084000008B515F031FF012806D015F027FF034B02
:108410001B681B1A5842584108BD00BFF41A0020BF
:1084200002484FF0FF31FFF7F0BD00BFC41A002033
:108430000148FFF7FCBD00BFC41A0020FFF7F0BFE2
:10844000FFF7F6BF10B5044C204609F0DDF900B97E
:1084500010BD00F00FFBF7E7C81A0020FFF7F2BFCE
:1084600010B5FFF7DDFF06F061FA30B190F8283063
:108470005B070AD5FFF7CDFE18B906F057FA044698
:108480002CB9BDE81040FFF7D3BF0068EDE72046E8
:10849000FFF7BFFE0028F4D12468F1E7024B1878FB
:1084A000831E584258417047FC1A0020024B18782E
:1084B000831E584258417047FD1A00200020FFF7E4
:1084C000F3BE000038B505460B4811F05FFB0446CB
:1084D00020B92846BDE8384009F0F0BC00210C2244
:1084E0001AF068FC054BC4E90135054B21461868B4
:1084F000BDE83840FFF7F0BCF01B002061820000AF
:10850000DC1A0020034B04491860044B1868FFF77D
:10851000E3BC00BFF81A0020181B0020DC1A002062
:1085200000F5C060FFF7EEBF10B5FFF779FF154B00
:108530001C78012C21D0022C04D03CB1FFF778FF2D
:10854000112401E0FFF774FF204610BD02221A70CB
:10855000FFF76EFF15F082FE0B4B0C4918600C4ABA
:1085600009680C482346FFF7C7FD04F0E1FB044609
:108570000028E9D1FFF7D8FEE6E7FFF759FF0F24FF
:10858000E2E700BFFC1A0020F41A0020DC1A0020E9
:10859000B5830000E01A0020FFF7C6BF09F05EBCFB
:1085A00073B52E4B00930C222D4B2E482E4D2F4E83
:1085B000102111F075FA2E4B00241C602D4B214622
:1085C0000C2228461C701AF0F5FB2B4BC5E9013430
:1085D0002A4D21460C2228461AF0ECFB284BC5E90F
:1085E0000134284D21460C2228461AF0E3FB264B85
:1085F00021460C223046C5E901341AF0DBFB234B3F
:10860000C6E9013407F094FF06F058FA00F0A6FD21
:1086100008F01EFB07F060FB03F04CFF06F078F853
:1086200004F070FE09F05EF922461949194809F074
:10863000DBF81948FFF7DEFCF8F7AAF9174B184AE0
:10864000186021462346174809F0D0FBF8F7A0F937
:10865000294602B0BDE87040FFF73EBCCF5C020087
:10866000301B0020F01B0020241B0020001B0020DA
:10867000F81A0020FC1A0020A5820000181B002018
:10868000FD8300000C1B00204D8200009985000036
:108690005D840000C81A0020C41A0020DC1A0020E3
:1086A0007D820000C10301003AB10878182806D87D
:1086B000044B53F8203013B118470C2070470020AA
:1086C000704700BFDC99020000207047012A08B5FE
:1086D00004D10878FFF724FF002008BD0C20FCE738
:1086E000032A08B5084603D101F0EEFD002008BDBD
:1086F0000C20FCE7042A08B5084603D101F0DCFD94
:10870000002008BD0C20FCE7062A08B5084603D166
:1087100003F07AF8002008BD0C20FCE770B586B0A5
:1087200014460D461822002168461AF043FB012C1E
:108730002BD96B78B4EB031F27D12C1D00266B7847
:10874000B34202DC002006B070BD14F8023C8DF884
:108750000030214614F8013C8DF8023006220DF15C
:1087600003001BF085FAA3798DF81030E11D062275
:108770000DF111001BF07CFA637B8DF8093068461F
:1087800002F0EEFE01361034D9E70C20DBE7F0B53D
:1087900087B014460E461822002168461AF00AFBDC
:1087A000012C22D9A21E7478631E182B06F1020533
:1087B0003CD8092A19D928460021037A0A3A9A4254
:1087C00013D30131D21A8C4203F1050318440ADC99
:1087D0005AB904921446CDF813207378A34206DCEC
:1087E000002007B0F0BD092AE7D80C20F9E72B7864
:1087F0008DF80030A91C6B782F7A8DF80230062294
:108800000DF103001BF034FA2B7A8DF801302B4464
:10881000053705F109025B7A03922F4468468DF80B
:108820000930013402F09CFE3D46D6E70A20D8E725
:108830000B2A08B5084603D103F001FB002008BD50
:108840000C20FCE70D2A08B5084603D101F042FDD3
:10885000002008BD0C20FCE70C2A08B5084603D10F
:1088600002F0AAFF002008BD0C20FCE70A2A08B588
:10887000084603D103F068FA002008BD0C20FCE78D
:10888000042A10B50C4612D1FFF7D8FDB4F8010048
:1088900006F01CF810B1008F07F0F2FCFFF7D0FDD6
:1088A000204603F00DFAFFF7DBFD002010BD0C2081
:1088B000FCE7F8B50C460978012303EB81039342EA
:1088C00023D1002523789D4203DBFFF7C9FD00205B
:1088D000F8BD04EB8507B7F803608EB1FFF7AEFD76
:1088E000B7F8010005F0F2FF40B1038F9E4209D9AD
:1088F0000C20FFF707FE304607F0C2FCFFF7A0FD93
:108900000135DFE79B1B0387F5E70C20E0E710B597
:108910001F2A88B00C4643D12022002168461AF055
:1089200049FA63788DF80030A3BBE278A37843EA74
:108930000223ADF80230062223798DF80430A11805
:1089400063798DF805300DEB02001BF091F90622DA
:1089500004F10C010DF113001BF08AF9062204F159
:1089600012010DF119001BF083F9627E237E43EAA8
:108970000223ADF80C30E27EA37E43EA0223ADF879
:108980000E30237F627F43EA0223ADF81030A37FCD
:108990008DF812300021684602F01AFE08B010BDB2
:1089A0000C20FBE710B5132A88B00C4635D12022E5
:1089B000002168461AF0FEF963788DF8003033BB69
:1089C000E278A37843EA0223ADF802300622237945
:1089D0008DF80430A11863798DF805300DEB020095
:1089E0001BF046F9627B237B43EA0223ADF80C308F
:1089F000E27BA37B43EA0223ADF80E30237C627C4A
:108A000043EA0223ADF81030A37C8DF81230002128
:108A1000684602F0DDFD08B010BD0C20FBE7002029
:108A200070470020704700207047002070470020EA
:108A300070470020704700207047000038B504469A
:108A40000B4B00780022197881420AD00132062AA5
:108A500003F10803F7D10825204609F02FFA28462C
:108A600038BD5B686278A11C98470546F4E700BFF3
:108A7000409A02002DE9F04186B003A9054607F0AF
:108A8000D3FD044628BB284607F074FDBDF80E2030
:108A90002B8A9A4236D1BDF80C80C8F30B08FFF739
:108AA000CDFC404605F012FF0746B0B94FF0FF334A
:108AB00005930726FFF7C4FCCEB1012E1ED0059BFF
:108AC0005A1C05D000229BB21146404600F071F8B6
:108AD0003446284610F093FC10E005AB00932A467C
:108AE00004AB03A900F0A5FA25460646E2E7386B79
:108AF000049B9847396B384600F091FA204606B03F
:108B0000BDE8F0810A24E4E737B504460D46FFF7D7
:108B100095FC20466B4601AA052107F0D2FF0446CA
:108B200028B9DDE900102A4600F0F9FA0446FFF7FB
:108B300087FC204603B030BD037813704378537030
:108B4000438853807047F8B51C4607460E461546C5
:108B500000F038FB206038B1291D89B210F08EFE7C
:108B600020B9206810F04BFC0020F8BD236818687D
:108B70000770467045800430F7E7F7B5089F164642
:108B8000BA1C04461D4692B201AB0120FFF7DBFF81
:108B900060B1294620F8026B3A461BF069F801994A
:108BA000204603B0BDE8F040FFF7AEBF062003B09B
:108BB000F0BD1FB5ADF80C300423ADF80E200093C6
:108BC000022203ABFFF7D9FF05B05DF804FB0820D4
:108BD0007047C36813B102690089184770470000E5
:108BE000F8B50F4615460646FFF728FC114A1168EE
:108BF00000230C461CB9FFF723FC2046F8BD208952
:108C0000B04214D1A07AB84211D115B1E07AA8428D
:108C10000DD12BB90B681360002BECD1054B04E090
:108C20001968096819600029E5D15360E3E7234614
:108C30002468DFE7401C0020F0B500F110078688AB
:108C400085B00546006907F095FC0421384600F020
:108C5000D2FA044628BB2B6903AAD9881868FFF703
:108C60006BFF2869042110F084FC2B691A8ABDF877
:108C70000E309A421AD19DF80C301A2B14D80C4A97
:108C800052F8233083B13A4603A930469847044648
:108C900038B100239DF80D1000931A463046FFF7B7
:108CA0006CFF204605B0F0BD1024F2E70A24F8E777
:108CB000709A0200014610B1014810F0A1BF704740
:108CC0000C1C002008B54A780121FFF789FF08B184
:108CD000FFF7F0FF002008BD70B516464A78002166
:108CE000FFF77EFF0546B8B10221304600F083FA57
:108CF000044678B933681B681B885BB1012B0CBF35
:108D000010210A212846FFF764FF2846FFF7D2FF0B
:108D1000204670BD2146F5E70446F9E7F0B5054663
:108D200087B00F4610460821164600F064FA044644
:108D300088BB0DF10701284608F0A3FA044650BB92
:108D40009DF80730DB072BD533681B681A88ADF810
:108D50000C205A88ADF80E209A88ADF81020DB88D8
:108D6000059003A92846ADF8123002F038FDA8B9E5
:108D700003A9284603F0E4F8061E18BF01267978F7
:108D800002AB02221320FFF7DEFE20B1068002991B
:108D90002846FFF7B9FE204607B0F0BD0126EEE7F2
:108DA0001024F8E72DE9F043074685B00E469146BA
:108DB0009846FFF743FB02AB03AA0521384607F0AC
:108DC00080FE054630B1FFF73BFB00242046FFF74D
:108DD00071FF45E0039B93F8284004F00104FFF77E
:108DE0002FFB002C40D1224810F0D0FE0446002872
:108DF0003CD01422294619F0DDFF1E4BA5721978CC
:108E000027810131C9B2012938BF01211970C4E994
:108E10000398E17201AB08221220FFF794FE28B3F9
:108E20003388038073884380B3888380F388C3804A
:108E300001993846FFF768FE05460028C6D114F0B0
:108E4000D7FF00F5F0406060FFF738FBFFF7F6FA58
:108E5000094B1A68226002B95C601C60FFF7F0FAE7
:108E6000284605B0BDE8F0830325AEE70625ADE74B
:108E70000C1C00203C1C0020401C002008B500F009
:108E800073F830B10523C38003F5C8038360014B39
:108E9000836108BD398C000070B50A4C0E46256808
:108EA00005B970BDAB7A1BB931462846FFF791FE74
:108EB00023681B68236003B964602846FFF7FAFE45
:108EC000EDE700BF401C002073B514F091FF0026B1
:108ED00004460096CDF804D0FFF7B0FA154A13689F
:108EE0006FF0004533B9FFF7ABFA009CB4B92846E0
:108EF00002B070BDD3E90001091B00290ADC11682A
:108F00000968116001B9526001991E600B600193FC
:108F10000346E7E78D42A8BF0D46F9E7A37A1BB9E0
:108F20000D212046FFF755FE236800932046FFF7EA
:108F3000C1FEDAE7401C002007B5074B07480022B6
:108F4000C3E90023064B00931422064B012110F0C5
:108F5000A7FD03B05DF804FB401C00200C1C0020A2
:108F6000E25C0200281C002038B50546054810F0D8
:108F70000DFE044620B11C22002119F01BFFA58024
:108F8000204638BD9C1C002010B50C4641B1086934
:108F900010F035FA21460348BDE8104010F030BE0D
:108FA00010BD00BF9C1C0020807B00F001007047BA
:108FB00038B513461446042210F0AFFA054658B9E6
:108FC000204611F063F8234623F8020B184611F0EF
:108FD0005DF86080284638BD0425FBE737B50446B8
:108FE0000D4601A8114611F036F829460DF106008C
:108FF00011F031F82046042110F0D6FC044628B1C7
:10900000042200680DEB02011AF032FE204603B084
:1090100030BD08B1808870474FF6FF70704738B593
:1090200000250C460563086910F0E9F92561A58261
:1090300038BD2DE9F743DDF8289098464FF0FF330F
:10904000C9F800300B88C3F30133012B07461646DD
:1090500048D0022B2ED101AA00213046FFF7A8FFED
:10906000054698B90421304610F083FABDF8061081
:10907000384605F089FB044660B9BDF806304FF666
:10908000FF72934218BFC9F800300525304610F032
:10909000B6F936E003691BB101463846FFF7BFFF5A
:1090A0002389BDF80450042B06D1204607F08DFD1E
:1090B000854203D90A25E9E76089F9E7BDF804305C
:1090C0003C63A3822069A0B9266123691D8AA38A13
:1090D000ED1A002D11DD21463846FFF7A0FF0A25C5
:1090E0000026D3E7046B002CE4D02369002BE9D1E0
:1090F000E0E7314610F087FCE7E706D1A369C8F83E
:109100000030284603B0BDE8F08314F071FE00F58E
:10911000EA4030307863FFF7D1F90125E0E713B575
:10912000044601921046C988128AFFF757FF019042
:1091300090B101A9204607F0E3F950B1012809D107
:10914000019B00225A61226C10331360019B14337F
:109150002364002002B010BD0620FBE707B50A4BD0
:1091600000930A480A4B1C22032110F099FC38B9DD
:10917000FFF7E2FE28B903B05DF804EB01F0BEBBD7
:109180000B2003B05DF804FBFA5C02009C1C00207D
:10919000481C0020002110B50446084610F019F9BB
:1091A000034628B182681288A24204D210F027F93F
:1091B0000023184610BD026822440260F9E704202B
:1091C000FFF7E8BF0820FFF7E5BF0D20FFF7E2BF7C
:1091D00070B505460E46FFF7F8FF044640B133462A
:1091E0002A46002110F0F0FA18B1204610F007F9D5
:1091F0000024204670BD10B504460068038A8B42E7
:1092000008DB89B210F066FB002820600CBF062046
:10921000002010BD0A20FCE7034B1A68026002B967
:1092200058601860704700BFB81C002040F2074328
:109230001360072313717047094B5B7AC3F3C000B7
:10924000C3F38002C00040EA8200C3F3400210432F
:10925000C3F3001340EA031000F01D00704700BF85
:1092600034000020037ADB0601D501F00BBC082096
:1092700070472DE9F041069C80460E4617460021B6
:10928000502220461D4619F095FDD8F800002060B8
:1092900098F80630B8F80420A280A3712B7803F068
:1092A0000303032B24D16B7CE3716B882381D5E905
:1092B000022305F11201C4E9042304F1180010226D
:1092C0001AF0D6FC94F82830003F43F0010318BF91
:1092D0000127003E84F8283018BF012694F84A3050
:1092E000760046EA870623F006031E4384F84A60A8
:1092F0002B785A070CD5102205F1220104F1290020
:109300001AF0B6FC94F8393043F0010384F8393090
:109310002B781B070CD5102205F1320104F13A001D
:109320001AF0A6FC94F84A3043F0010384F84A305E
:10933000BDE8F08137B505460C4601AA01210B2096
:1093400001F008FB014618B90623236003B030BDC5
:10935000FFF772FF08700199688901F012FB00287D
:10936000F4D02060F2E7F8B50446077AC67B40895E
:109370000D4605F0ABFAD8B190F858303A0743F0F3
:10938000010380F8583042BFDBB243F0020380F89B
:109390005830BB0642BF90F8583043F0040380F8C1
:1093A00058302EB190F8583066F3C70380F8583023
:1093B000FF23637300232B602B7D43F002032B7587
:1093C000F8BD00B58BB00388ADF80C304388ADF81C
:1093D000163010228368CDF80E308118C368CDF89E
:1093E000123006A81AF044FC002300931C2203A9A3
:1093F00042F2190006F052FF0BB05DF804FB10B505
:1094000010460C46FFF7DDFF206010BD10B588B098
:109410004389ADF800300023ADF80230002200236C
:10942000CDE9022310220C4600F15E010DEB020093
:109430001AF01EFC6846FFF7C4FF30B10823237101
:10944000237D206043F00203237508B010BD10B5E2
:1094500088B01022ADF80C0004460DF10E001AF091
:1094600007FC02230093122202AB03A942F21A0066
:1094700006F014FF20B9BDF80830A34218BF0C2035
:1094800008B010BD38B50C46054600F15E014089B4
:10949000FFF7DDFF206010B905236B7338BD237D16
:1094A00043F002032375F9E7037ADB0601D501F0E7
:1094B000B7BB7047037ADB0601D501F05DBB70478F
:1094C00010B5064810F062FB044620B14FF4C0729C
:1094D000002119F06FFC204610BD00BFC01C002009
:1094E00073B5C57C2B0706D5837E1E0742BF037A62
:1094F00043F010030372027A037F447F12F01006D8
:109500001CBF04F0FE0403F0FE0312F0010F0CBFB9
:1095100019462146ED0705D5857EED0744BF42F08B
:10952000200202722343334302BF037A23F0200355
:10953000037211F0010318BF03238A0748BF43F0E9
:109540000C0383734B0748BF837B027D44BF43F00A
:1095500010038373C37E934228BF1346C3730DF178
:109560000701FFF77FFE02B070BD10B4847B34B9F1
:10957000027AD20706D50A7D42F001020A755DF82B
:10958000044B70475DF8044BFFF7EDBE014610B188
:10959000014810F035BB7047C01C002038B5137D62
:1095A0000D4643F002031375012128461446FFF7C8
:1095B00022FE206030B92B681B681B780BB103F5C5
:1095C000A060206038BD1FB50222ADF808000092EF
:1095D00003AB02A942F21B0006F060FE05B05DF885
:1095E00004FB70B504460D4640891646CAB102F127
:1095F0001801FFF72CFF286070B9F379E37396F830
:109600004A309B0703D5237A43F0080323722B6863
:1096100033B90623637303E02B7D43F002032B75FC
:1096200070BDFFF7D0FF05232B60F9E730B9074B7A
:109630001A6812681A603AB95B60704703681B6861
:1096400003600BB9014B5860704700BFB81C002085
:109650002DE9F041027A037F477FD40644BF07F02B
:10966000FE0703F0FE0312F0010F18BF1F46054668
:10967000F8078AB00E4600F18780B90759D501AACC
:109680001021082001F066F98046002800F0E580EE
:1096900002A806F021FD0446002840F082800299CD
:1096A000102240461AF0E4FA95F870300199688962
:1096B00043F0040385F8703001F063F90446002894
:1096C00040F0BD8001AA0721092001F043F90446BA
:1096D000002800F0C280688905F010F9A04603A9AF
:1096E00005F02AF99DF80C3008F8013B06220DF12F
:1096F0000D0140461AF0BCFA95F87030029943F01B
:10970000100385F87030102205F192001AF0B0FABB
:10971000237885F880300622414605F1B2001AF020
:10972000A7FA0199688901F02CF90446002840F055
:1097300086807A0720D501AA10210A2001F00AF9B3
:109740000746002800F08980102106F03CFF0446FF
:1097500038BB95F8703043F0080385F8703010225C
:10976000394605F1A2001AF083FA0199688901F0DF
:1097700008F90446002862D12B7ADB0767D5314609
:109780002846FFF7F0FD65E001AA1021062001F050
:10979000E1F88046002860D0E97B06F014FF04461B
:1097A00018B101980FF02BFE49E0E87B2146C0F18B
:1097B0001002404419F0FEFA1022414605F18200E1
:1097C0001AF056FAEB7B85F8813095F870300199E4
:1097D000688943F0010385F8703001F0D2F804463F
:1097E00068BB01AA0A21072001F0B4F880460028CE
:1097F00033D0022106F0E7FE04460028D1D108212B
:1098000008F1020006F0DFFE04460028C9D195F8F1
:1098100070300199688943F0020385F87030D8F8F8
:109820000630D8F80220C5E91E23B8F80030A5F8A4
:10983000723001F0A6F8044600283FF41EAF08235A
:109840003371337D346043F00203337502E0AB7B48
:10985000002B94D00AB0BDE8F0810624EFE70000A9
:10986000034B1B68002003B970471B680130FAE7FF
:10987000B81C002073B50E4601A9054606F0DEFBB4
:10988000044680B9FEF7DAFDFFF7EAFF019B0344C7
:109890000193FEF7D5FD019B022B04DD31462846DE
:1098A00006F09EFA0446204602B070BD10B501468F
:1098B00004460220FFF7DEFF28B921460120BDE85B
:1098C0001040FFF7D7BF10BD102106F07CBE2DE978
:1098D000F04188B007464089DDF838801C460E46C6
:1098E000154605F00BF801A905F026F83B7ADB07D1
:1098F00014D59DF81230337006220DF1130128465D
:109900001AF0B6F99DF81930237006220DF11A01EC
:1099100040461AF0ADF908B0BDE8F0819DF8193065
:10992000337006220DF11A0128461AF0A1F99DF8AC
:109930001230237006220DF11301E9E770B50446D9
:109940000C480068002688B14589A5420FD1FF293F
:1099500002D0457B8D420AD1B2F1FF3F057A03D098
:1099600005F00105AA4202D103B11E6070BD064692
:109970000068E8E7B81C00202DE9F0410D46ACB0C6
:109980000646062128461446FFF735FC206050BBEA
:109990002B68D3F80080FEF751FDFF2101AB4FF09B
:1099A000FF323046FFF7CAFF014690B1437B082BD8
:1099B00009D0082323714FF4816323602CB0BDE8E4
:1099C000F041FEF73DBD0198FFF730FE0846FFF776
:1099D000DDFDFEF735FD3046FFF768FF074628B18D
:1099E0000823237120602CB0BDE8F081FEF726FD2E
:1099F000FFF766FD0546B0B146814773FFF70CFCE3
:109A0000012303740622414611301AF031F96889A6
:109A100004F074FF90F82830DA072FD5072323715C
:109A200040F20743236000252F46FEF709FD236817
:109A3000002BD8D10DA9304601F07CFD0146A8B914
:109A4000202204A819F0B6F9DDF83F00BDF8432044
:109A50009DF84530049018A904A8ADF814208DF89D
:109A6000163006F0D2F90146002840D00529BAD0B8
:109A7000237D216023F001032375B4E798F80330B8
:109A8000062B04D80623237140F20643CAE7102BA5
:109A900004D90A23237140F20A43C3E798F802303D
:109AA0001B071FD526490223EB750B7A2B764B7AC1
:109AB000C3F300036B76FFF7BFFB1023CA7AEB7684
:109AC0006B7DA87613402B778A7AAB7D13406B773A
:109AD0002846FFF705FD237D2F7AED7B43F0010338
:109AE0002375A2E70323237140F203439AE79DF80D
:109AF00067308DF80A309DF8AA30ADF80860C3F3DE
:109B00008002C3F3400343EA42039DF80B208DF823
:109B10000C5022F0030213439DF80D208DF80B30FA
:109B200022F00702C7F3C203134302A88DF80D30D9
:109B300002F070FB01283FF47DAF022198E700BFDF
:109B400034000020F8B50E46074610213046154671
:109B5000FFF751FB0446286030B108232B712B7DA1
:109B600043F002032B75F8BD33681E68FEF766FCF0
:109B700023464FF0FF3207213846FFF7DFFE044649
:109B800038B905232B6008232B71BDE8F840FEF798
:109B900057BC837B23F00103837390F8B83043F004
:109BA000010380F8B83031461022CA301AF060F84C
:109BB000E37B84F8C93029462046FFF7D6FCE4E76A
:109BC000F8B50E4607460A2130461446FFF713FB48
:109BD0000546206030B108232371237D43F0020342
:109BE0002375F8BD33681E68FEF728FC2B464FF03E
:109BF000FF3207213846FFF7A1FE38B9052323605D
:109C000008232371BDE8F840FEF71ABC827B22F0DE
:109C10000202827390F8B82042F0020280F8B82065
:109C20003288A0F8BA20D6F80210D6F80620C0E98B
:109C300030122146FFF799FCE4E7F8B50E460746D7
:109C4000102130461546FFF7D6FA0446286030B199
:109C500008232B712B7D43F002032B75F8BD33686D
:109C60001E68FEF7EBFB23464FF0FF320721384614
:109C7000FFF764FE044638B905232B6008232B71D7
:109C8000BDE8F840FEF7DCBB837B23F0040383735D
:109C900031461022DA3019F0EBFF94F8B83043F077
:109CA000040384F8B83029462046FFF75EFCE7E756
:109CB000F8B50E460746072130461546FFF79BFAD2
:109CC0000446286030B108232B712B7D43F002033A
:109CD0002B75F8BD33681E68FEF7B0FB23464FF0C6
:109CE000FF3207213846FFF729FE044638B905231D
:109CF0002B6008232B71BDE8F840FEF7A1BB837BE6
:109D000023F00803837390F8B830314643F0100312
:109D100080F8B83011F8013B80F8C8300622FA30DC
:109D200019F0A6FF29462046FFF71FFCE3E7F8B528
:109D30000E460746102130461546FFF75CFA0446EA
:109D4000286030B108232B712B7D43F002032B7563
:109D5000F8BD33681E68FEF771FB23464FF0FF32F3
:109D600007213846FFF7EAFD044638B905232B6082
:109D700008232B71BDE8F840FEF762BB837B23F01C
:109D80001003837331461022EA3019F071FF94F802
:109D9000B83043F0080384F8B83029462046FFF76E
:109DA000E4FBE7E70138C0B204289ABF014B18561C
:109DB000FF207047DC9A020013B50DF1070104463D
:109DC000FFF750FA9DF80700FFF7ECFF637B98421E
:109DD00007D1207A00F00600831F5842584102B094
:109DE00010BD0120FBE7F7B50E46074606213046B9
:109DF0001446FFF700FA0546206028B1237D43F0A2
:109E00000203237503B0F0BD33681E68FEF716FB2E
:109E10002B46294601223846FFF790FD054670B1D2
:109E20000223C37506223146183019F021FFF3785A
:109E3000062B07D80623237140F206432360FEF762
:109E4000FFFADFE7102B04D90A23237140F20A43FB
:109E5000F4E72846FFF744FB0DF107012846FFF71A
:109E600001FA48B10323237140F203432360237DA9
:109E700043F002032375E2E72B7A9DF8072013F0E5
:109E8000100F0CBF0121092169731046FFF78AFFEB
:109E9000884208BF22722846FFF78EFF0028CED0E6
:109EA000237D43F00103E5E7F7B50E460746102191
:109EB00030461446FFF79FF90546206038B1082365
:109EC0002371237D43F00203237503B0F0BD336893
:109ED0001E68FEF7B3FA2B464FF0FF3201213846D9
:109EE000FFF72CFD054620B905232360FEF7A8FAED
:109EF000EBE7102231462E3019F0BAFE2B7ADB0741
:109F000006D502236B73237D43F001032375EDE730
:109F10000DF107012846FFF7A5F99DF80700FFF7A7
:109F200041FF6B7B984202BF2B7A43F004032B72F4
:109F30002846FFF741FF0028D8D0E4E72DE9F04399
:109F40007C4F9BB006460C46FEF778FA03AB4FF009
:109F5000FF32FF213046FFF7F1FC0546002860D0B4
:109F6000237DD8070DD5182200212046D4F8108073
:109F700018F020FF688904F0D1FC002842D10723A3
:109F800023606A7B2368FF2A01D0002B42D003980C
:109F9000FFF74CFB4FF0010894F80490B9F1000F63
:109FA0000BD006AA0121052000F0D4FC28B180F8CE
:109FB00000900699304600F0E4FCFEF741FA002DCF
:109FC00000F0B480227D910707D5C2F38003216899
:109FD000C2F3C002304602F0E5F8236863BB237A7F
:109FE00013BBB8F1000F2BD1237DDB0740F19E801E
:109FF00018220021204618F0DDFE237D43F00103E6
:10A000002375A1E76B7B424657F82330214628464B
:10A010009847B6E713F0ECFE00F5F0406860FEF7F5
:10A020004DFA4FF00008B7E704F10801304602F09E
:10A03000A0F82368002BD4D0B8F1000FD4D05EE094
:10A040002B7A9A065BD5FEF7F9F9688904F03EFC95
:10A0500095F8B83013F0100F044600F1070656D0FB
:10A0600095F8C8308DF81030062205F1FA010DF18F
:10A07000110019F0FDFD0498C4F807009DF8163092
:10A08000BDF81420B280B3710622002304F116013A
:10A090000DF119000693CDF81B3018F061FE10B9D0
:10A0A000FEF7CEF90EE09DF81030032B05D8DFE85F
:10A0B00003F0022C022C0223E371FEF7C1F9688938
:10A0C00002F095F82C7A06AB04F0080604F01004B0
:10A0D00022463146009304A805F17003FFF7C9F842
:10A0E00006A805F08EFE06AB009304A805F1B803A0
:10A0F00022463146FFF7BDF806A805F08BFE28463C
:10A100001BB0BDE8F043FFF741BA0323D4E7B288A0
:10A11000B379D0F80700ADF814208DF8163004900C
:10A12000E07906F0E4FC8DF81000B9E71BB0BDE85B
:10A13000F08300BFE49A02002DE9F04786B0804624
:10A140000D46914600211822684618F033FEFEF7AE
:10A1500075F900234FF0FF32FF214046FFF7EEFB79
:10A16000044640B1427B052A09D0062A5DD0082367
:10A1700041738DF804300026B246374614E0027A67
:10A18000002D4FD107234373D30701D5837B2BB910
:10A190009DF8143043F001038DF81430E67B277AE4
:10A1A0004FF0000AC7F3C007FDB9404604F08EFB2C
:10A1B000D8B190F8583069F3000380F8583027B1CF
:10A1C000DBB243F0020380F85830BAF1000F05D03B
:10A1D00090F8583043F0040380F858302EB190F8CE
:10A1E000583066F3C70380F8583014B1637BFF2BF7
:10A1F00009D19DF8143043F002038DF814300DB1ED
:10A2000005F500750095FEF71BF99DF814306946B9
:10A210006AF3820340468DF81430FFF78FFE06B0D4
:10A22000BDE8F08741731E46B9E741739DF81430CD
:10A23000077A43F008038DF81430C67BC7F3C007D4
:10A240004FF0010AB0E70000F0B589B00546FEF70F
:10A25000E0FE4FF6FF739842044625D028690DF1C1
:10A260000703012200210FF058F90646F0B92869CA
:10A2700001210FF07EF99DF807300E2B18D80D4AFA
:10A2800052F82370A7B11822314602A818F092FDA7
:10A2900002AA05F110012046B847204602A9FFF79F
:10A2A0004DFE029809B0F0BD0720FBE70A20F9E750
:10A2B0000820F7E7109B0200C2780178B0F801008F
:10A2C00002F00102FFF738BF0178B0F80100012267
:10A2D000FFF732BF2DE9F043ADB0B0F801501822BE
:10A2E0000021064603A818F065FD1FFA85F8FEF761
:10A2F000A5F800231A46FF214046FFF71FFB04463E
:10A30000F0B9FFF7DDF8044670B906230393404621
:10A3100004F0F4FA09A904F00FFB06220BA901A826
:10A3200019F0A6FC01271AE0042345814373FEF7C8
:10A3300073FF9DF8203043F001038DF82030E6E7ED
:10A34000427B082A02D104234373F2E7032A0ED189
:10A350009DF8202042F001028DF820201F46FEF7D4
:10A360006FF8039D4CB928462DB0BDE8F0834046F8
:10A370000027FFF728F93C46F1E745BB3FB3202211
:10A38000294610A8D6F80740B6F80B90D6F8037007
:10A390009DF82B6018F00EFD062201A90DF1410079
:10A3A0008DF8406019F064FC9DF85830ADF8489085
:10A3B000CDE9147418AC43F00103214610A88DF8C0
:10A3C000583005F019FD002818BF2C460794404668
:10A3D00003A9FFF7B3FD0020C6E7037ADB074CBFF4
:10A3E0003E304E3070470000F7B5067A06F00106A1
:10A3F0000446C6F102000D4601AA0621C0B200F0D3
:10A40000A9FA0746002847D05EB3274901232374E1
:10A410000B7A63744B7AC3F30003A374FEF70CFF4B
:10A42000102323758B7A6375CB7AE074A3750622AB
:10A4300004F11101384619F01BFC0199608900F004
:10A44000A0FA50BB2046FFF7C8FFFFF73DFA28608F
:10A4500028B108232B712B7D43F002032B7503B029
:10A46000F0BD062204F1180119F002FC237A13F062
:10A47000100F0CBF0123092363730DF10301204664
:10A48000FEF7F0FE9DF803201046FFF78BFC637B80
:10A49000984208BF2A72D0E706202860002EDED13D
:10A4A00008232B71DBE700BF34000020037ADB07B1
:10A4B0004CBF4E303E307047F8B50E46074610216F
:10A4C00030461446FEF797FE0546206030B108235B
:10A4D0002371237D43F002032375F8BD33681E68A2
:10A4E000FDF7ACFF2B464FF0FF3202213846FFF755
:10A4F00025FA054628B905232360BDE8F840FDF795
:10A500009FBFFFF7D3FF1022314619F0B1FB2B7A22
:10A51000DB06F2D52146284600F0C2FBEDE700003D
:10A520002DE9F34113F064FC002480460094CDF83B
:10A5300004D0FDF783FF1E490B68224625466FF0C5
:10A5400000474BB902B10095FDF77AFF009C14BBA0
:10A55000384602B0BDE8F081D3E90006A6EB080654
:10A56000002E14DC64B90A6812680A6002B94960F6
:10A570001D6005B901931D4601221C460346E0E714
:10A58000226812682260002AF2D14C60F0E7B742DC
:10A59000A8BF3746F1E7002360891A460D2101F074
:10A5A00001FE236800932046FEF7F0FFCEE700BFD0
:10A5B000B81C002070B586B01822002106466846F7
:10A5C00018F0F8FBFDF73AFF00234FF0FF32FF21B0
:10A5D0003046FFF7B3F90446FDF732FF34BB30468F
:10A5E000FFF764F9054630B9FEF76AFF044628B95B
:10A5F00006230093009D284606B070BD037A46816D
:10A6000043F0010303724573FDF718FF2046FEF780
:10A6100003FEFDF715FF9DF81430694643F0010372
:10A6200030468DF81430FFF789FCE3E70225E2E7B6
:10A630002DE9F0418EB004460D4617460021182240
:10A6400068469846169E18F0B5FBFDF7F7FE002306
:10A650004FF0FF32FF212046FFF770F958B1022377
:10A660000093FDF7EDFE20466946FFF767FC009872
:10A670000EB0BDE8F081FEF723FF06230028EFD0DF
:10A68000C5734481057A4373D6B945F00105057257
:10A69000FEF7C2FDDDE914233946CDE908230AA8F7
:10A6A0001022ADF81840ADF81A8019F0E1FA9DF8C3
:10A6B000143043F001038DF8143006AB0493D0E757
:10A6C00045F00905E3E7F0B50F46A9B005460121BD
:10A6D00038461446FEF78FFD06462060002852D10A
:10A6E0003B681F68FDF7AAFE284604F007F990F8BA
:10A6F0002830DB0716D440F2074323600723237179
:10A70000FDF79EFE2368002B3DD13B78D9071DD570
:10A7100014A90CA805F079FB2060D0B12846FFF7FA
:10A7200049FF2FE005A904F007F9202231460CA8C3
:10A7300018F040FBDDF81B00BDF81F209DF821300C
:10A740000C90ADF834208DF83630D9E7052323601E
:10A75000E4E73B7813F0040F9DF89A3003D09A0792
:10A7600001D41023F3E7C3F340030293DDE9182378
:10A770009DF85710CDE900232846BDF858301AAA95
:10A78000FFF756FF206029B0F0BD000070B588B01B
:10A79000182206460D4602A8002118F00BFBFDF713
:10A7A0004DFE00234FF0FF32FF213046FFF7C6F881
:10A7B000044620B9FDF744FE052008B070BD037AB9
:10A7C0009B077FD40DF10701FEF74CFD2A7818B9DD
:10A7D0009DF807309A422DD11046FFF7E3FA637BCC
:10A7E000984227D1013A042A24D8DFE802F0031F57
:10A7F0001F3D4B00237A43F0020323721022291DD0
:10A8000004F11E0019F034FA237A13F0050F1EBF6D
:10A810009DF81C3043F001038DF81C30FDF710FE4D
:10A82000304602A9FFF78AFB0298C6E76A68274B01
:10A830009A4203D9FDF704FE0320BEE7237A43F0D2
:10A84000020323721022002104F11E0018F0B2FA54
:10A850006B68A3776B681B0AE377EB8884F820307A
:10A86000EB7984F82130CFE72B7933B940F20C43F0
:10A8700002930C238DF80C30D0E7237A43F00202C8
:10A880002272C2E7D5E90112003A18BF012200394D
:10A8900018BF0121204600F08DFC20B940F2024390
:10A8A00002930223E6E7237A43F0020323726B68E4
:10A8B000C4F87431AB68C4F8783102A9204600F0BE
:10A8C0002BF9ABE7FDF7BCFD022076E73F420F0016
:10A8D00010B586B0044618220021684618F06AFABE
:10A8E000072300939DF81430694643F00203204685
:10A8F0008DF81430FFF722FB06B010BD13B50A4BDC
:10A900000A480022C3E90023094B00934FF4C072A8
:10A91000084B01210FF0C4F8044608B900F05AFCB6
:10A92000204602B010BD00BFB81C0020C01C002093
:10A930000E5D0200DC1C002008B5FEF715FB30B1EF
:10A940000623C38003F582038360014B836108BD46
:10A9500049A2000070B5144606460D46FEF732FCCB
:10A96000206038B1691C89B20EF088FF20B92068D8
:10A970000EF045FD002070BD2368186800F8016BDB
:10A98000F9E713B50C466B4601AA062106F099F8C3
:10A9900020B9DDE900102246FEF7C1FB02B010BD70
:10A9A00008B5027B012A03460AD190F80011132949
:10A9B00006D84273FFF711FDBDE80840FEF784BFDB
:10A9C0000A225A73002008BD73B5037A0F4D03F0B5
:10A9D0000103002B00F5817601F10C030C4600F118
:10A9E0003E02009318BF314600F14E0306BF2946D0
:10A9F0003046284610F022FC206028B1082323713D
:10AA0000237D43F00203237502B070BD7D1E00203C
:10AA100010B50A4C237833B909490A4810F084FC70
:10AA200050B9012323700748402105F0B4FD0448C4
:10AA3000202105F0B0FD002010BD00BF5C1E0020ED
:10AA40005D1E00207D1E002030B589B00D461446E5
:10AA500003F054FF01A903F06FFFDDF812302B6003
:10AA6000BDF81630AB809DF81830AB71DDF81930A9
:10AA70002360BDF81D30A3809DF81F30A37109B07D
:10AA800030BD000010B5837C012B02D0437E012B2A
:10AA900008D105230B7002230373037A43F00803E4
:10AAA000037209E0C37C5A0708D4837E5B0705D490
:10AAB00000230B7000230373002010BD447C042C82
:10AAC000F6D8027E042AF3D8037A13F0010F4FEA76
:10AAD0008203134414BF0E4A0E4A13441B5D0B70CD
:10AAE000052B13D801A252F823F000BFB5AA00002D
:10AAF0000DAB000005AB000005AB000009AB00008A
:10AB000097AA00000123C7E70323C5E70320D4E782
:10AB1000659B02004C9B020070B5D0F8782186B08E
:10AB200005460C4602B300F5817102AE0096002383
:10AB3000084610F049FA50B1082323714FF481639D
:10AB40002360237D43F00203237506B070BDD5F862
:10AB5000781110221144304618F002F920B1042374
:10AB6000237140F20443EBE72B7A13F0050FECD08E
:10AB7000237D43F00103E7E77FB5037B012B054607
:10AB80000C4619D00CD9023B012B09D911232360A3
:10AB9000237D43F0020323750823237104B070BDA5
:10ABA000002385F8013103AA10210320FFF7D2FE0C
:10ABB000064690B90623EAE790F8002100EBD2039D
:10ABC00002F007019B7F0B4103F001038033013248
:10ABD00080F8013180F80021E5E72846FFF7FDFB0A
:10ABE0000096024695F801310C4805F5817110F088
:10ABF000EBF9064620B103980EF001FC2660C7E78A
:10AC000003996889FFF7BDFE08B12060C0E72B7A81
:10AC1000DB075CBF02236B73C0E700BF7D1E002013
:10AC200073B505460C4601AA10210420FFF792FED9
:10AC3000064638B9237D43F00203237508232371A8
:10AC400002B070BD2846FFF7C8FB1022014630460F
:10AC500019F00EF801996889FFF793FE08B120609A
:10AC6000E8E72B7ADA07EBD42846FFF799FE0028AD
:10AC7000F5D10DF103012846FFF704FF9DF80360AD
:10AC80003046FFF78FF86B7B9842D9D12B7A9B0720
:10AC9000D6D4267221462846FFF796FED0E700005C
:10ACA0002DE9F043037B022B91B004460D462ED0D4
:10ACB000027AD60702D453B3032B28D0102104F113
:10ACC0001E0005F068FC2046FFF7F0FB0CAE009676
:10ACD000024694F801314F4904F5817010F074F97F
:10ACE00010B1286008230AE01022314604F12E003A
:10ACF00018F036F858B140F204432B6004232B714E
:10AD00002B7D43F002032B7511B0BDE8F0830AAE32
:10AD10000DF1200800960DF11F0342460DF11E01B2
:10AD20002046FEF7D4FD04F5A173CDE902639DF83A
:10AD30001F3004F15E07CDE9008304979DF81E30B3
:10AD400004F14E0204F13E0104F5A97010F076F909
:10AD5000064608B12860C5E7E07B3146C0F1100225
:10AD6000384418F027F81022394604F1820018F010
:10AD70007FFF94F87030A4F8726023F0030343F06F
:10AD800003034FF000084FF0000984F87030E37BB4
:10AD900084F88130C4E91E891022394604F1CA00C2
:10ADA00018F066FF94F8B830A4F8BA6023F00303F3
:10ADB00043F0030384F8B830E37B84F8C930237A86
:10ADC000D807C4E930891CD52046FFF7E9FD0DF10D
:10ADD0001D012046FFF756FE9DF81D603046FEF728
:10ADE000E1FF637B984208D1237A990705D42E723C
:10ADF00029462046FFF7E8FD86E72B7D43F0010357
:10AE000081E7227B022AF8D19A07F6D443F00403A3
:10AE1000237279E77D1E002073B50C460546FFF7C7
:10AE2000F7FD206038B1237D43F00203237508232A
:10AE3000237102B070BD01AA40210C20FFF78AFDEA
:10AE4000064610B906232360EDE71A49202218F0C0
:10AE50000FFF20221849B01818F00AFF01996889DD
:10AE6000FFF78FFD20600028DDD12B7ADB07E0D4CF
:10AE70002B7B022B18BF01236B730DF103012846B6
:10AE8000FFF700FE9DF803603046FEF78BFF6B7BFB
:10AE9000984208BF26722846FEF78EFF0028C8D0C9
:10AEA0002B7B0BB1032BC4D1237D43F0010323750E
:10AEB000BFE700BF7D1E00209D1E00202DE9F3414D
:10AEC0000E460746402130461446FEF794F92060AE
:10AED00030B1237D43F00203237502B0BDE8F08159
:10AEE000FFF796FD0546206030B1237D43F0020355
:10AEF000237508232371F0E73368D3F80080FDF74A
:10AF00009DFA2B464FF0FF3209213846FEF716FD19
:10AF1000054640B9052323600823237102B0BDE82C
:10AF2000F041FDF78DBA00F581764022414630466A
:10AF300018F09EFE1B4A05F5A97305F59171304680
:10AF400010F0C2F948B140F20B4323600B23237188
:10AF5000237D43F002032375E0E72B7A13F001030E
:10AF60001CD02A7B022A08BF02236B730DF1070154
:10AF70002846FFF787FD9DF807603046FEF712FF71
:10AF80006B7B984208BF26722846FEF715FF002803
:10AF9000C4D02B7B002BC1D0032BBFD0237D43F02B
:10AFA0000103D8E75D1E00202DE9F041037ADA079E
:10AFB000037B4CBF00F1110800F11808022B8CB084
:10AFC00004460E4607D1D0F8781110221E30002911
:10AFD00038D018F04DFE60890AAA08A9FFF734FDA1
:10AFE00007AA10210D20FFF7B5FC054600283BD02D
:10AFF0002046FFF7F2F907462046FFF757FA0DF112
:10B00000290304939DF8283003930DF12103029343
:10B010009DF820300595CDE90083024604F11E031A
:10B02000394604F5A17010F08BF8054668B1079811
:10B030000EF0E5F9337D356043F0020333750823E4
:10B0400033710EE017F0B6FEC5E707996089FFF788
:10B0500098FC05460028EDD1237ADB0701D40323B1
:10B0600063730CB0BDE8F0810625E3E72DE9F047F6
:10B070000E4690B00746102130461546FEF7BBF845
:10B080000446286040B12B7D43F002032B75082352
:10B090002B7110B0BDE8F0873368D3F80080FDF75E
:10B0A000CDF923464FF0FF320A213846FEF746FC21
:10B0B000044630B905232B6010B0BDE8F047FDF71A
:10B0C000BFB9027A037B12F0010F00F11E063DD0DA
:10B0D000022B00F1180A08D1417E102200293BD032
:10B0E000D4F87411304618F0C3FD0AAA608908A983
:10B0F000FFF7AAFC1021304605F04DFA2046FFF775
:10B10000D5F907462046FFF768F90DF121030493AE
:10B110009DF8203003930DF1290302939DF8283008
:10B120000DF13009CDE900A30246CDF81490334665
:10B13000394604F5A17010F003F8286080B10823A7
:10B140002B712B7D43F002032B75B5E7022B00F129
:10B15000110ACAD1817CC0E7304617F02BFEC4E744
:10B1600010224946404617F0FBFD28B10B232B71F6
:10B1700040F20B432B60E4E70DF11F012046FFF77F
:10B1800081FC9DF81F00FEF70DFE637B984202BF15
:10B19000237A43F0040323722046FEF70DFE0028B5
:10B1A0008AD0237ADB0744BF052363732B7D43F0EA
:10B1B0000103C9E7037ADB074CBF837C437E591E3A
:10B1C0004B424B41A3EB020CDCF1000040EB0C00C6
:10B1D0007047000008B510F0D3F8024B00221A7037
:10B1E00008BD00BF5C1E002070B588B001AE0C46E3
:10B1F0003146054603F0A0FB96E8030004F108037E
:10B20000606023F8021B090C1970DDF80B30C4F8DC
:10B210000B30BDF80F30A4F80F309DF81130637477
:10B22000DDF81230C4F81230BDF81630E3829DF814
:10B2300018302376DDF81930C4F81930BDF81D3008
:10B24000A4F81D309DF81F30E377AB882384AB8BC7
:10B250006384EB8BA3842B8CE38495F8223084F8F1
:10B260002930AB6D236095F82830DB4303F00103F0
:10B2700084F8283008B070BD07B5002300931A4643
:10B28000194642F20E0005F009F803B05DF804FB20
:10B290001FB500238DF80C008DF80D1000930222CD
:10B2A00003A942F20C0004F0F9FF05B05DF804FBBD
:10B2B0001FB500238DF80C000093012203A942F270
:10B2C0000A0004F0EBFF05B05DF804FB38B50B4A4B
:10B2D000116800230C460CB9204638BDA58A85426A
:10B2E00002D023462468F6E723B90B681360FDF704
:10B2F000E5F8F1E722681A60F9E700BFCC1E0020EC
:10B30000054B1A886FF308021A805A7C22F0080253
:10B310005A74FDF7D3B800BF181F0020F8B5094FC5
:10B320003D4604460E46FDF789F80FCD0FC42B6845
:10B3300023601EB1FFF7E4FF00233B74BDE8F84033
:10B34000FDF77EB8181F002010B40C4611461CB142
:10B3500023465DF8044B18470278042A07D1D0E948
:10B3600001120B6813604B6853608B689360002078
:10B370005DF8044B704770B50D460446FDF75EF866
:10B38000284603F0A3FA50B1D0E91756FDF758F854
:10B39000324629462046BDE87040FFF7D5BFFDF78D
:10B3A0004FF8072070BD0000044B1B7C23B9044BF1
:10B3B0005878C0F38000704701207047181F0020A4
:10B3C000081F0020014610B101480EF019BC70475B
:10B3D000D01E002038B5054B1C68054604B938BDA1
:10B3E000D4E9003128469847A468F7E7041F0020F5
:10B3F00000B593B03422002105A817F0DBFC082328
:10B400008DF814300121002368460693FFF786FF6C
:10B41000029919B1039A05A8FFF796FF05A8FFF74F
:10B42000D9FF13B05DF804FB30B5114B1B78012B2D
:10B4300093B0044615D0022B11D101216846FFF7C5
:10B440006DFF029D5DB10021342205A817F0B2FC0A
:10B45000002303998DF81430069405A8A84713B06B
:10B4600030BDFFF7C5FF13B0BDE83040FFF748BF60
:10B47000181F002030B58FB034220021044601A8E7
:10B4800017F098FC092301A88DF804300294FFF707
:10B49000A1FFFCF7D3FF094A1388D2E9024523F440
:10B4A000875323F01F031380FDF708F8FCF7C8FF4C
:10B4B00014B1294601A8A0470FB030BD081F0020D5
:10B4C00038B5104D2B78BBB16B78DB0614D56C68A2
:10B4D00012F08EFC201A002810DC0020FFF7E8FE96
:10B4E00068B92B8823F4875323F01F032B80FCF7C4
:10B4F000E5FF0D20FFF7BEFF6FF0004038BD642070
:10B50000FCE700BF081F002038B5094D00202C784B
:10B51000FFF7CEFE58B92B8823F4875323F01F037F
:10B520002B80FCF7CBFF013C18BF0124600038BD25
:10B53000081F002038B505460C46FCF77FFF28465B
:10B5400003F0C4F918B9FCF77BFF072038BD14B12C
:10B550002146FFF749FEFCF773FF0020F6E70000E5
:10B5600030B51A4BC168427805461878012893B067
:10B5700026D15B7CDC0707D505AB06F019F918B9B5
:10B58000059B1A78022A18D03422002105A817F04A
:10B5900011FC07238DF814300FCD06AC0FC495E8CD
:10B5A000030084E8030000216846FFF7B7FE029B12
:10B5B00043B905A8FFF70EFF02E09B78DB07E3D451
:10B5C00013B030BD039905A89847F2E7181F002073
:10B5D000F0B50E46017895B00546002938D002290D
:10B5E0000CD03C2903D1724B1B78012B02D00020D8
:10B5F00015B0F0BD0020FFF73DFFF8E76D4B1A785E
:10B60000002AF4D01B7C022B03D11D20FFF70CFF76
:10B61000EDE7012102A8FFF781FE049C002CE6D093
:10B620003422002107A817F0C5FB00238DF81C3039
:10B630004FF6FF73ADF824309DF81930059913F0DB
:10B64000080F0CBF0D230923089307A8A047CEE7D6
:10B65000408805F016FE0028C9D02B79002B79D040
:10B66000012B7DD0688803F0E9F8AB898383EB89EF
:10B67000C3832B8A0384AB7C80F822302B79044669
:10B68000002B77D14B4B9A68C265DA6802665B7C07
:10B6900090F82820C3F3410342F0010280F82820EB
:10B6A0008371FFF72DFE6B79E3710622A91804F16F
:10B6B0000800012718F0DCFA05F11906062205F149
:10B6C0001301A77304F10F0018F0D2FA0023062229
:10B6D00031460DF11D000793CDF81F3017F040FBE8
:10B6E00000285CD1E379BB420ED1637B03F0C00339
:10B6F000402B09D1D4F80730C4F81530B4F80B301A
:10B70000A4F81930637BE376FCF798FE342200211D
:10B7100007A817F04FFB204603F0E4F80024FCF7DD
:10B720008FFE6B88ADF8243007A88DF81C40089474
:10B73000FFF750FE698807A8FFF71DFE6B88ADF87C
:10B74000083000942346022202A942F2160004F0B7
:10B75000A5FD4CE7174B1B78022B83D0052047E74C
:10B76000002EFBD1124B1A78012AF7D15B781B0708
:10B77000F4D577E70E4A310102EB0616B368C365CC
:10B78000F36803667378C3F301038371535A23F498
:10B79000875323F01F035352FCF790FE83E767752E
:10B7A0000622314604F1160018F062FAACE700BF39
:10B7B000081F0020181F002038B50446FCF73EFE85
:10B7C000608803F083F8054628B163781BB9201D13
:10B7D0000EF05EFC6862BDE83840FCF731BE30B563
:10B7E0008FB004460D463422002101A817F0E2FA7A
:10B7F0000523214601A88DF80430ADF810400295CC
:10B80000FFF7B9FD0FB030BD70B58EB04588044666
:10B810003422002101A817F0CDFA12238DF804304C
:10B820006378029323798DF80E3001A863798DF83F
:10B830000F30AEB2ADF80C50FFF7CCFD314601A889
:10B84000FFF799FD0EB070BDF8B52C4D2B786BB19C
:10B850006B78DB070AD56C6812F0CAFA241A002C40
:10B860000BDC2B78012B27D0022B02D06FF0004489
:10B8700003E0FFF701FDD0B16624214FFCF7DEFDA8
:10B8800012F0B6FA3A6801466FF000454FF6FF70C5
:10B89000DAB92DB3FCF7D4FDAC42A8BF2C46FFF7B4
:10B8A0000FFEA04227DCBDE8F840FFF709BE6B7829
:10B8B00060F300036B70D9E700210846FFF7E8FC4E
:10B8C0000028D9D1FFF794FDD0E713695B1A23EA6A
:10B8D000E373AB42B8BF908A1268B8BF1D46D7E782
:10B8E000FFF7F4FC0646FCF7ABFD002ED4D0304643
:10B8F000FFF768FDC2E72046F8BD00BF181F002013
:10B90000CC1E002010B5FCF799FDFFF7FDFD0446A5
:10B91000FCF796FD204610BD2DE9F0431D468BB087
:10B9200080460F469146FCF789FD4DB3B8F1030FF1
:10B9300026D86B78022B23D85A4E3378002B40F050
:10B94000AC802B78012B17D0022B0CD0C3B92B7AEB
:10B95000DA0715D46FF00043994513D1FCF79EFD2B
:10B96000B8B91E2478E02B7ADB0709D402F0F8FE80
:10B970000028EFD106246FE017B13B78032BF5D9EF
:10B98000032469E003A94846FCF732FC0028E5D00F
:10B99000F6E7FFF709FD002840F08180404605F0FA
:10B9A0002AF80446002857D1129BB360139BF3601A
:10B9B0007378049068F3010373702B787278CDF874
:10B9C0001300003B18BF012363F3C3027270698840
:10B9D0002A78AB8831B92BB9002A15BF6023F02330
:10B9E0003021A021ADF81810ADF81A30002A39D056
:10B9F000012A3DD004A9002F18BF3946062211F8AC
:10BA0000013B8DF81C400DF11F008DF81E308DF8A4
:10BA10001D8018F02DF9AB79002B08BF07238DF896
:10BA20002530EB798DF82630002300930F2206A9EC
:10BA300042F2060004F032FC044668B9012030707E
:10BA4000FFF736FC0446D0B1338823F4875323F044
:10BA50001F033380FCF732FDFCF7F2FC20460BB0ED
:10BA6000BDE8F0836B78002B14BF02240324C1E7E8
:10BA70002B7A13F0010F0CBF04240124BAE76FF0F6
:10BA800000439945E8D0039D12F0B2F9737805445C
:10BA900043F0100375607370DCE70224DCE71D24BB
:10BAA000DAE700BF081F002010B50C468AB0014637
:10BAB00010B91CB1122010E01F2CFBDC22460DF146
:10BAC000090018F0D5F800230093202202A942F2C1
:10BAD00008008DF8084004F0E1FB0AB010BD10B575
:10BAE0000C468AB0014610B91CB1032010E01F2C8F
:10BAF000FBDC22460DF1090018F0BAF80023009390
:10BB0000202202A942F209008DF8084004F0C6FB89
:10BB10000AB010BD00B58BB01F230DF1070202A9BA
:10BB200005F022FE20B99DF8071002A8FFF7BCFF20
:10BB30000BB05DF804FB00B58BB01F230DF10702BD
:10BB400002A905F011FE20B99DF8071002A8FFF721
:10BB5000C6FF0BB05DF804FB024B1878431E584239
:10BB600058417047081F0020024B1878431E584266
:10BB700058417047181F0020024B1878831E584206
:10BB800058417047181F00201FB590F8283013F057
:10BB90000203044614D18288ADF80C208DF80E10F3
:10BBA0000093032203A940F2064004F077FB28B972
:10BBB00094F8283043F0020384F8283004B010BD14
:10BBC0000220FBE738B505460C46FCF737FC284653
:10BBD00002F07CFE38B12146FFF7D6FF0446FCF7A1
:10BBE0002FFC204638BD0724F9E730B58FB0044656
:10BBF0000D463422002101A817F0DCF8032301A828
:10BC00008DF80430ADF80C400295FFF7E3FB2146B8
:10BC100001A8FFF7B0FB0D2D03D113212046FFF73C
:10BC2000D1FF0FB030BD2DE9F0418EB03422044673
:10BC30000D4601A8002117F0BDF8FCF7FFFB2046D8
:10BC400002F044FE064620B9FCF7FAFB0EB0BDE850
:10BC5000F08103A9FFF7C8FAD6E91778FCF7F0FBE3
:10BC6000FCF7ECFB2046FFF731FB0646FCF7E8FB50
:10BC700036B120462946FFF7B8FF3046FFF7A2FB52
:10BC800029462046FDF708F92046FEF721FE20460A
:10BC900001F018F8204602F037FD204605F0A0FD1F
:10BCA000204605F0D8FA012301A88DF8043002954A
:10BCB000FFF790FB4246394601A8FFF745FBC5E771
:10BCC00070B5B0F8016003788EB00446B5B24BB9D8
:10BCD000C17809B101F5007128460EB0BDE8704089
:10BCE000FFF7A1BF3422002101A817F063F8062353
:10BCF0008DF804302378ADF80C600BB103F50073B8
:10BD000001A80293FFF766FB294601A8FFF733FB62
:10BD10000EB070BD38B504464FF6FF7505F0C5FA94
:10BD2000A84203D02146FFF77EFFF7E7054B1B78BB
:10BD3000012B02D12046FFF79DFB2046BDE838408D
:10BD4000FFF772BB081F002070B590B00546342283
:10BD5000002103A817F02EF80822002101A817F0EF
:10BD600029F8FCF76BFB6E88304602F0AFFD18B186
:10BD70006B78E3B11A2B21D0BDF8043023B93046DB
:10BD8000FFF7A4FAFFF71EFBFCF75AFBBDF80430DF
:10BD9000002B32D001A91C4A00233046FDF702F8DF
:10BDA000014610B13046FFF720FF10B070BDAB88E0
:10BDB0008383EB88C3832B890384DDE7134B1C68E3
:10BDC000002CD9D0A38AB34201D02468F8E790F8B8
:10BDD0002830DB07D0D4A388ADF80430E388ADF871
:10BDE00006302389ADF808306389ADF80A3011F0C8
:10BDF000FFFF00F520402061BEE769780029D1D01F
:10BE000001F50071CEE700BF11BE0000CC1E00207E
:10BE100070B504460D46FCF711FB2046FFF756FAB5
:10BE20000646FCF70DFB4EB13046FFF7CBFA2DB1BD
:10BE300029462046BDE87040FFF7D7BE70BD2DE90A
:10BE4000F04134229AB0044600210DEB020016F0B6
:10BE5000B1FF2279E37843EA0223ADF80C30A279EE
:10BE6000637943EA0223ADF80E30227AE37943EA9C
:10BE70000223ADF81030A27A637AB4F8014043EAA5
:10BE800002230025ADF81230059503AE96E80700B1
:10BE90000DF1180888E80700342229460DEB02004E
:10BEA000A7B216F087FF042339460DA88DF8343069
:10BEB000CDE90E68ADF84040FFF75DFAADF82440DB
:10BEC000034690BBBDF81820ADF82620BDF81A2017
:10BED000ADF82820BDF81C20ADF82A20BDF81E20A2
:10BEE000ADF82C20BDF82020ADF82E20BDF8222082
:10BEF000ADF8302000900E2209A942F2200004F093
:10BF0000CDF9044670B1FCF799FA3846FFF7DEF92F
:10BF10000546FCF795FA2846FFF754FA21463846BD
:10BF2000FFF763FE1AB0BDE8F0818DF8260000959A
:10BF30002B46032209A942F2210004F0AFF9F1E7F0
:10BF40002DE9F0410A884B889A4288B080460C4619
:10BF500000F29D80052A40F29A80B3F5486F00F206
:10BF600096808A88B2F5FA7F80F09180C98802FBBA
:10BF70000333B1EBA30F40F38A80082200210DEBBD
:10BF8000020016F017FFFCF759FA404602F09EFC3B
:10BF90000646002856D03F4B1D68002D4DD13E4827
:10BFA0000DF0F4FD0746002854D01822294616F05B
:10BFB00001FFA7F81480206861683B1D03C3A068D7
:10BFC000186011F015FF00F520403861736A9A0778
:10BFD00003D496F82830DB073ED52388ADF812301D
:10BFE0006388ADF81430A388ADF81630E388ADF857
:10BFF00018302389ADF81A3000256389ADF81C305C
:10C0000000952B460E2204A942F21300ADF81080D1
:10C0100004F044F90646FCF713FA05BBFCF74EFAA8
:10C02000FCF70CFA7EBB1B4B1A683A601F60FCF7EA
:10C0300007FA304608B0BDE8F081AB8A434505D029
:10C040002D68AAE7074607260546E4E700250226ED
:10C050002F46E0E70626DEE72E460125DBE72388AC
:10C06000ADF808306388ADF80A30A388ADF80C301D
:10C07000E388ADF80E30094A002302A94046FCF7D8
:10C0800091FE0646CCE73846FFF79CF9CFE703263A
:10C09000CFE700BFCC1E0020D01E002011BE000044
:10C0A00037B5054600230093CDF8033015F8013B62
:10C0B00004464BB906220DF10101284616F050FE48
:10C0C00010B9032003B030BDFCF7B8F9204602F0E8
:10C0D0008BFC10B11321FFF757FDFCF7B1F9207865
:10C0E000294603F0C9FF204603F07BFFEAE71FB5AE
:10C0F000012201A902A803F051FF20B9019B2BB135
:10C1000002A8FFF7CDFF05B05DF804FB0520FAE7B4
:10C11000F0B589B00646032201A902A803F03EFF4C
:10C120000446C8B9019B13B30DF10905771C019BA7
:10C13000A34210DD327815F8013C9A420FD129460E
:10C140000622384616F00CFE073508B90134EEE732
:10C15000019BA34203DC0624204609B0F0BDC4EBDA
:10C16000C40402AB1819FFF79BFF0446F4E705244B
:10C17000F2E730B58FB004460D463422002101A805
:10C1800016F018FE95E803000B238DF8043002AB7F
:10C1900083E80300214601A8ADF81040FFF7EBF853
:10C1A0000FB030BDF0B58FB004460D4617460021E4
:10C1B000342201A81E4616F0FDFD0A2301A88DF8C1
:10C1C0000430ADF80C400295FFF704F9214601A8B0
:10C1D000FFF7D1F81DB927B1204600F096FF0FB048
:10C1E000F0BD002EFBD0204600F052FFF7E710B55F
:10C1F0008EB004463422002101A816F0DBFD102386
:10C20000214601A88DF80430ADF80840FFF7B3F8D7
:10C210000EB010BD10B504468EB03422002101A826
:10C2200016F0C8FD2068029011238DF80430218893
:10C23000A388ADF80C3001A8FFF79DF80EB010BD33
:10C24000F0B58FB004460F4616460021342201A8EF
:10C250001D4616F0AFFD0C238DF804309DF810300C
:10C26000ADF80E4065F3000301A88DF81030ADF86D
:10C270000C700296FFF7AEF8214601A8FFF77BF895
:10C2800002980DF0BCF80FB0F0BDF0B58FB00C46C1
:10C29000074616460021342201A81D4616F08AFDE5
:10C2A0000D238DF804309DF81030ADF80C4065F387
:10C2B000000301A88DF810300297ADF80E60FFF76B
:10C2C00089F8214601A8FFF756F80FB0F0BDF0B588
:10C2D0008FB005460F4616460021342201A81C46A1
:10C2E00016F068FD9DF85020ADF80850003A4FF068
:10C2F0000E038DF8043018BF0122231E18BF01233E
:10C3000043EA42039DF85420ADF80A70003A18BF82
:10C31000012243EA82039DF858208DF80C60003A10
:10C3200018BF012243EAC2039DF80D2022F00F023C
:10C33000134301A88DF80D30FFF74CF8294601A8EA
:10C34000FFF719F80FB0F0BD70B58EB004460E4679
:10C3500015460021342201A816F02CFD0F2301A858
:10C360008DF80430ADF80840ADF80A60ADF80C5017
:10C37000FFF730F8214601A8FEF7FDFF0EB070BDB3
:10C3800038B5FFF7C1F820B9104A537843F00403D9
:10C3900053700F4C2378022B0CD1FEF76DFF48B978
:10C3A000238A23F40F6323F00F0343F4006343F065
:10C3B000020323822578012D07D100210846FEF7CC
:10C3C00067FF10B9FEF79CFF257438BD081F0020D9
:10C3D000181F002008B5FCF731F8FEF7E5FF08B993
:10C3E000FFF7CEFFBDE80840FCF72AB8F0B5204DB6
:10C3F00020488FB04FF0FF31FBF707FE08220021E5
:10C40000284616F0D7FCFCF719F81B4A53785C074E
:10C4100044BF23F004035370184BD2E902011A7C85
:10C4200048BFC5E900010024012A02BF1C74D3E9FA
:10C4300002671446FCF704F8092329688DF80430D4
:10C440001D23029319B16A6801A8FEF77DFF094810
:10C45000FBF7EDFD4CB108238DF804303A461D235F
:10C46000314601A80293FEF76FFF0FB0F0BD00BF89
:10C47000C01E0020C81E0020081F0020181F00201A
:10C4800010B50B4C226813460BB9052010BD834232
:10C4900007D09B68F8E7134692688242FBD1996007
:10C4A00003E09A429968F6D121600020EEE700BFD0
:10C4B000041F002007B514220021104816F07AFC52
:10C4C000102200210E4816F075FC0E48FBF792FD75
:10C4D0000D4A0E48002313600D4A13600D4B009364
:10C4E00018220D4B01210DF0DBFA18B101280CBF09
:10C4F00006200B2003B05DF804FB00BF181F0020CE
:10C50000081F0020C81E0020CC1E0020D01E0020C6
:10C51000041F00201F5D0200EC1E002010B5084A19
:10C5200008491288096803460020824202DC4FF065
:10C53000FF3010BD51F830409C42FAD00130F4E792
:10C54000541F0020581F002010B5074A12680346E8
:10C550000020824202DC4FF0FF3010BD33F8204053
:10C560008C42FAD00130F4E72C1F0020024691F9EA
:10C5700002008B78002810B50FDA13F001040AD1FD
:10C5800013F0020006D0B2F8542042B91D2003F087
:10C590007F038B7010BD1B20F9E70020FAE72046CF
:10C5A000F8E738B5DDE9043460681D6804F07CF90B
:10C5B00081B228460DF062F9014620B1606804F0AE
:10C5C0003DF9002038BD1120FCE770B5DDE90465B8
:10C5D000042130680DF052F9044608B9112070BDED
:10C5E000A9880DF038FDA01CE9880DF034FD2B68FA
:10C5F000586804F0DBF8044608B90020EFE730681B
:10C6000002210DF03BF90028E8D021460DF023FD72
:10C61000F3E72DE9F84F1C461B78DDE90A6A074667
:10C6200088461546032B3CD8DFE803F0023202327D
:10C63000F5B933686360A94663683846B3F810B04B
:10C640000C9B22464146D0470746D8B961680B8A01
:10C65000A3EB0B035B1B14D4B9F1000F15D03068AA
:10C660009BB22A460CF032FF60680CF0C8FE0CE06A
:10C67000002108460CF0ADFE6060A0B14FF001094A
:10C68000DAE70727B9F1000FEED13846BDE8F88F99
:10C690003368636022460C9BD0476368336007466B
:10C6A000F3E70E27F1E71127EFE730B589B01D4614
:10C6B000023A0D9B0793544254419A6802925B6878
:10C6C00001930C9B00932A4605AB8DF81440FFF7AD
:10C6D000A0FF09B030BD10B588B01446022C1A4630
:10C6E0000B9B07930CBF032402248DF81440DC68D5
:10C6F00002949B6801930A9B009305ABFFF789FFA7
:10C7000008B010BD08B5FFF727FA08B1002008BD32
:10C71000FFF72AFA0028F9D1FFF72EFA0028F5D101
:10C7200002F004F9B0FA80F04009F0E738B5064CA1
:10C7300000252068F3F7EDFD2560044C2068F3F731
:10C74000E8FD256038BD00BF501F0020581F0020A5
:10C750002DE9F0410C4FDFF83480054600243B887A
:10C76000A34203DC00263046BDE8F081D8F8003053
:10C7700003EBC40653F834302846596803F0B9FF78
:10C780000028F0D00134EAE7541F0020581F002091
:10C790002DE9F843884616461F46FFF7D9FF0546A0
:10C7A00010B90520BDE8F883808802F03BFBD8B1C2
:10C7B000046842F60309002CF3D02346EA8859891D
:10C7C00024689142EDD0586803F0F0FF4845F2D15B
:10C7D000002CE6D06068414603F08BFF0028ECD1C6
:10C7E00006B135603C60DDE71120DBE730B585B090
:10C7F0009DF8204083EA0405AD070CD004F0020543
:10C80000029504F0010403F002050195009403F081
:10C810000103FFF75CFD05B030BD70B5DDE90465CF
:10C820000C46306803210DF029F808B9112070BDBD
:10C830002A8A02F00103910748BF43F0020351071F
:10C8400048BF43F00403110748BF43F00803D10673
:10C8500048BF43F01003910648BF43F02003510640
:10C8600048BF43F0400312F4C07F18BF43F0800379
:10C87000611C00F8013B89B20DF0EDFB28683468BB
:10C8800004F012F881B220460CF0F8FF01460028AF
:10C89000CCD0286803F0D2FF0020C8E703469B06EF
:10C8A000C0F3001048BF40F0020070472DE9F04F80
:10C8B00081468BB00E461446FBF7C0FD484602F099
:10C8C00005F800273D46824630B9FBF7B9FD0E2436
:10C8D00020460BB0BDE8F08F06F1FF38149BADF891
:10C8E00020701FFA88F84645D3F800B06AD3C66CAA
:10C8F00041463046FFF728FE421C63D016EB800607
:10C9000060D0022CB77807D0022158460CF0B6FF51
:10C91000B0BB3D4611243AE0BBF81010022953D1B8
:10C9200058460CF0D7FF00680DF0B0FBF47830EA01
:10C9300004044CD1B378834227D0C5B2B5709AF8BD
:10C9400058305B0723D5BAF80B209AF80D30DAF887
:10C9500007008DF81E30ADF81C2006909AF80700ED
:10C9600004F0C5F8ADF82080B378ADF822309DF81A
:10C9700024308DF8180064F300038DF8243006E0AD
:10C98000B17801F003010DF066FB3D460024FBF792
:10C9900057FD002C9CD13B4600950122414648465C
:10C9A000FFF724FFBDF82030002B91D0BDF82230D6
:10C9B00083B903A806A903F061FA03A803F05AFAA1
:10C9C000044685E70E24E2E73D460D24DFE73D46B9
:10C9D0000624DCE706A803F049FAF1E72DE9F04F59
:10C9E000A84B0F46B3F800C0A749A84B0D881B6899
:10C9F00099B04FF00008059203EBC503C6464FF609
:10CA0000FF790278064608EB05043AB90C800392D8
:10CA1000039B4345C0F22E81002086E0A44500F12F
:10CA2000100003F1080340F3928043F8086C23F8E8
:10CA300004EC23F8029C08F10108E2E7934B1E681E
:10CA400006EBCA0304939B88002B47D156F83A5053
:10CA5000AC6824B1043C54F8040F002835D12C787C
:10CA6000631E012B44D86B68002B41D0884E894847
:10CA7000894B009301950DF11A0300220121022C2C
:10CA800008BF304602F096F900284CD157B1012377
:10CA90008DF824300599BDF81A30ADF8283009A872
:10CAA0000B95B847AB682BBBEC681CB123681834F6
:10CAB000002B3DD1049ABDF81A30938002F0ACF9F6
:10CAC000049B09F10109D88008E0FFF727FD431C0A
:10CAD00004D006EBC0008388002BBCD10AF1010A08
:10CAE000694B1B889A45A9DBB9F1000F40F0C6805D
:10CAF00003201AE0694EDFF8C8B10024AB6818596A
:10CB00000028D1D0FFF70AFD604B1B6803EBC00380
:10CB1000CDE90063002213AB0121584602F04AF927
:10CB200004340028EAD00128D8D019B0BDE8F08F2D
:10CB300054F8143C002BDBD034F8080CFFF7AEFEA1
:10CB400050B1574B574A1B6812889A4201DA0620A7
:10CB5000EBE7534A01331360534B0093A4F1180BD6
:10CB60005248CDF804B007AB0022012102F022F9AF
:10CB70000028D8D134F8083CC3F3400113F00C0F5F
:10CB800018BF41F00201980548BF41F004015A0561
:10CB900048BF41F008011E0548BF41F01001D8040C
:10CBA00048BF41F020019A0448BF41F040015B04B6
:10CBB0003F4B14F8062C0093CDF804B048BF41F069
:10CBC000800154F8180C0DF11E0302F0F3F8002850
:10CBD000A9D154F8043C13B1BDF81E201A807FB1CE
:10CBE00002238DF83830BDF81C30ADF83C30059983
:10CBF000BDF81E30ADF83E300EA8CDE910B5B847EF
:10CC000034F8080CFFF74AFE50B12A4B009300227B
:10CC10002948019208AB032102F0CCF8002882D108
:10CC200054F80C6C002E3FF441AF306800283FF4FC
:10CC30003DAFB368002B3FF45BAF204B7279317985
:10CC4000009301960DF1220302F0B4F800287FF45E
:10CC50006AAF6FB14FF003038DF84C300599BDF802
:10CC60002230ADF8503013A8CDE916B51596B84767
:10CC70001036DAE74FF00009CA4631E7039B4B4410
:10CC80000393C5E6BE1A0020541F0020581F002041
:10CC90002C00002030000020A3C50000CBC5000000
:10CCA0002C1F0020BC1A00201BC8000024000020FC
:10CCB000ABC60000ADC8000020000020D7C60000B1
:10CCC000280000202DE9F7430546FBF7B7FB28466F
:10CCD00001F0FCFD044620B10023D0E91378C0E93F
:10CCE0001333FBF7ADFBECB1284601F0CBFACFB123
:10CCF00000243E46A146A04506F1040606DC0B488A
:10CD0000394603B0BDE8F0430CF07ABF16F8023C98
:10CD100036F8041CCDF8009002222846FFF766FD85
:10CD20000134E8E703B0BDE8F08300BF341F002002
:10CD30002DE9FF474A4B4B4F18680390FBF77EFBEA
:10CD4000FFF7E0FCDFF83C81002800F08280FFF76D
:10CD5000EDFC02F091FF064600287CD1DFF8289117
:10CD6000B9F80000002844D13F4B188830B1C0000A
:10CD7000F3F7CAFA3D4B1860002841D03C4BDFF86E
:10CD80000CA100251D80D8F800303868AB4243DC88
:10CD9000F3F7BFFA00233B60C8F80030354B1A6840
:10CDA0000AB3354BB9F800100093344B91FBF2F104
:10CDB0001B683348920089B20CF072FE04460028CA
:10CDC0004BD12F48DFF8C8900CF0E0FEC9F8000006
:10CDD000B0B12546274628464FF6FF7203A902F058
:10CDE0002DF8054618BBFBF72BFB304604B0BDE819
:10CDF000F0878000F3F788FA204B18600028B3D141
:10CE00000624FFF793FC3868F3F783FA00233B60AE
:10CE1000C8F800302646E6E7DAE9001250F82500A7
:10CE2000FFF7DCFD04460028EBD10135ABE72B69A9
:10CE3000188AFFF733FD0028CDD0D9F800106B8990
:10CE400001EB8402013321F82430D0709770013453
:10CE5000C1E70F24D5E70446D3E70B24D1E700BF91
:10CE60007E9B0200601F0020BE1A0020581F002079
:10CE7000541F00202C1F00202E5D0200501F002098
:10CE8000341F00205C1F0020BC1A0020340000204A
:10CE9000301F0020054B1B682BB1054BD88800388C
:10CEA00018BF012070470120704700BF2C1F0020D1
:10CEB000341F002038B50C4D2B68002B04460EDDC6
:10CEC0000A480CF063FE206060B1094B2A681968BB
:10CED000920016F0CDFE2B686360002038BD002361
:10CEE0000360F9E70620F9E72C1F0020341F00201B
:10CEF000301F0020F8B50546FBF7A0FA284601F0E0
:10CF0000E5FC0446F0B1066D00239E4201DC0026DC
:10CF10000CE0E06C00EB830292F902709178002F34
:10CF20000EDA30F8236001F07F039370FBF788FA84
:10CF300054B15EB131462846BDE8F84001F0E8B989
:10CF40000133E2E70646F1E70720F8BD0520FCE7DC
:10CF50002DE9FF412A4B1C6880462046FFF7F4FA72
:10CF6000421C0E4604D10524204604B0BDE8F081E1
:10CF700004EB80048700E3789B07F4D5FBF75EFAA7
:10CF8000404601F0A3FCB0F85480B045034632D1CE
:10CF900090F85820002412F00402A0F854402CD03D
:10CFA000C56C3D4495F90220A24227DBB3F80B1073
:10CFB0005A7BD0F80700ADF804108DF806200090D9
:10CFC000D87903F094FDADF80880AB78ADF80A305D
:10CFD0009DF80C308DF8000064F300038DF80C30E0
:10CFE0000125FBF72DFA002CBDD1002DBCD06846E1
:10CFF00002F03CFFB8E70524F3E714462546F0E7C6
:10D00000301F00202DE9F74FDFF87CA0DFF87CB05F
:10D010000027DAF80030BB4202DC03B0BDE8F08F35
:10D02000DBF8000030F827904946FFF78DFA431CE3
:10D0300027D085004FF00008FBF700FA404601F0CA
:10D040005FFC044688B1C16C2944FFF78FFA06469D
:10D05000A0880190FBF7F4F99CB11B2E019808D031
:10D060001D2E0AD008F10108E6E706464FF6FF70CC
:10D07000EFE7494601F003F9F4E7494601F048F9C2
:10D08000F0E70137C5E700BF2C1F0020301F00204C
:10D090007FB50646FBF7D2F9304601F017FC04468F
:10D0A000D0F80700B4F80B20637BADF804208DF8AE
:10D0B00006300090E07903F01AFD00258DF800009D
:10D0C000236DAB4203DCFBF7BBF904B070BDE26C2F
:10D0D00002EB85039978B1B132F82520ADF808202C
:10D0E0009B78ADF80A309DF80C3023F001038DF8E1
:10D0F0000C30FBF7A5F9684602F0B8FEFBF79EF985
:10D10000304601F0E3FB0135DAE770B504468AB03A
:10D11000FBF794F9204601F0D9FB0346D0F807004D
:10D12000B3F80B105A7BADF810108DF81220039055
:10D13000D87903F0DCFC00238DF80C00ADF8143036
:10D140008DF81630FBF77CF906A903A802F089FEDA
:10D1500000284DD1FBF772F9204601F0B7FBC56CF2
:10D16000BDF8201006462846FFF7EEF9411C16D1FF
:10D170000025FBF765F99DF822300093BDF82010DB
:10D18000002303222046FFF731FB1B2D19D01D2D54
:10D1900028D09DF8163001338DF81630D4E715EB02
:10D1A0008001E5D09DF822308B709DF82420D207B5
:10D1B000DED563F07F038B703046FFF7D7F9054665
:10D1C000D7E7BDF82010204601F059F80028E0D13B
:10D1D0009DF8243060F3000306A88DF8243002F097
:10D1E00045FED6E7BDF82010204601F091F8D0E7C3
:10D1F0000AB070BD37B515461C46002201ABFFF7DB
:10D20000C7FA40B91DB1019B5B89013B2B8014B16A
:10D21000019B5B89238003B030BD000070B50546DB
:10D22000FBF70CF9FFF76EFA98B10C4C0C4E216825
:10D23000306801318900F3F76EF860B1236830601F
:10D2400040F82350013323600024FBF7F9F820460F
:10D2500070BD0F24F9E70624F7E700BF5C1F00202C
:10D26000601F00200023F0B501461D461C460878CB
:10D2700068B9214A11880C441480204A11880B4453
:10D2800013801F4A138803EB4503138033E00138F2
:10D2900001282FD84A686AB38A6801339BB242B129
:10D2A000043A184652F8046F0346013080B2002E4B
:10D2B000F8D1CA680AB1106818B90134A4B21031A3
:10D2C000D5E75068B0B1108A00F0300040B90233A1
:10D2D000D0689BB210B1066807462EB91832EAE74B
:10D2E0000135ADB20333F3E7BE6801339BB21030B2
:10D2F000002EF0D10320F0BDBE1A0020C01A00207D
:10D30000BC1A0020024B00201860024B18607047C6
:10D310002C1F0020301F002043680A689B1A002B36
:10D3200006DD4A689A4201DC002070474B60FBE74B
:10D3300001207047C07A00F001007047034630B109
:10D340000E2808BF00210348038041807047014632
:10D35000F9E700BF641F002070B504460846256940
:10D3600011461A464DB12689FFF7E8FF6369014669
:10D37000AC463046BDE870406047284670BD00238B
:10D380001A460D21FFF7E8BFB1F5857F08BF0E21D2
:10D39000002389B2FFF7E0BF70B504460846656A0E
:10D3A00011461A464DB12689FFF7C8FFA36A014608
:10D3B000AC463046BDE870406047284670BD00234B
:10D3C0001A460D21FFF7E8BFB1F5857F4FF0000346
:10D3D00008BF0E21FFF7E0BF70B504460846656937
:10D3E00011461A464DB12689FFF7A8FFA3690146E9
:10D3F000AC463046BDE870406047284670BD00230B
:10D400001A460D21FFF7E8BF038A1BB9B1F5857FE6
:10D4100008BF0E210023FFF7DFBF70B504460846A2
:10D42000256911461A464DB12689FFF787FF6369C2
:10D430000146AC463046BDE870406047284670BDA6
:10D4400000231A460D21FFF7E8BFB1F5857F4FF0A5
:10D45000000308BF0E21FFF7E0BFFFF7B0BFFFF7E3
:10D46000B3BFF7B505461E466C69084611465CB168
:10D470002F89FFF763FFAB6900930146AA89334602
:10D480003846A04703B0F0BD2046FBE700231A460C
:10D490000D21FFF7E6BFB1F5857F4FF0000308BF10
:10D4A0000E21FFF7DEBFFFF7CBBF0023FFF7B5BFAD
:10D4B00013B514468389ADF8003023680193002228
:10D4C0006B46ADF80220FFF7A8FF019B23600E20FA
:10D4D00002B010BDFFF773BF0023FFF75DBFFFF77A
:10D4E000AFBFFFF7E2BF0000034610B5084641B1E9
:10D4F000062907D1DA7A084C42F00102DA72236871
:10D500000BB1002010BD10F073FC10F580600ABF55
:10D51000012320602360F4E7681F00202DE9F74F06
:10D520000024184FC3E900438046894692461E46B0
:10D53000FAF784FF3D68A346A5B12A6801924946DF
:10D540002846C047019AC8B18CB93B681B683B604C
:10D5500003B97F60C5F800B07368BAF1010F1D60B0
:10D5600075600CD103B0BDE8F04FFAF769BF2368CE
:10D570001B682360002BEDD17C60EBE72C46154641
:10D58000DAE700BF6C1F00208289018901230D208A
:10D59000FEF77BBE70B50446E0B1837A0C2B07D052
:10D5A0000D2B13D021460C48BDE870400CF028BB71
:10D5B00000690BF024FFF5E756F835000BF01FFF6C
:10D5C000013594F82C30AB42F6DCEBE7002500F196
:10D5D0001006F6E770BD00BF741F00202DE9F84368
:10D5E000054690F82D6095F82C300089B3420AD892
:10D5F000012103F08EFD0546002420460BF0FFFEBE
:10D600002846BDE8F88303F0FCFA441FA4B2FCB13D
:10D6100005F10C070FFA86F807EBC60673687288E7
:10D620001B8A9B1AA342A8BF2346EB85FBF7CDFDBF
:10D63000044678B1EB8D728871680BF047FF48B9EA
:10D64000728837F838102889234603F016FDD2E790
:10D650000725D2E70625D0E770B50446008903F018
:10D66000D0FA431F002B25DD2269108AE289801A37
:10D670009842A8BF184600280ADC2089012103F03F
:10D6800048FD0446002528460BF0B9FE204670BD33
:10D69000A082FBF79AFD054670B1A38AE289216951
:10D6A0000BF014FF40B9E289A18920892B4603F0D1
:10D6B000E4FCE6E70724E5E70624E4E70346C2893D
:10D6C000998900890AB903F013BC03F02DBC38B561
:10D6D0000546FFF7F3FF01462846FFF705FF04461E
:10D6E00028B1002301461A462846FFF796FE204639
:10D6F00038BDF7B517461368C2681E8ACDE9002306
:10D700006B4600220D460446FFF787FE019B3B60F7
:10D71000054302D00E2003B0F0BD208903F071FA5A
:10D720000028F7D00138864206DA2B462A460E2119
:10D730002046FFF772FEEDE7E3893344E38120469C
:10D74000FFF7C5FF0028E6D0E4E738B5C189028AB3
:10D750000131044689B2008903F0C5FA014620462A
:10D76000FFF7C2FE054628B1002301461A462046AF
:10D77000FFF777FE284638BD13B50446064B218CCB
:10D78000186801900131628C208901AB89B203F0E5
:10D7900055FB02B010BD00BFB09C020038B5054675
:10D7A000FFF7EAFF01462846FFF79EFE044628B130
:10D7B000002301461A462846FFF7EEFD204638BDF5
:10D7C00008B50B4629B100231A46FFF7E5FD0E20E8
:10D7D00008BD018C428C914202D11A460E21F4E719
:10D7E000FFF7DCFF0028F3D0F1E7000013B5044693
:10D7F000064BA189186801900131E289208901ABAB
:10D8000089B203F01BFB02B010BD00BFB09C020048
:10D8100038B50546FFF7EAFF01462846FFF764FEE4
:10D82000044628B1002301461A462846FFF7F5FDB5
:10D83000204638BD08B50B4629B100231A46FFF72C
:10D84000ECFD0E2008BD8189C289914202D11A46A1
:10D850000E21F4E7FFF7DCFF0028F3D0F1E700002A
:10D8600007B50246094B118A58680190108949B9D9
:10D870009189D289013101AB89B203F0DFFA03B09B
:10D880005DF804FB03F034FBF9E700BFB09C020035
:10D8900038B50546FFF7E4FF01462846FFF724FEAA
:10D8A000044628B1002301461A462846FFF794FD96
:10D8B000204638BD08B50B4629B100231A46FFF7AC
:10D8C0008BFD0E2008BD81894FF6FF72914202D177
:10D8D0001A460E21F3E7FFF7DBFF0028F2D0F0E74E
:10D8E000F0B587B0044600F10C0602AD294630467B
:10D8F00002F0A4FF2789248C304602F0D5FF0134C2
:10D90000A4B2CDE900504FF420534FF6FF722146E8
:10D91000384603F04BFA07B0F0BD38B50546FFF7BF
:10D92000DFFF01462846FFF7DFFD044628B100234C
:10D9300001461A462846FFF72FFD204638BD000055
:10D9400010B505480CF022F9044618B13822002120
:10D9500015F030FA204610BD741F002037B50B4675
:10D9600000250A888988ADF8002004469868ADF83B
:10D970000250FBF72DFCA8420CBF0621294601905E
:10D980006B462A462046FFF707FD044601980BF038
:10D9900036FDAC420CBF20460E2003B030BD38B57A
:10D9A00004460D46072D0089A1890AD12846A2897F
:10D9B00021890123FEF769FC2089BDE83840FFF783
:10D9C00099BAFFF7C5FA0028F0D038BD70B50D46FA
:10D9D00088B01C220646002101A815F0EBF96A6800
:10D9E0002B88ADF80430052A0DD0132A0BD00A2459
:10D9F00001AB002221463046FFF70FFD204318BF40
:10DA00000E2008B070BDA968033A033103A802F0E4
:10DA1000D3FE04460028EAD1A86810F8013B8DF82F
:10DA200008300CF033FB2B88B289ADF806009A421F
:10DA3000DDD2B381DCE730B5038A87B005460C46FA
:10DA400013B1002007B030BD0B8882899A4205D2FD
:10DA500083814B68042B0BD0062B13D000226B461E
:10DA600011462846FFF7B8FC0028EAD00E20E9E767
:10DA700088680CF00BFB2882A06802300CF006FBD3
:10DA80006882DEE788680CF001FBADF80000A06852
:10DA900002300CF0FBFAA168ADF80200022204315A
:10DAA00001A802F089FED9E770B50E4688B01C22A5
:10DAB0000546002101A815F07DF972683388ADF89C
:10DAC0000430052A01D0132A25D1B168033A033165
:10DAD00003A802F071FE0446E8B9B06810F8013BF3
:10DAE0008DF808300CF0D2FA33882A8CADF8060095
:10DAF0009A4210D22B8405F10C0103A802F0F9FD23
:10DB000030B901AB224621462846FFF745FC40B913
:10DB1000204608B070BD00231A460A212846FFF7A8
:10DB20003BFC0E24F4E7F0B5154687B01023002225
:10DB300007460C4601A8296802F055FE06462868EB
:10DB40000BF05DFC00232B60DEB93B8ACBB174B9CE
:10DB50003B69009322466B4621463846FFF73CFC62
:10DB600058B93C613846FFF793FE044630B10023B4
:10DB70001A4621463846FFF72FFC0E24204607B0F0
:10DB8000F0BD0A24F3E708B50B4629B100231A4675
:10DB9000FFF702FC0E2008BD0A460E21F8E7000040
:10DBA00010B5064C236833B110F022F92368181A17
:10DBB00020EAE07010BD6FF00040FBE7681F002016
:10DBC00010B50446A9B9C37ADB0704D410F010F9E4
:10DBD00000F5F0406060FAF731FC00232360074B4A
:10DBE0005A6814605C60FAF72BFCBDE81040FAF745
:10DBF00065BCBDE81040FFF7CDBC00BF6C1F002026
:10DC00007FB502ADADF804008DF806100D480E4E3C
:10DC10002B46002201A9FFF781FC029C0CB904B03D
:10DC200070BDA37A002256F823300721204698477A
:10DC3000029B1B68029303B903952046FFF7AAFCD9
:10DC4000EBE700BFB9DC0000749C020010B586B0A1
:10DC50001C460023CDE90312ADF8080005930548E2
:10DC60006B46012202A9FFF759FC059B009823602F
:10DC700006B010BD79DC00000B884FF6FF729342AE
:10DC800030B502D002899A4214D1847AD1E90102D6
:10DC900000239A4201DC002005E010F83350A54231
:10DCA00006D100EBC300C860003818BF012030BDAA
:10DCB0000133EEE70020FAE70A8803899A4207D188
:10DCC0008B78827A9A4205D0FF3B58425841704780
:10DCD000002070470120704773B504460846256B45
:10DCE00011465DB12689FFF729FB636B009301465E
:10DCF00094F82C3004F10C023046A84702B070BDF5
:10DD000038B50546FFF76AFC01462846FFF7ECFBED
:10DD1000044620B1014600222846FFF7DDFF2046D9
:10DD200038BD10B50446FFF7D7FF94F82D2094F8BE
:10DD30002C309A4205D220890021BDE8104003F022
:10DD4000E8B910BDF7B51646089A044612680846A9
:10DD500031B994F82D1094F82C508D4207D80A2030
:10DD6000014600222046FFF7DCFF0E2026E004F1EA
:10DD70000C0707EBC10537F83110B142EFD16988C4
:10DD80009942ECD1E38D0093034668680BF073FC75
:10DD90000028E4D16B88E28D13449BB26A686B80E3
:10DDA000128A9A429FBF688094F82D30013384F81C
:10DDB0002D302046FFF7A4FF0028D1D103B0F0BDDD
:10DDC00008B50022FFF788FF0E2008BD00220D21B4
:10DDD000FFF782BF70B504460846A56911465DB1DC
:10DDE0002689FFF7ABFA04F10C02E3690146AC4661
:10DDF0003046BDE87040604770BD38B50546FFF756
:10DE00002BFC01462846FFF76FFB044620B1014674
:10DE100000222846FFF7DEFF204638BDF7B517463B
:10DE2000089A04461568084631B92269E089B2F8B3
:10DE300010C0604507D30A20014600222046FFF7A4
:10DE4000C9FF0E201BE0B4F80CE0BE45F3D19842A8
:10DE5000F1D12E8A30446045EDDCA08A8642EAD1B9
:10DE6000009628460BF007FC0028E4D1E3892A8AB3
:10DE70001344E3812046FFF7C0FF0028DCD103B044
:10DE8000F0BD70B5C38904460D4616463BB1026924
:10DE9000128A9A4203D90089002103F03AF93246E6
:10DEA00029462046BDE87040FFF794BF10B50469CD
:10DEB000C289238A9A4204D30022FFF78BFF0E20E7
:10DEC00010BD0A20FCE700220D21FFF783BF2DE9DA
:10DED000F341036904460D4616469BB10822002112
:10DEE000684614F067FFA389B4F80880ADF80030E5
:10DEF000314628462769FFF721FA6A4601466369D9
:10DF00004046B84702B0BDE8F081FFF7E0BF00220D
:10DF10000D21FFF7DCBFF7B5054608461146002284
:10DF200000921C4603B11B682E6A01933EB12F89F3
:10DF3000FFF704FA6A4601466B6A3846B0470CB1EF
:10DF4000019B236003B0F0BD0023FFF7E4BF002373
:10DF50001A460D21FFF7DFBF70B504460846E56895
:10DF600011461A464DB12689FFF7E8F923690146A3
:10DF7000AC463046BDE87040604770BD0023FFF7F7
:10DF8000EBBF00231A460D21FFF7E6BF1FB50122A4
:10DF9000ADF804008DF80610044802AB01A9FFF7A4
:10DFA000BDFA029805B05DF804FB00BFB9DC0000C3
:10DFB00037B50E4B8189044601319868019001AB59
:10DFC0004FF6FF7289B2208902F0D3FF0146204646
:10DFD000FFF78AFA054628B1002381B21A46204687
:10DFE000FFF7BAF9284603B030BD00BFB09C02006D
:10DFF0007FB50FF0FDFE6FF0004302900393002207
:10E00000214800926B4602A9CDF804D01F4EFFF7BD
:10E0100085FA039D009CA4B9FFF7C2FD60B91C4BB3
:10E020001C4E18600246014602AB1B48FFF776FA09
:10E03000029CD4B9FFF7B4FDA842A8BF284604B09B
:10E0400070BDA37A56F823300BB12046984720893B
:10E050001321FDF7B7FD009B1B6800930BB9CDF8AA
:10E0600004D02046FFF796FAD4E7A37A56F8232087
:10E07000E37A23F00103E3722046904701462046ED
:10E08000FFF79EFD2468D4E719D30000FC9B020033
:10E09000681F0020389C020035D300002DE9F041B4
:10E0A0008AB080460F4616461D46FFF749FC0446D7
:10E0B000E8B10223A0F8088000F10C088372414601
:10E0C000384602F0A2FB0023C4E9096523846946AF
:10E0D000404602F029FB2046FFF702FC0546204699
:10E0E0002946FFF76DFD28460AB0BDE8F0810625F8
:10E0F000F5E72DE9F04180460D4617461E46FFF72D
:10E100001FFC044698B104238372013D069B858160
:10E11000A0F80880C78106614361FFF767FB0546E9
:10E1200020462946FFF74CFD2846BDE8F08106252C
:10E13000F6E72DE9F84307460E4690469946FFF765
:10E14000FFFB0625044680B1089B8572711C078180
:10E150008681C681A0F81080C0F814908361424681
:10E1600089B2384602F0BFFD054620462946FFF732
:10E1700027FD2846BDE8F8832DE9F04105460E4607
:10E1800090461F46FFF7DCFB044688B10723058154
:10E19000C0E90487837286813146284602F0A8FED2
:10E1A000054620462946FFF70BFD2846BDE8F081CD
:10E1B0000625F6E72DE9F04105460F461646984636
:10E1C000FFF7BEFB0446C0B10B238372069B05819B
:10E1D0008781C0F81080436132462846394602F0F4
:10E1E0002DFF0026054630460BF009F9204629464A
:10E1F000FFF7E6FC2846BDE8F0810625F3E72DE9A8
:10E20000F04104460D4610461946DDE90667FAF767
:10E21000DFFF024638B10697334629462046BDE85F
:10E22000F041FFF7C7BF0620BDE8F081F7B507460C
:10E230000E46144662B9FAF7C8FF0446D8B1002268
:10E240000346009231464FF6FF7000F01DFEA0B964
:10E2500022463146384602F074FF0024054600236A
:10E26000324639462846FEF710F820460BF0C7F82C
:10E27000284603B0F0BD0625F1E70925EFE70022A7
:10E28000FFF7D4BF0E21FFF7BBBC2DE9F341804659
:10E290000F461446FFF754FB064628B30E2383723D
:10E2A000A0F80880878164B9FAF78FFF0446D8B1D7
:10E2B00000220346009239464FF6FF7000F0E4FD5D
:10E2C00020BB22463946404602F05AFF054648B96F
:10E2D000FAF7B4F8404600F0F9FA08B1A0F8547023
:10E2E000FAF7AEF8002400E0062501233A4641463D
:10E2F0002846FDF7CAFF29463046FFF761FC204655
:10E300000BF07DF8284602B0BDE8F0810925ECE766
:10E310000022FFF7BABF000070B50E46FF21154678
:10E32000FFF734FE044668B1827A074B53F8223077
:10E330001BB1324605F5807198472046BDE8704014
:10E34000FFF728B970BD00BF749C020070B50D4680
:10E3500000211646FFF71AFE044648B13346294607
:10E360000022FFF7F9FD2046BDE87040FFF712B923
:10E3700070BDF0B50C4687B00621FFF707FE0546D5
:10E3800008B3C28923889A4238BFC38134F8043B5A
:10E39000ADF800300FCC01AE0FC638BF00272368A0
:10E3A000336028BF0A2739466B4600222846FFF70C
:10E3B00058F857EA000118BF0E21284607B0BDE8FB
:10E3C000F040FFF7FDBB07B0F0BD38B50D460621A4
:10E3D000FFF7DCFD0446C8B155B100231A462946B3
:10E3E000FFF73FF80E212046BDE83840FFF7E8BBB5
:10E3F000C289038A9A4203D12B462A460E21EFE7AF
:10E40000FFF7A3F901460028EDD0EBE738BD70B562
:10E410000D4686B00221FFF7B9FD044618B36B889C
:10E42000028C9A421DD203842A88ADF8002000F1A4
:10E430000C06ADF802300FCE01AD0FC533682B606E
:10E44000002529466B4600222046FEF7A5FF55EA27
:10E45000000118BF0E21204606B0BDE87040FFF74E
:10E46000AFBB0A25EDE706B070BD38B50D460221F9
:10E47000FFF78CFD0446D0B155B100231A4629465A
:10E48000FEF78AFF0E212046BDE83840FFF798BB13
:10E49000028C4FF6FF739A4203D12B462A460E2177
:10E4A000EEE7FFF73AFA01460028ECD0EAE738BD7C
:10E4B00037B50D4601AB09490422FFF7C7FB0446F7
:10E4C00050B1019B29465B6898470146204603B03E
:10E4D000BDE83040FFF774BB03B030BDDC9B0200E9
:10E4E00037B50D4601AB09490422FFF7AFFB0446DF
:10E4F00050B1019B29465B6898470146204603B00E
:10E50000BDE83040FFF75CBB03B030BDBC9B0200F0
:10E5100070B50E4686B00121FFF738FD054638B3C9
:10E520007268022A12D0102A10D00A24A1B26B46B7
:10E5300000222846FEF710FF54EA000118BF0E2102
:10E54000284606B0BDE87040FFF73ABBB16801A8A5
:10E5500002F032F904460028E7D17388AA899A426A
:10E56000E3D2AB813288ADF80020ADF80230DDE7B0
:10E5700006B070BD38B50D460121FFF707FD044612
:10E58000D0B155B100231A46A9B2FEF7E5FE0E211F
:10E590002046BDE83840FFF713BB82894FF6FF7372
:10E5A0009A4203D12B462A460E21EEE7FFF700FDE3
:10E5B00001460028ECD0EAE738BD000073B50D46EF
:10E5C00016460A4901AB0322FFF740FB044658B147
:10E5D000019B29465B68324698470146204602B0B7
:10E5E000BDE87040FFF7ECBA02B070BDA49B02001A
:10E5F00070B50D4609211646FFF7C8FC044648B120
:10E6000029463246FFF775F801462046BDE87040BE
:10E61000FFF7D6BA70BD70B50D460A211646FFF752
:10E62000B5FC044648B1334629460022FFF773FC87
:10E630002046BDE87040FEF7ADBF70BD10B50B21A0
:10E64000FFF7A4FC044640B100221146FFF73FFC4F
:10E650002046BDE81040FEF79DBF10BD2DE9FF41EB
:10E660000D4616460E49DDF828801F46022203ABF0
:10E67000FFF7ECFA044678B1039BCDF80080D3F89D
:10E68000048029463B463246C0470146204604B036
:10E69000BDE8F041FFF794BA04B0BDE8F08100BFD7
:10E6A000949B020037B50D4601AB09490222FFF7E2
:10E6B000CDFA044650B1019B29465B689847014654
:10E6C000204603B0BDE83040FFF77ABA03B030BD52
:10E6D000849B020010B50E21FFF758FC044690B150
:10E6E00081890089FEF734FC40B90E20A289218976
:10E6F0000123FDF7CAFD2089FEF7FCFB2046BDE89B
:10E700001040FEF747BF10BDFF21FFF779BA0000A8
:10E7100007B5074B07480022C3E90023064B0093C7
:10E720003822064B04210BF0BBF903B05DF804FB63
:10E730006C1F0020741F0020455D0200901F002008
:10E7400010B403780A780446981A06D1601C062291
:10E750005DF8044B013114F003BB5DF8044B7047C6
:10E7600008B5074BD88840B1064BDB88022B05D98A
:10E77000FEF790FB003818BF012008BD0020FCE721
:10E78000D42000209C1C0020C06A00B97047038977
:10E790008B4203D001D80068F7E70020704770B5BE
:10E7A000C46A0022234623B11E890D89AE420CD0D3
:10E7B00004D932B90C60C162002070BD1A461B68D2
:10E7C000F1E713680B601160F6E70220F5E7036BD1
:10E7D0008B4204BF00230363C36A0A688B4210B4F0
:10E7E00004D1C2625DF8044BFAF7CEBB1C461B682D
:10E7F0008B42FBD12260F5E738B50446D0B14430F6
:10E8000001F087F8E16A49B904F13C05E06B48B9C9
:10E8100021460948BDE838400BF0F2B92046FFF721
:10E82000D6FFEFE74368E36303B9256410380AF0C5
:10E83000E6FDEBE738BD00BFD420002038B5054623
:10E840001B480BF0A3F9044660B30021642214F0C6
:10E85000B1FA0023A580E362284602F0E7F90146F9
:10E8600000B32046FFF79BFFE0B92846FAF706FB06
:10E870000146B8B12046FFF792FF98B92846FCF749
:10E880005BF8014670B12046FFF789FF50B904F1EB
:10E890004C00FEF70FFB28B9234643F83C0F2364D6
:10E8A000204638BD2046FFF7A7FF0024F8E700BF49
:10E8B000D4200020044902680B68834201D10A6019
:10E8C000704719461B68F8E7F0200020044A034609
:10E8D000106800B9704782889A42FBD00068F8E758
:10E8E000F020002008B501468088FFF7EFFF024BBB
:10E8F0001A6819600A6008BDF0200020FFF7E6BF23
:10E90000054B02461868002300B970479342FCD0BB
:10E9100000680133F8E700BFF020002008B5FFF7DA
:10E92000D5FF003818BF012008BD0000014B186852
:10E93000704700BFF020002073B5044680790D4673
:10E9400002F0CFF82E46002206F8010B01A901F0D3
:10E95000F7FF01990622304615F08AF9214906226F
:10E9600004F10F0014F0FCF905F10E0318BB2A683E
:10E97000C5F80E20AA889A80AA799A71D4F807302F
:10E98000C5F80730B4F80B30A5F80B30637B6B7318
:10E99000D4F80720C5F81520B4F80B20A5F81920E5
:10E9A00005F11503627B9A71E279022A0BD0032AE2
:10E9B00015D002B070BDD4F80E20C5F80E20628AC2
:10E9C0009A80227DD9E70022EA71D4F81520C5F893
:10E9D0001520B4F819209A80E27E9A71E9E70122A5
:10E9E000F2E700BFBC9C020030B5054689B018B9FB
:10E9F0000024204609B030BD124B1C68002CF7D013
:10EA00002B78012B29460CD1AB7903F0C003402BA6
:10EA100007D104F11500FFF793FE0028E9D0246820
:10EA2000ECE7E01DFFF78CFE0028E2D0E379012B34
:10EA3000F5D901A92046FFF77FFF29460DF10B000C
:10EA4000E9E700BFF02000202DE9F0411A4F4FF612
:10EA5000FF780FF0CDF90646F9F7F0FC3C686FF04F
:10EA6000004514B94FF6FF740AE094F828309B076C
:10EA70001CD4236B83B1636B9B1B002B09DCA48824
:10EA8000F9F7DEFC444513D013212046FDF79AF830
:10EA9000DFE79D42A8BF1D46314604F1440000F067
:10EAA000E9F90028EBDD8542A8BF05462468D8E7D0
:10EAB0002846BDE8F08100BFF020002007B5084BD4
:10EAC00000930848084B642201210AF0E9FF20B9AD
:10EAD000064B186003B05DF804FB0B20FAE700BF9B
:10EAE000595D0200D420002070200020F02000207A
:10EAF0002DE9F0470646147AA4B017461D46A1B189
:10EB0000E10705D402232B70102024B0BDE8F08764
:10EB100004F0040904F0080804F0100444EA0804AE
:10EB200054EA09040CD10020EFE7A20701D4032323
:10EB3000E9E704F0200904F0400804F08004EDE760
:10EB4000F9F77CFC3046FFF7D9FE90F858A0846DA9
:10EB5000F9F776FC58EA09094FEADA0A3BD0E3B242
:10EB600014F001042DD1F9F769FC3046FFF7AEFE31
:10EB700098B101A9FFF7E0FE20220DEB020021462B
:10EB800014F018F9DDF80B00BDF80F209DF81130D6
:10EB90000890ADF824208DF82630F9F751FC10A923
:10EBA00008A801F032F950B99DF8683013F0010F50
:10EBB00014BF0F200520287000F58070A5E7052000
:10EBC000F9E7B8F1000F06D09B0704D405232B709A
:10EBD00040F2051099E77B7A5345A4D90C232B709A
:10EBE0004FF4867091E72DE9F04186B00546039316
:10EBF00000238DF817304FF6FF7398420C9F0C4698
:10EC000016460FD12369019303AB0093D4F80C800F
:10EC10006189334601222846C04778B18DF8170034
:10EC2000092007E00A460DF117030121FFF760FFF5
:10EC30000028E7D017B19DF817303B7006B0BDE84B
:10EC4000F08110B51446FAF7D6FA062814BF00234F
:10EC5000112304B1237010BDF8B5069F1D463B7803
:10EC6000102B038A164614BF1422062213448B422B
:10EC700011DC11460AF002FE044670B131460BF079
:10EC8000EAF92946A01C0BF0E6F9211D384601F0EF
:10EC9000D5FD0020F8BD0420FCE70620FAE773B597
:10ECA00004460DF1060015461E460BF0D4F902226B
:10ECB0000DF1060120460AF0ACFB20B111233370A0
:10ECC000062002B070BD29460DF106000BF0C3F915
:10ECD00002220DF1060120460AF09BFB0028EDD12F
:10ECE0000120EEE710B5044640B180680AF087FBCA
:10ECF00021460348BDE810400AF082BF10BD00BFA6
:10ED0000F4200020F0B51D4685B04FF6FF730C4689
:10ED100098424FF00001064617468DF80F100DD1AE
:10ED20002369CDE900730222E76861890023304638
:10ED3000B84750B18DF80F00092006E00DF10F0320
:10ED40002246FFF7D5FE0028EAD015B19DF80F3016
:10ED50002B7005B0F0BD2DE9F743DDF82C9004468B
:10ED60000E4690461F46FAF72DFA054600B30346B5
:10ED7000CDF80090204600223146FFF734FF0446CC
:10ED800030B92E8A46450AD90E2389F8003004246A
:10ED900028460AF034FB204603B0BDE8F0833B462A
:10EDA0000146324628460AF0B8FB0A9B1E80EFE770
:10EDB0000624EDE72DE9F041804614480F4616463B
:10EDC0001D460AF0E3FE0446F0B11422002113F0C0
:10EDD000F1FF0F4BC4F804801A882772013292B2F7
:10EDE0001A80069BE360079B236100232360094B85
:10EDF00062815A68667214605C6015B90020BDE8D3
:10EE0000F08163892B80F9E70620F8E710240020C1
:10EE1000302400203C240020014B1888704700BF9C
:10EE200030240020044A0346106800B97047428924
:10EE30009A42FBD00068F8E73C24002070B50D46EC
:10EE4000164640B90A4B1C681CB16389B34204D909
:10EE50000024204670BD0468F6E7002DF9D06068F4
:10EE6000294601F046FC0028F3D02468ECE700BFF7
:10EE70003C240020036823B14068401A20EAE07077
:10EE800070476FF0004070472DE9F0410446084696
:10EE900015461E46FFF7C6FF069F014628B90FB16B
:10EEA00001233B700520BDE8F08133462A46204609
:10EEB000BDE8F041FFF797BE2DE9F04105460C464D
:10EEC000174601200A4604219DF818801E4602F0CC
:10EED0007BF950B10770A0F8016080F803802146EB
:10EEE0002846BDE8F04102F092B90620BDE8F08165
:10EEF0002DE9F04385B007469DF8308014469946C9
:10EF00000E4611B1B8F1000F3BD0F9F797FA02AAFB
:10EF100003A9384601F04EFE054690B90EBB2368A2
:10EF2000187801F04CFE2146029801F05CFE224662
:10EF3000DDE90210FAF7F3F8051E344618BF4FF06A
:10EF40000E08F9F77DFA2DB16CB9FAF73BF90446D2
:10EF500068B9002420460AF052FA284605B0BDE8F8
:10EF6000F0833546EDE7218A20460AF002FBBDF822
:10EF70003430CDF800804A4621463846FFF79CFFE2
:10EF8000E7E70D46E6E72DE9F043884687B00646F9
:10EF90000DF10F0202214046FFF753FE4FF000092A
:10EFA000044600285AD1D8F800308DF80F001B68AD
:10EFB0001F88F9F743FA214605AA304601F0FAFD09
:10EFC000044610B9059BB3F80A90F9F739FA002CFA
:10EFD00042D1D8F80050C8F80040298A28460AF0E3
:10EFE000C8FA2A460221032002F0EEF888BB11235A
:10EFF0008DF80F300624002301939DF80F30009305
:10F00000214602232A463046FFF772FF0446E0B944
:10F01000F9F714FA04AA05A9304601F0CBFD04461D
:10F0200058B93946049801F0CBFD0498837B43F02E
:10F030000103837301F0C9FD0746F9F701FA24B90A
:10F040003A4604213046FDF77FF9204607B0BDE877
:10F05000F083A0F80090CEE70025CCE74D464F4660
:10F06000C9E700002DE9F04F0E4687B08146002425
:10F070000DF11702042130468DF81740FFF7E1FD2E
:10F080000546002872D134682368B3F80080B3F8CD
:10F0900002A0D04502D8B8F1000F12D101238DF89B
:10F0A000173000240A259DF817300093CDF804800E
:10F0B0000423224629464846FFF71AFF07B0BDE859
:10F0C000F08F3060218A20460AF053FA224601214F
:10F0D000052002F079F8074620B911238DF8173082
:10F0E0000625E0E7484601F08CFD214B3D701E6887
:10F0F0000290AB4616B173899A4505D2BBF1000F59
:10F1000016D04FF00008CEE798452DD871683B78AF
:10F110000978102914D183B901233B700421238A73
:10F12000029A0B449342E9DC20460AF0A7FB80B91F
:10F130000A238DF817300525B5E7012BEED0DDE762
:10F1400023B94FF002033B701221E8E7022BFBD0FA
:10F15000D4E7718903900AF07EFF039B7068991CC5
:10F1600001F06CFB0BF1010B3668C3E7A0469AE790
:10F170003C2400202DE9F04F0F468DB0814600243D
:10F180000DF11902062138468DF81940FFF759FD97
:10F190000546002840F0D1803B681B68B3F800802A
:10F1A000B3F802B09E88D84502D8B8F1000F12D14A
:10F1B00001238DF8193000240A259DF81930009399
:10F1C000CDF804800623224629464846FFF790FEE4
:10F1D0000DB0BDE8F08FF9F7F5FF044650B10246D7
:10F1E0002946072001F0F0FF38B911238DF81930B6
:10F1F0000625E2E73C683D60F7E7484601F001FD7F
:10F200003B68049310238DF81C304D4BADF81E6005
:10F210001E6803902F46AA463EB17389984528D8A8
:10F22000BAF1000F1CD19B4545D2238ABAF1000FD9
:10F230000DD003991A1D914209DB0DF119033A46CD
:10F2400051462046FFF72BFD012871D1238A012B5F
:10F250009DBF0A238DF8193005254FF00008ACE753
:10F260009DF81C307268102B12D11378102B02D02D
:10F2700077893668D0E707A8059201F097FA034628
:10F2800042F601008342059A32D8B3F5205F40D29E
:10F29000238A039A04339A4249DB0DF119033A4653
:10F2A00051462046FFF7FBFC012841D173895B459D
:10F2B0004FF0000739D8706807A901F01AFAA0B911
:10F2C0000DF1190301930DF11A030093102208ABFD
:10F2D00031464846FFF73FFD50BBBDF81A30049851
:10F2E00008AA06210AF093F9E0B14FF0000AC0E73E
:10F2F00042F603008342CBD11046059301F056FA43
:10F30000A0F5205292B2012AC2D9059B9842AFD1F2
:10F31000BEE7104601F04AFAA0F5205080B201285D
:10F32000A6D8B5E77789BA46A3E7BA467DE70020B5
:10F33000238A00288BD005463FE7A0463DE700BF63
:10F340003C2400202DE9F04F0B681E8A93B0002565
:10F35000062E04900F468DF81D5001D0142E12D1A8
:10F360000DF11D0231463846FFF76BFC044618BB11
:10F3700039680B681D885B8805939D4200D88DB95C
:10F3800001238DF81D3000260A249DF81D300093BE
:10F3900004980195082332462146FFF7A9FD13B0D2
:10F3A000BDE8F08F331F04220DA801F01CFA0446BB
:10F3B00028B104248DF81D4000252E46E5E73E685F
:10F3C0003860318A8DF81D0030460AF0D2F8324696
:10F3D0000121092001F0F8FE814630B911238DF892
:10F3E0001D3006204D460446CFE7049801F009FC85
:10F3F000A0468246039427463846059A0DA9FFF792
:10F400001DFD0746002851D04389AB42F4D30DF1CE
:10F410001D0301930DF11E030093014608AB0498F0
:10F420001322FFF798FC50B17D89039B63BB9DF8C5
:10F430001D30002B3ED00028D5D10524A5E7BDF80E
:10F440001E20AAF103039342DCBFAAF10403ADF826
:10F450001E30BDF81EB0B8F1000F01D0C345E4D195
:10F46000338A02335B449A4522DB0BF1020189B2F5
:10F4700030460AF003FA7B8970B91D46039B1121BF
:10F480008DF81D10D3B1D846002308F102088DF87D
:10F490001D3089F8008078E720F8023B5A4608A919
:10F4A00014F0E6FB0123D8460393A5E70520BCE74B
:10F4B000D846BAE70A238DF81D30BCE7062092E74C
:10F4C0002DE9F04385B00D460DF10F0780464FF052
:10F4D00000093A46022128468DF80F90FFF7B1FB4C
:10F4E000044648BB2E683368B3F800902860318A20
:10F4F00030460AF03EF8324621460B2001F064FE09
:10F5000088B911238DF80F3006249DF80F30009331
:10F51000CDF804900A23324621464046FFF7E8FC26
:10F5200005B0BDE8F0832246009733464946404681
:10F53000FFF7AAFC0446E8E74E46E6E72DE9FF4759
:10F540000F460DF10F09804600264A460421384631
:10F550008DF80F60FFF775FB044650BB3D682B68C4
:10F560001E88B3F802A03860298A28460AF001F8FC
:10F570002A4621460D2001F027FE80B911238DF87F
:10F580000F3006249DF80F30009301960C232A4675
:10F5900021464046FFF7ACFC04B0BDE8F087CDF84B
:10F5A00000902B46524631464046FFF76DFC04461C
:10F5B000E8E73546E6E72DE9FF4700240E46074613
:10F5C0008DF80F4001F01DFB8046F9F7FBFD054665
:10F5D00090B1024621460F2001F0F6FD044668B1C5
:10F5E0000DF10F0A33681B8A012B02D92B8A434580
:10F5F00016D30024A14606E03568346011238DF847
:10F600000F304FF006099DF80F30009301940E2340
:10F610002A4649463846FFF76BFC04B0BDE8F08740
:10F62000524602213046FFF70CFB8146A0B93368F1
:10F6300018680AF02BFD02210446306809F099FF92
:10F640004A46CDF800A02B4621463846FFF71CFC61
:10F6500081460028C6D0D6E70024D4E72DE9F04F34
:10F660000B680F46198A95B00025062902908DF87F
:10F67000155001D0142913D10DF115023846FFF7AA
:10F68000E0FA0446002840F0D28039680B681D88F3
:10F69000B3F802B05D4500D88DB901238DF815305F
:10F6A00000260A249DF81530009302980195102336
:10F6B00032462146FFF71CFC15B0BDE8F08F0B8ADF
:10F6C0000422043B0AA801F08EF8814608B1042305
:10F6D000E4E70AA801F06AF8A0F5205080B20128FA
:10F6E00005D9102326468DF815301C46DAE7029816
:10F6F0008DF8154001F085FA3E683C60318A8246FB
:10F70000304609F036FF32460121112001F05CFD40
:10F71000804620B911238DF815300624C2E7474AE8
:10F7200080F8009017684C464A46C7B9002A71D045
:10F730004FF6FF740FAB0093514623463046FFF758
:10F740008BFA0628044602D111238DF81530338A2E
:10F75000022B68D80A238DF815300524A2E77B898F
:10F760009D420DD89B4565D378680392D2B101F0D4
:10F770001DF8A0F5205080B20128039A02D97C8997
:10F780003F68D2E70FAB0093514623463046FFF760
:10F7900063FA044630B106287D8921D111238DF802
:10F7A00015307FE778680AA900F0A3FF002838D158
:10F7B0000DF1150301930DF116030093102206AB12
:10F7C00039464FF6FF70FFF7C6FA044638B9BDF860
:10F7D000162006A90FA800F06DFF044620B17D8910
:10F7E000042C08BF00245DE798F80030062B0DD0EC
:10F7F000142B11D073B99DF83C30102B0CBF06238D
:10F80000142388F800307A891446B9E79DF83C3013
:10F81000102BF8D000249AE79DF83C30102BF2D141
:10F82000F8E70022ACE7002C3FF43CAFD8E7002516
:10F830002E4637E7002A7FF47DAFEBE73C2400201B
:10F840002DE9FF410F46064600250DF10F0202216A
:10F8500038468DF80F50FFF7F4F90446C0BB3B68FB
:10F860001B68B3F80080F9F7ADFC0546B8B1024655
:10F870002146132001F0A8FCA0B911238DF80F3008
:10F8800006249DF80F300093CDF8048012232A46F9
:10F8900021463046FFF72CFB04B0BDE8F0813D68FF
:10F8A0003C60EAE73868022109F063FE4046FFF752
:10F8B000B9FA014620B901238DF80F300524E0E79D
:10F8C0000DF10F033A463046FFF71CFA0446D8E71D
:10F8D000A846D6E773B50C4605460DF1070202218E
:10F8E0002046FFF7AEF980B9206803681E88022120
:10F8F00009F03FFE3046FFF795FA014638B10DF1A9
:10F90000070322462846FFF7FDF902B070BD052027
:10F91000FBE710B50446206800B910BD03682360FA
:10F92000FFF7E0F9F7E700002DE9F04F0E4689B048
:10F9300007464FF0000A0DF11F02042130468DF8F2
:10F940001FA0FFF77EF90446002840F09680336838
:10F95000D3F80080B8F800904846FFF763FA0546F0
:10F9600088B901238DF81F3005249DF81F300093BE
:10F97000CDF8049016232A4621463846FFF7B8FAF8
:10F9800009B0BDE8F08F024621460DF11F0338464D
:10F99000FFF7AEF80446002872D1F8F74FFDB8F82B
:10F9A00000B01FFA8BF30493B8F802A01FFA8AF391
:10F9B0000593384633680393FEF7A0FF804631482D
:10F9C0000AF0E4F8054690B909238DF81F300624A3
:10F9D000F8F736FD002335683360002CC5D10121CE
:10F9E000284609F0A6FE2B6817221A70BDE70C22E4
:10F9F000214613F0DFF9F9F7E5FBA86020B92846A6
:10FA0000FFF770F91123E0E7039BA5F804B0A5F810
:10FA100006A01B8A0399043B9BB2042209F056FD01
:10FA2000044630B12846FFF75DF909238DF81F30F1
:10FA3000CEE7D8F844C0024663461BB198880499C3
:10FA400081420ED2AAB9C5F800C0C8F844500EF0E1
:10FA5000CFF900F5EA403030C8F84800F8F72EFD3D
:10FA6000B6E703D1D88805998842EBD81A461B68B7
:10FA7000E3E713682B601560E9E7D146554674E764
:10FA8000554672E7F42000202DE9F0470D4686B078
:10FA900081460DF10E0201212846FFF7D2F80446F7
:10FAA00000287CD1D5F80080D8F800301E78286076
:10FAB000B8F81010404609F05CFD42462146192076
:10FAC00001F082FB00286DD111238DF80E30062441
:10FAD000002540E0049E2246EEB9049D002D32D060
:10FAE000AD884FF0000A049F002F44D12846CDF87E
:10FAF00014A0FFF797F90DF10F03014605AA484638
:10FB0000FFF700F90746059809F079FC002FE4D0CB
:10FB10009DF80F4017E0F1881AB1B5889088A84287
:10FB200003D041B1B58807240DE09068D288008ADF
:10FB300002448A42F7D1B268128A0A44B2F5007FC1
:10FB400016DDB5880D24002C8DF80E4018BF092451
:10FB500004A8FFF7DEFE9DF80E30009301951823F0
:10FB6000424621464846FFF7C3F906B0BDE8F08794
:10FB700032463668B0E7BB88AB42B7D1BAF1000F66
:10FB800008D1D7F808A03B68BE6038460493FFF759
:10FB9000A9F8A8E7B968504609F052FEF3E74FF01C
:10FBA000000895E7F8F74AFC4846FEF7A7FE436CC5
:10FBB00044640493F8F744FC002E8BD12546C7E734
:10FBC000F8B50D460646002202212846FFF739F80F
:10FBD000044678B9286803681F886FB1022109F0CC
:10FBE000C8FC2A68234639463046FCF729FB2C60BE
:10FBF0002046F8BD0624FBE70A24F9E72DE9F34186
:10FC00000D468046002202212846FFF71AF80446D6
:10FC100060B92B681B681F8867B1F9F7D3FA0646ED
:10FC200060B92E682C60112306241AE000231E46BA
:10FC30001F4616E03B463E460A2412E00246214695
:10FC40001E2001F0C1FA0028EDD02868022109F039
:10FC500090FC01232A6839464046FCF7F1FA2C60F3
:10FC60002346CDE9003732461D2321464046FFF7A3
:10FC70003FF902B0BDE8F08173B5134C134D206815
:10FC8000F0F747FB28880023236018B90025284691
:10FC900002B070BD14267043F0F736FB03462060B7
:10FCA00078B10B4A009229880A48324609F0F8FEDA
:10FCB0000028EBD00B252068F0F72BFB00232360F6
:10FCC000E5E70625F7E700BF2C240020C01A002036
:10FCD0006A5D02001024002007B50B4B00930B480F
:10FCE0000B4B0C22402109F0DBFE50B9094BC3E954
:10FCF0000003094BC3E90003084B188003B05DF80B
:10FD000004FB0B20FAE700BF815D0200F420002015
:10FD1000102100203C240020342400203024002026
:10FD2000034A136A0BB1516A18470820704700BF95
:10FD30003400002070B504460D461646F8F77EFBE9
:10FD4000064B5B6943B12046324629469847044634
:10FD5000F8F776FB204670BD0824F9E73400002050
:10FD600038B504460D46F8F769FB064BDB693BB135
:10FD70002046294698470446F8F762FB204638BDDE
:10FD80000824F9E7340000201FB50123CDE9013034
:10FD900001A80391FFF7C4FF05B05DF804FB000064
:10FDA000F8B50E4FBB6905460E46A3B1F8F746FB02
:10FDB000BB693146284698470446F8F741FB44B1F1
:10FDC0001B2C06D131462846FFF7DEFF04460028EB
:10FDD000ECD02046F8BD0824FBE700BF340000202B
:10FDE0001FB50223CDE9013001A8ADF80C10FFF7D3
:10FDF00097FF05B05DF804FB0A4601460120FFF7B6
:10FE000099BF01460120FFF7CBBF0A4601460220F9
:10FE1000FFF790BF37B5014604460220FFF7C0FF49
:10FE20000546D8B923780090CDF8030073B194F853
:10FE30003930DB0712D5204604F1290210F8011BE6
:10FE400000F06CF9002818BF054607E006220DF106
:10FE50000101601C12F084FF0028E8D1284603B09D
:10FE600030BD0A4601460320FFF764BF0146032068
:10FE7000FFF796BF01460320FFF772BF03460868ED
:10FE800018608A79888898809A710A891A81002274
:10FE90009A72704703460A46D1E900019980090C1D
:10FEA0001860997111891981D2E904011A8B02F045
:10FEB000FE0242F00102C3E904011A8370472DE9F2
:10FEC000F0419CB004460D461646002120226846AB
:10FED00012F070FF022C05DC002C0CDC03201CB09F
:10FEE000BDE8F081032CF9D1002300930DF10A083D
:10FEF000CDF8033005E0002300930DF11908CDF88B
:10FF00000330002788F8007008AA69462046FFF7EA
:10FF100011FF18B10528E2D10020E0E70DB9013743
:10FF2000F0E7324608A92046A8470028F7D0F3E7B3
:10FF300013680133136000207047F8B50D4614466E
:10FF400000264F1C6368B34206DCA268934216DBAE
:10FF50000623E3600120F8BDC6EBC6032268D01873
:10FF6000D25C2B789A4201D00136EBE70622394663
:10FF7000013012F0F5FE0028F6D10020EBE72168F1
:10FF80002868C3EBC303CA18C850AB79A98891800D
:10FF90009371636801336360EFE700001FB50023CE
:10FFA000CDE901320C460090064903936A460120D0
:10FFB000FFF785FF18B9039808B9019B236004B0C7
:10FFC00010BD00BF3BFF000038B504460D46294672
:10FFD0002046FFF7C5FE0028F9D0052808BF0020FD
:10FFE00038BD10B5044688B020220021684612F0C2
:10FFF000E1FE2068A288A379009069460120ADF84F
:020000021000EC
:1000000004208DF80630FFF7DFFFA8B9694602200B
:10001000FFF7DAFF80B901462022684612F0CAFED7
:100020002068A288A379009069460320ADF80420D7
:100030008DF80630FFF7C8FF08B010BD00230A4650
:100040000B600149FFF73BBF31FF00000368012B44
:1000500004D0022B14BF1120002070474368022BEC
:1000600003DC002B06DC11207047032BFBD18068DA
:10007000FCF74EB8FCF73BB81FB5012888BF00F06D
:1000800001008DF8080006220DF1090013F0F0FDC3
:1000900000230093072202A942F2280000F0FEF894
:1000A00005B05DF804FB00001FB50A4C23787BB94E
:1000B0004FF49672ADF80C200093022203A942F28D
:1000C0002E0000F0EBF808B90123237004B010BD36
:1000D0000020FBE754240020014B03600020704700
:1000E000442400201FB50378012B15D88DF80F107C
:1000F0000622411C0DF109008DF8083013F0B8FDFF
:100100000023082200930DEB020142F24E0000F0A2
:10011000C5F805B05DF804FB1220FAE770B50D468E
:100120008EB006461446FCF755F9012D2FD806224D
:1001300031460DF111008DF8105013F099FD15495D
:1001400010220DF1270013F093FD214610220DF12E
:10015000170013F08DFD00230093272204A942F21B
:10016000270000F09BF8044660B9062231460DF1E5
:1001700009008DF8085013F07BFD012102A8FFF75C
:10018000B1FF0446FCF732F920460EB070BD1224D0
:10019000F8E700BF4424002010B5014688B01022C3
:1001A000002848D00DEB020013F062FD1022234816
:1001B0000DEB020112F0D4FD0446002838D01022C5
:1001C0000DEB02011D4813F053FD002300930122A3
:1001D00002A942F22D008DF8083000F05FF80446C5
:1001E00030BB009003460246014642F2290000F06F
:1001F00055F80446E0B901220090034602A942F2F4
:100200002D008DF8082000F049F8044680B9014619
:10021000062202A812F0CEFD102221460DEB0200AC
:1002200012F0C8FD214604AA02A8FFF777FF044692
:10023000204608B010BD0249B4E700BF44240020A6
:10024000C29C020008B50648002109F0ACF818B9B4
:10025000BDE80840F8F7B3BF02680432026008BD89
:100260007424002030B129B1034B1880034B0020C7
:100270001980704703207047A425002056240020D1
:10028000054A13881844B0F5803F02DB0C20F8F7CC
:1002900039B91080704700BF562400202DE9FF4176
:1002A0000C46174606464FF0FF3142489DF828801D
:1002B0001D46F7F7AAFE3A462146304600F0D0F92F
:1002C0003D4F0446002839D13C484FF40061F7F710
:1002D000CBFE38B106280CBF13240B242046F8F7B8
:1002E00011F92BE010222146684612F063FD3A68AE
:1002F00013780E2B03D00F2B40D01124EEE751784A
:10030000032928D801D00C24E8E7B2F80330002BE9
:10031000F9D1CDE90044029415B1019900293DD1EC
:1003200000230293BDF80C300195B342EBD1002CB1
:10033000E9D1009C14B9029B4345CFD1386818B16C
:1003400001F0BCFD00233B601A48F7F770FE204621
:1003500004B0BDE8F081B2F80330ADF80C30537949
:1003600043B103F5007304390093029121B10632C1
:100370000192D1E72346F6E70191CDE75378042BAC
:10038000C1D19388ADF80C30CDE9014493781BB10D
:1003900003F500730093BFE72346FBE7029B434549
:1003A000C8BFCDF80880029A2846C8BF0C2413F0B5
:1003B0005FFCB7E7B0250020A8250020AC25002071
:1003C00038B503780E2B044606D00F2B12D02046EA
:1003D000F8F778F8002038BDB0F80330002BF6D0DD
:1003E000084D28680DF03FFB80B228B1204601F08F
:1003F00065FDEFE78388F1E7034B28461C60F7F7BC
:1004000057FEE7E7AC250020A82500202DE9F3479B
:100410000B68009300230B6090F828A0354FDFF89D
:10042000D880DFF8D89005460E46CAF3800A009CB3
:10043000002C57D03B884BB1B8F8001000234A4637
:10044000684609F0E4FD044630B9009C346001249C
:10045000204602B0BDE8F08700225146A88800F08F
:100460009BF8014601A809F0F6FD218A0DF106006E
:1004700009F0F1FD0421204609F05BF950B906248A
:1004800095F82830009823F0040385F8283008F008
:10049000B6FFDDE7042109F01DFA04460028EED07E
:1004A00004220DEB0201006813F0E2FB0DF10600DF
:1004B00009F0ECFD204600F05DF82046F8F76EF8F4
:1004C00004460028DCD195F8283043F0040385F871
:1004D00028302B8F01332B873B88013B3B804FF02B
:1004E000010AA4E795F8283023F0040385F82830A2
:1004F000AEE700BF56240020A425002045020100DD
:10050000C36B0BB9FFF782BF01207047014B186026
:10051000704700BFA0250020014B1870704700BF36
:100520009C250020014B1878704700BF9C250020B7
:1005300007B500210948F7F78BFD0948F7F75AFD81
:10054000084B01934FF48E730093074A07490848FC
:10055000012309F043FD03B05DF804FBAC25002046
:10056000B02500209D5D0200742400205824002046
:100570008024002037B5054600242B8AA34201DCE5
:1005800003B030BD21460DF107030122284608F0D3
:10059000C4FF0134F1E7704740EA823040EA01309D
:1005A00080B270471FB50123002204460093114614
:1005B00003AB42F20700FFF771FE10B99DF80C3053
:1005C000237004B010BDF0B5054685B00C46082771
:1005D000002C02DC002005B0F0BD0022009702AB29
:1005E000114642F21800FFF759FE0028F3D1082CFB
:1005F000264628BF08262846324602A913F038FBB3
:10060000A41B3544E4E71FB50146062202A813F0F7
:100610002FFB00230093062202A942F20500FFF7F8
:100620003DFE05B05DF804FB70B50B460C46042298
:100630000021064608F071FF054678B904213046CE
:1006400008F097FF204609F021FD234623F8020B0E
:10065000184609F01BFD6080284670BD0C25FBE79D
:10066000F8B5134B1B78012B07460E46154604D0F0
:10067000022B07D023B1112003E0F7F7C1FE08B920
:100680001620F8BD032001F0FDFB044607808570AD
:1006900025B12A463146033013F0EAFA204601F02C
:1006A000C9FB0028EDD00728E5D11420E9E700BFF9
:1006B000FD1A0020042A10B5044608460AD0102A64
:1006C0000ED0022A13D11023237009F0DFFC6080C2
:1006D000002010BD2023237009F0DAFC6060F7E7EA
:1006E0002046802300F8013B13F0C2FAF0E7032014
:1006F000EFE703780A78934201D0981A7047202BCD
:1007000007D0802B08D0102B0BD140884B88C01A03
:10071000704740684B68FAE710220131013012F04F
:100720001FBB4FF0FF30704710B50378202B8EB001
:100730000C460BD0802B0CD0102B2DD142881849A1
:10074000204612F0FDF920460EB010BD4268154952
:10075000F6E743780D9383780C93C3780B93037972
:100760000A934379099383790893C3790793037AAA
:100770000693437A0593837A0493C37A0393037BA6
:100780000293437B0193837B0093C37B027C0649E6
:10079000204612F0D5F9D6E700230B70D3E700BF4F
:1007A000AD5D0200B55D0200BD5D02000378102B57
:1007B0000CBF408800207047022A10B50446084646
:1007C00006D11023237009F061FC6080002010BD69
:1007D000102A06D12046802300F8013B13F048FA86
:1007E000F4E70320F3E730B51C4685B005466B46B9
:1007F00008461146224608F090FE20B92246694676
:100800002846FFF7D9FF05B030BD08B502780A7059
:10081000202A0B4607D0802A08D0102A0CD1428803
:100820004A80002008BD42684A60FAE7411C102255
:10083000581C13F01DFAF4E70320F3E738B50378EA
:10084000202B05460C4609D0802B12D0102B16D138
:100850004188204609F0FFFB002038BD09491022DD
:10086000204613F005FA696804F10C0009F0F7FB63
:10087000F2E7411C1022204613F0FAF9ECE70320BE
:10088000EBE700BF5C00002010B504460846217865
:10089000C90808F0F3FF014620B12046FFF7CEFF5C
:1008A000002010BD0620FCE70078C008704700005B
:1008B00010B50446F7F7C2FD21460448062213F09E
:1008C000D7F9BDE81040F7F7BBBD00BFBA2500203F
:1008D000F8B50446F7F7B2FD2078677914F09CFF6D
:1008E0000546607814F098FF0544A07814F094FF52
:1008F0000544E07814F090FF0544207914F08CFF53
:10090000054407F03F0014F087FF07F0C0062844B5
:100910000EB1C02E10D178B12E280DD02046FFF791
:1009200072FE054620B905480622214613F0A0F9BB
:10093000F7F786FD2846F8BD0325F9E7B425002022
:10094000F8B50F46164690B1012815D10C4D6C79BB
:100950003F2C8CBF002401240A490622284612F0AD
:10096000FFF958B107B13D6026B90020F8BD064D2A
:100970000446F1E73460F8E70320F7E71520F5E7D0
:10098000B4250020D69C0200BA250020012807B516
:1009900004D9831E012B08D9032011E0002211463F
:1009A00003B05DF804EBFFF7CBBF00F09AF801AAA3
:1009B0000021FFF7C5FF18B90198002818BF1520BE
:1009C00003B05DF804FB73B5044616460D46F7F711
:1009D00035FD2046324601A9FFF7B2FF044628B98B
:1009E00025B101990622284613F042F9F7F728FDB0
:1009F000204602B070BD10B50446FFF7C7FF30B9FE
:100A0000023C012C03D8BDE81040FFF74DBB10BDE0
:100A1000F8B504460F460D4EF7F710FD0C4B002CB1
:100A200018BF1E4635782846FFF7B0FF044638B198
:100A3000152807D175782846FFF7A8FF044608B99E
:100A40003D700024F7F7FCFC2046F8BDD29C020064
:100A5000D49C020008B506220021054812F0AAF92C
:100A6000BDE8084003480622002112F0A3B900BFE8
:100A7000BA250020B425002008B591F83930DB07ED
:100A8000084605D501F1290210F8011BFFF746FBC6
:100A9000002008BDF8B50F4616461D46FDF716FFA7
:100AA000044658B13946FDF76FFE011E0CBF072002
:100AB000002006B1346005B12960F8BD0146072069
:100AC000F7E737B515461C4601AA6B46FFF7E2FF6C
:100AD00028B90DB1019B2B600CB1009B236003B0C2
:100AE00030BD00F0FD00431E584258417047FFF7EB
:100AF000F8BF0000024900220220FFF7E0B900BF62
:100B0000790A0100F7B510F0400705460E46144675
:100B10000CD11068018A08F02CFD0623009321688F
:100B20003B462A463046FEF7C7F9276003B0F0BDC2
:100B3000F7B50446F8F76DFA4FF6FF73984205468D
:100B40001CD00DF1070320690122002108F0E5FC0B
:100B500004F11007034698B99DF80700144E327847
:100B600090420FD004D301331B2B06F10806F6D1B7
:100B70003A462946FFF7C6FF082415E0072413E08C
:100B8000042411E02069012108F0F3FC7368394660
:100B900028469847044638B1082C05D19DF807002F
:100BA0003A462946FFF7AEFF204603B0F0BD00BF2E
:100BB000DC9C020013460A460421FFF76BBF704716
:100BC000172938BF17218181704710B50446F8F7FF
:100BD000EBF930B1A38923B16089984228BF184648
:100BE00010BD1720FCE710B50C46FFF7EEFF218A79
:100BF000814205DD411A2046BDE8104008F0B9BC2D
:100C000010BD13B50446F7F719FC6A4601A9204642
:100C1000FFF7D0FF40B90098FFF7D7FF0446F7F77A
:100C20000FFC204602B010BD0024F8E708B5F8F725
:100C30009BF938B104230381C380034B1B88438194
:100C4000024B836108BD00BFC0250020310B0100AD
:100C5000024B4FF480721A8000207047C02500209C
:100C600070B50D46064604212846F8F7C4FA044636
:100C700038B92B681B683046DA78B3F80110FDF7F5
:100C80004BFB204670BD73B50D4606460221284633
:100C9000F8F7B1FA044620BB2B681D68F7F7CEFBC6
:100CA000214601AA3046FFF785FF0446B8B92988D6
:100CB0000198FFF785FF0198FFF787FF0546F7F7D3
:100CC000BFFB24B92A4604213046FBF73DFB3046E2
:100CD0002A462146FDF73AFB204602B070BD0025AA
:100CE000EDE70025F3E773B5064615460C4679B1E6
:100CF00091420DD8042101AA084600F078FA48B1C3
:100D0000048045800199304600F081FA02B070BD40
:100D10000320FBE70620F9E72DE9F0430C4687B0F6
:100D2000064601212046F8F766FA054688BB20688A
:100D30000121D0F8009008F01CFC23681B8A43B303
:100D400099F80070012F20D0022F21D14FF0120806
:100D500041462046F8F74FFA30BB2368186809F07F
:100D600095F9022FADF800001BD002231A46216826
:100D700001A8FFF738FD58B92068414608F0F9FB93
:100D800069463046FDF7F5FAD7E74FF00408DFE78C
:100D90000A2530462946FDF718FB284607B0BDE86E
:100DA000F08310233A46E2E70546F2E72DE9F341E6
:100DB000DDF82480064615461F460C46B9B191421F
:100DC00015D801AA08F10601062000F010FA80B13A
:100DD00008990480458087804246063012F048FF1B
:100DE0000199304600F013FA02B0BDE8F08103200B
:100DF000FAE70620F8E737B505460C462368198A56
:100E000029B92846FDF731FB002003B030BD04218D
:100E10002046F8F7F0F978B9206803681A88ADF829
:100E200004205B88ADF80630042108F0A2FB01A97C
:100E30002846FDF7ECFAE1E70A21E2E7F7B50746B5
:100E400016461D460C46B1B1914214D81846FFF71C
:100E50002BFD01AA011D082000F0C9F968B1011D90
:100E6000048046802846FFF7E9FC0199384600F0E7
:100E7000CEF903B0F0BD0320FBE70620F9E72DE92A
:100E8000FF410C46064601212046F8F7B4F9054615
:100E900060B9206803681F78012108F06AFB012F00
:100EA00022D9A7F1020823681B8A3BB9304629469C
:100EB000FDF716FB284604B0BDE8F0813946204610
:100EC000F8F799F990B923681B6833F8022BADF84D
:100ED000042001A93046CDE90283FDF7E9FA206834
:100EE000394608F046FBDEE70A25DFE70546DDE781
:100EF00037B505460C4661B101AA02210A2000F06F
:100F000076F940B104800199284600F080F903B0D9
:100F100030BD0320FBE70620F9E708B50A460021AB
:100F2000FDF74CFB002008BD73B5054616460C4680
:100F300069B101AA04210C2000F059F948B10480DC
:100F400046800199284600F062F902B070BD032086
:100F5000FBE70620F9E708B50A460021FDF748FB44
:100F6000002008BD08B50A460021FDF754FB00200B
:100F700008BDF7B5074616461D460C46B1B191426D
:100F800014D81846FFF790FC01AA011D102000F0AC
:100F90002EF968B1011D048046802846FFF74EFCFB
:100FA0000199384600F033F903B0F0BD0320FBE7A8
:100FB0000620F9E72DE9FF410C46064601212046AF
:100FC000F8F719F9054650B92068036801211F7820
:100FD00008F0CFFAA7F1040823681B8A3BB9304612
:100FE0002946FDF7C7FA284604B0BDE8F081042F72
:100FF00020DD39462046F8F7FEF8E8B9236818687E
:1010000009F044F82368ADF804001868023009F0CC
:101010003DF82368ADF80600CDF808801B6801A9EB
:10102000043330460393FDF773FA2068394608F01D
:10103000A0FAD1E70425D2E70546D0E773B5054607
:101040000E461446022101AA122000F0D0F828B959
:10105000204608F0D4F9062002B070BD0680019841
:10106000214608F0EDFB0199284600F0D0F8F3E79F
:1010700008B5FDF7E3FA002008BDF7B507461546A9
:101080001C460E46F1B11B8A1344B3F5007F19DCF0
:10109000FFF7B7FD238A0438984213DD01AA042123
:1010A000162000F0A4F890B14580068001982146F2
:1010B00008F0C6FB0199384600F0A9F80546284615
:1010C00003B0F0BD0325204608F099F9F7E706259F
:1010D000F9E72DE9F3410D46064604212846F8F7C5
:1010E0008AF8044690B9286803680421B3F80080A0
:1010F0005F8808F03EFA304600953B46424621465E
:10110000FDF7ACFA204602B0BDE8F0810027B846F2
:10111000F1E737B504460D4601AA0121182000F079
:1011200066F830B105700199204600F070F803B000
:1011300030BD0620FBE708B50021FDF7B3FA00201B
:1011400008BD73B5064615460C4691B101AA0221A9
:101150001B2000F04CF888B104800198294608F063
:101160006FFB0199304600F052F80446204602B069
:1011700070BD0324284608F042F9F7E70624F9E792
:1011800073B5064615460C4691B101AA02211D20F1
:1011900000F02DF888B104800198294608F050FB32
:1011A0000199304600F033F80446204602B070BD85
:1011B0000324284608F023F9F7E70624F9E708B5E1
:1011C000FDF788FA002008BD013170B589B20646E6
:1011D0001046154608F052FB044620B9284608F090
:1011E0000EF9204670BD2C6804F8016BF9E770B564
:1011F000164604460D46F7F7E5FF0246306028B173
:1012000029462046BDE87040FFF7DEBF70BD37B508
:101210000B68044618780D46FFF7D1FCF7F70EF976
:1012200020466B4601AA0421FFF74BFC044638B167
:10123000284608F0E4F8F7F703F9204603B030BD7C
:1012400000982946FFF7CFFCDDE900102A46F7F7A2
:1012500066FF0446EFE710B50446F7F7EFF82046BF
:10126000FDF734FB044618B9F7F7EAF8072010BD7C
:10127000FDF720FB2046FDF7BFFAF7F7E1F8002065
:10128000F5E738B505460C46F7F7D8F82846FDF7D8
:101290001DFB40B114B190F8283023700024F7F7FB
:1012A000CFF8204638BD0724F9E710B5F7F7C6F8A0
:1012B000FDF73CFB20B18488F7F7C2F8204610BD4B
:1012C0004FF6FF74F8E742780B789A4206BF486001
:1012D00000200120704773B5DDE906548DF8070042
:1012E0008CB101318DF8061001220DF10601204666
:1012F00008F08FF828B901220DF10701204608F007
:1013000088F802B070BD2E78B01C084490420BDC07
:10131000013199552A7813449DF807205A702B788B
:1013200002332B702046ECE70420EAE72DE9F3476F
:101330000A9EDDF830A0CFB2CDE9006A0C46904697
:1013400039469DF82C209946FFF7C5FF054698B908
:10135000BAF1000F07D0A2B24146504602B0BDE834
:10136000F04708F056B8307822464146484412F01B
:101370007FFC33781F443770284602B0BDE8F08701
:101380002DE9F04F89B0984600238DF81B30037883
:10139000129E049205460F46002B6AD1D5F80490A0
:1013A000B9F1000F77D1D5F80C90B9F1000F40F0EA
:1013B000A480D5F81490B9F1000F40F0D380EA6909
:1013C000002A40F0048195F82330D90700F11681F6
:1013D0006A6A002A40F03381AA6A002A40F03E81FE
:1013E0002A6B002A40F04D8195F83830DA070ED587
:1013F0000DF11B030093CDE901863B4605F1360252
:1014000002211920FFF792FF044600283FD195F8EA
:101410003C30DB0717D50DF11B03009301963B46CB
:10142000424602211A20FFF756FF044678BB698F17
:10143000002E40F03C819DF81B403819023408F022
:101440000AFE8DF81B402A6C002A40F03C81AA6CF1
:10145000002A40F04B812A6D002A40F05A81AA6D83
:10146000002A40F06981049B002B40F07881002421
:101470000DE00DF11B0300930B4601210246CDE95F
:1014800001860846FFF752FF0446002886D0204612
:1014900009B0BDE8F08F95F808B0BBF1000F82D01D
:1014A000687A01960DF11B034FEA4B0100F0010031
:1014B000009342463B4601F0FE010230FFF70BFF6E
:1014C00004460028E3D182466EB131464846FFF714
:1014D000DBF904460028DAD10AF1010AD34509F103
:1014E0000409F1DC5FE79DF81B40484639190234D6
:1014F000FFF7A4F98DF81B40EEE795F810B0BBF1AB
:10150000000F3FF456AF687C01960DF11B034FEAC4
:101510008B0100F00100009342463B4601F0FC01C4
:101520000430FFF7D8FE04460028B0D109F10409C1
:1015300059F8341046B10791042207A9304607F044
:1015400068FF58B10446A2E79DF81B300593F818D0
:1015500008F085FD059B04338DF81B300134A3454D
:10156000E6DC26E795F818B0BBF1000F3FF427AF93
:10157000687E01960DF11B034FEA0B1100F001008C
:10158000009342463B4601F0F0010630FFF7A3FE10
:10159000044600287FF47BAF112313FB0B9B66B13D
:1015A00031464846FFF770F9044600287FF46FAFD4
:1015B00009F11109D945F2D101E79DF81B404846D0
:1015C00039191034FFF73AF98DF81B40F0E795F818
:1015D000201000293FF4F7AE95F821000DF11B0310
:1015E00000F001000093CDE901863B460830FFF78B
:1015F0009DFE044600283FF4E6AE48E795F9223008
:1016000013F1800F18D10DF11A00FEF7CBFF04463D
:1016100000287FF43CAF0DF11B030093CDE9018658
:101620003B460DF11A0201210A20FFF77FFE044616
:1016300000283FF4CDAE2AE78DF81A30EBE70DF124
:101640001B030093CDE901863B4604211220FFF7DE
:101650006DFE044600283FF4BFAE18E795F82C1045
:1016600000293FF4BDAE0DF11B030093CDE90186C7
:101670003B461620FFF75AFE044600283FF4B0AE62
:1016800005E795F8341000293FF4AEAE0DF11B03C9
:1016900001EB41010093CDE901863B46490017204B
:1016A000FFF744FE044600283FF49EAEEFE6ADF897
:1016B0001C10022207A9304607F0ABFE04460028A2
:1016C0003FF4C1AEE3E695F8441000293FF4BFAE05
:1016D0000DF11B030093CDE901863B462020FFF767
:1016E00025FE044600283FF4B2AED0E695F84C1033
:1016F00000293FF4B0AE0DF11B030093CDE9018644
:101700003B462120FFF712FE044600283FF4A3AE1B
:10171000BDE695F8541000293FF4A1AE0DF11B036E
:101720000093CDE901863B462420FFF7FFFD0446E8
:1017300000283FF494AEAAE695F85C1001297FF6E4
:1017400092AE0DF11B030093CDE901863B46FF20CD
:10175000FFF7ECFD044600283FF485AE97E6049AB7
:101760009DF81B30137082E613B500240094FFF738
:1017700007FE02B010BD2DE9F04106460C461746A3
:101780009846012C06D93378A3420ED24146304602
:10179000B84710B90020BDE8F0813578013C641BE2
:1017A000013504F0FF042E44EBE70A20F3E70000C4
:1017B00037B51C4600230546019308466B46114683
:1017C000064A8DF80050FFF7D6FF10B9019B13B100
:1017D000236003B030BD0520FBE700BFC712010046
:1017E0007047704700207047F8B50025C0E90050E9
:1017F00004460F46164629460C22083011F0DAFA44
:10180000C4E903762846F8BD70B50B4E336805462B
:1018100001333360EFF7B2F82C681CB163682B60BA
:1018200003B96D603368013B3360EFF7ADF804B185
:10183000103C204670BD00BFB81A0020F8B553799F
:10184000072B05460E4614461BD90F4F3B68013344
:101850003B60EFF793F8002363616B6804F11002BB
:101860001A603B681434013B6C603B60EFF78CF806
:101870000EB90020F8BD05F108013046F6F72CFB43
:10188000F7E70220F6E700BFB81A002013B54FF0C3
:10189000FF330F48009300231A46032100680CF021
:1018A00047FEF6F7CBFD0B48FAF7EAFD0A4A00239C
:1018B00014681360094A1370F6F7C2FD0CB902B040
:1018C00010BDD4E9003100209847A468F6E700BFB6
:1018D000C4250020DC250020D8250020FC1A00208B
:1018E000FFF7D4BF10B5EFF753F8BDE8104001463D
:1018F000024A03480023F6F7FFBB00BFE1180100CE
:10190000C42500200000000070B586B000230093BD
:101910001A46194640F60340FEF7C0FC044600286C
:1019200040F09180082602460146009604AB41F241
:101930000100FEF7B3FC0446002840F084809DF8C7
:101940001000FEF7E9FDFEF7EDFD48A3D3E9002303
:101950000094CDE902230546234632460DEB0601ED
:1019600040F60140FEF79AFC044600286BD1062D94
:1019700059D8FEF7D7FD062868D81F220023CDE9E5
:10198000042300230093082204A942F20100FEF779
:1019900085FC0446002856D10323009302460146E5
:1019A00004AB42F20200FEF779FC044600284AD15B
:1019B000BDF810209DF8121072B90723009311464C
:1019C00004AB41F20500FEF769FC044600283AD159
:1019D000BDF81020BDF813101046FEF743FC044676
:1019E00088BB082300930246014604AB42F2030081
:1019F000FEF754FC044630BB0498FEF787FD06232F
:101A000000932246214604AB41F20900FEF746FC52
:101A10000446C0B904A8FEF74BFF2046FEF7BCFB06
:101A2000FFF7E0FE0FE04FF400020023CDE90423AE
:101A300000900346324604A940F66340FEF72EFCB0
:101A40000446002895D0204606B070BD072804D073
:101A5000082804D140F27F6290E73F228EE7024AD5
:101A60008CE700BFAFF300807FFE0F009080000284
:101A70000080002010B403780A780446981A06D132
:101A8000601C06225DF8044B013111F069B95DF864
:101A9000044B70472DE9F7434FF000080446164603
:101AA0000D46C1464746B04505DB4FF0FF3840467E
:101AB00003B0BDE8F083694620460097CDF8037077
:101AC000FFF7D8FF20B121462846FFF7D3FF98B98A
:101AD000237EDB070BD52A8923899A420CD1D5E9CD
:101AE0000402D4E904139A4208BF884204D1637EF9
:101AF0004B45DCDD09F1010908F101085035D2E759
:101B000038B5154612680C46FFF7C4FF421C034661
:101B10000ED0296801398842296007DA502202FB79
:101B20000040CA1A00F1500111F02AF9002038BD16
:101B30000520FCE72DE9F7430024154EDFF854900B
:101B400005462746A046D9F80030A34205DC4FF0F1
:101B5000FF34204603B0BDE8F08369462846CDF83F
:101B60000080CDF80380FFF785FF20B1294630467D
:101B7000FFF780FF40B92B8913B132899A4203D114
:101B8000AB7ABB42E5DD013701341036DBE700BF3D
:101B9000EC250020E825002013B5002369460093BA
:101BA0000446CDF80330FFF765FF18B10621601C2D
:101BB000FEF7F1FC02B010BD022870B50D461446C8
:101BC00005D003281FD0012817D0082070BD084673
:101BD000FFF7E2FF124E134B1A6831462846FFF713
:101BE00059FF421C01D10520F0E7502202FB0061A1
:101BF000204612F03DF80020E8E70846FFF7CCFF4A
:101C0000094E0A4BE8E70846FFF794FF431CEAD069
:101C1000074B03EB00100FC884E80F00EBE700BF91
:101C2000702600206C2600206827002060270020F6
:101C3000EC25002010B590F82830D907044603D5CC
:101C400010211830FEF7A7FC94F83930DA0704D5D4
:101C5000102104F12900FEF79EFC94F84A30DB07BE
:101C600006D504F13A001021BDE81040FEF793BC00
:101C700010BD000030B5022889B00C4606D00328FC
:101C800039D001281FD0082009B030BD0846264DA4
:101C9000FFF7D0FF21466846FEF7FCF823492A6883
:101CA0006846FFF7F7FE411C04D12868022838DC9B
:101CB000431C2B601D4B5022214602FB003011F0CB
:101CC000D7FF0020E0E70846194DFFF7B3FF214694
:101CD0006846FEF7DFF82A6816496846FFF7DAFE1D
:101CE000421C04D1286802281BDC431C2B60114BCA
:101CF00050222146E1E76846FEF7C0F86846FFF744
:101D000019FF431C05D10C4B1868072809DC421C3D
:101D10001A600A4D05EB001594E80F0085E80F00E6
:101D2000CFE71B20B0E700BF6C2600207026002004
:101D30006027002068270020E8250020EC250020EF
:101D400008B50346022B084605D0032B0CD0012B07
:101D500007D0082008BD104A1049BDE80840FFF729
:101D6000CFBE0F4A0F49F8E7FFF7E4FE431C0246D7
:101D70000FD00D490B68013B98420B6007DA0B4806
:101D800000EB021000F110019A1A10F0F9FF002088
:101D9000E0E70520DEE700BF6C260020702600206B
:101DA0006027002068270020E8250020EC2500207F
:101DB000074B084A5A61084A9A61084ADA61084A98
:101DC00000231360074A1360074A1360704700BF7F
:101DD00034000020B91B0100751C0100411D0100E9
:101DE000602700206C260020E825002010B5044C58
:101DF00020600448016004490A60044A136010BD71
:101E00004C2E0020482E00203C2E0020382E002092
:101E100010B5044C20600448016004490A60044A7B
:101E2000136010BD442E0020402E0020342E0020D0
:101E3000302E0020024B034A1B681168184700BF70
:101E4000442E0020402E0020024B034A1B681168DC
:101E5000184700BF4C2E0020482E0020024B034A9A
:101E60001B681168184700BF342E0020302E002058
:101E7000024B034A1B681168184700BF3C2E002024
:101E8000382E0020022808B50AD0032803D00128E4
:101E90000BD0002008BD0648BDE8084007F076BE1C
:101EA000044807F073FE0028F4D10348F4E700BFAC
:101EB000142E0020F42C0020982A0020014610B592
:101EC0000446094807F049FE214620B10648BDE80E
:101ED000104007F095BE054807F03FFE214608B1C7
:101EE0000248F4E70248F2E7F42C0020982A002088
:101EF000142E00200020704707B50E4B00934FF4BE
:101F000082720D4B0D48012107F0CAFD0C4B009366
:101F100046220C4B0C48082107F0C2FD0B4B0093E6
:101F200046220B4B0B48082107F0BAFD03B05DF8C1
:101F300004FB00BF025E0200102D0020142E0020C2
:101F4000175E0200B42A0020F42C00202F5E02004D
:101F500058280020982A002010B50446236803B9A9
:101F600010BDA3F110005B68236003B9646007F043
:101F700046FAF3E7024A136801331360EEF7FEBC3A
:101F8000B81A0020024A1368013B1360EEF7FCBC4C
:101F9000B81A0020002003F05BBD06F00DBD000064
:101FA0002DE9F843174D05F14C09EC6C0CB9BDE86F
:101FB000F8836368EB64A4F110070BB9C5F850907F
:101FC00054F8100C08F062F8064654F8100C023071
:101FD00008F05CF804218046384607F0CAFA2288E7
:101FE000424505D106F44053B3F5805F00D81AB9D5
:101FF000384607F004FAD8E73146384602F0BAF816
:10200000D3E700BF602E0020F8B51A4D05F1380760
:10201000AC6B04B9F8BDFFF7ADFFAB6B5B68AB63AE
:10202000A4F1100603B9EF63FFF7ACFF54F8101CDE
:102030002389087803F00703013B04F1080200F04C
:102040000F00032B0AD8DFE803F0070D1102114639
:10205000304601F097FEDBE705F0A2FE304607F0C0
:10206000CEF9D5E7314604F0EBFDF7E701F0B6FB1A
:10207000F4E700BF602E002008B5012006F086FCC2
:1020800028B1BDE8084002483321F6F75DB808BD25
:10209000CC2E0020F8B51021054607F09AF9044629
:1020A00010B900242046F8BD836805821E880368A5
:1020B000043326F0030603604379B6B2F31A043BF7
:1020C000ED1A0746002DEDDD0021A8B207F060F9FA
:1020D00018B9204607F093F9E3E7F860AD1B07460F
:1020E000F0E70346084631B1587900F0C000A0F18E
:1020F000400358425841704739B1407900F0C00060
:10210000A0F1C00358425841704701207047034670
:10211000084639B15879800903D0431E58425841C6
:10212000704702207047421E431D12F8010F10B97C
:102130009A42FAD1704701207047000010B501465D
:10214000421E0023043012F8014F234482429BB206
:10215000F9D14A7902F03F04234498B298B140F291
:102160003A5398421BD002F0C002C02A15D0402A30
:102170000AD1CB780A799818201804D040F23D2370
:10218000C01A18BF012010BD4AB90648062210F037
:10219000E7FD003818BF0120F5E70120F3E7002034
:1021A000F1E700BF562E0020032809D8DFE800F031
:1021B000020502050348FFF7B6BF0846FFF7BEBF9A
:1021C00000207047562E0020052970B5054616469A
:1021D00002D81224204670BD0D4B1B680BB10C2495
:1021E000F8E704F06FFF04460028F8D156B12846FE
:1021F000FFF7A4FF0028ECD006222946054811F07D
:1022000037FDE7E705F0B6FE0028F0D0E7E700BFAE
:10221000AC300020502E002010B5074B0C46014674
:1022200006480622002C18BF184610F099FDB0FA97
:1022300080F0400910BD00BF502E0020562E002017
:10224000034A044B002814BF10461846704700BFCD
:10225000502E0020562E002038B508F0B7FD0F4B49
:1022600005461C7A08F0B8FDB5B9631E032B13D8D8
:10227000DFE803F0020A0E06BDE8384005F05CBE58
:10228000BDE8384001F058B8BDE8384004F0ACBCB7
:10229000BDE8384001F057B838BD00BF602E0020BF
:1022A00000234361064BDA6B00F11001143011601A
:1022B000D86303F12C0103F11000F5F70DBE00BF48
:1022C000602E002038B504460A4DFFF753FE002368
:1022D00063612B6D04F110021A6014342C65FFF752
:1022E00051FE05F1400105F11000BDE83840F5F759
:1022F000F3BD00BF602E002010B5134B00781B7A91
:10230000013B144600F00F00032B19D8DFE803F05F
:102310000A130E0208F054FD01462046BDE81040A5
:1023200001F004BDBDE8104005F0B8BD2146BDE890
:10233000104001F0DDBA2146BDE8104004F06CBA4F
:102340004FF0FF3010BD00BF602E0020F8B50B88A5
:10235000077890F801C003F08004C3F3C01603F0BF
:102360000703042B05460A4607F00F0703D1BDE813
:10237000F84001F081BD002C58D0082F4DD8DFE87F
:1023800007F00A050A050A2D0A303000BCF10C04DA
:1023900018BF012405E0ACF106041F2C94BF0024F3
:1023A0000124022B21D0032B31D0012B3BD1D4B9F6
:1023B0000CF10200FFF76EFE044618B101462846F4
:1023C00008F0F0F832462146384605F02FFC054665
:1023D00014B12046FFF764FF2846F8BDBCF1220483
:1023E000D6E70024DDE70024ECE774B90CF1020025
:1023F000FFF750FE044618B10146284608F0D2F80F
:102400003146204604F046FAE1E70024F8E7314679
:102410002846BDE8F84001F079BA022BF5D0032B2D
:10242000F5D0012BDFD04FF0FF35D5E7022BDDD003
:10243000032BECD0012BBBD0F5E738B50C46034697
:10244000154620468A7E497E07F067F8E37E2B70AA
:10245000A07E38BD10B508F01DF9002008F01EFA66
:102460000023084A0848094C1946FFF7D1FC03F03D
:1024700073F94FF0FF312046F5F708FD43689847A0
:10248000F7E700BF3D5801001D580100702E0020E5
:10249000014B1872704700BF602E0020014B187A64
:1024A000704700BF602E002001460148F5F714BDBB
:1024B000702E00204FF0FF3040F2FF3170470000D7
:1024C000014BD3E900017047602E002038B5FFF7BB
:1024D00051FD044608F024FA06F032F904F014FE27
:1024E00006F042FB2046124CFFF74CFD05F030FD94
:1024F0002046FFF731FD0025A4F11400FFF72CFD65
:1025000024F8405C01F03EFF03F09EF906F01EF94E
:1025100029460622074804F8445C10F04BFC04F0FE
:1025200059FE06F09FFEBDE8384008F0B3B800BF82
:10253000AC2E0020502E00200A30C0007047000052
:102540000F4B33F81130834217D8C01A032912D821
:10255000DFE801F00E02080BC0F3CF001B2838BFE4
:102560001B207047C0F38F00F8E7C0F38F10F5E72A
:10257000C0F30F10F2E70020F0E71B20704700BF08
:10258000B49D020030B585B0002340480293062276
:1025900002A9CDF80B3010F0E3FB0446A0B902907D
:1025A0000090ADF80400CDF80B00062202A96846A1
:1025B00010F0D6FB002860D00294ADF80C40062243
:1025C00002A9324811F054FB314C06F0ADFA182341
:1025D00063720022FF230421202063810AF0CEFFD2
:1025E0002346002543F84C5F23652346206143F8CA
:1025F000385F29460C2204F12C00E36310F0DAFB6B
:10260000244B29460C2204F14000C4E90C3510F09B
:10261000D1FB214B29460C2204F15400C4E91135A9
:1026200010F0C8FB1D4B29460C2204F16000C4E9E0
:10263000163510F0BFFB1A4B1A4A04F1100104F1D1
:102640006C00C4E919352B46F5F756FD03F0FCF88C
:1026500006F07CF805F096FC04F07AFD01F0EAFE45
:1026600006F0E6FD44F2DF020023C4E9002300F097
:10267000BFF800F0B1F805B030BD02A807F068FD62
:102680000028A1D106220DF109019AE7562E00205B
:10269000602E002009200100A11F01009B1F0100E6
:1026A000951F01007920010070B5124D2B68013390
:1026B0002B600646EEF762F90F4B1A7A1F2A044682
:1026C00014D81A7A0D490132D2B21A721A681670E9
:1026D0001A688A420CBF1F3A01321A602B68013B0C
:1026E0002B602046BDE87040EEF74EB907F0CEFDF6
:1026F000F4E700BFB81A0020082F0020052F0020A3
:10270000F8B506460C46002934D01B4F1B4D3B68DC
:1027100001333B60EEF732F92B7A2A7ADFF860E07A
:10272000A34228BF2346D21AD2B2E41A2A72E4B2D4
:1027300006F1FF3C1A467AB91E443B68013B3B60F8
:10274000EEF722F907F082FDA4B12B7AA342DED284
:102750002B7A1F2BF9D9DAE7696809780CF8011F81
:102760006968714514BF0131AEF11F01013A69601A
:10277000D2B2E0E70020F8BDB81A0020082F0020F0
:10278000052F002008B5074B1A782AB10022064809
:102790001A700621FFF7B4FFBDE80840024811F0A7
:1027A0007DBA00BF6C000020E02E002038B5044642
:1027B00040F2FD2503212046FFF7A2FF2278617831
:1027C000A3780A449A18F5D0AA42F3D003F03F0345
:1027D00043F04003A37038BD08B5044B1B7A1F2B90
:1027E00001D807F033FD002008BD00BF082F0020EE
:1027F00008B5054A054B06480121C3E9002207F048
:1028000003FD002008BD00BFE62E0020082F002099
:10281000A926010008B508F083F80020FFF738FE6C
:10282000014B00221A6008BDA830002010B50446F4
:10283000FFF7F0FF2CB104F19C00BDE81040FFF75A
:1028400033BE10BD827822F002028270FFF7EEBF25
:10285000827842F002028270FFF7E8BFFFF7E6BF1E
:102860000320FFF715BE0020FFF712BE07B58378DF
:1028700043F002038370C379013B18BF0123009327
:1028800000F58C7200F5A0730021D0F8080107F064
:1028900099FF03B05DF804FB837823F00203837093
:1028A00007F0BEBFC279D0F80801013A18BF012273
:1028B000002107F0ADBF38B5058B0446012128463D
:1028C000FFF73EFE022160772846FFF739FE03211D
:1028D000A0772846FFF734FE0021E0772846FFF76F
:1028E0002FFE207738BD000013B5C36F446F90F8FA
:1028F00079201C440A4B1B78E41A90F87830134472
:102900001E2B01A8C8BF013405F008FF28B1019BA8
:102910001A1B34EA220428BF1C46204602B010BD10
:102920005033002070B5B0F8684040F2E2435C4399
:102930000546204606F0B6FC064606F0B9FC231A0A
:10294000DBB21F2B04BF0136002385F87930EE6718
:1029500070BD0000024A136801331360EEF70EB831
:10296000B81A0020024A1368013B1360EEF70CB856
:10297000B81A0020F8B504460D46174604F0B8FB17
:1029800006220646411C204611F072F90622A018C4
:10299000F11D11F06DF9696D04F10C0007F05FFB9A
:1029A000AB6D2374AB6D1B0A6374B5F85A30A37416
:1029B00095F83A30E374B5F8721004F1140007F09A
:1029C0004AFBB5F8681004F1160007F044FBB5F8AF
:1029D0006A1004F1180007F03EFBB5F86C1004F122
:1029E0001A0007F038FB052205F1200104F11C0054
:1029F00011F03EF995F8392095F82E3043EA42134C
:102A000084F8213033783B702220F8BD10B58378EC
:102A1000DB0704460BD505F04FFF20B1062203214A
:102A2000204602F0D5FBA37823F00103A37063785E
:102A300099070FD5B4F84830DA070CD500212046A5
:102A400002F0A7F80021204605F0DDFE637823F0B0
:102A50000203637010BD5B06F4D50621204602F028
:102A600098F894F83710EEE72DE9F04F077817F053
:102A700004078FB004466DD0637843F02003637081
:102A8000002635464FF0010B37466278910608D58F
:102A900000220EAB0493ADF828208DF82A200AAE50
:102AA00004AD94F832200AB14BF0080B784294F848
:102AB000333000F010004BEA000013B140F0040086
:102AC000C0B2F07023785A0700F14781E379022BF6
:102AD00000F02F814FF000084FF00209F37803F067
:102AE0000303032B40F073812B681B78062B40F007
:102AF0003981A37843F00203A370012384F80131E4
:102B0000E37903F1FF3CDCF1000343EB0C0300939A
:102B1000D4F8040104F5A07304F58C72002107F0C9
:102B200051FE2146404607F091FEB4484A462946E8
:102B300008F0CEF858B9637867F386139906637086
:102B400005D523785A0702D543F0080323700FB048
:102B5000BDE8F08FD0E92A5A002D40F0A98090F806
:102B600001B01BF02003029342D090F80031022BF9
:102B700000F2C7802E460295A946A8464FF0010BE9
:102B8000BAF1000F07D1029B03EB09024245BFF6E1
:102B90007CAF4FF0000A2046FFF7A6FE029B03EB36
:102BA00009024245074680F2BD80A8EB0900C01A21
:102BB000C0B20121B4F81AA0FFF7BEFC0121804683
:102BC0004846FFF7B9FCE279012A08BF628B0AF593
:102BD000E17AC24408BF9632504408BF801806F01C
:102BE00061FB804606F05AFB4044C71BFF0F4CE7D1
:102BF000BAF1000F3FF440AF90F80021DAF804304A
:102C00000393022AAAF1100517D9C379012B03D027
:102C1000032A12D0022B10D1504601F041FE064685
:102C200038B9637843F02003637007464FF0010B17
:102C30002BE7039BFBB900230393D4F8AC305B680C
:102C4000C4F8AC301BB904F1AC03C4F8B0309AF846
:102C50000B30564603F00303032B36F8088B18D1CC
:102C60005FFA88F99AF80BB08AF80A90DDF80CA0A0
:102C7000C4F8A85084E7039801F012FE0028DCD1C4
:102C8000E379012BD7D0284601F017FE0028D2D0D7
:102C9000D3E7208B0121FFF753FC94F80E90C14538
:102CA00028BFC146814528BF81465FFA89F9D9E727
:102CB0006B7EB5F8108095F81A90029305F118060E
:102CC000E3B9EB7E03F0030B94F80021022A7FF6B0
:102CD00057AFBAF1000F3FF456AF504601F0E0FD98
:102CE00050B9E279012A3FF44EAFD4F8A80001F0C0
:102CF000E4FD00283FF447AF4F4611E04FF0010BD1
:102D0000E2E7BAF1000F3FF4BBAE504601F0C8FD58
:102D100000283FF4B5AE2E460295A8464FF0010BB1
:102D2000B94638E7BAF80020A07B824298BFD0B2FB
:102D30003FE7002F7FF4CEAE94F83430002B7FF4C1
:102D4000C9AE94F83630DB063FF5C4AE2B6819786F
:102D500001F09BFE00287FF4BDAEDFF8B8804FF095
:102D60000009BBE6052B10D1A37823F00203A37062
:102D70000823A4F8003107F053FD214A214BB8F194
:102D8000000F14BF90469846CBE60B2B1FD1E3797A
:102D9000022BA37812D143F00203A3700021012378
:102DA00084F80131009104F5A07304F58C72D4F815
:102DB000040107F007FD144A144BE0E723F0020377
:102DC000A3700623A4F8003107F02AFDA9E6A37832
:102DD0009E077FF5A6AEE2790123D01A4242424116
:102DE00084F80131D4F80401002107F011FD084BEB
:102DF000B8F1000F08BF984693E600BF3B240100DE
:102E0000512801006D280100452801009928010082
:102E1000A52801005D2801002DE9F341C4683B4E5F
:102E2000A379346005463BB92046FFF7FFFC012536
:102E3000284602B0BDE8F08104F02DFA0420FFF727
:102E400027FBD4E9151294F82F00314F07F03AFD13
:102E500007F0DCFF94F80780B8F1010F21D1387832
:102E60006B68A978184407F01DFF014600283FD180
:102E7000A3789A0712D5D4F80401CDF8008004F5A0
:102E8000A07304F58C7207F09DFC2046FFF7ECFD63
:102E900070BB002506F002FA6066C9E707F0C0FCC7
:102EA000F3E7A3789B0720D50123D4F8080100930A
:102EB00004F58C7204F5A073002107F083FC3878C8
:102EC0006B68A978184407F0B5FE014680B92378ED
:102ED000D4F8842043F020032370D4F888303D32A6
:102EE00002EB430207F09CFBD3E707F099FCE6E70F
:102EF00004F19C00FFF7D8FA07F012FD0020FFF75D
:102F0000C7FA002333600125C4E700BFA8300020C2
:102F100050330020406E4B6EC01AC00F7047000047
:102F2000034B1B680BB906F0B9B9D86D704700BFE9
:102F3000A8300020012805D103488379002B08BF61
:102F40000020704700207047202F0020044B186895
:102F500020B1D0F8B4201A6002B95B60704700BF9E
:102F6000142F00202DE9F0418378DB0604460D463E
:102F70000AD590F83120818D00F12003BDE8F041A1
:102F8000B0F84A0003F02EBA90F82F00012704F1A0
:102F900020060DB9BDE8F08194F8303094F82E2069
:102FA0001344D8B2252884BF2538C0B2C0F3C70265
:102FB000224484F8300092F8202000F0070307FA3A
:102FC00003F3134209D194F83130B0FBF3F203FB61
:102FD00012003146C0B203F0CFF9013DADB2D8E7DF
:102FE000F8B50446FFF712FD94F83C3033B194F97C
:102FF0000030002B02DB204601F051FD94F9003037
:103000002278002B05DAE379022B04BF0023A4F811
:103010006A30B4F86860216840F2E2435E4303F529
:10302000800303F62E430B40102B40F0BB80D007EB
:1030300040F1B880B4F86A500135ADB26E43B4F8CF
:103040004A30012D2B44A4F84A3040F0AD80636F24
:10305000E26F94F878001344636794F87930184469
:10306000C0B21E2884F8780005D9636F1F38013379
:10307000636784F878006378D90762D5B4F84A208A
:10308000B4F868319A425CD1E379012B17D0022B56
:1030900003D1B4F848305A0611D4B4F86820B4F813
:1030A00062319A420BD1B4F86A20B4F864319A4282
:1030B00005D1B4F86C20B4F866319A4203D0637835
:1030C00043F002036370B4F86631A4F86C30B4F8CE
:1030D0006431A4F86A3094F85E3184F83A3040F2F2
:1030E000E2477B43C4F88430B4F86031A4F872300E
:1030F000B4F86231A4F868302046FFF713FCB4F846
:103100006061BEB17E43304606F0CCF8636F034485
:10311000636706F0CDF8361A94F878003044C0B2F0
:103120001E2884F8780005D9636F1F380133636760
:1031300084F87800636FC4F88C30637823F001035F
:1031400063706378DB061BD5638DB4F84A209B1A45
:103150001BB2002B14DC04F12506304603F029F9DC
:10316000314684F83100052204F1200010F080FD82
:10317000637823F0100363700121204601F009FDFC
:1031800029462046FFF7EEFE94F9003084F82F0020
:10319000002B606F15DA236E1B1A002B11DC4FF029
:1031A000FF30F8BD01254AE7304606F07BF8636F33
:1031B0000344636706F07CF8361A94F878003044CC
:1031C0004EE7E379022B1ED194F83920D4F8801011
:1031D00003F03CF9B4F8683040F271225343963B57
:1031E0009842DCD2D4F884301030C4F888001844F7
:1031F00006F058F8A430054B1A78636F9B1A034405
:10320000E3650020CDE7A420F5E700BF50330020A0
:1032100070B5012383710378044623F00103037022
:103220000D4606F03BF8E3796066022BC4F88C008B
:1032300044D1AB68C4F88030E868B4F87230A9793A
:1032400040F2E24202FB03062220FFF775F9AB7859
:103250003044242B00F2E24605D895F90530022BC4
:103260003CDC002B3FDC304606F01CF8AB68034426
:10327000636706F01DF8361AF6B21F2E84F87860E0
:1032800005D1636F01336367002384F8783094F8C5
:103290003A00666F40F2E2435843C4F8840006F0F7
:1032A00001F8A53606441023E665C4F888302046A8
:1032B00005F040F8D0B9E379022B1ED01249002363
:1032C0000A680B602046194602F00FFB204605F005
:1032D00086FB0321204601F0FAFB12E0032BC2D14A
:1032E00000F6A666BFE700F6C416BCE72046FFF767
:1032F00077FE0028DBD0002004E02946204604F0B9
:10330000F5FD012070BD00BFC830002010B5044697
:1033100069B1837843F010038370436D83EA1343EC
:1033200083850021FFF71EFE84F82F0010BD80F872
:1033300030100121F6E70000014B1868FFF776BA5C
:10334000A830002070477047B0F852300A2253432B
:1033500093404FF47A71E830B3FBF1F1F4F7F4BE27
:1033600010B58468204602F0E5FB2046072101F0F5
:10337000AEFB2046BDE81040FFF7E6BF38B501239D
:10338000C371022380F83A300023A0F8723004237E
:1033900080F8393004460D46FFF7F4F920490C2334
:1033A000B0FBF3F202FB130005304B7984F83130A7
:1033B000052284F82E0004F1200010F059FC02F0E0
:1033C0007DFF6065FFF7DEF9164BC4F8DC3020F0B6
:1033D0007F40A0656B8AA4F86A30AB8AA4F86C3091
:1033E0002B7B84F891302B7943B90622A91804F17C
:1033F000930010F03DFC6B7984F89230298AA4F890
:103400006810EB8A4A00B3EB410FC8BF93B2A4F82F
:103410006E302B8B9A42B8BF93B2A4F8703038BD8F
:10342000B0300020192E010038B5002522230446B3
:1034300080F83F300560A0F84A50857185870722E3
:10344000294640300FF0B6FC4FF67F732381FF23EF
:10345000294684F83B300C2284F83E50A4F84E50A4
:10346000A4F8505084F8375084F89050A4F848508D
:10347000A4F8505104F19C000FF09CFC214BC4E9CE
:1034800028342346204643F8AC5FC4F8B0304FF4EC
:103490008073A3861C4BC4F8A8501A7AA272DA79FA
:1034A000E2729A8922829B8A6382184B6586C4E9FC
:1034B00005334FF01B33E360A4F84C50FFF7FBF9E2
:1034C0005022294604F580700FF074FC012384F823
:1034D000003140F6B833A4F85230A3780C4A0D49B5
:1034E00043F00803A37004F1E8002346F4F704FE58
:1034F0002046FFF717FA084B1A68C4F8B4201C607E
:1035000038BD00BF99360100B030002048014801A5
:1035100061330100702E00201C2F002010B5438A5B
:10352000828AC18A934228BF1346428B9A42028AFA
:1035300016BF4383002301238A4228BF0A46018B1A
:103540009142044603D00283FFF7B5F90123E27AE2
:10355000217B8A4228BF0A46E17B914218BFE27371
:10356000617BA27A18BF01238A4228BF0A46A17B49
:10357000914205D0A2732046BDE8104005F0FAB88C
:10358000002BF8D110BD0000F7B50446CC300D4635
:1035900005F090F8FFF7DEF93B4B1B68A3420646A7
:1035A00001D1FFF737F930464FF0FF36FFF7DAF970
:1035B000002300961A460321D4F8B8000AF0B8FF99
:1035C000002300961A46D4F8E80003210AF0B0FF61
:1035D0002E4A1368A3421AD1D4F8B4301360D4F839
:1035E000A80020B105F00BFF0023C4F8A83004F1B7
:1035F000AC07D4F8AC60A6B17368C4F8AC300BB9B2
:10360000C4F8B070A6F1100005F0F9FEF1E71A4613
:10361000D3F8B430A342FAD1D4F8B430C2F8B430FD
:10362000DDE71B4804F19C01F4F790FCE378A671F8
:1036300003F01803182B07D13146204605F061F935
:10364000E37866F30413E370E378DA0607D52946D6
:10365000204605F056F9E37823F01003E37045B1F6
:10366000022D02D123785B0703D52946204602F0BC
:1036700076FA0023C4F8B430064B5A681460B434A8
:103680005C6003B0F0BD00BFA83000201C2F0020FC
:10369000702E0020142F002038B5044605F0B2FA31
:1036A000A468A07928B9FEF7F3FEBDE8384003F01E
:1036B0005FBA03F05DFA237813F002051BD103F023
:1036C0000C030C2B09D194F83D10002908BF1321DD
:1036D0002046BDE83840FFF757BF284804F19C0159
:1036E000F4F734FC2378DB0748BFC4F88450204645
:1036F000FFF776FC08B11621EAE7237884F8340056
:1037000060F300032370204601F010FA1C4BC4F84C
:10371000DC30204604F0CAFCC8B9A379012B0BBFEA
:10372000B4F86800B4F86C0041F64C5342F21073E0
:103730000BBF584358433E25082505F0B3FD636F82
:10374000D4F88C209B1A834207D32946C0E7204631
:10375000FFF746FC0028DCD0CDE7204602F078F9E0
:10376000E37803F01803182B07D10021204605F059
:10377000C8F8E37823F01003E37038BD702E002002
:10378000192E010038B505460C4649B9064807F020
:103790005DF8224629460548BDE8384007F098BA4A
:1037A00003480021F3E700BF6728010075290100E5
:1037B0006128010010B5084C0020FEF769FE23685F
:1037C0004BB11A7822F001021A7020689C30FEF783
:1037D0006BFE0023236010BDA83000202DE9F041CE
:1037E000414F88B03C684FF0FF330D4616460793B3
:1037F000002C5BD013881B0673D594F90130002B85
:103800006FDA07AB03930DF11303029306AB019339
:103810000DF11203009305AB03F01EF8002860D1F0
:1038200094F90920002A44DB362000FB02F32F49DB
:10383000CB5C0233DBB200FB021184F8923006222B
:10384000243104F193008DF8123010F011FA05982C
:1038500003F046FC94F90900A91C05F071FC9DF8E1
:1038600013100698FEF73DFC20B1069994F9090063
:1038700005F07CFC4FF000084046C7F8008002F0DD
:103880008FFFB378242B25D8A37843F01003A370BF
:10389000636D83EA1343A38541462046FFF762FB2D
:1038A00084F82F0000212046FFF7B2FC08B0BDE8E5
:1038B000F081DDF8148003F01FFC0028DAD09DF8B9
:1038C000123084F892300622414604F1930010F041
:1038D000CFF9CFE729782046C1F34011FFF716FD55
:1038E000E0E703F045F9E1E7AC300020AC3300201D
:1038F000054A0346106830B1012B03D9083B5842F2
:103900005841704701207047AC3000202DE9F04F3E
:1039100000238DB0CDE90933B04B04901C684FF003
:10392000FF3517460B951CB90020FEF7B1FD35E0B9
:10393000049B1D785B780593A9B10BAB03930DF144
:10394000230302930AAB019305F00F050DF1220347
:103950000093049909AB284602F07EFF804610B917
:103960007DB3012D1ED04FF0FF3505980230FEF7D4
:1039700091FB0646002840F0A78194F90130002B06
:1039800009DA2368204623F0806323F4004340F8DB
:10399000CC3B04F08FFE07F069F9002528460DB0F6
:1039A000BDE8F08F9DF823100A98FEF79AFB10F0FF
:1039B000FF0607D19DF823100A98FEF72DFC00287A
:1039C000D1D00026DDF824909DF822B003F094FBBE
:1039D0009DF8221082460998FEF783FB002860D0EC
:1039E00005F020FC00285CD006F0A2FC051E2EDBB2
:1039F0003B88DFF8EC810A9843F480633B803623F0
:103A00006B4308EB03026572517818F803B003F1B9
:103A100024093143C14406D110B19378002BA2D1BF
:103A20004FF001084FE00028FAD0002EF8D0191D01
:103A30004144069305F0C7FB002894D0069B0A98E2
:103A400003F12A010622414410F012F9E8E7BAF125
:103A5000000F88D10A9B0BB1002E84D15F4B9DF8DB
:103A60002290D3F80080DDF824A0B8F1000F3FF4D5
:103A70007AAF98F89230022B00F0D88040F29E8006
:103A8000032B7FF470AF002DFFF66DAF4FF0360AB9
:103A9000534B0AFB05FA13F80A20012A7FF463AF9F
:103AA000D1E00A9B002B76D0002E59D19DF8221030
:103AB000099805F0C5F90546002856D1002E7FF477
:103AC00052AF4FF0FF35BAF1000FC7D0424659460A
:103AD000484603F097FB00283FF445AF3B88059A22
:103AE00043F040033B803946204604F091FB002818
:103AF0007FF439AF03F0FCFABA789DF82210DDF8B4
:103B000024909DF823B00A9B242A80468CBF252749
:103B1000052709B147F0800708F1010A002B00F0E2
:103B2000968006221946504610F0A2F8BBF1000F0D
:103B300001D047F040070622494608F1070010F07F
:103B400097F888F8007000212046FFF71BFE054615
:103B5000002800F0AE8004F1CC0004F0ABFD04E7D7
:103B600005F060FB0028A1D1FDE636B94378002BB3
:103B7000A7D18378002BA4D0F5E6011D0A9805F0A3
:103B800022FB00283FF4EFAE0A98062205F12A0135
:103B900010F06EF895E79DF822100998FEF7A1FA4B
:103BA00000288ED19DF82210099805F049F90028C7
:103BB00087D04378002B84D1C378DBE74946504651
:103BC000FEF79AFA70B9002D98F892201BDA914509
:103BD0007FF4C9AEBAF1000F1ED1C4E6AC300020AC
:103BE000AC33002005F01EFB0028ECD049465046BF
:103BF00005F026F90028E6D04378002BE3D1C378FE
:103C0000002BE0D0AFE6362335496B43C85C9042C9
:103C1000DDD1243303EB010A062208F1930150465B
:103C20000FF09EF800287FF49EAE57E7002DFFF6B8
:103C30009AAE4FF0360A2A4B0AFB05FA13F80A200F
:103C4000002A7FF490AE0AF1240A9A44E4E7254B57
:103C5000D3F800B09BF89130DA074CBF224A234AD0
:103C6000069248BF47F04007012B19D948460791F3
:103C7000FEF737FA079970B1002D11DB184836238B
:103C800003FB050083785BB15246012147F04007F2
:103C900005F040FA4FE7484605F0D2F80028F1D188
:103CA0000699062250460FF0E3FF01238BF890306F
:103CB00041E70A9B1BB116B9012384F89030637861
:103CC00043F08003637050E60146049806F06AFCF6
:103CD0003046FEF7E5FA002D3FF460AE24E600BF63
:103CE000AC330020AC300020502E0020562E002097
:103CF000F8B504460D46FEF72DFE0B4B1B68A3429C
:103D000006460ED1FEF786FD01273046FEF72AFE55
:103D10000FB102F02DFF29462046BDE8F840FFF71D
:103D200033BC0027F1E700BFA830002038B5144DA0
:103D30002C680CB9012038BD636D8B420BD000207C
:103D4000FEF7A6FB04F19C00FEF7AEFB00232B6000
:103D50004FF0FF30EFE7A388C3702378022243F0CF
:103D60000103A2719A062370E4D523F02003237087
:103D70008368C4F880306367C36884F87830D9E713
:103D8000A83000202DE9F8430546C878FFF7D2F89F
:103D90000F460446E8B1FEF739FE2B681E7893F80B
:103DA000018016F0030914D0B8F1000F02D1B9F167
:103DB000010F0ED194F80031052B0FD9E379012BB7
:103DC0000ED1284600F061FD98BB3D212046FFF74B
:103DD0008FFF2846BDE8F84305F011BB022B28D918
:103DE000E379022BEDD097F904302372E379022BAB
:103DF00005D1720742BF237843F01003237094F873
:103E0000353006F00806B342E3D0B9F1010F84F86B
:103E1000356002D1B8F1000FDBD03B889B06D4D4CB
:103E2000B9F1030F13D129462046BDE8F84300F04D
:103E3000D1BE94F80031022BD5D1A3781907D2D581
:103E4000B8F1000FCFD02046FFF77EFACBE7022172
:103E5000284605F06EFC2E68A188304641EA0931FB
:103E600006F0F9F8B01C414606F0F5F82846BDE822
:103E7000F843FDF7FDBF00002DE9F04F0D88984B8A
:103E800090F800801C6890F8019015F0800585B0CE
:103E900007460E4604D009F10200FEF7FBF805467E
:103EA000F4B1B368D6F80CB0019301214846FEF78F
:103EB00043FB0BEB0003029333881A0613D494F8E8
:103EC00034300133DBB2012B84F8343008D8E37985
:103ED000012B40F0E580637813F0400F40F0E7805D
:103EE0004FF0FF3684E00026029884F8346005F035
:103EF000D9F9019B18F0030B1844C4F88C00EFD0DB
:103F0000BBF1030F84F8368006BFBB7800930096A0
:103F100094F833301DB118F0080F18D0CBB962787F
:103F200094F8323012F0200208F0040002D1D4F8E4
:103F3000A81029B310B31BBB83F0010384F83230FF
:103F4000002A38D0637823F02003637018E0002B38
:103F5000E5D183F0010384F83330A3789B07DED5E5
:103F60003B7803F00303012B02D17B78002BD6D0E2
:103F7000D4F808310133C4F80831D0E7002BDBD185
:103F8000BBF1030F0CD1009B022B09D1B9F1020F39
:103F900006D1237843F004032370FB7884F83D3086
:103FA000E379012B7CD1637808F0100803F040031B
:103FB00053EA080392E7D4F8A8A0BAF1000FDFD0C3
:103FC00094F8012122B1D4F804210132C4F804216B
:103FD0009AF81B2002F00302032A19D10022C4F828
:103FE000A8202146504601F016F906460028C7D001
:103FF0003DB13846294606F0D5FA2846FEF750F975
:1040000016B12046FEF712FC304605B0BDE8F08F31
:104010009AF819209AF81A10BAF810600A44D2B225
:10402000B2428AF8192014D361B1B4F84C2001329D
:1040300092B2022AA4F84C2004D92A49A1F15000D6
:10404000F3F74AFF504605F0DAF90023C4F8A83028
:1040500096E7208B03920121FEF772FA039AB61AB3
:10406000A27BF6B2964228BF1646864228BF064675
:104070008AF81A6084E702F1100026E00121FEF7B9
:104080005BFA668B029B06F596761E44019B814681
:10409000A8EB030005F00CF94E44B0427FF620AFC8
:1040A0002046FEF7E1FC0646002DA2D1A8E72046F7
:1040B000FEF71AFCD4F8A8208046002ADBD1D4F8F9
:1040C000AC000028DAD0A0F110020388527EA07B59
:1040D0009B1ADBB298424FF0010128BF1846CEE789
:1040E000A8300020C02E0020F8B5032A4FF00004AD
:1040F00004BFCB800B820C83CA760D4690F800116A
:104100000229064617D902F00302032A13D12B68AD
:104110001B78112B0FD81648012404FA03F202422F
:1041200009D112F0180418D10B2B04D1F479012C09
:1041300014BF0024012405F11007FEF70BFC74B135
:10414000D6F8AC306B6113B91435C6F8B050C6F868
:10415000AC70BDE8F840FEF705BC0629E8E745F875
:10416000144FD6F8B0301F60C6F8B050F1E700BF6A
:104170006420020010B50446C1F30B00FEF7DAFE1E
:1041800058B111F4405FD3B2214618BF0122BDE8F7
:10419000104008BF0222FFF7A7BF2046BDE810402D
:1041A00005F02DB970B50D4C0646052220460D468A
:1041B0000EF0D6FD40B120460522294666710FF06B
:1041C00057FD074B1C6804B970BDE179012902D184
:1041D000204600F07CFCD4F8B440F4E7B030002076
:1041E0001C2F00202DE9F84F634E346805468946A0
:1041F0001746984600F1020B002C40F09C80FEF719
:10420000A5FE0446002800F0A58005F10E0005F08B
:104210003FFF6065B5F81320AB7C43EA0223A3653A
:104220006B7D84F83A3005F1160005F02FFFA4F8F5
:10423000720005F1180005F029FFA4F8680005F1E7
:104240001A0005F023FFA4F86A0005F11C0005F030
:104250001DFF04F1200AA4F86C00052205F11E01DF
:1042600050460FF005FD95F82330B4F8722003F0A6
:104270001F0384F82E3095F823305B0984F8393019
:10428000B4F868309A424DD89A1F92B240F67A41FB
:104290008A4247D894F83A10002943D0B4F86A20EB
:1042A000B2F5FA7F3ED2B4F86C0042F2107C0CFBFF
:1042B00000F002FB033240F6C41C0CFB02F29042F9
:1042C00030D9013B082BA8BF082399422AD80622DF
:1042D000594604F193000FF0CBFC84F892905046BD
:1042E00002F067F8012884F831001BD90223E3713A
:1042F0002046FFF799F8B8F1000F33D12978C1F3C0
:1043000040112046FFF702F81C4BC4F8DC30394658
:104310002046FEF77DFFF0B93368D4F8B420A342FD
:1043200022D132600023C4F8B430154B5A681460AF
:10433000B4345C600EE00622594604F193000EF09E
:104340000FFD60B92A7894F89230520603F0010309
:1043500003D523B10020BDE8F88F002BFAD0D4F8A4
:10436000B44049E70121CCE71946D3F8B430A34261
:10437000FAD1C1F8B420D5E71C2F0020192E010076
:10438000142F002070B5264B186818B10021196051
:10439000FFF7FAF8234C206818B1FDF78FFD0023D2
:1043A0002360214B214C00221A60206818B10021A3
:1043B000FFF7EAF8F9E706F017FDFB2828BFFB2016
:1043C000C5B22E1D1A4CF6B201213046E571FEF73A
:1043D000B3F80121A0823046A571FEF7ADF80121A6
:1043E000608230462572FEF7A7F80121A081304691
:1043F000FEF7A2F80321E0813046FEF79DF81B236B
:1044000063724FF4A4732082638104222523FF2169
:10441000204663710EF0CEFC1F23237170BD00BFD8
:10442000A8300020C8300020AC3000201C2F002015
:10443000B030002070B50F4C0F4D104B00263146A8
:1044400020464FF4C4721E60C5E900650EF0B2FC50
:104450000123A3806B68C4F8B4601C6004F1B4034A
:104460006B60032384F8CC30C4F8D840BDE87040BA
:10447000FFF788BF202F0020142F00201C2F0020C2
:10448000012808D003280AD1112A08D80548D040AD
:1044900000F001007047B1FA81F040097047002038
:1044A000704700BF7C2C020080682221FFF720BCEF
:1044B0002DE9F84305460C4601F1020901F1040813
:1044C0008F1D1646002A3DD01188204605F0C3FDF9
:1044D0007188484605F0BFFDB188404605F0BBFD38
:1044E000F188384605F0B7FD00232372B5F84A106D
:1044F00004F1090005F0AFFD04F10B004FF6FF7168
:1045000005F0A9FD04F10D004FF6FF7105F0A3FDC4
:1045100004F10F004FF6FF7105F09DFD04F111004D
:104520004FF6FF7105F097FD04F113004FF6FF7190
:1045300005F091FD04F115004FF6FF71BDE8F84359
:1045400005F089BDB0F85211204605F084FDB5F89C
:104550005411484605F07FFDB5F85611404605F068
:104560007AFDB5F85811BCE7F8B5B0F84A70B0F864
:104570006A301F44073704460E46BFB2002A5BD09C
:1045800091894FF6FF73994254D05388B0F8680070
:10459000558940F2E24C0CFB03F30CFB00F00CFBE2
:1045A00001F1A5EB070C1CF4004F3AD100FB0C11F4
:1045B000B1FBF3F003FB101340F2E241B3FBF1F364
:1045C0009BB2A4F860315388A4F86231D388A4F870
:1045D00066319388A4F864310123304684F85E3153
:1045E000A4F8687100F8013BB4F8601105F033FDE0
:1045F000B4F86211F01C05F02EFDB4F86411701DC2
:1046000005F029FDB4F86611F01D05F024FD3946CA
:1046100006F1090005F01FFD637843F001036370A4
:10462000F8BD7D1B45436D1AB5FBF3F103FB115536
:104630005B1BC1E70023C4E7B0F85431A0F8623136
:10464000B0F85831A0F86631B0F85631A0F86431AE
:10465000A0F8602190F83A30BFE738B50C4605461F
:10466000C17A601C05F0F7FC698AE01C05F0F3FCD8
:10467000A97A601D05F0EFFC298AE01DBDE83840ED
:1046800005F0E9BC10B511F8013B80F83F30044655
:10469000072240300FF0ECFAE3781A075EBF23F0F0
:1046A000280343F02803E37010BD00002DE9F84310
:1046B000044689461B20102104F08BFE0025074686
:1046C000E0B1066806F10108B9F1080F0CD8DFE87F
:1046D00009F0051864344152578D5E0000224146AE
:1046E0002046FFF741FF0025424B35705B5D0133EB
:1046F000DBB2032239462046FFF7F6FC3846BDE818
:10470000F8833D49052240460FF0B2FA05224146A2
:1047100004F125000FF0ACFAB4F86A30B4F84A108E
:104720001944073189B26185B01D05F094FC6378A6
:1047300043F0100363700125D6E7E379012B14BF22
:104740000E250825FDF7BCFE02460B46404605F047
:104750008EFCC9E7637843F0040363700923737028
:104760004FF6FF71B01C05F076FC0021301D05F0FE
:1047700072FC0C25B8E794F83C3073700225B3E75F
:10478000002241462046FFF793FE0F25ACE7314655
:104790002046FFF762FF1425A6E794F80031022BAC
:1047A00026D0D4E94423404605F061FC04F59C750D
:1047B000B4F8021106F1090005F04DFC0821284665
:1047C000FDF79EFF0822294606F10B0004F58C75C3
:1047D00005F078FC04212846FDF792FF29460422C3
:1047E00006F113000FF044FA03257DE712257BE75D
:1047F0000A2579E7BC9D0200B03000202DE9F04188
:10480000044608460D4605F041FC0746A81C05F085
:104810003DFC8046281D05F039FC0646A81D05F024
:1048200035FC1A2F12D9B8F5A47F0FD31A2E0DD943
:10483000B0F5A47F0AD3A082A4F81680204667733F
:104840002673FEF76BFE0020BDE8F0810120FBE738
:1048500010B500F1B8040649064A03462046F3F7AE
:104860004BFC20464FF42041BDE81040F3F76CBCF0
:10487000702E0020A944010010B500F59074204668
:1048800005F0AAFC0028FAD110BD03681878597801
:1048900000F0030003280CBF9A780022FFF7F0BD58
:1048A0000346C07A997A00F0030003280ABF53F840
:1048B000103C00221A78FFF7E3BDC37E03F0030328
:1048C000032B05D103681878831F5842584170475D
:1048D0000020704710B5102104461B2004F079FD1C
:1048E0000146A0B1036805221A7020460123032265
:1048F000FFF7FAFB94F83B30FF2B01D0002010BDEE
:10490000022384F83B302046FFF7A2FFF6E74FF082
:10491000FF30F4E708B5C379022B01F1010103D19F
:10492000FFF7C6FD102008BDFFF71EFE0020FAE7C6
:10493000F8B5044608460D4617461E4605F0A6FB88
:10494000A4F86A01A81C05F0A1FBA4F86C01281DBD
:1049500005F09CFBA4F86E01A81D05F097FBA4F8D8
:1049600070012B7A84F8723105F1090005F08EFB95
:10497000A4F8740105F10B0005F088FBA4F876019A
:1049800005F10D0005F082FBA4F8780105F10F0098
:1049900005F07CFBA4F87A0105F1110005F076FB27
:1049A000A4F87C0105F1130005F070FBA4F87E016A
:1049B00005F1150005F06AFBB4F87031A4F8800128
:1049C000B4F86E21B4F86C11B4F86A0100F06CFF11
:1049D000002853D10F2E04F5B57515D1B4F8683001
:1049E000B4F86A219A420FD8B4F86C219A420BD3DA
:1049F000B4F86C20B4F870319A4205D1B4F86A204A
:104A0000B4F86E319A4233D0E379022B01D0102EE4
:104A10001ED1B4F85031DBB1B4F86A31B4F8521198
:104A20008B4215D3B4F85421934211D8B4F86C31A9
:104A300099420DD89A420BD3B4F86E21B4F856318E
:104A40009A4205D1B4F87021B4F858319A420FD087
:104A5000062000F095FEB0B12046294603F0AEFED8
:104A6000237884F8386043F040032370FF20F8BDBA
:104A70002A4639462046FFF74DFFF8E71E237E7091
:104A8000BB701120F3E71A23F9E700F003000328B5
:104A900003D18B1E5842584170470020704770B5B3
:104AA00005210446FFF702FE80B12378B4F86C605C
:104AB00043F08003237042F210735E4304F0EEFB78
:104AC0000546304604F0EEFB0544256670BD38B55A
:104AD00090F83B30FF2B04460D4609D1FFF7E6FD69
:104AE00030B1012D84F83B5002D02046FFF7B0FED4
:104AF000B4F848200123AB401343A4F8483038BD34
:104B000090F83F309B0610D5837A1B2B0AD8C37AC6
:104B10001B2B07D8038AB3F5A47F03D8438AB3F5C8
:104B2000A47F02D90821FFF7D2BF704710B590F8D3
:104B30003C10044639B190F90030002B28DBBDE869
:104B40001040FFF7ACBF90F83B30FF2B20D1B0F8FE
:104B50004830EBB1B4F848300B41DA0715D50429D9
:104B60000ED163781B070BD50021204603F0EDFE24
:104B7000B4F8483023F01003A4F848300521E9E7E1
:104B80002046BDE81040FFF7A2BF01310C29E1D15A
:104B900010BD73B590F83B308B4204460D460BD1E7
:104BA0004FF0FF3600960023D0F8B8001A460321D4
:104BB00009F0BEFC84F83B60B4F848300122AA40FA
:104BC00023EA02032046A4F8483002B0BDE8704052
:104BD000FFF7ACBF2DE9F74F0F68DFF8F0B57B7832
:104BE00097F80290013BB9F1220F04468A46DBB2E6
:104BF00000F2E5821BF809209A4240F0E082A9F118
:104C00000303192B55D8DFE803F0225422545454DF
:104C100054225454542624245420540D541D5454C6
:104C20001A5454282025FDF74BFC284041D1B9F1F6
:104C3000030F15D000254FF00008072621E04FF4A0
:104C40008035F0E74FF41065EDE71025EBE701251F
:104C5000E9E70225E7E70825E5E74FF00075E2E719
:104C600094F83F5015F004054FF01A0306D087F86A
:104C700001900025BB70A846112602E07B70A84673
:104C80000D261BF806303E70072E03F1010308BF06
:104C900087F80190DBB2032251462046FFF724FA41
:104CA000B8F1000F00F0AF8002212046FFF7FEFCB4
:104CB000A9E07E1C07F10308B9F1150F52D8DFE80F
:104CC00019F01600530051006801A501C301D3017A
:104CD000AF0000011F01F501010231014C02650125
:104CE00012023B024C027A020D026F008A00E37945
:104CF000012B9FD0FB7884F85E31381D05F0C6F992
:104D0000A4F86001B81D05F0C1F9A4F8620107F12B
:104D1000080005F0BBF9A4F8640107F10A0005F0EA
:104D2000B5F9A4F8660107F10C0005F0AFF9B4F885
:104D30004A30A4F86801C31A9BB247F6FE72934248
:104D400004D928212046FEF7D3FF0BE0627842F019
:104D50000102627033B90130A4F8603184F85E3129
:104D6000A4F8680100254BE0E379012B3FF462AF22
:104D700007F1080005F08AF9B4F84A30C31A9BB26B
:104D800047F6FE729342DCD860850522414604F165
:104D900025000EF06DFF637843F010036370E1E7C8
:104DA00041462046FFF72AFD8046002840F0078252
:104DB00094F83B30082B07D0B4F84830DE0544BFE8
:104DC00023F48073A4F8483039462046FFF745FCA9
:104DD0000025152655E794F83B30082BC2D14146F3
:104DE0002046FFF70BFD082100280546204616BF88
:104DF0000726FF264FF0FF35FFF7CBFEFF2E7CD1B5
:104E0000504604F0FCFAE3789A0605D523F0200317
:104E1000E3702046FFF774FE284603B0BDE8F08F2C
:104E2000FD7895B10E3DEBB2062B39D8062D37D85B
:104E3000DFE805F01A222C362E36040094F83F30B5
:104E400023F0200384F83F30082594F83B30AB4230
:104E500088D129462046FFF79CFE062D22D11A2133
:104E6000204603F0D0FC7DE794F83F3023F00803A0
:104E700084F83F300325E8E794F83F3023F002033D
:104E800084F83F30E379012B00F085810625DCE7CB
:104E900094F83F3023F0100384F83F304D46D4E7B8
:104EA0000C25D2E7032D7FF45DAFE378DD0603D553
:104EB0001A21204603F025FDE37823F01003E37068
:104EC00050E7E379022B40F0FB80FDF7F9FA054645
:104ED000019120464146FFF7D5FB94F83F20019B06
:104EE0002A4084F83F2030462A4605F0C0F894F85E
:104EF0003F307B700926F6B200254FF00008C0E66F
:104F000020464146FFF7BEFBB4F84830180703D5EA
:104F100003212046FFF73DFEE378D9067FF522AF57
:104F20000021C6E7FB7884F83E303D1D284605F099
:104F3000ADF8A4F84E00B81D05F0A8F86378A4F801
:104F4000500043F0080313F0040663701CD143F0D3
:104F50000403637009237B704FF6FF71B81C05F0E2
:104F60007AF83146284605F076F84E46B4F84830CF
:104F7000DA0607D50021204603F0E7FC042120468D
:104F8000FFF707FE002539E7FF26EFE7E379012B5E
:104F900099E7E379022B7FF44DAE03230025A4F8B3
:104FA00000314046C4E9415505F074F8C4E94401B4
:104FB00007F10B0005F06AF80822A4F8020107F1D6
:104FC0000D0104F59C7005F07DF804F59878042235
:104FD00007F1150104F58C700EF04AFE08214046D9
:104FE000FDF78EFB08224146304604F58E7605F02B
:104FF00069F804213046FDF783FB3146042207F1AE
:1050000009000EF035FEA84604263AE694F83B3037
:10501000022B7FF4A7AE0023C4E9413384F80131A9
:105020000822414604F5987005F04CF8042207F177
:105030000B0104F58E700EF01BFE2046FFF71CFCE2
:10504000072384F800318DE6E379012B7FF4F2AD7C
:1050500094F80031072B7FF485AE0823002584F8EF
:105060000031A84606260CE694F80031082B7FF4A0
:1050700079AEE379012B10D102212046FFF789FD9B
:10508000022384F800312046FEF75EF9FF26002156
:10509000204603F0DAFBF6B274E794F83B100229DD
:1050A00002D12046FFF775FD0626F0E7E379022BD3
:1050B00006D194F80031022B0CBF0B2607261AE705
:1050C000072618E794F80780B8F1010F7AD094F812
:1050D0000031052B7FF4AEAD0623B2E70721204651
:1050E000FFF757FD3EE623785B063FF53BAEB4F88D
:1050F0004820E379560609D5022B11D10621204616
:10510000FFF747FD2321204603F07DFBE379012BC8
:105110000AD16378DD0607D50F237B702A23A8E523
:105120000F237B702323A4E50F233A4641462046F4
:10513000FFF7FEFBC6B225E7E379022B3FF47AAD19
:105140002378580644BF23F040032370B4F8483056
:1051500059067FF507AE1023E7E794F83B10B9F145
:105160000D0F0CBFFD783D7906290DD00829B6D06A
:1051700002297FF4F7AD2046FFF70BFD29462046B4
:1051800003F063FB01235CE7B9F1110F7FF4EAAD93
:10519000E379012B0AD10025314600222046FFF792
:1051A000E3F9A84684F837502E466AE52046FFF713
:1051B000F0FC294654E60025A846132661E54FF089
:1051C000FF3538E54E4600255BE500BFBC9D02007B
:1051D00070B504460E461B201021154604F0F9F860
:1051E0000146B0B1032E03680DD194F83F20520759
:1051F00009D40D221A705D70022320460322FEF7A7
:1052000073FF002070BD11221A705E709D70032321
:10521000F3E70120F6E738B504460846226813781C
:10522000023B0F2B2BD8DFE803F0082C2E2A362A5E
:105230002A2A2C412A272A2A2A13037843F0020318
:1052400003704FF0FF35204604F0D9F8284638BDEA
:1052500090F83B30062B0BD153780F2B08D1937865
:10526000232B1FBF80F83730437843F0020343708D
:1052700090F80031022B02D9012380F8003100257B
:10528000E1E70423F9E7092380F80031837843F04C
:1052900001038370F3E7C379022BF0D180F800316A
:1052A00083781B07EBD5FEF74FF8E8E7C379022BAD
:1052B000E5D10523E1E700207047FCF7C5BD0000FC
:1052C000F0B585688FB000222E46019236F8067B35
:1052D0008DF80320C7F38522013AC7F30903072A93
:1052E0000CD8DFE802F0040B1855A60B0BB1062B07
:1052F000A97805F1030003D01D2B09D001247EE11C
:10530000032940F0208200F047FE00F5807410E091
:1053100000F06CFEF9E7632BA9782ED015D8012B8D
:105320001FD0032BEAD1002940F01082FDF7CEF800
:105330000446FF2C40F363810F232B7004236B7012
:105340000123AC70EB70AF8064E17B2B05F10300AF
:1053500018D07C2BD2D10DF10303324600F05AFF56
:10536000E6E7082940F0F281AF4BD5F80310D5F8F5
:105370000720C3E90012002441E1082940F0E6813A
:10538000AA4BF2E70DF10303324600F026FFCFE708
:10539000013BA978082BB1D801A252F823F000BF35
:1053A000C5530100E553010005540100FD52010001
:1053B000FD520100FD520100FD520100FD520100AD
:1053C0001F540100002940F0C1810923AB716B72A9
:1053D0004FF0FF33E9712972AB72EB722973697375
:1053E00008230CE0002940F0B181402230460DF046
:1053F000E1FC8F492D2230460EF03AFC40238DF817
:105400000330B8E7002940F0A1816023A9717170D1
:10541000B170F17033717171B171F171E0E7002910
:1054200040F094818349062230460EF021FC062389
:10543000E5E7052BA9787FF461AF0DF10303324650
:10544000E81C00F0F2FD73E7013BA978E81C4D2B46
:1054500071D8DFE813F04E0056006000700069005C
:10546000730076007F008200850088008B008E002C
:1054700091009800A100A700AA00AD00B000B30001
:10548000B900BC00F500FD00000106010C01700030
:105490007000700011011701700070007000700042
:1054A00070001D01200123012801300136013C015B
:1054B0003F0170007000700070007000700070009C
:1054C000700070007000700070007000700070005C
:1054D000700070007000700070007000700070004C
:1054E0007000700070007000700042014D015501A5
:1054F0007501082940F02A814F4BD5F80310426806
:1055000037E7002940F022814C4B5A89EA805B7AC8
:105510002B72032373E7002940F01881FCF7D0FFBA
:10552000C5F8060071605BE70022FCF74DFE01281C
:1055300004467FF4FEAE40F20114FDE602F0DEF90F
:10554000F5E7002940F002810DF10301304602F039
:105550003FFAECE702F021FBE9E702F0E3FAE6E7C5
:1055600002F03CFAE3E701F0D3FCE0E701F012FDC2
:10557000DDE700F00FFBC8E6002940F0E78001A856
:1055800000F0DCFCD3E7002940F0E0800DF10301DE
:10559000304601F031FECAE7002940F0D78001F023
:1055A00019FEC4E701F030FEC1E701F057FEBEE787
:1055B00000F0BEFBA9E600F073FDB8E70DF10303B0
:1055C000324600F04AFDB2E700F088FB9DE6014656
:1055D000102202A804F076FD102205F1130106A89E
:1055E00004F070FD02A804F0F7FD0446D0B91022C3
:1055F0000AA9304604F066FD10238DF803300E230F
:105600002B709DF80330A5F8037004336B700123F1
:10561000AB706C712846FFF750FE019B03B19847B1
:105620000FB0F0BD3A24EAE7D8300020D030002097
:10563000F09D0200562E0020E0300020602E002059
:10564000002940F0838008213046FDF759F8C7E66D
:1056500000F038FD59E60DF10303324600F060FD1D
:1056600065E70DF10303324600F08BFD5FE700298B
:105670006CD1FCF71FFF53E70DF10303324600F036
:10568000BBFB54E70DF10303324600F029FC4EE763
:1056900003F0FAFB4BE703F07BFC48E7002955D108
:1056A00003F0B2FB43E7002950D10DF1030130466E
:1056B00003F0BCFB3BE70DF10303324603F0B4FCFF
:1056C00035E70DF10303324603F0C9FC2FE703F081
:1056D00097FC2CE703F0DEFC29E76FF07E0005F075
:1056E000BBF8A8717E2005F0B7F80223E87186E6C2
:1056F000174B1B882B81174B1B88EB8004237EE6FE
:10570000042923D1B5F90330194603F5A0639BB2F0
:10571000B3F5206F1AD8B5F905301A4618B203F55B
:10572000A0639BB2B3F5206F10D80A4B1980084BC9
:105730001A800A2390FBF3F040B205F0BDF81AE698
:1057400003F0C6FCF3E64FF48974F5E5122456E73E
:10575000CE300020CC30002008B50220FCF792FBB0
:1057600060B10E2202700322427001228270002278
:10577000C2700271BDE80840FFF79FBD08BD000080
:105780000E4B5A6802F00053920015D5411E0123BA
:10579000A0F12102C0F1210023FA00F003FA02F285
:1057A0008B4007490243D1E9000103400A401343FB
:1057B00014BF01200020704718467047D8300020E1
:1057C000E03000203F284FF0010315D9A0F140013F
:1057D000A0F16002C0F1600003FA02F223FA00F0C7
:1057E0008B400C490243D1E9000103400A401343B6
:1057F00014BF012000207047411EA0F12102C0F11A
:10580000210003FA02F223FA00F002438B4002491E
:10581000E9E700BFD0300020D830002010B505499E
:105820000C782CB988600448F2F756FB204610BD6E
:105830000720FCE7E8300020702E002008B5FCF7B8
:1058400041FD002008BD000010B5104C0C220021C5
:1058500020460DF0AFFA0E4A0E4B63601F20002168
:10586000C2E900010C4A4FF0FF3041F6FF71C2E976
:1058700000010A4A00200021C2E90001084A002371
:105880001380084AA360138010BD00BFE8300020D9
:10589000E0300020C1520100D8300020D03000207C
:1058A000CE300020CC300020884210B51BD805280F
:1058B00019D9B1F5486F16D8B2F5FA7F13D2A3F112
:1058C0000A0080B240F67644A0420CD842F2107032
:1058D000584302FB011140F6C4135943884294BF58
:1058E0001220002010BD1220FCE72DE9F0410546F2
:1058F0000A200E4614469846FFF742FF0746002846
:1059000061D03E231F22237062700021A01C0DF085
:1059100051FA0A23A370E670002D47D0AB88A3800C
:10592000EB79013BA37195F89230E371062205F102
:10593000930104F108000EF09BF9EB79012B3AD1A9
:1059400095F8903063B995F89130012B08D901F0A2
:10595000C3FB014620B1062204F10E000EF088F9C7
:1059600095F89230012B06D895F90930002BA2BF8B
:10597000E3790233E371E379012B0AD9EB79012B47
:105980001DD101F0A5FB0146062204F114000EF022
:105990006FF9B5F868306383B5F86A30A383B5F85A
:1059A0006C30E38395F8393084F820302046BDE828
:1059B000F041FFF782BC404602F0A8FAC9E7404632
:1059C00002F0B7FADFE70120FFF7DAFE60B33E230B
:1059D0001322237062703946A01C0DF0EBF90123ED
:1059E000A370E670002DE1D0AB88A380EB79013B7A
:1059F000A37195F89230012B84BF023BDBB2E371B7
:105A0000062205F1930104F108000EF031F9B5F812
:105A10006830E381B5F86A302382B5F86C30638270
:105A200095F839302375C1E72046BDE8F041FCF711
:105A300045BA000010B5054C002318462268022123
:105A4000FFF753FF0023236010BD00BFC8300020C4
:105A50002DE9F041044620B308F0CAF9334B1B6826
:105A6000C01AB0F5006F1CD2B4F84C30002B38D0FF
:105A70000220FCF707FAA0B3132202700122427041
:105A80008270A288A0F80320B4F84C20A0F805206A
:105A9000002305224270A4F84C30BDE8F041FFF726
:105AA0000CBC234B00261C683046354637464FF069
:105AB00001083CB998B1FFF700FC08F099F91B4BBD
:105AC00018600EE0A3796BB3B4F84C3013B9D4F876
:105AD000AC303BB368B90220FCF7D4F918B9002EFA
:105AE000EBD1BDE8F0811323037080F80180851CA1
:105AF00087702B78A28805EB8303A3F80120B4F804
:105B00004C20A3F803204378043343702B780133EF
:105B10002B70A4F84C702B78112B03D1FFF7CDFB21
:105B200001260020D4F8B440C3E700BFF4300020C1
:105B30001C2F002010B504465720FFF743FE68B124
:105B40000220FCF79FF948B15722027002224270EE
:105B5000A2884280BDE81040FFF7AFBB10BD38B54A
:105B6000054605200C46FFF72DFE88B10220FCF704
:105B700089F968B105220270042242700022827005
:105B8000AA88A0F803204471BDE83840FFF795BB10
:105B900038BD000030B589B00D4604461A220021F8
:105BA00001A80DF007F9182D02D8122009B030BD58
:105BB000464D2B680BB10C20F8E701F083FA002862
:105BC000F9D12388ADF8043099B26388ADF8063076
:105BD0009AB20B1F9BB243F6FC708342E5D8131FA9
:105BE0009BB28342E1D89142DFD323798DF808300C
:105BF000012BDAD853B963798DF80930032BD4D847
:105C00000622A1180DF10A000EF032F8237B8DF860
:105C10001030032BC9D8B4F80D00ADF81200B4F859
:105C20000F10ADF81410B4F81120ADF81620B4F828
:105C30001330ADF8183092B29BB289B280B2FFF740
:105C400033FE0028B2D1B4F81530ADF81A3099B24D
:105C5000B4F81730ADF81C309AB29142A5D81C4C5C
:105C6000236823B90220FCF70DF950B32060FDF73B
:105C70006DF9044638B301A9FDF780FB2046FDF716
:105C8000D3FB04F5C27101A801F0F0F9B8B11149D4
:105C9000D4F8B4200B68A34209D10A600023C4F8E9
:105CA000B4300D4B5A681460B4345C607EE719461A
:105CB000D3F8B430A342FAD1C1F8B420EEE72C6097
:105CC00074E7072072E7092070E700BFAC300020BE
:105CD000C83000201C2F0020142F0020022938B5C6
:105CE0000C4621D10088FDF725F90546F0B1C378AF
:105CF000D80601D50C2038BD19070AD4B5F84830AC
:105D00001A0706D4EB79022B09D003212846FEF7A7
:105D1000DEFEEB7843F01003EB700020EBE7FCF7BE
:105D2000CFFB0307F1D4E5E71220E4E72046E2E7E2
:105D3000F8B507880546B8B2FDF7FCF80446002818
:105D400050D0B0F8483003F04103002B4CD190F80C
:105D50003F6016F0020604D1C379022B02D11A2546
:105D60003EE0062623785A060BD5E279022A3DD07A
:105D700023F0400394F83810237023222046FFF7C5
:105D800027FA6378DB0602D5E379022B30D06B88E3
:105D9000A4F8523198B2AB88A4F8543199B2EB8888
:105DA000A4F85631B5F808C0A4F858C19AB21FFA41
:105DB0008CF3B5F80AC0A4F85AC1AD89A4F85C51B7
:105DC0001FFA8CFE1FFA85FCE64513D8FFF76CFD21
:105DD000054628B9A4F8507131462046FEF777FEF3
:105DE0002846F8BD0225FBE70C25F9E72325F7E750
:105DF0002A25F5E71225F3E70E292DE9F047054698
:105E000090461F4667D1B0F80090FCF759FB820717
:105E10001FFA89F45BD52046FDF78CF8044600286C
:105E200057D08388A0F850316888A4F85201A98817
:105E3000A4F85411EA88A4F856212B89A4F8583103
:105E4000B5F80AC0A4F85AC1AD89A4F85C519BB258
:105E500092B289B280B21FFA8CF6FFF725FD1FFAC5
:105E600085FA054650BB564588BF122523785B0648
:105E70001DD52DBB10211B2003F0ABFA064690B1B7
:105E8000D0F800A004F5B57251462046FEF742FD59
:105E9000124B8AF800001B5C0133DBB2032231464F
:105EA0002046FEF721F9237823F0400323700223D4
:105EB000A8F800903B702846BDE8F0871225D5E78A
:105EC00094F838103B222046FFF782F9EBE70125D2
:105ED000EDE70225EBE71225EDE700BFBC9D0200D0
:105EE00003292DE9F041054617461E4623D1B0F897
:105EF0000080FCF7E5FA82071FFA88F417D52046E0
:105F0000FDF718F80446A0B103785B0608D5AA7817
:105F100090F83810FFF75CF9237823F040032370E2
:105F200000200223A7F800803370BDE8F081012033
:105F3000F7E70220F5E71220F7E700002DE9F0412E
:105F4000124D2B6801332B600746EAF717FD104B03
:105F5000D3F800800646B8F1000F15D098F8064037
:105F600094B901201C6000F01BFC02214046FDF7A3
:105F70000BFB084B3B602B683046013B2B60EAF77C
:105F800003FD2046BDE8F0810C24F4E7B81A002098
:105F9000AC300020355A010038B505460088B0F510
:105FA000706F09D2AB781A2B08D8042B04D90E4A8B
:105FB00022FA03F3DB0705D412200FE0292B01D0CE
:105FC0003B2BF9D1FCF7B6FF48B190F83C4044B9FF
:105FD000AA7880F83C20FEF762FD204638BD0220FA
:105FE000FCE70C20FAE700BF20003804022910B5B6
:105FF0000C4614D10088FCF79DFF90B1B0F8482002
:10600000D40610D44178490704D40421FEF75FFD7B
:10601000002010BD42F01002A0F84820F8E712203E
:10602000F7E72046F5E70C20F3E70229F8B50C4620
:1060300015461F460FD1038813800088FCF77AFFAE
:1060400030B190F908300020AB7003233B70F8BDED
:106050007F232046F8E71220F9E70229F8B50C461D
:1060600015461E461AD10788B8B2FCF763FF0146F1
:10607000A81C39B905220CF09DFE204607232F806D
:106080003370F8BD4B78DB064FF0050204D525319F
:106090000DF0EEFD0020F1E72031F9E71220F0E7E6
:1060A000052910B5044601D0122010BD00F081F979
:1060B0000128F9D923791F2BF6D82146FEF772F86B
:1060C0000020F2E71C2938B5054621D10088FCF7ED
:1060D00031FF0446F0B1C379022B1DD090F83B305C
:1060E000022B1BD0D5F80220D5F80630C0E9442396
:1060F0006B89A0F80231102205F10C0100F59070B7
:1061000003F0E0FF20460221FEF7E1FC002038BD4D
:106110001220FCE70220FAE71F20F8E70C20F6E740
:1061200012292DE9F041054617461E4627D1B0F841
:1061300000801FFA88F0FCF7FDFE0446C8B1C37961
:10614000012B18D090F80031092B16D11022A91C70
:1061500000F5907003F0B6FF2046FEF78DFB204659
:10616000FEF7B8FB00200223A7F800803370BDE8DB
:10617000F0810220F7E71F20F5E70C20F3E712205B
:10618000F5E702292DE9F0410C4617461E4622D1BB
:10619000B0F800801FFA88F0FCF7CCFE0546A0B1ED
:1061A000C379012B13D090F80031092B11D10622AD
:1061B0000321FFF70DF80A2385F8003100200223A0
:1061C000A7F800803370BDE8F0812046F7E71F2074
:1061D000F5E70C20F3E71220F5E702292DE9F0415D
:1061E0000D4616461F4613D1B0F800801FFA88F0FE
:1061F000FCF7A0FE48B1B0F85240002004237480A0
:10620000A6F800803B70BDE8F08104462846F5E71B
:106210001220F8E704292DE9F041804616461D4674
:106220002CD10788B8B2FCF785FE044610B3B0F84D
:106230006A00B8F80230B4F868109AB200FB011195
:1062400040F2E240414342F21070B1FBF0F18A4269
:1062500012D3D4F8E800A4F8523008F091FA0128DB
:1062600002D12046FDF770F80020022337802B7002
:10627000BDE8F0810220F8E71220F6E71220F7E7E8
:1062800010B500230146184641FA03F2C3F1070492
:1062900002F00102A24001330243082B90B2F3D175
:1062A00041FA03F2C3F1170402F00102A2400133E4
:1062B0000243102B90B2F3D110BD0000F8B52D4C65
:1062C000FCF760FA0546FCF75DFAAAB283B29A427F
:1062D0000646F5D046F3C42340F3852058400FF01E
:1062E0009BFA0128ECDDA8B240EA064080EA0405EA
:1062F000202200230121294203D00133DBB2012BEC
:1063000035D8013A4FEA4101F5D1012BD8D92026E1
:10631000012311461D460FE005EA00076D002842E3
:1063200017D08FB90131C9B20123B5F5807F18D1DB
:10633000022AC5D9072BC3D0013EEDD1B5F1004FDC
:10634000BED11829BCD8F8BD0133DBB20132D2B2BC
:10635000EBE717B90133DBB2E7E70131C9B201233B
:10636000F4E7B5F5803FE5D10B29E3D9A8E720266E
:106370000022CDE7D6BE898E70B5002301391A46BA
:1063800011F8016F7EB100250124264206D090420B
:1063900002D15819C0B270BD0132D2B201356400C9
:1063A000082DE4B2F1D10833DBB2282BE8D100206C
:1063B000F1E730B5411E031D002011F8015F1DB14A
:1063C000FF2D04D10830C0B29942F6D130BD082467
:1063D000012215421CBF0130C0B25200013CD2B2B2
:1063E000F7D1F1E7F8B548400C461F461646FFF7CF
:1063F00047FF00EB001014FA80F080B2FFF740FF77
:1064000000EB001014FA80F080B2FFF739FF00EBC8
:10641000001014FA80F080B244402523B4FBF3F559
:1064200003FB1545C5F3CC02A8B2BA5C05F007051D
:106430000123AB401A4207D104FB06F03946000C99
:10644000BDE8F840FFF798BFC0B2F8BD401A002879
:1064500010B514460DDD02F02BFF074B33F8143056
:106460003C334FF47A72B0FBF2F05843B0FBF2F0D9
:1064700010BD0020FCE700BFE09D020030B5D0E970
:106480000342856822448A1A002A036909DAA54270
:1064900012D0CA1A002AA3BF1B19C81AC00F0020A5
:1064A00030BD42790132D2B2282A2B4408BF2522BE
:1064B00042710361E218E6E70120F1E7024A13683E
:1064C00001331360EAF75ABAB81A0020024A136877
:1064D000013B1360EAF758BAB81A002070B50C46B1
:1064E00015461731062206460DF0C2FB062204F1BE
:1064F0001D01B0180DF0BCFBA37D2B700C2070BDEE
:106500002C30FBF7D1BF0000F8B5174C1749607865
:10651000FBF74AFE30B3D4E9195601232370252333
:106520006B7106B173714FF001136362104B114828
:1065300000271F70E77003F0EDFA0F4BC3E90073FB
:1065400002F07AFB01462861012002F029FB1EB10E
:10655000D5E90323134433612969084802F09AFE00
:106560000020F8BD1220FCE7F0310020502E002062
:10657000EC31002000310020F830002028320020CB
:1065800010B5134CB0B163790133DBB20022022B9A
:10659000227108D06371FCF7F5F8A38C013B03402E
:1065A0000133E38410BDA38C6271012BF3D95B0826
:1065B000A384F0E7237960710133DBB2022B01D0B1
:1065C0002371E8E7A38C2071FF2BE4D85B00EFE791
:1065D000F031002010B5184A18490446407904F0FB
:1065E00071F90021084604F031F904F019F902F0BC
:1065F00019FED0B104F0FAFB02F050FE104B1B78EC
:106600000021184404F016FB08B1062813D1A37822
:10661000DB070DD500F03EFE2379022BBDE81040CC
:106620000CBF03200220FBF733BF04F0EFFBE3E7CE
:1066300000F031FEF0E710BD55555500D6BE898EED
:10664000503300202DE9F0418468D4F86480FFF7CE
:1066500035FF2578074675B904F1380002F01CFEB5
:106660002946284602F09CFA02F0CCFA3846BDE8EA
:10667000F041FFF72BBF236E0BB9E3781BB1012369
:1066800084F85C30F2E702F009FE01464046FFF76D
:10669000F5FED8F810100546012002F081FAD8F86E
:1066A000106015B1D8F80C301E44FBF7F7FE013826
:1066B000052826D8DFE800F01A1D031A251A04F071
:1066C0002FF975B1FCF73EFE606EFFF783FF384689
:1066D000FFF7FCFE314604F13800BDE8F04102F05E
:1066E000D9BD2846FBF7D4FEFCF72CFE02F08AFA4F
:1066F000EDE704F015F9002DE6D12846FBF7C8FEBA
:10670000F4E7002DE0D1F1E738B51B4C1B4D80229A
:10671000002120460CF04EFB1422002128460CF0EC
:1067200049FB0C22002104F12C000CF043FB144B1C
:1067300042F21070C4E90C3402F0B4FDA86042F2D9
:10674000107002F0AFFD012384F86C30E86007F0B0
:106750004FFB0C49E060224604F1380002F094FD42
:106760000C22002104F150000CF024FB064B636561
:106770000023A36538BD00BFF03100207032002037
:106780004566010001650100C56B0100034BDA7825
:106790001AB10020D870FFF7F3BE7047F031002027
:1067A00038B504461A4802F077FD94B1FFF786FE2B
:1067B0000546FBF773FE022803D0032806D1012CFF
:1067C00004D104F0ADF80020FBF762FE2846FFF785
:1067D0007DFEFFF773FE0F4BDA7804460020187039
:1067E00083F85C0012B1D870FFF7CAFE2046FFF7AD
:1067F0006DFEFFF763FE00210446084602F0D0F963
:1068000002F000FA2046BDE83840FFF75FBE00BF47
:1068100028320020F031002010B50E4A0346506E99
:106820000479012C14D113B1981F44424441D0780B
:1068300038B10020042BD07005D10B8843F0080339
:106840000B80204610BD072BF7D0FFF799FEF8E725
:106850000024F6E7F0310020F0B5C21F012ADDE97F
:10686000066514D90A46059F12F8024B0128C4F3A5
:1068700080143C701A6003BF01F1080333600B7889
:1068800000230CBFDB09336000202B70F0BD4FF0FC
:10689000FF30FBE72DE9F04F044689B030B9A94835
:1068A000FBF702FE002009B0BDE8F08F05682F78E5
:1068B00007F00F030293002900F0B680029A5723D5
:1068C000D34013F00103049300F0AE80DFF880B2F0
:1068D000DBF864300393012A07F0400305F1020856
:1068E0000593C7F3801640F091800835FF09FF2318
:1068F000E377314640460196FBF709FC82460028C3
:1069000000F0C280012806D103F012FD40B2002839
:10691000E07780F2AA804FF0000AC1465646B5B132
:1069200039462846FBF7F3FB002800F0C280012817
:106930000DD1002E00F0B680311D284602F043FC38
:10694000002800F0AF80228B42F400522283039B88
:106950009A78D50700F1C180228B049B42F0400257
:106960002283002B00F0B380039B1A79012A40F0A8
:10697000AE80029B6FF041021A41D00700F1A78060
:10698000714A724F1578002D40F0B080704DEA8C3E
:106990002AB1013A92B2EA84002A40F09880059B1D
:1069A0006A78002B14BF83270327D10740F1B380F7
:1069B000684947F0400793070ED5002E00F0AD80E0
:1069C000B278002A00F0A980012106AA304602F020
:1069D000A1FB06A947F0400706225F488BF8167016
:1069E0000DF046F9062241465C480DF041F9584940
:1069F0005B48022204F06CF9002868D101238BF86F
:106A00000330238B43F4804323834BE7029B042B07
:106A100028D1038B190707D59BF81630B6EBD31F87
:106A200008D00020FFF7ACFD238B6FEA43436FEAE9
:106A3000534315E006220BF11D0140460CF090F97E
:106A40000028EED103F074FC40B20028A8BF238BCD
:106A5000E077A4BF43F480632383238B43F0400398
:106A6000238334E000252F4641E736233D4A10FBBF
:106A700003F000F12409135C019386189144228BE2
:106A800042F4806222834AE70199404602F0D8F935
:106A9000064600283FF43FAF42780AB9C278B2B93F
:106AA000C1463CE7039B9A78920710D500230493D4
:106AB0004DE7039B5A78930702D50EB1B27832B9ED
:106AC00039462846FBF7A8FB00287FF440AF00209A
:106AD000FBF7DEFC4FF0FF30E5E6019952464846F1
:106AE00000F090FB00287FF437AFF0E7062249461C
:106AF00038460CF035F938B937F8042C019B02F010
:106B000001022BB1002AE2D1013DEDB20A373AE78A
:106B1000002ADCD0F8E714494DE707F069F9EB6883
:106B2000C31A002B06460BDB06211048FBF7E8FDD5
:106B30006B7D03F03F036B7502F0E6FA0644EE60EE
:106B40000A4947E740320020EC310020A031002004
:106B5000F0310020502E0020073200200D3200209E
:106B6000DD640100AC330020562E002000320020EE
:106B700070B5134C237813B3FFF7A0FC94F85C3086
:106B800005465BB1002304F12C0084F85C30FBF770
:106B90008BFC2846BDE87040FFF798BC02F07EFBF6
:106BA0000646FBF77BFC0028F3D1606E3146FFF709
:106BB00065FC0028EDD0606EFFF70CFDE9E770BDC5
:106BC000F031002008B5074B1A784AB1DA781AB1CB
:106BD0000020D870FFF7D4FCBDE80840FFF7C8BF1D
:106BE00008BD00BFF031002010B5114CE3781BB197
:106BF0000020E070FFF7C4FC236EABB10D48FBF73B
:106C000053FC03F08DFE02F049FB0146606EFFF776
:106C100035FC18B9BDE81040FBF73ABC636E064A74
:106C20000649587903F04EFEBDE8104004F01EB846
:106C3000F03100204032002055555500D6BE898ED7
:106C40002DE9F74F914612880C68019102F0C003BC
:106C5000C02B054640F0A080160400F19D80A84B93
:106C60001B78002B00F09880012813BF002304F14B
:106C700008030093009318BF9846277899F90730C6
:106C800008BF4FEAD718002B4DDA0234C7F380173C
:106C900090040AD59A4E707800F00100FBF7D0FA04
:106CA00096F80180009008F00108954B9B7893B30B
:106CB000DFF858A2DAF8006007F0010B002E3BD194
:106CC000904802F063FF064658B9DAF804305B6872
:106CD0001E68D6E90223002A70D0D360D6E90223C9
:106CE0001A601022002130460CF064F83046002370
:106CF000F371062200F801BB21460CF0B9FFDAF867
:106D00000020334643F8082F002A5AD0D360CAF82F
:106D10000060C6F80CA0062D56D8DFE805F05662D4
:106D2000B7555555B50036202424774910FB034448
:106D300043430C44CF5CABE733785B4501D0B66886
:106D4000BCE706222146701C0CF00AF80028F6D198
:106D5000012DF37925D103F00203DAF800209642E1
:106D600011D0D6E9021219B3CA60D6E90212116035
:106D7000DAF80010324642F8081FE1B1CA60CAF8DA
:106D80000060C6F80CA0002BC5D0B9F800301B0776
:106D900002D50120FFF7F4FB03B0BDE8F04FFFF789
:106DA000E7BE042D0CBF03F0040303F00103D4E796
:106DB000CAF80420D9E7CAF80420E0E7CAF804308A
:106DC0008CE7CAF80430A2E70425019B01981B68F0
:106DD0005E780821063E02F0CCFBF6B24FF0020AC4
:106DE0000AE000984146FBF77CF90026B04214BF48
:106DF0004FF00B0A4FF0020AB9F8003099F904B0CD
:106E0000590544BF0237FFB29A0444BF08F1020893
:106E10005FFA88F8BAF10B0F3AD15046FEF7B0FC92
:106E20000028B2D00120FBF72DF806460028ACD090
:106E30003E2303701223437006220123C3700371A3
:106E400080F802A04771214610440CF011FF009910
:106E500086F80C80062206F10D000CF009FF86F87A
:106E600013B03046FEF729FA00288ED1244B9B78C8
:106E7000002B8AD0254B1A68BAF10B0FD37937D182
:106E800043F00203D37180E702259EE703259CE7C8
:106E90000220FEF775FC00283FF477AF06F10C03E3
:106EA000442B00933FF671AF0120FAF7EBFF8046C9
:106EB00000283FF46AAF009B43703E220223027019
:106EC000837006220123C370057147712146104467
:106ED0000CF0CEFE88F80C6032464644019808F16A
:106EE0000D03002102F019FB86F80DB04046B9E70A
:106EF000042D0CBF43F0040343F00103C2E700BFBD
:106F0000F031002000310020AC330020F8300020A8
:106F100007292DE9F041054635D11C4B1C7884BB6F
:106F20000378012B2FD8B0F80100031F9BB243F662
:106F3000FC72934227D8B5F803703B1F9BB2934273
:106F400021D8B8421FD36B79032B1CD8AB79032B04
:106F500019D80F4E0123F37040F271282B7833714A
:106F600008FB00F002F09EF9B06008FB07F002F0A9
:106F700099F9F060AB79B3706B7973702046BDE816
:106F8000F0810C20FBE71220F9E700BFF031002070
:106F900070320020022970B54FD10178427841EA61
:106FA0000203012B49D8274C237831B90BB90020B3
:106FB00070BD0120FFF7F4FBF9E743B194F86F10BF
:106FC00094F8703009B1022B39D0A270EFE7C4E910
:106FD00019331D4BA270DA789AB103F1080207CA7F
:106FE00004F174051E7984F8706085E807005A780A
:106FF0005B88A4F86E3004F16C0384F86D2063663E
:107000006270656EADB9114B636642F21070012378
:1070100084F86F30657084F8705002F043F960674F
:1070200042F2107002F03EF984F86E50A06784F8C6
:107030006D50BDE87040FFF767BA1220B8E70C202A
:10704000B6E700BFF0310020703200205C32002033
:10705000054B1A782AB15B6E9878C04300F00100A6
:1070600070470120704700BFF03100202DE9F0414A
:10707000134C037B6370002704F16C036366A766FF
:10708000037984F86E300546008840F2712808FBC9
:1070900000F00E4602F006F96067688808FB00F011
:1070A00002F000F90223A06784F87030FFF72CFA91
:1070B0001EB1B84218BF3C463460BDE8F08100BF45
:1070C000F0310020014B1878704700BFF0310020EC
:1070D00000487047F6310020004870470732002012
:1070E0000146062201480CF0C3BD00BFF631002066
:1070F0000048704706320020024B5B6E987800F023
:1071000001007047F031002010B50C4B1B7813B113
:107110000020FFF745FB0A4B0A4800242146502275
:107120001C700BF047FE084802F0F4FC074BC3E963
:107130000043BDE81040FFF7E7BA00BFF031002080
:10714000EC3100209C31002000310020F83000207C
:1071500007B5084B00931022074B0848082102F09E
:107160009FFC074B0022C3E9002303B05DF804EB4A
:10717000FFF7CABA475E02001C3100200031002030
:10718000F830002008B500F0A5FE20B1FFF760FF41
:10719000003818BF012008BDF8B50D4D06460F4652
:1071A000002315F8022C5C1C5AB115F8013CBB42B7
:1071B00007D10622314628460BF0D2FD08B92046F9
:1071C000F8BD082C234605F10805EAD10020F7E7B1
:1071D0008632002008B5FFF7D5FF48B10023054AE5
:1071E000194602F833100133082BFAD1002008BDEC
:1071F0000C20FCE7843200200823037001230B706D
:1072000000207047FFF7C8BF072970B506461FD199
:10721000FFF7B8FFF0B1354615F8011B2846FFF718
:10722000BBFF08B1002070BD0B4C23784BB9062280
:107230002946A01C0CF01CFD3378637001232370D9
:10724000F0E70130082804F10804EED10720EAE74E
:107250001220E8E70C20E6E784320020072910B569
:10726000044610D1FFF78EFF78B1204610F8011BBD
:10727000FFF792FF08B9002010BD054B013800222E
:1072800003F83020F7E71220F6E70C20F4E700BF00
:107290008432002070477047024A1368013313603C
:1072A000E9F76CBBB81A0020024A1368013B13606F
:1072B000E9F76ABBB81A002038B505460C46FFF757
:1072C000EBFF6B891C436C81BDE83840FFF7ECBFD6
:1072D00038B504460D46FFF7DFFF638923EA050151
:1072E0006181BDE83840FFF7DFBF38B500F13405F4
:1072F0004179044600F128020123284601F04CFFA1
:10730000A0B101212046FFF7D7FFA3895A071ED558
:107310006179002304F13A02284601F03DFF68B18B
:1073200020460221BDE83840FFF7C6BF2379D907C0
:10733000E7D401212046FFF7CBFFE6E76379DB07BF
:10734000EED420460221BDE83840FFF7C1BF38BD6A
:1073500010B50446FFF7A0FF638923F03003638173
:10736000BDE81040FFF7A0BF10B50446002003F0B1
:1073700095FA04F154010648F0F7AEFD0020FBF742
:1073800087F82046FFF7E4FF024B00221A6010BD89
:10739000702E0020C432002038B5074B1C7883893A
:1073A0000C441B07C0E90644054604D5034801F018
:1073B00079FF04442C6238BD50330020008813004C
:1073C00038B50121104B03670446C06680F8601091
:1073D000C079FBF7B1F8A3895A070FD500F5FB7008
:1073E0000A4BE5691B78EB1A6366002384F8623068
:1073F0001E3001F057FF0544A56638BDDB0748BFC6
:1074000000F55570ECE700BF117401005033002007
:1074100038B52B4BC4681C600546FFF73DFF6389F8
:1074200023F0300343F010036381FFF73DFF6389CE
:1074300003F4C063002B3ED194F9090003F02EFA47
:107440002049214AA07903F03DFA204BA978187809
:107450006B68184403F026FC68BB03F0E1F9FF23D6
:10746000237201F0DFFED0B103F0C0FCA389DA067D
:1074700018D59B0716D00021084603F0E7F9022231
:107480001348214603F024FC0546A0B9E3787BB1FC
:10749000FFF700FF0120FAF7FBFF284638BD03F095
:1074A000B5FCE3E70B48214603F0D0F90022E7E7FB
:1074B000FFF7F1FEEEE72046FFF756FF0125ECE768
:1074C000C4320020D6BE898E555555005033002059
:1074D000D974010069730100F8B50D6C06460C46BD
:1074E00005B12D7CA3896189AF1D5807FFB228D54E
:1074F00011F0020F14BFA12321230C27002541F313
:10750000000101F040010B43B81CE07104F12801B7
:107510001370304606220CF0ABFBA3895B0706F123
:10752000060605D5062204F13A0130460CF0A0FB10
:107530002DB1206C33462A46002101F0EEFF38467B
:10754000F8BDD80705D413F0020F0CBF02230623A1
:10755000D5E72023D3E7F8B58C6C06460D4604B179
:10756000247C6B8913F0010F14BF44230423A71D4F
:10757000137005F1280106223046FFB20CF078FBAB
:107580002CB1A86CB31D2246002101F0C6FF38467D
:10759000F8BD38B5438913F4C06F04461DD013F409
:1075A00000750FD0436C33B1006C01F028FF636CA1
:1075B0002364002363644FF400712046BDE8384023
:1075C000FFF786BE5B0508D5806C01F018FFE36C01
:1075D0004FF48061C4E91235EFE738BD38B5037860
:1075E000044673B301F00EFB04F1600001F062F891
:1075F000FFF752FE0546FAF751FF012809D103F0C3
:107600008FF90020FAF744FF0E4B00221A60FFF7B3
:10761000AFFA2846FFF748FE0B4804F15401F0F793
:1076200095FC206D18B1FAF749FC0023236520462C
:10763000FFF78EFE002323702046BDE83840FFF799
:10764000A8BF38BDC4320020702E0020F8B5064611
:1076500000680F46154608B101F0D1FE002128460A
:1076600001F0B7FE044628B1038A2B441F2B04DD2A
:1076700001F0C5FE00243460F8BD2A46394601F009
:10768000C8FE0028F7D02046F2E7000008B5FDF755
:1076900012FE074B48B158895A7810F0800003D089
:1076A000002A0CBF1846002008BD1846FCE700BFA2
:1076B000C832002010B50D4C8022002120460BF06E
:1076C00079FB4FF40063E38123820C22072300211E
:1076D00004F15400A3700BF06DFB054BC4E91634A4
:1076E000A38943F01203A38110BD00BFC83200205C
:1076F0007D780100430705D410F0020F0CBF252050
:10770000262070472720704710B50379012B0446C7
:107710000BD94389DB0508D5FFF7E7FD20464FF479
:107720008071BDE81040FFF7D3BD10BD2DE9F347D0
:10773000044604F1600601F065FA2046FFF729FFD0
:1077400004F15407304600F0B5FF4A48DFF82881BD
:107750003946F0F7FBFBA5782846FFF7CBFFA27967
:1077600082423AD1FFF704FAA378D9072BD413F059
:10777000020F0CBF27232623A371606901F092FD3D
:10778000A56998F800A00544C4E90655814601F0B2
:1077900085FD2D1AB5EB0A0517D40025A3891A0714
:1077A0002ED5D4E907239A422AD32346226D3C21C1
:1077B0000020FEF79AF800232046236502B0BDE8BA
:1077C000F047FFF70BBF2523D6E7A369ED1A4B441B
:1077D000DD42FCD4C4E90633DFE7531CDBB2A3F17E
:1077E0002500012181400D4204BF0232D3B2A371B2
:1077F00001F054FD98F800300344E3610125CDE722
:107800002046FFF781FF2046FFF7DAFD35BB94F8ED
:107810006130BBB9A3891B0717D442F2107001F085
:1078200041FD024601A9304600F06AFE78B13046BB
:1078300000F040FFA078FFF75DFF3946A0710D48CA
:10784000F0F74AFB02B0BDE8F0872A46EAE798F86D
:107850000030019A1344C4E90633F3E7304600F0E0
:10786000EDFE0028EED00348394602B0BDE8F047EF
:10787000F0F732BB702E0020503300208068FFF7F5
:1078800055BF000010B5084C00232178227903B1C0
:1078900010BD0029FCD0012AFAD903484FF48071A9
:1078A000FFF70AFD0123F0E7C832002008B50146C2
:1078B0008078FFF71FFF8871BDE808400148543108
:1078C000F0F70ABB702E002038B50A4C25687DB150
:1078D000002002F0E3FF05F154010748F0F7FCFA3D
:1078E0000020FAF7D5FD2068FFF732FD0023236062
:1078F00038BD00BFC4320020702E00200F292DE9B2
:10790000F843044644D1304D2B78002B59D10379EC
:10791000B0F80090B0F80280877B042B38D8DFE8FD
:1079200003F0033A4C4E4400132633070DD4C145EF
:107930002ED8A9F120039BB243F6E072934227D8D8
:10794000A8F120039BB2934222D86379032B1FD85E
:10795000A379012B1CD800236B726379012B04D906
:107960001A480622E11D0CF083F9637B5A1E062A91
:107970000ED8032F0CD862792A71A2796A71EF7040
:10798000AB70A5F80E90A5F81080AE81002000E045
:107990001220BDE8F883C11D00270C4806220CF018
:1079A00067F91D26B846B946BFE7C11D062207483C
:1079B0000CF05EF900271526B7E71226B5E710266A
:1079C000B3E70C20E5E700BFC8320020FC320020FE
:1079D00003460020187001230B7070470129F8B589
:1079E00001D01220F8BD0578FFF750FE04460028AC
:1079F00000F08D80012D40F084800378002B7CD135
:107A00000B21FFF765FC44492079FAF7CDFB0028EC
:107A1000E7D0A389DF0707D5236D2BB90220FAF73A
:107A200031FA002875D020652379DE0745BF6389C8
:107A300039493A4943F0010348BF6381062204F102
:107A400028000CF015F9A3895D070DD5062204F175
:107A5000340104F13A000CF00BF96379D80742BF06
:107A6000638943F0020363812379012B02D9204605
:107A7000FFF73BFC012323700023A4F87E30FEF7C0
:107A80001DFCA38919075DBF238A40F2712253436D
:107A900040F6A6636361A37880EA1040DA07A4F891
:107AA0007C002CD413F0020F0CBF27232623A371D4
:107AB00001F0C2F80546FAF765FE074601F0EEFB55
:107AC00042F210730646B7FBF3F003FB107001F0AF
:107AD000E9FB0644E6612046FFF772FC626E531B29
:107AE000002B04DAA36E65669B1A2B44A3660C492F
:107AF000002204F1600000F0A7FC002072E72523BB
:107B0000D5E7002D7FF46DAFFFF768FDF5E7422064
:107B100068E7072066E700BF502E0020562E0020A1
:107B200099730100202970B501D0122070BD06782C
:107B30001F2EFAD8451CFFF7A9FD044658B38389C8
:107B400003F01203002BF0D00378DBB1C36C43B118
:107B50004FF48061FFF7BCFBE06C01F050FC0023A8
:107B6000E3643246294604F14C00FFF76FFDE36CF5
:107B70000BB90720DAE74FF480612046FFF79CFB42
:107B80000020D3E7324629464830FFF75FFDA36C5B
:107B9000002BF5D1EDE74220C8E7202970B501D0D0
:107BA000122070BD06781F2EFAD8451CFFF76EFD17
:107BB0000446002838D08389D90615D55A070ED433
:107BC00040212046FFF784FB237883B932462946BB
:107BD00004F14000FFF73AFD236C1BBB1BE0FDF7EF
:107BE0006AFB0028ECD0DBE79B07E9D5D8E7636C9C
:107BF0004BB14FF400712046FFF76AFB606C01F057
:107C0000FEFB002363643246294604F14400FFF77B
:107C10001DFD636C0BB90720C3E74FF400712046CC
:107C2000FFF74AFB0020BCE74220BAE72DE9F84FF6
:107C3000DFF8689182460D4649B9D9F80000FFF790
:107C400093FB4FF0FF340020FAF722FC44E012B916
:107C5000C9F80020F5E7032801D0052861D1D9F83B
:107C600000602C68062204F1080106F128000BF0E0
:107C700077F88346002854D196F8038014F8027BE5
:107C8000BAF1030F0CBF08F0010808F00208C7F3AF
:107C9000801701F0C7FA10BBB8F1000F06D05A46A2
:107CA00039462046FFF7AEFA00283AD02B8BBAF1BE
:107CB000030F43F040032B8346D13448314602F092
:107CC000C5FD33480022314603F002F8044650BB9C
:107CD0002B8B43F010032B832046BDE8F88F3946E9
:107CE0002046FAF7FEF910B302F022FB40B200285A
:107CF000307213DB2B8B43F480632B8396F90830AF
:107D0000B8F1000FD2D036212424224A11FB0344BB
:107D10004B431444D75C4FF0010BC0E7B8F1000FA0
:107D2000C4D04FF0FF340023C9F800308BE7394648
:107D3000204601F085F80028AED04378002BABD167
:107D4000C378002BA8D0ECE7134B1D684DB9B3895D
:107D50005B07E6D50622214606F13A000BF000F853
:107D6000DFE70622214605F193000AF0F9FF38B952
:107D700095F89230012F03F0010304D1002BD0D1EC
:107D8000D5F8B450E2E7002BFAD1CAE769730100D5
:107D900057750100AC3300201C2F0020C432002096
:107DA0002DE9F843394C237888469146002B6BD057
:107DB00013881D0607D43548FFF7CAFABDE8F84313
:107DC0003248FFF7B3BC05285AD1A189628901F076
:107DD000100002F008020243EDD05806EBD54746EA
:107DE000490717F8025B03F48066C5F3801514D5C4
:107DF000002E43D094F90830254A3620242110FB68
:107E0000031143431144D55C6379AB42D3D121487C
:107E100006220AF0A5FF0028CDD1DEB106223946A0
:107E20001D481B4D0BF024FF94F90800394601F062
:107E300087F994F908102423362616FB01312944CA
:107E4000062238460BF014FF94F908307343ED5CBA
:107E50000235EDB2A38983F01003C3F300134A4641
:107E600029464046FCF7BEF90028A4D063891A07CA
:107E70000AD4BDE8F8430548FFF7B0BB3946C3E76D
:107E8000032898D1DB0696D5BDE8F883C8320020D8
:107E9000AC330020FC320020F632002008B50C4A3A
:107EA0000346032B106807D1838999070ED4FFF787
:107EB0005BFA4FF0FF3008E0052BF8D18389DA0731
:107EC000F5D583F01000C0F3001008BD0120FCE7D9
:107ED000C4320020044BD8781B781BB1B0FA80F074
:107EE0004009704701207047C832002010B5064B8A
:107EF00004461A6D00211965FDF7F7FC2046BDE820
:107F0000104000F06CBD00BFC832002010B50379EE
:107F1000012B02D80024204610BD4389DB07F9D588
:107F200000F1280401212046FAF7DBF80028F2D1FD
:107F3000F0E72E307047000008B502F0F1FC034B6B
:107F40001868BDE80840FFF70FBA00BFC432002030
:107F500010B5074C2046FFF741FB206C01F04FFAAB
:107F6000A06C01F04CFABDE81040FFF7A3BB00BFC6
:107F7000C8320020024B1878003818BF0120704723
:107F8000C8320020FFF796BB10B54A6843689C1AB8
:107F9000002C06DA8068801A0028D4BF0020012057
:107FA00010BD8868181AC00FFAE70000024A13686B
:107FB00001331360E8F7E2BCB81A002010B504469C
:107FC000FAF76CFA042808D1FAF7AAFF6368C01A16
:107FD0000028D4BF0020012010BD0020FCE70000D5
:107FE000024A1368013B1360E8F7CEBCB81A0020C0
:107FF000064A0346106838B9194641F8140F9A61C9
:10800000C2E9003101225A70704700BF4833002096
:10801000F8B5244E3468002C42D0D4E90523CAB107
:108020009361D4E9052300271A606770FAF736FADE
:10803000054601F033F9C5B12378042B0CD1AB1EF2
:10804000DBB2012B11D902F06BFC012D25D1FFF71A
:108050003BFC0AE07360E4E702F062FC022D12D1FF
:108060003846FAF715FAFEF791FB23692046984740
:1080700034681CB161680C4801F00CF92046BDE879
:10808000F84000F0A3BD032DDFD13846FAF700FA1F
:10809000FEF77CFBFBF756F9E7E7FBF78BFBE4E722
:1080A000F8BD00BF48330020543300202DE9F84FBD
:1080B000544B1A78436F9B1AC0F8D030C379022B07
:1080C000044600F1CC0926D1D0F8880001F0EAF886
:1080D000D4F8D030013B1B1AC4F8D030002384F808
:1080E000CE30E36DC4F8D430D4F8D05001F0D6F8D7
:1080F0002D1A002D0ADBFFF759FF82464846FFF78D
:108100005DFF074650B15046FFF76AFF4FF0FF375B
:108110003846BDE8F88F90F87830E0E7DFF8EC807B
:10812000394801F0B9F8D8F80050BB463E4665B969
:10813000D8F80430C4F8E430C4F8E050C3F8009034
:1081400004F1E003C8F8043027E029464846FFF769
:108150001BFF90B12B78032B04D0002E45D1AB46EA
:108160002E4643E0E968D4F8D800FAF7D3FE002899
:10817000F3D106464FF0FF3712E0D4F8D4306A68E6
:108180009B1A002B32DCAB69C4F8E430234643F879
:10819000E05FAA69C2F80090AB61012384F8CD309A
:1081A00000249EB133787569012B21D0032B03D1B4
:1081B000F0689C30FAF778F9D6E90523E2B19361CB
:1081C000D6E90523B3451A60747018D1D8F8004079
:1081D000A14502D1204600F0F9FC5046FFF700FF10
:1081E0006168094801F056F892E7AB466D699EE771
:1081F000F068FFF75BFBDFE7C8F80430E0E72E46E6
:10820000CFE700BF50330020543300204833002014
:108210002DE9F84F0E46044600F1CC0901F03EF876
:10822000B378242B26D900F13905D4F87CA03E4F31
:10823000FFF7BCFEC4F8D05080464846FFF7D8FE92
:1082400005F1A4060346002846D0384801F024F87A
:108250003968AB46F9B9ABEB0503534561D87B6888
:10826000C4F8E430C4F8E010C3F8009004F1E0036F
:108270007B6024E096F90530012B02D100F1620504
:10828000D3E7022B02D100F15D05CEE7032B08BF37
:1082900000F1DF05C9E7C4E934B64B68F31A002BD7
:1082A00035DCABEB050353453BD822468B69C4F85C
:1082B000E43042F8E01F8B69C3F800908A61012323
:1082C00084F8CD30ABEB050000F0F2FF5D4640F2E4
:1082D000E243B0FBF3F39BB2A4F87230144BE665B3
:1082E0001B782B4463670023C4E9345684F8783044
:1082F0001C463D68284600F069FC4046FFF770FECA
:1083000069680A4800F0C6FF2046BDE8F88F484675
:10831000FFF73AFE18B1D1F808B00BF1A40649698D
:1083200098E74FF0FF34E4E748330020543300204F
:10833000503300202DE9F047404B456F1F7804462D
:1083400000F1CC06D0F8880000F0ACFFED1BE36D27
:10835000C4F8D430013D2D1A0023C4F8D05084F85D
:10836000CE30FFF723FE07463046FFF727FE0546CF
:1083700038B13846FFF734FE4FF0FF352846BDE8E8
:10838000F0873046FFF734FE8246002853D02C4851
:10839000DFF8B09000F080FFA8465146D4F8D43002
:1083A0004A68DAF814A09B1A002B1ADC8B69C4F80F
:1083B000E430234643F8E01F8A6916608B6101238D
:1083C00084F8CD301F4B1C68A64202D1204600F035
:1083D000FDFB3846FFF704FE6168194800F05AFFBC
:1083E000CCE73046FFF7D0FD88B10B78032B1FD1C7
:1083F000C8688B6981F80180BAF1000F15D0CAF8FE
:108400001830D1E905329C301360FAF74DF8BAF113
:10841000000FC2D10B4BC4F8E0A05A68C4F8E420A6
:10842000166004F1E0025A60C9E7C9F80430E8E7D1
:108430004FF0FF35C6E73446C8E700BF5033002091
:1084400054330020483300202DE9F8430446D0E996
:1084500001690D469046FFF7A9FD07462046FFF744
:10846000C7FD80B96168002D41D1204600F0AEFB08
:1084700026463846FFF7B4FD71681F4800F00AFF32
:108480000020BDE8F883A9EB0606DFF870901A48D3
:1084900000F002FFD9F8001049B9D9F80430A361FF
:1084A00061611C6004F11403C9F804300CE0A36896
:1084B0004A689B1A002B10DC8B69C4E905138B6991
:1084C0001C6004F114038B61012363706168D9F8A7
:1084D00000606DB9B442CCD1C7E72046FFF754FD28
:1084E00018B18B6863603344A3604969D4E72646BA
:1084F000E0684246A847EDE75433002048330020A7
:108500002DE9F84FD0E90173DF1B13448360044663
:108510008B461646FFF74AFD82462046FFF768FD68
:108520008046002841D0434800F0B6FE4FF00009D5
:108530004D4641462046D8F81480FFF725FD70B11E
:10854000894645B3B8F1000FF3D175B93A4B65616F
:108550005A68A261146004F114025A6025E0A3680D
:108560004A689B1A002BEDDCBDB16368FA18A26063
:108570002A46A16850686D69A1EB000CBCF1000FA0
:1085800038DC9369C4E9052393691C6004F1140382
:10859000461A936109E00D46D4E78B69C4E90513D7
:1085A0008B691C6004F114038B610123637046B175
:1085B000FAF7E8F8B0FBF6F303FB16006368034430
:1085C000636063681F44A760CBF800301A4B1B68D8
:1085D000A34202D1204600F0F9FA00245046FFF7EA
:1085E000FFFC154B13481B68596800F053FE2046EA
:1085F000BDE8F88F91686160C8194A45A060B7D19D
:1086000033445B1A9E4211D304F114023DB90A4966
:1086100065614868A06104604A601E46C5E7A969B3
:10862000C4E90551A9690C60AA61F6E74FF0FF346F
:10863000D4E700BF543300204833002070B504460F
:10864000FFF7B4FC0646F9F729FF062803D85223A2
:10865000C340DB0723D42046FFF7CAFC054688B198
:1086600001462046FFF790FCC8B9104800F014FE00
:10867000AB69C4E90553AB691C6004F11403AB6139
:10868000012363700A4B186800F0A0FA3046FFF728
:10869000A7FC6168054800F0FDFD002070BD304674
:1086A000FFF79EFC4FF0FF30F8E700BF5433002087
:1086B00048330020F8B5044650B3FFF777FC6378E1
:1086C00005461BB3134E3768BC4202D1124800F076
:1086D000E3FDD4E90523BAB19361D4E90523BC4293
:1086E0001A604FF00003637008D134681CB16168F0
:1086F000094800F0CFFD204600F068FA0024284623
:10870000FFF76EFC2046F8BD7360E6E70124F6E74C
:108710000124F7E7483300205433002010B5044605
:10872000FFF744FC054B1B6833B15B6823600124F1
:10873000FFF756FC204610BD1C46F9E748330020E1
:10874000014800F0A9BD00BF5433002008B5DF2068
:1087500000F0A8FD044B054918700022044800F001
:1087600093FD002008BD00BF5033002011800100A0
:108770005433002010B504460720FDF701F8E0B19E
:108780000220F9F77FFBC0B13E2202700B2242703B
:1087900007228270A288A0F80320A27BA0F80520FF
:1087A000228BA0F80720E27BA0F80920628BA0F8BA
:1087B0000B20BDE81040FCF780BD10BD38B5054664
:1087C00006200C46FCF7DCFFE0B10220F9F75AFB6B
:1087D000C0B13E2202700B22427006228270AA882B
:1087E000A0F803202288A0F805206288A0F80720BE
:1087F000A288A0F80920E288A0F80B20BDE8384044
:10880000FCF75BBD38BD38B5044603200D46FCF7C8
:10881000B7FFC8B10220F9F735FBA8B13E220270BC
:108820000A22427003228270C570A2888280B4F846
:108830006820C280B4F86A200281B4F86C204281BA
:10884000BDE83840FCF739BD38BD38B583785B07E3
:1088500005460C461AD40820FCF7B4FF88B1022064
:10886000F9F710FB68B1082202700422847042708C
:10887000B4FA84F4AA88A0F8032064094471FCF7D0
:108880001CFDAB7843F00403AB7038BD3020FCF71F
:1088900099FF0028F9D00220F9F7F4FA0028F4D063
:1088A00030220270032242708470AA88A0F803204C
:1088B000BDE83840FCF701BD10B504460520FCF7C3
:1088C0005FFFD8B10220F9F7DDFA08B9002010BD2A
:1088D0003E2202700D22427005228270A288A0F80A
:1088E0000320D4E94412C0F80510C0F80920B4F8F8
:1088F0000221A0F80D20FCF7E0FCE7E74FF0FF3085
:10890000E5E770B5054604200E46FCF739FFD8B1FF
:108910000220F9F7B7FA0446B0B13E2303700C23E6
:1089200043700423C6708370AB88838095F83F3012
:108930008371072205F1400110440BF099F920469C
:10894000BDE87040FCF7B9BC70BD38B504460C20DA
:108950000D46FCF737FFC0B10220F9F793FAA0B13A
:108960000C220270082242708570A288A0F80320B1
:1089700094F83E204271B4F84E20C280B4F85020E2
:108980000281BDE83840FCF798BC38BD10B50446FC
:108990001020FCF717FF50B10220F9F773FA40B12D
:1089A00010220270012242708470FCF786FC0020C5
:1089B00010BD4FF0FF30FBE708B51A20FCF702FFAF
:1089C00060B10220F9F75EFA40B11A22027001226A
:1089D00042708270BDE80840FCF76FBC08BD10B55E
:1089E00004461420FCF7CCFEA0B10220F9F74AFAA5
:1089F00080B13E2202700422427014228270A2884A
:108A0000A0F80320A278C2F300124271BDE8104022
:108A1000FCF753BC10BD0000024A13680133136019
:108A2000E7F7ACBFB81A0020024A1368013B136095
:108A3000E7F7AABFB81A0020F8B5FFF7EDFF074621
:108A400000F02CFC0E4C0546F9F728FD94F8243074
:108A500006461BB1A36AEB1A002B0CDA94F82530FA
:108A60001BB1E36AED1A002D05DA26B9237813B19C
:108A700002F0D5F926703846BDE8F840FFF7D4BFBC
:108A80006C33002010B5064C237843B901232370C2
:108A900000F004FC2063BDE8104002F0BDB910BD39
:108AA0006C330020024B00221A77FFF7EBBF00BFA8
:108AB0006C33002038B51A4C94F8242094F82530F3
:108AC000D2B1A56A2BB1E36AEA1A15EA220538BFCA
:108AD0001D46237F3BB1236AAB421FD000231148C0
:108AE000237700F0D9FB00F0D9FB281A00280CDC12
:108AF000BDE83840FFF7C6BF0BB1E56AE9E7237769
:108B0000201DBDE8384000F0C7BB01232377256254
:108B100029460448BDE8384000F0BCBB38BD00BF62
:108B20006C3300207033002038B50C4C002540F227
:108B3000FA50257000F0B6FB094960802A46201DD6
:108B4000257700F0A1FB0C22294604F134000AF03D
:108B500031F9044BC4E90E3538BD00BF6C33002039
:108B6000A58A0100398A010038B50B4C0025201D6B
:108B70002577256200F090FB084804F13401EFF7F7
:108B8000E5F9237813B102F04AF92570C4E90B55D1
:108B9000A562A58438BD00BF6C330020702E002074
:108BA00070B506460C46FFF737FF074B5A8883F827
:108BB00024600546A41A9C62FFF77CFF2846BDE8A6
:108BC0007040FFF731BF00BF6C33002038B504465A
:108BD000FFF722FF002C0A4B14BF0122002283F86A
:108BE00025201CBF6268598805461CBF521ADA62EC
:108BF000FFF760FF2846BDE83840FFF715BF00BF0C
:108C00006C33002038B5FFF707FF094D04462946AD
:108C10000848EFF79BF915F8343C1BB10548294685
:108C2000EFF75AF92046BDE83840FFF7FDBE00BF18
:108C3000A0330020702E002038B5FFF7EDFE05466A
:108C4000FFF720FF084B1A78022A07D100F026FB15
:108C500004462846FFF7E8FE204638BD1C6B5B88BB
:108C600001341C44F5E700BF6C330020421E00F1C4
:108C70000F0312F8010F10B99A42FAD17047012080
:108C80007047000008B5FFF775F940B9FEF71AFA0A
:108C9000044B1B68034314BF0120002008BD0120C2
:108CA000FCE700BFAC30002008B5054B1B782BB1AA
:108CB000FFF7E8FFB0FA80F0400908BD0120FCE7AB
:108CC000843400202DE9F0410E4DDFF83C8006464B
:108CD0000F46002398F803209A4201DC00200CE0A4
:108CE00015F8242CBA4203F1010408D106223146BA
:108CF00028460AF035F810B92046BDE8F081234631
:108D00003635E7E7D03300208434002030B58DB00D
:108D100021B300F12A05041DE81CF9F747FD21469F
:108D2000102268460AF0A4FF0D22002104A80AF0D0
:108D300041F86B798DF81D302B798DF81E3068461F
:108D4000EB788DF81F3001F047FABDF82E305BBA92
:108D50002B809DF82D30AB700DB030BD00F130058B
:108D600000F11404D8E70000024A136801331360CD
:108D7000E7F704BEB81A0020024A1368013B1360EB
:108D8000E7F702BEB81A002007B54FF0FF330548D9
:108D9000009300231A460321806805F0C9FB03B045
:108DA0005DF804FB84340020F8B5144C144F002502
:108DB000FB78AB4207DC79681248EFF7C5F9BDE8EC
:108DC000F840FEF75FBDA3784BB1FFF7CDFF01215F
:108DD00006462046FFF79AFF3046FFF7CDFFE378BF
:108DE0004BB1FFF7C1FF002106462046FFF78EFF7B
:108DF0003046FFF7C1FF36340135D9E7AC330020E8
:108E0000843400208C34002010B5FFF74DFF40B1B2
:108E1000054B00245C8001F053FAFFF7B5FF2046B4
:108E200010BD0C20FCE700BF84340020034B5B78AE
:108E3000037001230B700020704700BF84340020B2
:108E40002DE9F0410E4CDFF83C8006460F46002528
:108E500098F80330AB4201DC00240DE02378BB42DC
:108E600002D036340135F3E70622314604F12400FE
:108E700009F076FF0028F4D12046BDE8F08100BF5C
:108E8000AC3300208434002027292DE9F0478046A8
:108E900003D012252846BDE8F087FFF705FF00281C
:108EA0006CD0384EF27873789A4269D2C14619F87C
:108EB000011B4846FFF706FF05460028E9D108F1E7
:108EC000070A5046FFF7D2FE2F4CF27836270028CB
:108ED00051D0B37803FB0770D21AA0F136012144B8
:108EE00020447A4309F04CFFB37803FB0744362251
:108EF0000021204609F05EFF204698F8003000F877
:108F0000243B062249460AF0B3FE5046FFF7AEFE68
:108F100058B1514604F11400102201F0D3F8012396
:108F2000E37000212046FFF7F1FE08F11701084623
:108F3000FFF79CFE40B1201D102201F0C3F8012173
:108F4000A1702046FFF7E2FE00236370E3783BB197
:108F500004F1140001F0BAF9B37801330546B37097
:108F6000F3780133DBB2012BF37093D171680748BA
:108F7000EFF7EAF88EE702FB0744B8E70C2589E72C
:108F8000072587E784340020AC3300208C34002090
:108F90000729F8B5044629D1FFF786FE40B32046DD
:108FA00010F8011BFFF78EFE054618B3124C134F45
:108FB000E3783622461E02FB06F05B1B811839441B
:108FC0005A43384409F0DCFEE378013BE370A378B0
:108FD000AB4205DB304601F091F9A378013BA37069
:108FE000E3780BB9FFF7D0FE0020F8BD1220FCE7B4
:108FF0000C20FAE70220F8E784340020AC3300208C
:10900000012910B5044601D0122010BDFFF73AFE29
:1090100028B92378012BF7D8024A1370F5E70C2002
:10902000F3E700BF84340020072938B514461D46F5
:1090300013D110F8011BFFF703FF0622014638B1D8
:10904000303120460AF014FE002006232B7038BD74
:10905000204609F0AFFE0220F7E71220F7E70729C4
:1090600038B514461D4613D110F8011BFFF7E8FE72
:109070000622014638B12A3120460AF0F9FD0020C7
:1090800006232B7038BD204609F094FE0220F7E736
:109090001220F7E7022908B515D101884B1E9BB2B3
:1090A0004AF2B71293420ED84FF47A7307485943E5
:1090B0008902B1FBF3F1C378416013B10830EFF7D7
:1090C00043F8002008BD1220FCE700BF84340020D4
:1090D00070B505460E46FFF7D5FD044678B9082E53
:1090E00002D01224204670BD284610F8011BFFF75D
:1090F000A7FE30B1EB79012BF3D84370F2E70C24D3
:10910000F0E70224EEE70000014B5868704700BF0B
:1091100084340020F8B5144605460F46FFF724FEB8
:10912000062206464FB105F12A0120460AF0A0FDAD
:109130003046BDE8F840FFF71FBE05F13001F4E707
:1091400070B505460E46FFF70FFE074B0446362066
:10915000314600FB053006220AF08AFD2046BDE8B4
:109160007040FFF709BE00BFDC33002070B5054634
:109170000E46FFF7F9FD074B04463620314600FB4B
:10918000053006220AF074FD2046BDE87040FFF766
:10919000F3BD00BFD633002038B515461C46FFF797
:1091A0004FFE70B124B183782BB91C46204638BDE0
:1091B000C378002BFAD021462A46FFF7ABFF0124E3
:1091C000F4E70446F2E730B58DB00B6800934B68C6
:1091D00001938B680293CB6803930024C378CDE995
:1091E000064405468DF81F3003798DF81E3043790B
:1091F0008DF81D306846CDE9044400F0EDFF9DF880
:109200002F202B789A420AD19DF82E206B789A4213
:1092100005D19DF82D40AB78E31A5C425C412046B5
:109220000DB030BD014B1878704700BF843400206A
:1092300010B5094C4FF46123636001F077F80428FE
:1092400028BF04206070054A054904F10800002386
:10925000BDE81040EEF750BF84340020A98D010016
:10926000702E002008B5054B00221A70FFF78CFD08
:10927000FFF7CAFDBDE80840FFF7DABF84340020DD
:109280000146052000F0DABD13460A4601460520D6
:1092900000F020BE00F030BE00F06EBE052000F0F1
:1092A00005BE0000014BA3FB00307047D07B630874
:1092B00043F60952C0F30803400A5343504300EBFE
:1092C000532070474379072B00F1100298BF002309
:1092D00000681344C01A80B270478268C18812883F
:1092E00000F11003134402680A44981A80B27047D0
:1092F00010B5074A11680346084618B909B1506805
:10930000083810BD04889C42FBD28068F5E700BF96
:109310007000002010B50C4A13682BB983605368A5
:109320001860083050600CE0198804888C429968F5
:1093300001D80B46F1E7816011B900F108015160D5
:109340009860002010BD00BF70000020024B00227A
:10935000C3E90023704700BF70000020103A02806C
:1093600041600020704738B503888B4204460D46A3
:109370000CD3406800F00AFC38B10023C36043609E
:1093800000F110032B440360846038BD0020FCE72B
:1093900010B50C46FFF7ACFF20B12146BDE81040E8
:1093A000FFF7E1BF10BD38B5038801F10805AB42F6
:1093B0000DD3FF2D0BD80021FFF7D5FF30B1036887
:1093C00045712B4403600023C0E9043338BD0020FD
:1093D000FCE70830084410B580B20C46FFF788FF60
:1093E00020B1E1B2BDE81040FFF7DDBF10BD08B508
:1093F0000146806810B1406800F002FC08BD10B55D
:1094000000B910BDC468FFF7F2FF0028F9D120466B
:10941000F6E72DE9F0470F4615460646002846D0E8
:10942000D0F808A003469946DB68002BFBD14846DC
:109430002C46FFF752FF98B1A842A8BF2846044621
:10944000D9F80030B9F806002246394618440AF027
:109450000FFCB9F8063023442744A9F806302C1B2A
:10946000002C05DD00215046FFF77DFF804638B90E
:109470007379072B16D8201E18BF0120BDE8F0878E
:10948000BAF80020A242A8BF2246C280394600682E
:109490000AF0EEFBB8F80630C9F80C801F44E41A55
:1094A000C146DDE7338A1D442D1B3582E3E70220E8
:1094B000E4E710B530B1C488C3688C4201DC02D146
:1094C0000BB9118010BD091B1846F3E7F7B5054627
:1094D000084611460DF106021F46FFF7EAFF064651
:1094E00017B9384603B0F0BDAEB1BDF80630F48808
:1094F0003168E41ABC42A8BF3C46A4B222461944D3
:109500002846FFF786FF0028ECD13C1BF668ADF833
:109510000600A7B2E4E70220E4E7F8B505461F46D7
:1095200014463AB92046F8BD05B3EB888B4203DCFC
:10953000ED68C91A0029F7DC002C05DC002CD4BF2B
:10954000002401246442EDE7002DF7D0EE882B685B
:10955000761AA642A8BF26461944384632460AF073
:1095600087FBA41BED6837440021E5E74FF0FF348B
:10957000D8E770B550B100291DDB08D1002342792E
:10958000072A03D9028A521A1344038270BD024685
:109590000B460025D4889C4207DCD580D2681B1B73
:1095A000002AECD0002BF5D1E8E7E41AD480146847
:1095B0001C441460E2E74B4204460025E28826463C
:1095C000E4681544002CF9D19A4208DB9BB2D21A08
:1095D000F2804279072AD9D9028AD31AD5E743798A
:1095E000294421EAE171072B88BF0182C3888B429D
:1095F0000446C06807DBE1800028C7D0FFF7FFFE04
:109600000023E360C2E7C91A0028EFD1BEE72DE9C5
:10961000F7431E1E17461DDD0DF10602FFF749FF39
:10962000044620B96FF0004003B0BDE8F083002588
:10963000A946BDF80600E288731B121A9A42A8BF19
:109640001A461FFA82F8B8F1000F05D14544ADB2B1
:10965000B5420AD10020E7E7236892B2791918448D
:1096600009F07EFB0028F1D0DEE7E468ADF8069053
:10967000002CDED1D6E72DE9F7431E461446002321
:1096800001AAADF80430ADF80630BDF82870FFF738
:1096900010FF314605460DF106022046FFF709FF8F
:1096A0000646002F43D0BDF8043000227DBB0AB12E
:1096B000ADF80430BDF8062000219EB3F388934234
:1096C0002CD909B1ADF8062065B3BDF80490EC883B
:1096D000BDF8068031682868A4EB0904A4B2BC4236
:1096E000A3EB080328BF3C469BB29C4228BF1C4604
:1096F00022464144484409F033FBA8B9A144A044A0
:109700003C1BADF80490ADF80680A7B2C9E7E98824
:109710009942CCD8ED6801220023C7E7F668012101
:109720000022CAE76FF0004003B0BDE8F08338467E
:10973000FAE72DE9F0410E4604464FF000082046B6
:10974000FFF7C0FDE28861792368B042A8BF3046C8
:1097500012FA80F20729A3EB0003E28088BF228A75
:10976000236083B284BF9B182382361A0CD007294A
:10977000A0680CD90839C9B2FFF715FE054650B9E3
:109780002046FFF73CFE2C462046BDE8F081002134
:10979000FFF7E9FDF2E76279072A0CD900F110071B
:1097A000384604F110010AF063FA63796B711F44C3
:1097B0002F6084F805802846FFF78FFD2B68EC604A
:1097C00003442B602C46BAE72DE9F34791460DF18F
:1097D0000602074688461C46FFF76BFE054660B347
:1097E0004FF0000ABDF80600EE88361AA642A8BF60
:1097F0002646002E07DD2B684946324618440AF0FB
:1098000037FAB144A41BA4B1EB681BB1ADF806A0B4
:109810001D46E7E7A2B249462846FFF7FAFD48B9D8
:109820007B79072B05D93B8A44449C42B8BF1C4630
:109830003C82002002B0BDE8F0874FF0FF30F9E72E
:1098400010B503461A46DB68002BFBD1D160437983
:10985000072B06D94B79072B0ED9038A0A8A1344A2
:10986000038200234B7110BDDC88028A22440282ED
:10987000DB68002BF8D1F4E70B46FAE72DE9F0415D
:10988000D0F80880B8F800308B4205460C4602D26A
:109890000020BDE8F08107463E46FF68002FFBD15F
:1098A0003046FFF71AFDA04207D239464046FFF77F
:1098B0005AFD0028ECD0F0600646F38830681A198B
:1098C000F2806A79072A01D81844E2E72A8A144408
:1098D0002C82F9E72DE9F041C5888D4204460E46F9
:1098E00032D2D0F80880FFF7F8FC2844B0422EDBD3
:1098F000E76867B3751BAEB225462846FFF7EDFC57
:109900008046FC88E888396846453346A8BF434608
:109910009C42A8BF1C462B68224618440AF0A8F9AE
:10992000EB88A2B21344EB80FB889B1AB61A9BB259
:10993000B6B2FB80A8EB04082BB33B6823443B6022
:109940003C467EBBEC602C462046BDE8F081B8F872
:10995000003062799B1A9E421FDC00214046FFF7CF
:1099600002FD0546C8B16279072A0AD900F110073D
:10997000384604F110010AF07BF963796B711F44DA
:109980002F602746B9E73846FC68FFF730FD002E08
:10999000D8D03CB92846FFF72AFD2046FFF72FFD17
:1099A0000024D1E72746ACE710B50C46FFF7C1FE0F
:1099B00020B12146BDE81040FFF78CBF10BD70B547
:1099C000C388054613B12C46204670BDC468002CE0
:1099D000F9D0E38883B12046FFF774FC6A7990429E
:1099E000F1D3627105F1100104F110000AF040F9A1
:1099F0002846FFF7FCFCE7E7E668EE602046FFF745
:109A0000F6FC3446E3E72DE9F8438046F0B109B1AE
:109A1000FFF716FF44462046FFF754FC58B1637920
:109A2000E288216804F11005072B88BFED1828464D
:109A300009F0A6F92560E3882268E568204602EB74
:109A40000309FFF74AFC07462FB315B94046BDE8A6
:109A5000F883EE882968BE4228BF3E46B6B2484623
:109A600032460AF005F9E3883344E3802B68334437
:109A70002B60EB88BF1B9B1BB144BFB2EB80EB8814
:109A8000002BE1D1EB68E3602846FFF7B0FCE56806
:109A9000002DF4D1D8E7002DD8D02C46BBE700002C
:109AA00070B5044610B10AB113B919B1032026E00C
:109AB0009D072AD1900714BF22F0030010462260B0
:109AC0004FF00002A272049AE18018BF0430C4E98A
:109AD00005322181A180E3601D460A464642012AE3
:109AE0000ED84A1E002992B208BF0022424300202D
:109AF0009850074B20615A68146010345C6070BD48
:109B00000544013AAD5192B2E9E70420F7E700BFFE
:109B10007800002030B5F0B103688188C468C18046
:109B20009A0718BF23F003030181446118BF04336F
:109B30000A462046012A08D84A1E002992B208BFC8
:109B400000225A430020A05030BDC518013A0560DC
:109B500092B22846EEE70320F6E703689A07C26848
:109B60001CBF23F0030304338A420DD8808803FB13
:109B70000020814208D2891AB1FBF3F203FB1211D3
:109B8000B1FA81F0400970470020704770B5044673
:109B9000B8B10E4D2B6801332B60E6F7EFFEE3887A
:109BA0008BB1666932686261013B22899BB29A423D
:109BB000E38000D923812B68013B2B60E6F7E4FEAC
:109BC0003446204670BD1E46F5E700BFB81A002097
:109BD00070B50A4D2B6804460E4601332B60E6F73C
:109BE000CDFE63693360E38866610133E3802B68EF
:109BF000013B2B60E6F7C8FE002070BDB81A0020BC
:109C000010B40A46034680B179B1847AE40706D5D8
:109C1000C46924B12346026A5DF8044B18475DF815
:109C2000044B11461846FFF7D3BF03205DF8044BE1
:109C3000704700004309044900F01F00012240332F
:109C4000824041F82320704700E100E0024A136897
:109C500001331360E6F792BEB81A0020024A136877
:109C6000013B1360E6F790BEB81A00202DE9F041E1
:109C700007690446FFF7EAFFD7F80455D7F804311F
:109C8000666880465BB106F1807666600023D7F88F
:109C90000455C7F8043194F90100FFF7CBFF4046A3
:109CA0003543FFF7DBFF2846BDE8F08130B4847808
:109CB000036944B34FF48022C3F80823D3F8044562
:109CC000D3F8045142681DB1D3F8044502F1807203
:109CD00022438A1A022A04DC30BC90F90100FFF703
:109CE000A9BFB2F1807F34BF21F07F4104F50004A9
:109CF0004FF4802234BFC3F84815C3F84845C3F871
:109D0000042330BC70474FF40022C3F80823C3F883
:109D10004C15C3F84C41C3F8042301229A64D3F8CC
:109D200048355B1A002BECDBD6E700002DE9F04745
:109D30002B4C2669D6F8483113B10023C6F84831B8
:109D4000D6F8043133B10023C6F80431636803F157
:109D500080736360A368DFF888A00133A360FFF716
:109D600075FF4FF0010807464FF00009656955B1CE
:109D7000A27892B15046FFF779FF6FF00202EB68CC
:109D8000C01A90420FDA6369E3B9A278236922B35B
:109D90004FF48022C3F8082318E02369C3F84880F1
:109DA000D3F84805EBE7D5E904234AB15361D5E977
:109DB00004231A60D5E90130C5F814909847D5E717
:109DC000A361F4E7D9680648FFF770FF3846FFF74C
:109DD00045FFD6F84831BDE8F0874FF40022D9E7B7
:109DE000A0340020052810B51BDC0F4B53F82030A1
:109DF000BBB11C78ACB9052813D10C4B0C4901221E
:109E00009A700B200B4A1A6158700B4B4FF400628A
:109E1000C3F88020E02283F80B23E6F79BFD204661
:109E200010BD1620FCE700BF209E0200A0340020D9
:109E30002D9D010000B0004000E100E0052870B554
:109E40002BDC174B53F820303BB3052801D0002002
:109E500070BD144C267806BBB1F5004F1DD12369A7
:109E6000DBB101252570E160FFF7F0FE23690222D6
:109E70005D60C3F80865C3F80461C3F804231D607E
:109E8000627894F9013002F01F0295405B09064A9E
:109E900042F82350FFF7E2FED9E71620D8E700BFCB
:109EA000209E0200A034002000E100E005280DDC27
:109EB000074B53F8200050B183780BB1FFF7D6BEA3
:109EC000036901229A64D3F848057047002070475F
:109ED000209E0200052810B509DC064C54F82040ED
:109EE0002CB1C1E90123002048610C6010BD16208F
:109EF000FCE700BF209E020070B50446002839D060
:109F00004369002B36D14368002B33D00568C1600C
:109F1000FFF79CFE6B6906466BB1E168DA688A1A46
:109F2000002A1CDA5A69C4E904325A69146004F13F
:109F300010025A6107E0224642F8103F2B46AA6100
:109F400043F8144F63616B699C4203D1E168284672
:109F5000FFF7ACFE3046FFF781FE002070BD1B69A5
:109F6000002BDBD12361AB6963611C6004F110033A
:109F7000AB61E8E71620F1E770B5044660B3056809
:109F8000FFF764FE62690646A2B16B692169A342CC
:109F90000BBF012000200B46002381B14A61D4E9A8
:109FA000041211600022626120B153B1D9681868AF
:109FB000FFF77CFE3046FFF751FE002070BDAA611E
:109FC000EDE7AA782B6922B14FF48022C3F8082369
:109FD000F0E74FF40022F9E71620EFE7F7B5089F06
:109FE0000C469DB2099B0093164603463A46294605
:109FF0002046FFF755FD40B92B46BAB22146304600
:10A0000003B0BDE8F040FFF7A9B903B0F0BD70B5EB
:10A0100004680E461946238AB342054603D8002336
:10A020000360204670BD30469047044670B12968F1
:10A0300033460022FFF74AFA40B928683146FFF755
:10A0400098FA2868FFF7BBFC2860EAE72046FFF78C
:10A05000D6F90024E5E70170090A417070470B0A40
:10A06000017043700B0C090E8370C1707047110AA8
:10A0700002704170110C120EC2701A0A0371427103
:10A080001A0C1B0E81708271C37170470088704773
:10A09000006870470346006859687047006800BA56
:10A0A000704730B5421E002308440139CC1AA34240
:10A0B00000DB30BD12F8014F10F8015D157001335F
:10A0C0000470F3E710B510440023934200DB10BD89
:10A0D000CC5C00F8014D0133F7E7000013B5FFF742
:10A0E00035F9094C094B01934FF4927300930849D9
:10A0F00008480C232246FFF771FF204602B0BDE856
:10A100001040FFF707B900BFD83400205C5E0200A2
:10A11000BC340020E43400200B4B1A680B4B3AB9D6
:10A120000121C3F80813C3F80021D3F800327047A7
:10A13000D3F8001131B10021C3F80011D3F808059C
:10A14000C0B21047704700BFD842002000D0004086
:10A1500037B54FF080530546D3F8A04014F0010402
:10A1600014D1D3F8A42001920422D3F8A83000938C
:10A170000DEB0201013009F07BFD02226946681DEA
:10A1800009F076FD2C70204603B030BD4FF0FF3053
:10A19000FAE7000010B54FF080530446D3F8A03022
:10A1A000DB0711D50A490422013009F061FD094994
:10A1B0000222601D09F05CFDA37963F03F03A371E7
:10A1C00001232370002010BD4FF0FF30FBE700BFDC
:10A1D000A4000010A80000100A4B012200215A60C0
:10A1E000C3F80011C3F80411C3F804051A60D3F8CA
:10A1F0000021D3F804010243F9D0003818BF012030
:10A200004042704700E0004038B50C4B044691B125
:10A210000122C3F8042564B1094D0A49E02385F8F9
:10A220000D330D20E6F796FB4FF400532B60064BE1
:10A230001C60002038BDC3F80415ECE700D00040D6
:10A2400000E100E019A10100D842002010B50C4C3B
:10A25000236801332360E6F791FB0A4B0022C3F821
:10A260000021094A1168012209B1C3F804231A60C8
:10A270002368013B2360E6F787FB002010BD00BF89
:10A28000B81A002000D00040D842002038B50A4C4F
:10A29000236801332360E6F771FB084B0122002598
:10A2A000C3F808235A60C3F800512368013B2360B8
:10A2B000E6F76AFB284638BDB81A002000D00040F7
:10A2C000014B00221A7070479442002010B5094CCF
:10A2D0002378042B01460AD00748102200EB031014
:10A2E00009F0C6FC237801332370002010BD07203D
:10A2F000FCE700BF944200209842002009490A78F8
:10A30000824203460DDD013AD2B282420A7008DD74
:10A310000548D21A00EB8300120100F1100108F089
:10A320002FBD7047944200209842002010207047B3
:10A33000064BD3F800212AB1D3F8042112B1D3F887
:10A34000000470474FF0FF30704700BF00F000403E
:10A35000064AD2F850353BB123F00801042903D155
:10A36000D2F850159942FAE7704700BF001000403C
:10A3700070B5002A3ED0224B224A9B7AD35CC3F1AF
:10A3800015030B44DBB2204C1E2B94BF821E00F140
:10A39000FF32D4F84015D4F80405A1EB000121F0F8
:10A3A0007F4188BF1E3B01F1FF3188BFDBB202292C
:10A3B00022F07F4521D9281A20F07F4110F40000B7
:10A3C0001BD1022919D911490126CE60C1F84035A7
:10A3D0004FF48033C1F84001C4F84001C4F840553F
:10A3E000C4F844330A4B4FF00041C3F80415044B42
:10A3F0001A6370BD01F11503C4E74FF0FF30F8E7B1
:10A4000018470020449E020000B000400080004039
:10A4100000F001402F49304AC879304BF0B1304844
:10A42000C3F8040503F56043C3F80C05C3F8102511
:10A430002C4AC3F814252C4AC3F804252B4AC3F828
:10A4400008250022C3F80022C3F80821C3F804211C
:10A4500001221A6003F580334FF00072C3F804251F
:10A460000B7A83B3224B0322C3F80025214AC3F899
:10A470000825214AC3F814250022C3F80021C3F897
:10A480000421C3F808211D4B4FF41002C3F808251E
:10A490000123CB700022114B8A714A730821C3F843
:10A4A0006015C3F80421C3F81421C3F82821C3F8A8
:10A4B0001C21C3F8302140F25312C3F800220222BB
:10A4C000C3F804237047CB79002BDCD1084AC2F8CB
:10A4D0000035D8E718470020134500200010004041
:10A4E0000C4400200043002001000001DC42002059
:10A4F00000F00040984200202847002000F0014072
:10A500000A4B43F2FF42C3F8082301210022C3F89B
:10A510000022196103F5F0330549C3F80815054B0E
:10A520000221C3F88011044BDA707047001000401C
:10A530003000B08200E100E01847002070B5154CF3
:10A54000236801332360E6F719FA134B0122002632
:10A55000DA60C3F84025C3F840610546FEF79EFE69
:10A560000E4A03304FF48031C2F84061C2F8400512
:10A57000C2F8441302F5A0324FF00041C2F80415AE
:10A580002368074A013B106323602846BDE87040FA
:10A59000E6F7FAB9B81A00200080004000B0004089
:10A5A000184700202DE9F0418B684D79B3F800E0A1
:10A5B0000A8AAEEB05050E46043D0F46AA429446B4
:10A5C00028BFAC462CF0030C3968A7F806C0A2EBF4
:10A5D0000C02E046444603E050F8083041F80830E9
:10A5E000B8F10408F8D500190919032A03D8A5EB16
:10A5F0000C05AA4202D9FF687546DFE7FB881344C1
:10A60000FB8001E0835C8B54013AFBD5034906F1E2
:10A6100018001022BDE8F04109F02ABB30470020A5
:10A6200030B5164B01289C7A154B05BF154AD3F857
:10A630004835D3F84035525C13480CBF9933283362
:10A640001A44124B1B5D28331A440D4BC3F84C259A
:10A650000022C3F84C210E4A30241021C0F80445D2
:10A66000C2F8041301215964D3F84455D3F84C358A
:10A670009D4284BFC0F80845116130BD18470020D5
:10A6800000800040409E020000F001403C9E02001D
:10A69000001000402DE9F0473F4F404DDFF820818A
:10A6A0003F4840F201137B812823BB703D4B0024BF
:10A6B000012643F2FF423E73BC734FF00309C3F817
:10A6C000FC4FC3F8FC6FC3F80823374AC3F8109552
:10A6D000C3F81425354AC3F81825D3F85026324359
:10A6E000C3F8502640F20312C3F82C45C3F8306576
:10A6F000C3F8342540F25B62C3F838259622C3F8CC
:10A7000044254FF0FF3A4FF04063C8F804354FF44A
:10A710008672C5F808A32146C5F80062C5F808414D
:10A7200008F048FB224B3C61C5F80835214BC5F8C1
:10A7300008A30422C5F80041C5F80441C5F8084142
:10A74000C5F804455E601E61C3F80895C3F804456A
:10A75000C3F81025A3F5DD437C3BC8F8303503F57D
:10A76000DE434833C8F8343503F58073C8F838350C
:10A77000114D1249A3F5E2433C3BC8F83C35304645
:10A7800085F80143E6F7E6F802232B603B7803B92E
:10A790003E700020BDE8F0871847002000F0004020
:10A7A000004300200010004008011000FF000302D9
:10A7B000984200200080004000E100E03DA9010037
:10A7C00000F00140F8B50F4C07460E4615461946F5
:10A7D0001022204609F04CFA0822294604F11900FB
:10A7E0002761666109F044FA9DF818302376064B1C
:10A7F0000122DA71054B0022C3F800250222C3F8BA
:10A800000025F8BDDC4200201847002000F0004081
:10A81000024B186159611A76704700BFDC42002074
:10A82000074B4FF00072C3F80825064A01239360D6
:10A830000023C2F80831C2F80035034AD3717047CB
:10A8400000F0014000F0004018470020014BC3E930
:10A850000A10704718470020032812DC1DD000287A
:10A8600011DA031D11DA10F1080F11DA10F10C0FD3
:10A8700011DA10F1150FCCBF6FF013006FF0270045
:10A88000704704207047002070476FF00300704746
:10A890006FF0070070476FF00B00704708B5FFF7C7
:10A8A000DBFF034BC3F80C05024B5870002008BDBA
:10A8B0000010004018470020014B9873704700BFFC
:10A8C00018470020272810B522D8124B0C02C3F8D5
:10A8D0001C45D3F8244524F0FF0444EA1164C3F86E
:10A8E00024450D4C6161D3F8741721F0807121F07B
:10A8F000010141F08071C3F87417C3F83C25074A81
:10A90000A070125CC3F80825C3F85405002010BDE0
:10A910000320FCE70010004018470020489E02007A
:10A92000054B01225A601A6103F540534FF48032FF
:10A93000C3F84823FFF7E4BD00800040F8B59F4B03
:10A940009F4CD3F8085315F0020F03D0D3F804211D
:10A95000002A6ED1EF0600F1E3802B0763D5974BF9
:10A96000D3F80C21002A5ED00022C3F80C21082263
:10A97000C3F80823934A4FF40011C2F80815D3F81E
:10A980004815A27B521A2277D3F830318E49DBB2B8
:10A990000879E3B1238B43F080022283E279B2B1DC
:10A9A0008A4A28B1D2F8005415B943F0A003238392
:10A9B000D2F808311BB1238B23F080032383834B10
:10A9C000D3F804311BB9238B23F080032383804AFF
:10A9D000A57F804ED2F84835755D7F4E6E335B1B88
:10A9E000A57A755D5B1BC2F84035764D0023C2F831
:10A9F00040314FF480160123C5F80465D364D2F8C2
:10AA00004C75D2F84025974284BFC5F8086563713C
:10AA1000CB7848710B7171487149F7F797FC0028A2
:10AA200001DAFFF77DFF00236371644BD3F8003236
:10AA3000F8BD00261222C3F80461C3F80823614B55
:10AA40003022C3F80825F7F729FDA378A27A2083DE
:10AA5000A3766448216B2162012363775C4BA27764
:10AA6000E676825CD3F844652832964238BF1E36BB
:10AA7000A6EB020638BF01F1FF31304638BF216333
:10AA8000FEF710FC0746FEF713FC301A226A1F2857
:10AA900008BF01373A4408BF0020C4E90820474AEC
:10AAA000D2F85035D2F8281141B9002BF8D143F231
:10AAB000FF41C2F80813C2F800324BE7237AE3B132
:10AAC0004148C3785E0618D503F00F03D91F4B42E7
:10AAD0004B415B00D91C01443C48C0F810150021D3
:10AAE000C2F8281137494FF40000C1F80405617B12
:10AAF000083301EBC303C2F86035394AA1783A48FC
:10AB0000F7F7FAFB002808DB0123A3712B4B08227F
:10AB1000C3F8042325F010051FE7FFF701FFF9E74D
:10AB2000264BD3F81021002A3FF417AFE278012A10
:10AB300005D10020C3F81001F7F78EFB0DE7002ABE
:10AB40003FF40BAFE179A77A00221020C3F810215F
:10AB5000C3F80803C3F80C21D3F8003229B11B4B0A
:10AB6000D3F8081109B1C3F80821E36A0BB1A06A50
:10AB700098472379164E022B17D1FFF74BFC002282
:10AB800039460120FFF74CFD184BD6F84825DB5D10
:10AB90006C321344C6F840350023C6F84031094BE7
:10ABA0004FF40012C3F80425D7E601237360336124
:10ABB000044B0F4AC3F80825CFE600BF0010004041
:10ABC0001847002000F001401045002000F0004030
:10ABD00000800040389E0200449E02001445002080
:10ABE000304700203C9E020013450020409E02009A
:10ABF0003000108010B5FFF7ABFB0D4BD3F850259C
:10AC00004AB1D3F8502502F00702022A03D0FFF719
:10AC100087FE012010BD002443F2FF42C3F8082341
:10AC2000C3F80C41C3F81041FFF7F4FB2046F1E7ED
:10AC30000010004038B50C4D4FF48013C5F80835AE
:10AC40000022FFF795FB044610B1FFF777FC0124C3
:10AC50004FF40013C5F80435FFF7CCFF10B9002CF2
:10AC600018BF062038BD00BF00F0014008B50B4BEF
:10AC700001225A601A6103F540534FF48032C3F841
:10AC80004823FFF73DFCFFF759FC054B4FF400123A
:10AC9000C3F80425BDE80840FFF7ACBF00800040C2
:10ACA00000F0014010B5094C4FF40013C4F808350A
:10ACB0000122FFF75DFB18B1FFF732FE052010BD42
:10ACC0004FF48013C4F80435F9E700BF00F00140E9
:10ACD0002DE9F743304D95F8059080461646084615
:10ACE000B9F1000F05D0FFF71BFE052003B0BDE84A
:10ACF000F083FFF72DFB294B294AC3F80825EA7991
:10AD0000284FA3F58033002A3DD00122C3F800224A
:10AD1000254C264AC3F80C45C3F81075C3F8142512
:10AD20004FF08072C3F80891C3F80425204AC3F895
:10AD3000082501460DF10702E01CC0479DF80730C9
:10AD400023700023A370EB79607013B1194B0122BB
:10AD50001A60194900230322C1F80475C1F80031B3
:10AD6000C1F80C31C1F81031C1F800221022C1F82D
:10AD700004232E716872D1F850250B2A08D00222C4
:10AD8000EA701846B2E70D4AC3F808253C46D0E7FA
:10AD9000FFF7C6FD0120A9E71847002000F0014099
:10ADA00030008002144600200C44002000430020A4
:10ADB000DC42002000F000400010004098420020DB
:10ADC000014B5869704700BF18470020014B987924
:10ADD000704700BF18470020024BD3F85005C0B29F
:10ADE000704700BF00100040FB207047044B1A78EA
:10ADF000044BC3F80425044B01221A72704700BFAC
:10AE00009442002000F0004018470020014B00222F
:10AE10001A72704718470020002001F065BD01F04C
:10AE20008DBD000013B5936818681446F5F7BEFC95
:10AE3000B0F5285F05D042F60123984210D00E20CD
:10AE40000CE02378E3B91148646808F02FFF0F493C
:10AE500082B22046FEF7DDFAA8B9002002B010BD8C
:10AE600023786BB90A4B60681B88ADF80630022264
:10AE70000DF10601FEF7CDFA002818BF1120EDE70D
:10AE8000012BDCD1E9E71120E8E700BFD400002066
:10AE90004C47002070B5054608F008FF1F280446FF
:10AEA00008DC054E02462946304608F0E1FE002047
:10AEB000305570BD0320FCE7D4000020014B188002
:10AEC000002070474C47002010B5044C2046F2F794
:10AED000C9F92046BDE81040F2F7A0B9709E020003
:10AEE00010B504215068FEF7C9FC044650B1064B6A
:10AEF0001988FFF7B0F8054BA01C1988FFF7ABF8CD
:10AF0000002010BD0620FCE7504700204E470020DF
:10AF100010B5044C2046F2F7A5F92046BDE81040D4
:10AF2000F2F77CB9909E020007B50022114601207D
:10AF3000F5F749FD38B16846FFF72CF930B90DF146
:10AF40000100F5F7C5FC03B05DF804FB1520FAE736
:10AF500008B5024650B1FFF7E7FF15280FD10022D0
:10AF6000BDE8084011461046F5F72DBD0146F5F73E
:10AF70002AFD152803D1BDE80840FFF7D5BF08BD5D
:10AF800070B5C2B00D461646014616AA68461C4664
:10AF900000F0BBFB10B9112042B070BD324629460B
:10AFA000684600F0DDFB0028F5D06946204600F039
:10AFB00041FC0028EFD00020EEE708B5F5F703FBD1
:10AFC000B0FA80F0400908BD2DE9F04196B00D4679
:10AFD00020211F46144680461C9EF5F7DCFA2021EE
:10AFE0002846F5F7D8FA20461021F5F7D4FA2022A2
:10AFF000414605A8FFF766F8202229460DA8FFF76D
:10B0000061F82146102201A88DF85470FFF75AF814
:10B010003346412205A901A8FFF7B2FF044658B9FB
:10B0200010213046FFF73DF810213046F5F7B3FA0E
:10B03000204616B0BDE8F0811124F9E72DE9F04F64
:10B040009BB03D4CDDE927989A460CAB07460E466F
:10B05000154604F1300C9B46206861681A4603C20D
:10B06000083464451346F7D12068106022791A71BC
:10B0700020213846F5F78FFA10213046F5F78BFA84
:10B0800010212846F5F787FA2022394604A8FFF751
:10B0900019F82A486B46202204A9FFF771FF20B156
:10B0A000112420461BB0BDE8F08F10216846F5F74B
:10B0B00072FA102231460DF13500FFF703F8102225
:10B0C00029460DF14500FEF7FDFF24998DF855A0A6
:10B0D00006220DF15600FEF7F5FF9DF894302699F3
:10B0E0008DF85C3006220DF15D00FEF7EBFF4B465C
:10B0F000352259466846FFF743FF0028D0D110217A
:10B100004846F5F748FA10214846FEF7CAFF0123E2
:10B110008DF830303522434659466846FFF730FFF8
:10B1200004460028BCD140461021F5F734FA10211E
:10B130004046FEF7B6FFB4E7909F0200B09E0200C3
:10B140002DE9F04F97B00E4610211C461546DDE95B
:10B150002497DDF888A0DDF880B08046F5F71BFA6B
:10B1600010213046F5F717FA10212846F5F713FAA3
:10B1700020461021F5F70FFA03215846F5F70BFA90
:10B18000012121A8F5F707FA06215046F5F703FA41
:10B19000012123A8F5F7FFF906214846F5F7FBF949
:10B1A0001022314605A8FEF78DFF1022294609A876
:10B1B000FEF788FF214610220DA8FEF783FF032229
:10B1C000594611A8FEF77EFF9DF884308DF8473070
:10B1D0000622514612A808F04BFD0622514612A83D
:10B1E000FEF770FF9DF88C308DF84E3006224946F0
:10B1F0000DF14F0008F03CFD062249460DF14F00CD
:10B20000FEF760FF1022414601A8FEF75BFF3B46B8
:10B21000412205A901A8FFF7B3FE044658B9102141
:10B220003846F5F7B8F910213846FEF73AFF2046C0
:10B2300017B0BDE8F08F1124F9E70000F0B50E4615
:10B2400099B020211D4614460746F5F7A4F92021A0
:10B250003046F5F7A0F920461021F5F79CF91021AA
:10B260002846F5F798F92022394604A8FEF72AFF68
:10B27000202231460CA8FEF725FF1022294614A8EB
:10B28000FEF720FF214610226846FEF71BFF6B46A3
:10B29000502204A96846FFF773FE044680B91021C6
:10B2A0006846F5F778F903A8FEF7F8FE054BB0FB02
:10B2B000F3F202FB13001E9B1860204619B0F0BD8C
:10B2C0001124FAE740420F0070B5A0B00E461546B3
:10B2D0000146202210A81C46FEF7F4FE202231462B
:10B2E00018A8FEF7EFFE20220DEB02002946FEF71C
:10B2F000E9FE0C4910A801F0A9F9002802DA112092
:10B3000020B070BD074B6A4608A910A801F00FFADB
:10B310000028F4D0204620226946FEF7D3FE002004
:10B32000EEE700BFE09E0200F0B5134F134E91B060
:10B3300005460C463A462146684601F0AAF901281E
:10B3400018D120223146204607F00AFD0028F1D00E
:10B35000202269462846FEF7B5FE20220DEB0201A9
:10B36000A818FEF7AFFE20462021FEF79AFE002027
:10B3700011B0F0BD1120FBE7E09E0200C09E02006C
:10B38000014800F039BB00BFBBAF0100CB780278A9
:10B39000534003704B884278534043700A68837867
:10B3A00083EA122383700A68C3785340C370CB7951
:10B3B000027953400371CB884279534043714A6804
:10B3C000837983EA122383714A68C3795340C37136
:10B3D000CB7A027A53400372427A4B8953404372CC
:10B3E0008A68837A83EA122383728A68C37A534015
:10B3F000C372CB7B027B53400373CB89427B5340A8
:10B400004373CA68837B83EA12238373CA68C37B4E
:10B410005340C373704700000449431E0F3013F8B4
:10B42000012F8A5C1A708342F9D17047C59F0200D0
:10B430001FB502788DF8002042798DF80120827ABC
:10B440008DF80220C27B8DF8032002798DF804204C
:10B45000427A8DF80520827B8DF80620C2788DF81F
:10B460000720027A8DF80820427B8DF80920827827
:10B470008DF80A20C2798DF80B20027B8DF80C2004
:10B480004278C37A8DF80D2082798DF80E208DF8E0
:10B490000F3010236A46194600F0ECF805B05DF84D
:10B4A00004FBF8B5064608780C4600F0F2F80546AD
:10B4B000607800F0EEF8A27863785340E278534069
:10B4C0005D40684030706078277800F0E2F805460B
:10B4D000A07800F0DEF8A3785F40E3785F407D401D
:10B4E0006840707063782778A0785F4000F0D1F8EA
:10B4F0000546E07800F0CDF8E3785F407D40684095
:10B50000B070207800F0C5F8627823785340A278B4
:10B51000534080EA0305E07800F0BBF8EDB2454007
:10B52000F570F8BDF0B5264E07460C460FCE8DB02F
:10B5300001AD0FC50FCE0FC596E8070085E80700DF
:10B540003846002F38D0002C38D0381F214602460C
:10B5500010344B780D781B0443EA0563CD782B43F8
:10B560008D78043143EA05238C4242F8043FF0D140
:10B57000144C04218A07036916D1C3F30742A55C62
:10B580001A0EA25C42EA0562C3F30725DBB2655DD1
:10B59000E35C42EA054242EA032221F0030330332E
:10B5A0006B4453F82C3C534050F8042F0131534066
:10B5B0002C290361DED101200DB0F0BD2046FBE750
:10B5C000C8A00200C59F020070B5144688B00546A9
:10B5D000002849D0002949D0002A49D010230A4622
:10B5E0006846194600F046F821466846FFF7CEFE49
:10B5F000103401F1A0066846FFF70EFF6846FFF71A
:10B6000017FF694604A8FFF74CFF01A905A8FFF73B
:10B6100048FF02A906A8FFF744FF03A907A8FFF700
:10B6200040FF102319460DEB0302684600F022F894
:10B63000214668461034FFF7A9FEB442DBD1FFF77C
:10B64000EBFE6846FFF7F4FE21466846FFF79EFED4
:10B65000102319466A46284600F00CF86846102266
:10B66000002100F014F8012008B070BD0846FBE787
:10B670001046F9E738B50D46AB4211461C4604D8D2
:10B680001A4608F0F5FA204638BD0024FBE707F01B
:10B6900091BBC30903EB430303EBC30383EA4000FD
:10B6A000C0B2704710B50A460F3012F9103B002B9C
:10B6B000ACBF0023872312F8014D83EA44038A427A
:10B6C00000F8013902D01378DB09F4E710BD08B5A2
:10B6D00020B158220021FFF7DAFF012008BD10B584
:10B6E000044688B110220021FFF7D1FF102204F197
:10B6F00030000021FFF7CBFF0023636400224FF4EA
:10B700008033C4E91423012010BD70B504460D46F2
:10B71000164610B311B358220021FFF7B8FF29468F
:10B72000A6643046FFF7FEFE102200212046FFF7F8
:10B73000AEFF04F11005A26C21462046FFF744FF3E
:10B7400021462846FFF7AEFF294604F12000FFF707
:10B75000A9FF2046FFF7C3FF012070BD0846FCE7A4
:10B760002DE9F0410E4615460446002860D0FAB196
:10B7700000295DD0D0E9143253EA020158D0013BD0
:10B78000D0F8448042F1FF32C0E91432B8F1000F22
:10B790002CD0C8F1100708F13000BD4220440AD275
:10B7A0002B4632462946FFF765FF636C2B446364E2
:10B7B0000120BDE8F0813B4632463946FFF75AFF8B
:10B7C000103D0023636445443E44631E04F10F01B1
:10B7D00013F8012F93F830008B4282EA00021A70AE
:10B7E000F6D1A26C21462046FFF7EEFE04F10F07CA
:10B7F000102D0AD8002DDBD02B463246294604F105
:10B800003000FFF737FF6564D2E7631E711E13F83F
:10B81000012F11F8010FBB4282EA00021A70F6D123
:10B82000A26C21462046FFF7CFFE1036103DDFE721
:10B830000020BEE770B50C460546E8B169B34A6C16
:10B84000102A1AD11031631E013904F10F0013F8C8
:10B85000012F93F83060724011F8016F984282EA2C
:10B8600006021A70F3D1A26C21462846FFF7ACFEFF
:10B870002046FFF72CFF012070BD02F130000021AF
:10B88000C2F110022044FFF702FF636C23448022C0
:10B8900083F8302004F12001D5E70846ECE7F0B545
:10B8A00000240646204665B2AB4200DCF0BD51F8EC
:10B8B000247052F824503D440544AF4218BF002084
:10B8C00046F8245088BF40F001000134EBE700EB5C
:10B8D00081010023884200D3704751F8042D43EAC8
:10B8E00052030B60D307F5E770B5036813F0010648
:10B8F0000546144605D013460A460146FFF7CFFF1A
:10B90000064621462846FFF7E2FF46B104F1804291
:10B91000013A55F8223043F0004345F8223070BD1B
:10B920002DE9F74F4FF0000C0092654664464FFA40
:10B930008CF94B4516DC4FF0FF3606EB43060196BB
:10B940004FF00008019A53FA88FE4FFA8EFE964592
:10B950005FFA88F629DB00EBC30040F8044C03B023
:10B96000BDE8F08F009A4FF0000E02EB8C0AF04613
:10B9700051F82E705AF80469A6FB076736190EF1C4
:10B98000010E6F4134464FFA8EF64FF0000B28BF80
:10B990004FF0010B4E45D8443D46E9DD40F82C40C0
:10B9A00045460CF1010C3C46C1E7009A0136A94618
:10B9B00076B202EB8E0A002577B2BB4205DC40F876
:10B9C0002E4008F101084C46BCE76FF0030202FB71
:10B9D00006F751F826205AF80770A7FB027C3F199A
:10B9E0005CEB090C4FF0000B28BF4FF0010B5D44DE
:10B9F000E1463C460136DFE7014B1860704700BF67
:10BA000054470020014B1868704700BF544700207E
:10BA1000002310B51C465AB2914200DC10BD40F81C
:10BA200023400133F7E710B500231A465CB2A14268
:10BA300003DCB2FA82F0400910BD50F82340013314
:10BA40002243F3E74A11012350F8220001F01F01BD
:10BA50008B40184070474B1E10B55BB2041D1A0690
:10BA600003D45A1E54F8221061B101335BB25BB1AA
:10BA700003F18042013A50F82220B2FA82F2C2EB7E
:10BA8000431010BD1346EAE71846FAE710B5002345
:10BA90005CB2A24200DC10BD51F8234040F82340C4
:10BAA0000133F5E710B5013A52B2130601D5002073
:10BAB00010BD50F8224051F822309C4205D802F1C6
:10BAC000FF32F2D24FF0FF30F2E70120F0E730B55D
:10BAD000013A52B20023140603D5181E18BF0120E4
:10BAE00030BD50F8224051F822506C402343013AB7
:10BAF000F1E7F0B5002406469C46204665B2654550
:10BB000000DBF0BD51F8247052F824303D1AED1AD4
:10BB1000AF4218BF002046F8245038BF40F0010063
:10BB20000134EBE7F0B5082289B0FFF7AFFFCB6A2D
:10BB300003930B6B04934B6B05938B6B0693CB6B4F
:10BB4000079313466A460C460646002711461046E0
:10BB5000CDE901770097FFF7A2FE31460546304652
:10BB6000FFF79DFE216B0391616B0491A16B059121
:10BB7000E16B0544CDE9061710461146FFF78FFE2D
:10BB8000314605443046FFF78AFE0544206A00909E
:10BB9000606A0190A06A0290A06B0690E06B07902B
:10BBA0003046CDE904770397FFF779FE0544606AD4
:10BBB0000090A06A0190E06A0290A06BD4F834C0B3
:10BBC0000490E06BCDF80CC0CDE9050C206A07901D
:10BBD0003046FFF764FE0544E06A0090206B019058
:10BBE000606B0290206A0690A06A07903046CDE90B
:10BBF00004770397FFF77DFF236B0093636B01933B
:10BC0000A36B0293E36B0393636A0693E36A079360
:10BC10002D1A08233046FFF76CFF636B0093A36B6C
:10BC20000193E36B0293236A0393636A0493A36A09
:10BC3000CDE90537236B07932D1A08233046FFF70C
:10BC400058FFA36B0093E36BCDE90137636A03935D
:10BC5000A36A0493E36A0593636B07932D1A082381
:10BC60003046FFF746FF2D1A10D40D4C35B9082287
:10BC700031462046FFF716FF01280FD00823224641
:10BC800031463046FFF735FF2D1AEFE7044A082307
:10BC900031463046FFF703FE2D18F8D409B0F0BD49
:10BCA000F8A0020070B59DF910601D4633460446A9
:10BCB000FFF7F5FD30B9324621462846FFF7F2FE80
:10BCC000012807D033462A4621462046BDE8704069
:10BCD000FFF70FBF70BD70B59DF910601D4633466C
:10BCE0000446FFF706FF38B133462A462146204670
:10BCF000BDE87040FFF7D3BD70BD2DE9F04FA5B092
:10BD00001D4614ABCDE90231019029461046174675
:10BD1000FFF7A1FEC0EB851424B2002C2146B8BF6A
:10BD200004F11F01634203F01F0341F3471104F0C4
:10BD30001F0604A858BF5E42FFF76AFE002E4FEAB6
:10BD400081002DDD04AB00221844C6F1200E1346FD
:10BD50009D421AD804AB03EB850300936F1E24ABFE
:10BD60004FEA45084FEA8509012603EB8707002CB7
:10BD700053DA24AB03EB8606019856F8881C2A4652
:10BD8000FFF784FE25B0BDE8F08F57F823C00CFA0A
:10BD900006F10A4340F8042B01332CFA0EF2D7E7E0
:10BDA00004AB2A4639461844FFF770FED2E75AF82A
:10BDB000883C53F8202024AB03EB80030CF1010CEA
:10BDC00053F8803C0B44D31A34BF4FF0010B4FF0B3
:10BDD000000B9A425EF8882C42F8203018BF594672
:10BDE0004FFA8CF04045E2DB731A5E42294604A804
:10BDF0005E41FFF76CFD09F190036B44009853F826
:10BE0000802C57F8803C294643EAC273013C47F82E
:10BE1000803C24B2FFF75BFDA9E724AB4FF0000C98
:10BE200086F0010E614603EB860A03EB8E0ED7E720
:10BE300030B51C4691B0054693F900306846FFF7CF
:10BE40006FFDD4F8AC3069462846984711B030BD34
:10BE500013460A46FFF7ECBF2DE9F04793F900605F
:10BE600092B0044689461046314615461F46FFF7F4
:10BE7000DAFD002840F091803A46494602A8FFF7D3
:10BE8000E7FF3B4602AA21460AA8FFF7D1FF02A915
:10BE900008463A46FFF7DCFF3B462A4649464846F5
:10BEA000FFF7C6FF07F104083A4629462846FFF780
:10BEB000CFFF43462A46214620460096FFF7F2FE72
:10BEC00043462A46294628460096FFF7EBFE43469E
:10BED0002A46214628460096FFF7FDFE3B462A46A5
:10BEE00021462046FFF7A4FF434622462146284626
:10BEF0000096FFF7D7FE434600962A462146204685
:10BF0000FFF7D0FE2368DB074AD533464246214679
:10BF10002046FFF7C4FC314682462046FFF7D7FC97
:10BF200006F18043013B54F8232042EACA7244F8E8
:10BF300023203A4621462846FFF78AFF43460AAAAD
:10BF4000294628460096FFF7C6FE43460AAA294618
:10BF500028460096FFF7BFFE0AA9084643462A4630
:10BF60000096FFF7B8FE3B460AAA21462046FFF797
:10BF70005FFF02AA4346104621460096FFF7ABFE3C
:10BF8000324629462046FFF781FD49462846FFF7FD
:10BF90007DFD02A94846FFF779FD12B0BDE8F087A4
:10BFA00031462046FFF793FCC3E72DE9F0411546E3
:10BFB0008AB004460E461C22002103A806F0FAFEB1
:10BFC0002F1D95F9008003232A463146204602930F
:10BFD000FFF73EFF3B4602AA21462046CDF80080EF
:10BFE000FFF779FE2B46324621462046FFF720FF19
:10BFF000CDF800803B4605F1840221462046FFF73C
:10C0000051FE0AB0BDE8F0812DE9F0479AB016461E
:10C01000DDF888804446994614F9045B009507468C
:10C020008A4623460246314602A8FFF754FE02A97B
:10C0300042460846FFF70CFF434602AA39463846F7
:10C04000FFF7F6FE434602AA31463046FFF7F0FE00
:10C0500023465246494602A80095FFF723FE234691
:10C060005246494648460095FFF735FE23463A4674
:10C0700031460AA80095FFF72EFE43460AAA51460C
:10C080005046FFF7D5FE2346324639460AA80095AA
:10C09000FFF708FE424649463046FFF7D9FE2346E1
:10C0A0000AAA314630460095FFF715FE2346324670
:10C0B000394612A80095FFF70EFE434612AA4946DC
:10C0C0004846FFF7B5FE2346524649464846009586
:10C0D000FFF701FE424602A912A8FFF7B9FE12A916
:10C0E00023460AAA08460095FFF7F5FD23463A467F
:10C0F00012A90AA80095FFF7EEFD0AA9434602AA75
:10C100000846FFF795FE234652460AA95046009579
:10C11000FFF7E1FD2A4612A93846FFF7B7FC1AB02F
:10C12000BDE8F087F0B50F46A1B00646194638467F
:10C1300015461C46FFF777FC28B1304621B0BDE814
:10C14000F040FFF765BC224639466846FFF79EFC83
:10C15000294608A8FFF79AFC10A82146FFF758FCCB
:10C16000012318A81093FFF753FC224608A968463C
:10C17000FFF798FC30B9224610A93046FFF786FC3D
:10C1800021B0F0BD009BDA0709D421466846FFF7CD
:10C190009EFB2246294610A8FFF7A6FBE5E7089B71
:10C1A000DB0707D4214608A8FFF791FB2246294662
:10C1B00018A8F1E7002823461CDD08AA694668464E
:10C1C000FFF797FC21466846FFF781FB224618A936
:10C1D00010A8FFF767FC002805DA10A923462A46B5
:10C1E0000846FFF75CFB10A9234618AA0846FFF78C
:10C1F00080FCCEE76A4608A8FFF77BFC214608A82A
:10C20000FFF765FB224610A918A8FFF74BFC002892
:10C2100005DA18A923462A460846FFF740FB18A965
:10C22000234610AA0846FFF764FCBFE709784900D7
:10C2300049B2FFF7F8BBF0B5154689B01C46074672
:10C240000E461A4629466846FFF702FE23466A460E
:10C2500039463846FFF7ECFD23462A4669466846CC
:10C26000FFF7E6FD23466A4631463046FFF7E0FD1C
:10C2700009B0F0BD2DE9F0478AB01446DDF848A0BA
:10C2800055461F4615F9046B0096804689462B4695
:10C290000246214602A8FFF71EFD02A952460846A3
:10C2A000FFF7D6FD534602AA41464046FFF7C0FDC0
:10C2B000534602AA21462046FFF7BAFD2B464A46BE
:10C2C000394638460096FFF706FD5246394602A821
:10C2D000FFF7BEFD02A92B46424608460096FFF72F
:10C2E000FAFC02A92B46224608460096FFF7F3FC0B
:10C2F0002B464246214620460096FFF7ECFC53466B
:10C30000224649464846FFF793FD2B4602AA41467E
:10C3100020460096FFF7DFFC534622463946384652
:10C32000FFF786FD2B464A46394638460096FFF70A
:10C33000D2FC324602A92046FFF7A8FB0AB0BDE8AE
:10C34000F0872DE9F04FAFB09146399C039094F9F6
:10C35000006016A832461D46FFF798FBB300049311
:10C3600001EB86030F4626A819460293FFF78EFBC2
:10C37000002D7FD0294606A8FFF788FB324616A974
:10C380000EA8FFF783FB26A91EA8FFF77FFB234615
:10C3900006AA16A8FFF74FFFD4F8A450234606AA12
:10C3A00026A916A8A847234606AA1EA90EA8FFF785
:10C3B00042FFBDF9E050023D2DB2002D61DCD9F8FD
:10C3C0000050009405F001050EAB03EB45181EABC1
:10C3D00003EB45190EAB85F0010503EB451A1EABC7
:10C3E00003EB45152B4652464946404604F1040BE3
:10C3F000FFF70AFE5B460EAA16A906A80096FFF7ED
:10C400006AFC06A923464A460846FFF711FD06A91D
:10C4100023463A460846FFF70BFD06A933465A461F
:10C420000846FFF77FFE06A9029A23460846FFF753
:10C43000FFFC06A9234642460846FFF7F9FC4B4697
:10C440004246294650460094FFF714FF234606AAA9
:10C450001EA90EA8FFF7EFFE039832460EA9FFF7BC
:10C4600015FBDDE903031EA91844FFF70FFB2FB0EE
:10C47000BDE8F08F314606A8FFF7CAFA01230693FC
:10C480007CE729464846FFF7DDFA002814BF012162
:10C4900000210EAB03EB411B1EAB03EB41110CBFA4
:10C4A0004FF001084FF000080EAB03EB481A1EAB2B
:10C4B00003EB481843465246584600940591FFF74F
:10C4C000A3FD059900940B465A4641465046FFF796
:10C4D000D1FE013D70E72DE9F843B3F9029019F15F
:10C4E0001F0648BF09F13E060F4603F1240546F337
:10C4F00047160146904633462A463846FFF7CFF99D
:10C50000044690B9B9EB461F06DA49463846FFF7AC
:10C5100099FA041E18BF012433462A46394640467C
:10C52000FFF7BDF92046BDE8F8830124F4E730B5F4
:10C53000144695B005460CAA2346084604A9029164
:10C540000392FFF7C8FFB0FA80F301945B0914AAC5
:10C5500002EB8302638801331BB2009352F8482C2C
:10C56000002304F144012846FFF7EBFE214628464C
:10C57000FFF75CFEB0FA80F0400915B030BDF0B5B1
:10C5800000254F1E6CB28C4205F1010500DBF0BDA9
:10C590003B1B23F0030603F003039659DB0026FA46
:10C5A00003F30355EEE7F8B50E46D11C48BF911DC5
:10C5B00041F387011446FFF72BFA0025671E6AB284
:10C5C000A24205F1010500DBF8BDBB1A23F003010F
:10C5D000B25C03F00303DB009A404358134343501B
:10C5E000EDE7F0B591B091F9006005460C46FFF714
:10C5F0001DFE28BB271D324629463846FFF752FA52
:10C60000012820D1324605EB86013846FFF74AFA69
:10C61000012818D122466846FFF71AFCD4F8A83042
:10C620002246294608A89847324608A96846FFF7D7
:10C630004EFA002814BF6FF00200002011B0F0BDC8
:10C640004FF0FF30FAE76FF00100F7E7F0B50C4666
:10C6500091F9017091B02646014605463A46684672
:10C66000FFF7A1FF16F9440B3A46E9190DEB8000DC
:10C67000FFF799FF102231466846FFF713FA28B1F9
:10C6800021466846FFF7ADFF11B0F0BD6FF0030023
:10C69000FAE72DE9F0410546A8B00F4614464026BA
:10C6A00002F12408FFF7AEF9034600283DD04021EF
:10C6B00008A89847C8B3B4F9022012F11F0348BF75
:10C6C00002F13E0308A94246684643F34713FFF7C9
:10C6D00014FB2246694618A8FFF729FF18B3B4F9DE
:10C6E0000230D91D48BF03F10E016A46C910384611
:10C6F000FFF745FF94F9011018AA2846FFF73FFFFE
:10C7000094F9011094F9002018AB03EB8202681829
:10C71000FFF735FF20220021684606F04BFB012081
:10C7200028B0BDE8F081013EBCD10020F8E72DE93A
:10C73000F0471C4693F9017093F900A0B3F9023059
:10C74000A4B09046DA1D48BF03F10E0204AD814645
:10C750000CAE2846D21002950396FFF724FF3A4606
:10C76000494614A8FFF71FFF14AB09EB070103EBC1
:10C770008A003A46FFF717FF2346324629462846E5
:10C78000FFF7A9FEB0FA80F3019424AA5B0902EB3B
:10C790008301638801331BB2009351F8882C14A9DC
:10C7A00000230846FFF7CDFD14AA39464046FFF79F
:10C7B000E6FE214614A8FFF739FD02AF0446082221
:10C7C0000021384606F0F6FA20220021304606F015
:10C7D000F1FA20220021284606F0ECFAB4FA84F09F
:10C7E000400924B0BDE8F0870649074A074B9B1A69
:10C7F00003DD043BC858D050FBDC02F041F8E3F7FE
:10C8000049FD00001CA802000000002000020020DA
:10C81000FEE7FEE7FEE7FEE7FEE7FEE7FEE7FEE7F0
:10C82000FEE7FEE738B5074C051EA4F1080308BF74
:10C830001C4623682BB11A6822605B68284698471B
:10C84000F7E738BD6847002020B9054B01225A7030
:10C85000FFF7E8BF012802D1014A9070F8E770475E
:10C860005847002038B5094C23786BB908486360F5
:10C87000A3602361E36000F075F8054600F07EF8E0
:10C8800001232370284638BD8525FBE75847002043
:10C8900049C8010038B5134CA378054603F0FF00E2
:10C8A00073B115B16B6801209847002001F0B4FF07
:10C8B000E3680133E360BDE83840002001F0AEBF1B
:10C8C00001F0AAFF25B1226913463BB92A60256110
:10C8D000E368002BECD100F063F8E9E79D42F7D064
:10C8E0001B68F2E75847002038B5134C63780546BB
:10C8F00003F0FF0073B115B16B680020984700206A
:10C9000001F08AFF636801336360BDE838400020AE
:10C9100001F084BF01F080FF25B1A26813463BB946
:10C920002A60A5606368002BECD100F065F8E9E7A8
:10C930009D42F7D01B68F2E75847002038B5084CF5
:10C94000002001F069FF6368013B6360656815B909
:10C9500000F062F86570BDE83840002001F05EBF6D
:10C9600058470020044B0246187918B91A60012272
:10C970009A807047852070476C470020074B1A68E3
:10C98000D2075FBFC02283F8002301221A604FF054
:10C9900080430122C3F81825704700BF00E100E082
:10C9A00037B54FF080430022C3F80421D3F80421A7
:10C9B0000192019A0222C3F804230D4AD2F8FC0026
:10C9C00040F08073C2F8FC300A4B1C6844F001014F
:10C9D00019605D685968491BB1F50A5FFAD31C609C
:10C9E0004FF08043C2F8FC0001229A6003B030BDD2
:10C9F00000ED00E0001000E04FF080430022C3F89B
:10CA0000002182B0D3F800210192019A0122C3F8DB
:10CA100004231A6002B070474FF080420123536034
:10CA2000D2F80C3403F00113B3F1011FF8D0024B1C
:10CA300000225A71704700BF6C47002007B54FF0C5
:10CA40008043D3F800217AB10022C3F80021D3F843
:10CA500000210092009A0122C3F808230F4B587955
:10CA600010B95A711B6898474FF08043D3F80421DE
:10CA700082B10022C3F80421D3F804210192019A63
:10CA80000222C3F80823054B1B68012003B05DF8A0
:10CA900004EB184703B05DF804FB00BF6C470020AF
:10CAA00000F1804000F5C040002382B003600368BD
:10CAB0000193019B02B07047800000F1A040D0F8C4
:10CAC000003723F44033C0F80037D0F8003743EA8A
:10CAD0000143C0F800377047C208012300F0070087
:10CAE0008340885C03438B5470470000054B4FF034
:10CAF000FF32072843F8202084BF1B1883F8482002
:10CB0000704700BF7447002010B5174C94F8583098
:10CB100043BB04F12F032021FF22013911F0FF0153
:10CB200003F8012FF9D1C8B20131FFF7DFFF0C295B
:10CB3000F9D104220D48002106F03CF90C4BC0222B
:10CB400083F8062340221A604FF4BE70FFF7A8FF57
:10CB5000084B4FF00042C3F80423012384F85830F7
:10CB6000002010BD0820FCE774470020C8470020C3
:10CB700000E100E000600040034B93F858000038EB
:10CB800018BF0120704700BF744700202DE9F04115
:10CB9000DFF8E08008EB0003044693F93030002B07
:10CBA0000F4663DA8978C1F3400100290BBF0823DF
:10CBB00000230C260826B34202D10420BDE8F081F0
:10CBC00058F8230001304FEA83053AD108EB0400FE
:10CBD0005EB248F8232080F8306011B9434483F8EE
:10CBE0004840BB7859070ED4DA072CD5A30003F1CF
:10CBF000A043D3F8002722F00202C3F800271C4903
:10CC00002046FFF769FFBB783A789B0724D505F1EA
:10CC1000804303F5C0432402D3F8101521F44731B3
:10CC200021F44071C3F810151204D3F8101504F460
:10CC3000F85402F4403214430C43C3F8104500206A
:10CC4000BCE70133B7E77A7804F5E0734FF0A04111
:10CC5000920041F82320D2E7083E48FA86F696F87B
:10CC6000503043EA821386F85030E8E70820A5E701
:10CC7000C84700207447002038B51E4C251895F988
:10CC80003020072A16DD144494F848309B09032B02
:10CC90000BD14FF0A043D3F81015C14001F00101B2
:10CCA0000231BDE83840FFF707BF012B0CBF02215E
:10CCB0000321F6E7D3B2072B1BD8930003F180437F
:10CCC00003F5C043D3F8100540F00100C3F8100588
:10CCD00002F14000800080B2FFF7E2FE49B195F911
:10CCE000303054F8233023B101239340024AC2F874
:10CCF000043338BD74470020006000400E4B0344ED
:10CD000093F93020072A02DD0021FFF7D5BED3B208
:10CD1000072B0FD8930003F1804303F5C043D3F8EA
:10CD2000101521F00101C3F8101501239340034AA7
:10CD3000C2F80833704700BF74470020006000400D
:10CD4000F8B50446FFF7DAFF15490A1992F93030B1
:10CD500092F83020072A9FBF124A03F5A2730020E1
:10CD600042F8230004F00702012393400E48E20832
:10CD7000855C1D420AD004F5E0754FF0A0460227FD
:10CD800046F82570855C25EA03038354214491F815
:10CD90003000FFF7ABFEFF2381F83030F8BD00BF55
:10CDA0007447002000600040C8470020084B03443F
:10CDB00093F9300093F83030072B9DBF403080004E
:10CDC00080B24FF4BE7000F1804000F5C040704763
:10CDD000744700202DE9F04F87B00024584D03948C
:10CDE0004FF48072012102F1804303F5C0431B68B8
:10CDF000012B07D1D5F80433194203D090B2FFF7C5
:10CE00004FFE0C430432B2F5907F4FEA4101EAD164
:10CE10004B4BD3F87C31012B0AD14FF4BE70FFF796
:10CE20003FFE4FF0A04344F00044D3F81035039385
:10CE3000E3B2D3B1434F01260025344210D0AB00FA
:10CE400003F1804303F5C043D3F81005D3F8101560
:10CE500057F8253023B1C1F30141C0F304209847AE
:10CE60000135082D4FEA4606E7D1002C64DA00228E
:10CE70004FF0FF33CDE90423DFF8C890DFF8C88016
:10CE80000026374618F9014F631C46D0C4F3C2038D
:10CE900018336B440122E5B204F03F0A04F00704A2
:10CEA00002FA04F413F8042C224236D009EB0A02E9
:10CEB000AD0992F9302059F822B0BBF1000F08D12A
:10CEC000032D2AD104A950460193FFF705FE019BCB
:10CED00001E0032DF6D00AF5E0714FF0A04213F8FF
:10CEE0000C3C52F821102342C1F3014105D0022924
:10CEF00013D1032D0BD1294604E003290DD1032DB5
:10CF000005D102215046FFF7D7FD0136F6B2BBF13D
:10CF1000000F02D029465046D8470137042FB1D11F
:10CF200056B14FF0A043039AD3F810359A4203D07C
:10CF30000393049B0593A1E707B0BDE8F08F00BF02
:10CF40000060004074470020C347002000F180408B
:10CF500000F5E040002382B0036003680193019B69
:10CF600002B07047F0B5544B544CD3F8043194F8E8
:10CF70002E2085B0002B3BD04FF48270FFF7E6FFE8
:10CF80002AB394F82F3013BB4B4AD2F80031002B50
:10CF900032D04FF48070FFF7D9FF638B94F82D00E7
:10CFA000834250D921891B1A9BB289B26383CB1A61
:10CFB000616801EB4301C2F82C16C2F830064FF449
:10CFC0008270FFF7C3FF3C4B01225A6014E0636894
:10CFD00002932389ADF80C30E36800218DF804102A
:10CFE00033BB2374236801A89847002384F82F30AB
:10CFF00094F82E30002BC7D12F4BD3F810315BB1F2
:10D000004FF48870FFF7A2FF0023237402238DF8EA
:10D01000043001A823689847274BD3F814310BB389
:10D020004FF48A70FFF792FF0023237405B0F0BD20
:10D03000208B608363602081E160002AD2D11E4B87
:10D0400001221A60CEE7BAD1E168012084F82F00EE
:10D0500031B100206083C2F82C16C2F83036AEE73A
:10D060006183ACE766694FF000470125002EDDD0F3
:10D07000B6FA86F227FA02F34632920026EA03064F
:10D0800002F1804303F5E0431B68002BEED010460D
:10D09000A2F58C72FFF75AFFD30882F00402C2F3A4
:10D0A00080028DF808308DF8045023688DF809202F
:10D0B00001A89847DAE700BF00700040D047002081
:10D0C00038B5204A92F82C300446002B37D1116035
:10D0D0001D490078C1F8F0056078C1F8F405E078E2
:10D0E000137482F82D30536182F82F3001256FF0D0
:10D0F000004382F82E0082F82C504FF48270C1F861
:10D100000833FFF723FF4FF48070FFF71FFF4FF442
:10D110008A70FFF71BFFA3780C485B01DBB280F835
:10D120000733802303600223C1F8043392F82E30C2
:10D130000BB1C1F80453C1F80055002038BD0820D8
:10D14000FCE700BFD04700200070004000E100E095
:10D1500010B52C4B1A7C02F0FF04002A4FD10A793B
:10D16000012A9CBF284AC2F8004500F10C0403EBD9
:10D170004402127922B993F82D20013283F82D2030
:10D1800003EB4403CA791A710A7A5A714B788A7888
:10D190001B01120202F4E06203F0300313430A7829
:10D1A00002F003021343CA78120302F480521343BD
:10D1B0000A79120402F4E02213434A79120502F4B8
:10D1C000801213438A79120602F0807213430E4ACA
:10D1D00002EB0014000100F18040C4F8183500F59E
:10D1E000E040CB790C7AC0F81445C0F810350B79C3
:10D1F000012B9CBF0123C2F80035002010BD112077
:10D20000FCE700BFD04700200070004038B5254A39
:10D21000254B04461220C2F808031D7C022D03D1C1
:10D22000C2F80403112038BD187C01281CD1D8682D
:10D2300018B10223C2F80433F4E7DC60198393F8D1
:10D240002E305BB9D2F80031002BFBD04FF4807048
:10D25000FFF77CFEC2F82C46C2F83016114B0222B2
:10D26000C3F804230020DEE70220C2F804030020F4
:10D27000D86093F82E005C6001251D74198138B1C7
:10D28000598393F82D30C2F82C46C2F83036E9E7BE
:10D29000C2F82C464FF48070C2F83016FFF756FEE5
:10D2A0001560DFE700700040D0470020074B197C75
:10D2B0000129CAB208D193F82E10054B11B11A609A
:10D2C000002070475A60FBE708207047D0470020D5
:10D2D00000700040F0B51B4F8BB207EB001443EA1F
:10D2E0000243C4F81C35184B40005C6900F1010C86
:10D2F0004FF0004611F5006F26FA0CF64FF080054E
:10D3000005FA00F50BBFB44334435C615C610CBFAC
:10D31000C7F80853C7F8045340244FF00045596933
:10D32000844025FA00F040F2FF75AA42054A0BBF7F
:10D3300081430143596159610CBFC2F80843C2F8E7
:10D340000443F0BD00700040D047002010B5124BE0
:10D350001A7CF2B900F10C0103EB4102127922B1FF
:10D3600093F82D20013A83F82D2003EB410300248C
:10D370009C80030103F1804303F5E0430749C3F8B0
:10D38000144540F2FF72C3F81045FFF7A3FF204693
:10D3900010BD1120FCE700BFD047002000F8FFFFC0
:10D3A000134B6FF0004270B5C3F80823114A802177
:10D3B000C2F8801001229A6042F21072D3F8141160
:10D3C00009B9013AFAD10C4D0024C3F8004505F122
:10D3D0001C062C7416F8143013B1E0B2FFF7B6FF38
:10D3E0000134082CF6D1002385F82C3070BD00BF25
:10D3F0000070004000E100E0D047002010B5044676
:10D40000E9F7E4F9A46BE9F7E9F9B4FA84F0400923
:10D4100010BD70B51646026C856B044642B90668AD
:10D420009EB9406800F080FF66600135A56370BD5D
:10D430006EB9806806F01CFCA368226C1344626815
:10D44000A360934224BF2368A3600020EDE7C06877
:10D4500006F00EFC226CE36851429B1A2268E360DE
:10D4600093423EBF63685B18E360022EEDD10DB1BD
:10D47000013DEAE72846D8E7034610B41A6C08468F
:10D480006AB1DC68596814448C4228BF1968DC60B2
:10D4900028BFD960D9685DF8044B06F0E9BB5DF898
:10D4A000044B704770B50446E9F790F994F845507D
:10D4B00004F124066DB2002D01DD636AB3B9FF23C8
:10D4C00084F84530E9F78AF9E9F780F994F844508F
:10D4D00004F110066DB2002D01DD23697BB9FF2335
:10D4E00084F84430BDE87040E9F778B9304600F080
:10D4F00027FE08B100F092FE013D6DB2DBE7304639
:10D5000000F01EFE08B100F089FE013D6DB2E2E7B9
:10D5100038B504460D46E9F759F9D4E90F312268C8
:10D52000A2604B43D0185B1A1A446060FF230020AE
:10D53000A063E26084F8443084F845309DB92369E3
:10D540006BB104F1100000F0FBFD40B10A4B4FF04D
:10D5500080525A6040BFBFF34F8FBFF36F8FE9F720
:10D560003DF9012038BD04F1100001F0B7FA04F1D3
:10D57000240001F0B3FAF2E700ED00E0F8B506464A
:10D58000484350300D461746E2F7EEFE044658B1C8
:10D5900065B100F15003C4E90F6523600121204605
:10D5A000FFF7B6FF84F84C702046F8BD0346F2E75B
:10D5B00010B502220C460021FFF7E0FF00B18463A2
:10D5C00010BD00002DE9F04385B00027DFF8F09092
:10D5D000019204460E461D46B846E9F7F7F8A26BDD
:10D5E000E36B9A421AD22A4631462046FFF711FFD2
:10D5F000636A1BB104F1240000F0A2FD40B1304B7E
:10D600004FF080525A6040BFBFF34F8FBFF36F8F10
:10D61000E9F7E4F8012005B0BDE8F083022DE2D07F
:10D62000019B1BB9E9F7DAF80020F4E717B902A863
:10D6300000F0C0FDE9F7D2F800F0CCFBE9F7C6F83E
:10D6400094F84430FF2B08BF84F8448094F84530A8
:10D65000FF2B08BF84F84580E9F7C0F801A902A8AC
:10D6600000F0B4FD30BBE9F7B1F8A26BE36B9A426E
:10D670000ED1E9F7B3F8019904F1100000F03CFD78
:10D680002046FFF70FFF00F037FC48B10127A4E761
:10D69000E9F7A4F82046FFF705FF00F02DFCF5E7B9
:10D6A0004FF08053C9F8043040BFBFF34F8FBFF332
:10D6B0006F8FEBE72046FFF7F5FE00F01DFCB3E7A8
:10D6C00000ED00E010B5024600210120FFF756FFF3
:10D6D000044638B10023C0E90033C3601A46194636
:10D6E000FFF770FF204610BD38B50446456800F0CE
:10D6F000B5FD85420BD1E368013BE3600BB101202E
:10D7000038BD1A4619462046FFF75CFFF7E70020B0
:10D71000F6E72DE9F843044616461F468946E9F721
:10D7200067F8A26BE36B9A42804601D3022F1FD1A8
:10D7300094F845503A466DB249462046FFF769FED7
:10D740006B1C10D1636A3BB104F1240000F0F8FCBB
:10D7500010B10EB10123336001244046E9F74CF8C3
:10D760002046BDE8F88301356DB284F84550F3E7F3
:10D770000024F2E770B504460D46E9F739F8A26BCC
:10D78000E36B934206461BD994F845100132FF29FA
:10D790004BB2A2630FD1636A3BB104F1240000F0E5
:10D7A000CFFC10B10DB101232B6001243046E9F705
:10D7B00023F8204670BD01335BB284F84530F4E7AE
:10D7C0000024F3E72DE9F04385B00027DFF8E4906B
:10D7D000019204460E46B846E8F7F8FFA56BDDB1A6
:10D7E00031462046013DFFF747FEA56323696BB133
:10D7F00004F1100000F0A4FC40B12E4B4FF0805219
:10D800005A6040BFBFF34F8FBFF36F8FE8F7E6FF5B
:10D81000012005B0BDE8F083019B1BB9E8F7DEFFEE
:10D820000020F6E717B902A800F0C4FCE8F7D6FF1D
:10D8300000F0D0FAE8F7CAFF94F84430FF2B08BF95
:10D8400084F8448094F84530FF2B08BF84F8458065
:10D85000E8F7C4FF01A902A800F0B8FCF8B9204617
:10D86000FFF7CCFDA8B1019904F1240000F044FCBD
:10D870002046FFF717FE00F03FFB40B94FF0805302
:10D88000C9F8043040BFBFF34F8FBFF36F8F01273C
:10D89000A2E72046FFF706FE00F02EFBF7E7204642
:10D8A000FFF700FE00F028FB2046FFF7A7FD002849
:10D8B000EDD0B5E700ED00E02DE9FF410025DFF8F0
:10D8C0001881019104462F462E46E8F77FFFA36B8F
:10D8D000E3B1013BA363236813B900F09DFD6060D1
:10D8E00023696BB104F1100000F02AFC40B13A4BFF
:10D8F0004FF080525A6040BFBFF34F8FBFF36F8F1E
:10D90000E8F76CFF012004B0BDE8F081019B1BB972
:10D91000E8F764FF0020F6E717B902A800F04AFC18
:10D92000E8F75CFF00F056FAE8F750FF94F844304F
:10D93000FF2B08BF84F8446094F84530FF2B08BFE4
:10D9400084F84560E8F74AFF01A902A800F03EFC10
:10D9500048BB2046FFF752FDF8B123683BB9E8F712
:10D9600035FF606800F090FC0546E8F737FF019945
:10D9700004F1240000F0C0FB2046FFF793FD00F007
:10D98000BBFA40B94FF08053C8F8043040BFBFF332
:10D990004F8FBFF36F8F012797E72046FFF782FD78
:10D9A00000F0AAFAF7E72046FFF77CFD00F0A4FAA2
:10D9B0002046FFF723FD0028EDD0002DAAD0E8F780
:10D9C00005FF616A19B1236B1968C1F10301606831
:10D9D00000F0E2FC9CE700BF00ED00E070B50446FB
:10D9E00046680D4600F03AFC864204D1E3680133F4
:10D9F000E360012070BD29462046FFF75DFF002847
:10DA0000F8D0E3680133E360F4E72DE9F843044616
:10DA100089469046E8F7ECFEA56B0746C5B194F839
:10DA20004460494676B22046FFF726FD013D731C4F
:10DA3000A56313D1236953B104F1100000F080FBFA
:10DA400028B1B8F1000F02D00123C8F80030012539
:10DA50003846E8F7D1FE2846BDE8F883013676B2AD
:10DA600084F84460F3E710B50446E8F7AFFEA46B12
:10DA7000E8F7B4FE204610BD806B7047054B1A686E
:10DA800012B19A682AB9012243F8321003EBC2039B
:10DA9000586070470048002070B504460D46164691
:10DAA000E8F794FE94F84430FF2B04BF002384F879
:10DAB000443094F84530FF2B04BF002384F84530F0
:10DAC000E8F78CFEA36B2BB93246294604F12400FB
:10DAD00000F022FB2046BDE87040FFF7E3BC0000E9
:10DAE000F8B51A4B1A4D1C680646286804300F46D4
:10DAF00001F024F840B92A681649D06A0B6801225F
:10DB0000824023EA02030B60731C07D137B12968F6
:10DB10001148BDE8F840043100F0EEBF2B68A419AD
:10DB20005C6007D30D4B18682968BDE8F8400431E4
:10DB300000F0EDBF0A4B18682968043100F0E7FFD8
:10DB4000084B1A68A24288BF1C60F8BD3448002008
:10DB5000E8480020304800203C4800207C48002055
:10DB60008048002018480020094B0A4A1B681268A8
:10DB7000D06A50B9084A12681343012B06D8074BE4
:10DB80001868074B1B68C01A70470020704700BF19
:10DB900030480020E8480020AC4800201848002009
:10DBA00034480020064A13681968064B19B94FF02B
:10DBB000FF321A6070471268D268D2685268F8E77C
:10DBC00080480020184800202DE9F04795000646BF
:10DBD0002846DDF824808A461F46E2F7C5FB8146C9
:10DBE00018B94FF0FF30BDE8F0874820E2F7BCFBE2
:10DBF0000446002800F09C80C0F830902A46484631
:10DC0000A52105F0D7F8236B043D2B4423F0070929
:10DC100004F133020AF1FF330AF1030A13F8011F7A
:10DC200002F8011F09B15345F8D1089D022D28BF04
:10DC30000225002304F1040AC4E9105384F83730A4
:10DC4000E562504600F055FFC5F1030504F11800E8
:10DC500000F04FFF2461A56164623A4631464846B0
:10DC6000E8F77EFD2060B8F1000F01D0C8F8004051
:10DC7000E8F7ACFD304B314D1A68314E01321A6075
:10DC80002A68002A4AD12C601B68012B1FD12D481D
:10DC9000DFF8E0802C4F00F021FF2C4800F01EFF41
:10DCA0002B4800F01BFF404600F018FF384600F0FC
:10DCB00015FF284800F012FF274800F00FFF274803
:10DCC00000F00CFF264BC3F80080264B1F60264A4D
:10DCD00026491368086801331360E26AA3630123CD
:10DCE000934003430B60174B142000FB0230514656
:10DCF00000F002FFE8F772FD33686BB12B68DA6A57
:10DD0000E36A9A4208D21A4B4FF080525A6040BFE1
:10DD1000BFF34F8FBFF36F8F012064E73268E36A70
:10DD2000002AD4D12A68D26A9A4298BF2C60CEE7E2
:10DD30004846E2F79BFB54E738480020E8480020BB
:10DD40002C480020AC48002084480020C048002017
:10DD5000D448002068480020544800203C48002057
:10DD6000804800207C4800201C48002030480020CB
:10DD700000ED00E09848002013B5104B01930024FB
:10DD80000F491048009423467822FFF71DFF012811
:10DD900011D100F097FB01280DD172B60A4B4FF05C
:10DDA000FF321A60094B1860094B1C6002B0BDE8D5
:10DDB0001040E8F7E7BC02B010BD00BF14480020D7
:10DDC000635E020001E00100184800202C4800209A
:10DDD00034480020024A136801331360704700BFC3
:10DDE00010480020014B1868704700BF34480020DD
:10DDF000014B1868704700BF34480020024A13687E
:10DE000003441360704700BF344800202DE9F84FE9
:10DE10002E4B1B68002B54D12D4B1D6801351D6006
:10DE20005DB92C4A2C4B1168186810602B4A196098
:10DE3000136801331360FFF7B5FE294F3B68AB420F
:10DE400008D90026274B1B68002B0CBF3046012049
:10DE5000BDE8F88FDFF87CA0DFF89490DFF894B08D
:10DE60000026DAF800301B681BB94FF0FF333B6027
:10DE7000E8E7DAF80030DB68DC6863689D42F6D3D7
:10DE800004F10408404600F059FEA36A1BB104F1F6
:10DE9000180000F053FEE26AD9F800100123934005
:10DEA00014200B4300FB02B04146C9F8003000F0DB
:10DEB00023FE0D4BE26A1B68DB6A9A4228BF0126EB
:10DEC000CFE70A4A136801331360BAE7104800200D
:10DED00034480020804800207C4800202048002052
:10DEE0001848002024480020E84800202848002046
:10DEF00030480020AC4800202DE9F843E8F766FCE4
:10DF00002A4B1A68013A1A601C682CB10024E8F701
:10DF100065FC2046BDE8F883254B1B68002BF5D037
:10DF2000244D254EDFF8A4801FE0EB68DC6804F187
:10DF3000040904F1180000F001FE484600F0FEFD5F
:10DF4000E26A3168012707FA02F314200B4300FB51
:10DF500002804946336000F0CFFD184BE26A1B682F
:10DF6000DB6A9A4201D3164B1F602B68002BDCD171
:10DF70000CB1FFF717FE134D2C6844B1104E01276A
:10DF8000FFF744FF00B13760013CF9D12C600C4B26
:10DF90001B68002BBAD00C4B4FF080525A6040BF28
:10DFA000BFF34F8FBFF36F8F0124B0E710480020FD
:10DFB000384800206848002030480020E848002009
:10DFC000244800202848002000ED00E0AC48002054
:10DFD00008B548B9094B4FF080525A6040BFBFF3B3
:10DFE0004F8FBFF36F8F08BD0021FFF7F3FEFFF7E0
:10DFF00077FDFFF781FF0028ECD0F4E700ED00E0AB
:10E00000F8B51B4C1B4F1C4E2368DBB91B4B1B6820
:10E01000012B08D91A4B4FF080525A6040BFBFF312
:10E020004F8FBFF36F8FFFF79FFD0128EBD9FFF7ED
:10E03000D1FEFFF799FD012801D9E8F72DFBFFF785
:10E040005BFFE0E7E8F7C2FBFB68DD68281D00F036
:10E0500075FD3368013B33602368013B2360E8F7BB
:10E06000BDFB286BE2F702FA2846E2F7FFF9CBE79F
:10E07000504800205448002038480020AC48002078
:10E0800000ED00E070B5174B1A68174B12B1012272
:10E090001A6070BD154C1A602268236812681B6BE9
:10E0A0009A4204D8206821683431E2F7C5FB104B4E
:10E0B00010491B68B3FA83F3C3F11F03142606FB50
:10E0C00003F28818083245686D6845600A44954235
:10E0D00004BF6A68426006FB03114B68DB6823607B
:10E0E000D7E700BF1048002024480020E84800205F
:10E0F00030480020AC48002010B5064B0C4619688B
:10E10000183100F004FD20460121BDE81040FFF762
:10E11000E7BC00BFE848002038B5084B0D46196839
:10E120001446183100F0E8FC002C21460CBF2846AC
:10E130004FF0FF30BDE83840FFF7D2BCE848002080
:10E1400038B5C368DC6804F11805284600F0F6FC11
:10E15000124B1B68F3B9251D284600F0EFFC10494F
:10E16000E26A08680123934003430B600D4B1420BF
:10E17000294600FB023000F0BFFC0B4BE26A1B6833
:10E18000DB6A9A4285BF094B012000201860FFF727
:10E1900009FD38BD06482946EDE700BF10480020BC
:10E1A00030480020AC480020E848002024480020E7
:10E1B00068480020034B1B680360034B1B684360E7
:10E1C000704700BF204800203448002070B50C463E
:10E1D0000546E8F7FBFA0F4B196823685A1C10D064
:10E1E0000D482E6800686A68864201D08A420FD9BD
:10E1F000881A83420AD95B1A134423602846FFF722
:10E20000D9FF0024E8F7EAFA204670BD0023236016
:10E210000124F7E73448002020480020014B012268
:10E220001A60704724480020084B186860B9084BF2
:10E230001B6853B9074B1868074B1B68013B984292
:10E240000CBF022001207047002070476848002062
:10E25000244800203C48002038480020014B186822
:10E26000704700BFE8480020054B1B6833B1054BE1
:10E270001868B0FA80F040094000704701207047EC
:10E280002C480020104800202DE9F04104460028C9
:10E290002ED0224DC36A2A68D26A934236D282694E
:10E2A0001F4F002AA1BF2A68D26AC2F1030282610D
:10E2B0001426426906FB03739A4215D100F1040843
:10E2C000404600F03BFC174AA0B12B681168D86AA1
:10E2D000E062012383400B4313601423414603FB98
:10E2E000007000F009FC02E02B68DB6AC3620120C9
:10E2F000BDE8F081E06A4643BB59002BE5D11368C5
:10E300000121814023EA01031360DEE72B68006CE2
:10E31000DB6A98422CBF00200120E9E7E848002092
:10E32000AC48002030480020F8B5044608B9002069
:10E33000F8BD436CC16A026C013B91424364F6D064
:10E34000002BF4D1061D304600F0F8FB104F114AA7
:10E3500050B9E16A14234B43FB582BB913680125CC
:10E360008D4023EA05031360236CE362C3F10301CC
:10E37000A1611168012404FA03F514200D4300FB88
:10E3800003703146156000F0B7FB2046D0E700BFB0
:10E39000AC48002030480020F8B50446002836D0AC
:10E3A000036C994238BF1946C36A8B422FD0426C26
:10E3B000012A2CD18269164EC162002A4FF0140541
:10E3C0004269A8BFC1F1030105FB0363A8BF8161D6
:10E3D0009A421CD1071D384600F0B0FBE26A0D4C92
:10E3E00040B9554373592BB923680121914023EA61
:10E3F000010323602168012393400B432360142011
:10E40000394600FB0260BDE8F84000F075BBF8BD7E
:10E41000AC48002030480020044B1A681AB1196833
:10E420004A6C01324A641868704700BFE84800200F
:10E43000914208B5416000610AD8D21A83699A42B4
:10E440000DD2084B011D186800F061FB002008BDCB
:10E450009A4201D2994202D2034B011DF3E70120F7
:10E46000F5E700BFF8480020FC480020F8B50F4C45
:10E47000E8F7ACF92568ADB90D4F0E4E384600F0FF
:10E480002DFB304600F02AFB0B4B1F600B4B2A463E
:10E49000102120201E60FFF771F8206010B108499C
:10E4A000FFF7ECFABDE8F840E8F798B9F448002027
:10E4B0001449002000490020FC480020F8480020B2
:10E4C000685E020007B5FFF7D1FF084B186850B12E
:10E4D000074B0193012300930649074800234FF49B
:10E4E0009672FFF771FB03B05DF804FBF44800205F
:10E4F000F04800206D5E020001E601002DE9F041C8
:10E5000080462C200F4616461D46E1F72DFF044697
:10E5100058B1FFF7ABFF069BC4F80080C4E906764C
:10E5200025626362201D00F0E4FA2046BDE8F08118
:10E530007FB50F4C0546206816461A4680B105295E
:10E54000CDE9001602950DDCFFF78EFE00230228B0
:10E5500008BF089A206818BF1A466946FFF732F8C4
:10E5600004B070BD00236946FFF7D3F8F8E700BF99
:10E57000F44800202DE9F347DFF880800646FFF7D6
:10E5800031FCD8F800308342054609D9194F3B6861
:10E590001A686AB9184A116839601360012300E0EB
:10E5A000002328463360C8F8005002B0BDE8F08769
:10E5B000DB68DC68D3F8009004F1040A504600F0F0
:10E5C000BDFA636A20469847E369012BDFD1A3694E
:10E5D0004B44994506D2386863602461514600F087
:10E5E00096FAD4E7002300934A4619462046FFF7DF
:10E5F0009FFFCCE7FC480020F8480020EC480020B2
:10E600002DE9F047594E88B04FF0000833681D6877
:10E61000002D5BD0DB68D3F80090554FFFF7DAFB95
:10E6200004A8FFF7A7FF049C8246002C6AD1002DA6
:10E630004ED0484552D3FFF75FFC3368DB68DD6896
:10E64000281D00F07BFAEB69012B0ED1A9694B461E
:10E65000524649442846FFF7EBFE30B1009423466A
:10E660004A4621462846FFF763FF6B6A28469847CB
:10E670003868002204A9FFF7A5F80028C6D0049B3B
:10E680000698002B41DB069C6369002B44D103A84C
:10E69000FFF770FF049B0246092BE9D801A151F84E
:10E6A00023F000BF21E7010021E7010021E701007D
:10E6B00071E6010053E7010063E7010021E7010073
:10E6C00021E7010071E6010053E70100A946A4E734
:10E6D000284B1B681C68B4FA84F464093868224625
:10E6E000A9EB0A01FFF7D8F9FFF706FC0028BFD114
:10E6F000214B4FF080525A6040BFBFF34F8FBFF3A2
:10E700006F8FB5E7FFF7F8FBB2E7059B07999847CE
:10E71000049B002BACDBB6E7201D00F00FFAB6E738
:10E72000A169059B20461944FFF782FE00289FD06F
:10E73000636A20469847E369012B99D1A26905993C
:10E74000CDF8008000230A4420461946FFF7F0FE6A
:10E750008EE70599A161034601442046FFF768FE54
:10E7600086E72046E1F782FE82E700BFFC480020F2
:10E77000F4480020F848002000ED00E040687047B1
:10E7800010B50446E8F722F86469003C18BF01247C
:10E79000E8F724F8204610BD10B50446E8F716F84F
:10E7A000246AE8F71BF8204610BD1FB5002103902E
:10E7B00001AA44F20100CDE9011100F003F805B00F
:10E7C0005DF804FB72B6094BD3F8F020D20700D5F0
:10E7D00000BEBFF34F8FD968054A01F4E0610A43D8
:10E7E000DA60BFF34F8F00BFFDE700BF00ED00E030
:10E7F0000400FA0572B6024A1368013313607047C9
:10E8000028490020034A1368013B136003B962B62C
:10E81000704700BF28490020FFF7ECBFFFF7F2BFA9
:10E820004FF0704393F8E02F062A10D1D3F8E42F6D
:10E8300012070CD1D3F8E80F00F0F003302B08D00A
:10E8400000F0E000A0F1400358425841704700201A
:10E850007047012070474FF0704393F8E02F062A6D
:10E860000CD1D3F8E42F120708D1D3F8E80F00F049
:10E87000F000A0F130035842584170470020704723
:10E8800008B5FFF7CDFF40B14FF08053884AD3F869
:10E890002433C3F30423C2F84035FFF7DCFF10B183
:10E8A000844B854A5A67FFF7BBFF48B14FF080534E
:10E8B0004FF08042D3F84432C3F34233C2F83C35C0
:10E8C000FFF7C9FF30B17D4AD2F8FC3023F08073E6
:10E8D000C2F8FC30FFF7A4FF40B14FF080430022A4
:10E8E000C3F80C21C3F81021C3F83825FFF7B3FF94
:10E8F00020B14FF080430322C3F8A025FFF7ABFF00
:10E9000060B16F4B0522C3F810260122C3F8882698
:10E910000022C3F818263F22C3F814264FF0704394
:10E9200093F8E02F062A50D1D3F8E42F11074CD1E9
:10E93000D3F8E83F03F0F003502B46D14FF080525C
:10E94000604BD2F80414C3F82015D2F80814C3F8A9
:10E950002415D2F80C14C3F82815D2F81014C3F8F3
:10E960002C15D2F81414C3F83015D2F81814C3F8C3
:10E970003415D2F81C14C3F84015D2F82014C3F88B
:10E980004415D2F82414C3F84815D2F82814C3F853
:10E990004C15D2F82C14C3F85015D2F83014C3F823
:10E9A0005415D2F83414C3F86015D2F83814C3F8EB
:10E9B0006415D2F83C14C3F86815D2F84014C3F8B3
:10E9C0006C15D2F84424C3F87025FFF729FF48B12D
:10E9D0004FF080534FF08042D3F8583203F04F038A
:10E9E000C2F8E43EFFF71CFF48B14FF08043D3F874
:10E9F0000024D20744BF6FF00102C3F800244FF097
:10EA00008053D3F83021062A0AD1D3F83431062BAB
:10EA100001BF2D4AD2F83C3743F48063C2F83C373B
:10EA2000264AD2F8883043F47003C2F88830BFF326
:10EA30004F8FBFF36F8F4FF01023D3F80022002ABF
:10EA400003DBD3F80432002B2EDA204B0122C3F86B
:10EA50000425D3F80024002AFBD04FF01022152102
:10EA6000C2F80012D3F80024002AFBD04FF0102384
:10EA70001522C3F80422154BD3F80024002AFBD03A
:10EA80000022C3F80425D3F80024002AFBD0BFF3EA
:10EA90004F8F0A490E4BCA6802F4E0621343CB6001
:10EAA000BFF34F8F00BFFDE70A4B0B4A1A6008BD4A
:10EAB0000030014000C007400DF0ADBA00ED00E0AD
:10EAC0000050004000C000400010004000E0014045
:10EAD0000400FA052C0100200090D00300F1080387
:10EAE0004FF0FF32C0E9022343600361002303605B
:10EAF000704700230361704743684B609A688A60DF
:10EB0000516099600861036801330360704730B554
:10EB10000C68631C0AD103695A684A6091608B6073
:10EB20005960086103680133036030BD00F10802D9
:10EB3000134652681568A542FAD9EDE7D0E90112EB
:10EB400003698A60416851605A68824204BF8268E2
:10EB50005A60002202611A68013A1A601868704708
:10EB60000368013304D04068431C58425841704741
:10EB70000120704710B504680B689C4209D04068BA
:10EB80004968884205D08C4203D0181A18BF01206A
:10EB900010BD0020FCE740F30903B3F1FF3F08BFBD
:10EBA0000130C0F309000430704710B5031F043969
:10EBB000083053F8042F51F8044F834282EA0402CC
:10EBC0001A60F6D110BD08B503681B0D024613F498
:10EBD000E06005D0101DFFF7CDFFB0FA80F04009CE
:10EBE00008BD10B5836E1A6A436DD31A1944B1FB80
:10EBF000F2F302FB1311836D8B420AD94C09406E6C
:10EC000001F01F0150F8243001228A40134340F8DC
:10EC10002430002010BD000030B5164A0368164CA1
:10EC200011F0805F18BF144683EA010525421FD00A
:10EC300043F3090401341BD001EA02040F4A1A40CD
:10EC400042F09F4242F4E002944211D00A0D02F4D5
:10EC5000E064B4F5806F09D1C3F38924C1F389213D
:10EC60008C4222BF52B203EB82230360002030BDEE
:10EC70000120FCE700FCFF7F00FC0F7000FC0F0090
:10EC8000024608B50846FFF786FF13680344136081
:10EC9000002008BD036B1944C1F30903003B18BFF2
:10ECA000012321F0004141EAC37101630020704754
:10ECB0000368013303600020704710B5836E1B6B3F
:10ECC000044613B9C068E1F724FBA36E5B6B13B96C
:10ECD000E069E1F71EFBA36E9B6B13B9606EE1F771
:10ECE00018FB002010BD2DE9F04F87B08A46029234
:10ECF000826E10990493136A139E8B42DDE91148CA
:10ED0000814640F2AB80D269A319934200F2A680FB
:10ED1000049B013B05930EB930469CE0BAF1000F0D
:10ED20003FD0DAF80030109A9A423AD1DAE901532A
:10ED300005EB030BA34534D9A54211D8ABEB040B6B
:10ED4000B345DAF80C1028BFB346651B40465A4657
:10ED5000294404F08DFFD8445C44A6EB0B06DAE7A7
:10ED60002D1BB54228BF3546029B109A1B689A425C
:10ED70001DD1029BD3E901130B449C4217D28C4254
:10ED800011D31B1B9D4228BF1D46029BDB68611AE5
:10ED900040462A46194404F06BFFA8442C44761BD5
:10EDA000B9E73546E0E7091B8D4228BF0D46049BB5
:10EDB000B34220D8D9F868004369B4FBF3F203FBEF
:10EDC0001242C2B99E4216D3B5FBF3F203FB1253B3
:10EDD000A5EB030BCDF800B00393436810991F46D1
:10EDE00022464346B847002835D1039B5B1BD844D5
:10EDF0005C441E448FE7029A109B1360D9F8683078
:10EE000002995A69B4FBF2F302FB1343E21A4A6017
:10EE1000D9F868500599D5F814C001EB0C002044CE
:10EE2000B0FBFCF10CFB1101401AE9691B1B884285
:10EE300094BF1B185B18A96A8B4228BF0B46029926
:10EE40008B60D9F868000093CB6845681099A84793
:10EE500000283FF460AF07B0BDE8F08F6FF05300BB
:10EE6000F9E700002DE9F04F9A46D1E9038387B016
:10EE700006463C3091460F460593FFF7A4FEC9F3C2
:10EE8000892B044658B1BBF1000F78D0F36B3D4C91
:10EE9000C3F38922CAF389239A4288BF0024059DBF
:10EEA0002846FFF778FE031D434534D80423A8EB1A
:10EEB0000008039305ABCDE901833B68009332461C
:10EEC000042300213046FFF70EFF30BB059B1BBA21
:10EED0006B4023F000430593BBF1000F23D02A0DB4
:10EEE00002F4E063B3F5806F1DD1AAEB0403C3F312
:10EEF0008920C5F38921884215D323F07F4323F469
:10EF0000700323F47F7323F0030343F0804343F43F
:10EF10008013AB4204D16FF0010007B0BDE8F08F61
:10EF200052B204EB8224AAEB0401694011EA090100
:10EF3000B5D145F309030133EDD0129BC5F309099F
:10EF4000994528BF9946119B0293109BCDF80C90D0
:10EF50000433434401933B68009332464B463046AA
:10EF6000FFF7C1FE0028D8D1129BA3EB0902119B29
:10EF7000014603EB090003F01DFF6019CDE75C4675
:10EF80008DE700BF00FCFFFF1FB5C3F30904029427
:10EF9000069C019400240094FFF764FF04B010BDA8
:10EFA00030B587B003AD094B00951446084AFFF70A
:10EFB000EBFF002804DA831C00D1002007B030BD2D
:10EFC00029462046FFF7F1FDF7E700BF0C00F07F70
:10EFD0000000F07FF0B51C4640F2FF339A4285B046
:10EFE00005460E4604F1080C08D11B49604604F0A2
:10EFF000B1FE02232370002005B0F0BDC36ECDF832
:10F0000000C0013343EA82239702144AFFF7BCFF92
:10F010000028F1DB000D02AB2070009347F0005395
:10F020000F4A43F0080331462846FFF7ADFF00289A
:10F03000E2DB40F20223B3EB105F4FEA105202D141
:10F04000039B6360D7E740F201239A42D3D1C0F318
:10F0500009006060CFE700BF755E020000FC0F781A
:10F0600000FC0F702DE9F04F93B01E46BDF88030C4
:10F070000C93BDF884300D931E9BBDF988B0DDF86C
:10F0800070A0C3F38F230B934FEA8B230746884668
:10F0900091460A933046FFF77EFDD8F80C3000EB1E
:10F0A00009049C4252D2042303930FABCDE90143E0
:10F0B000D8F8003000933A46042300213846FFF781
:10F0C00012FE00283FD10F9B1BBA734043F000464D
:10F0D000D8F800301093231D0F961193A14610AD60
:10F0E0001F9B0F9C5C401E9B1C40424B1C40D1D17F
:10F0F0000B9B002B38D10F99C1F30A53002BC9D0B9
:10F1000040F2011293424FD1249A0892C1F30903AD
:10F11000239A0792C1F389215A1CCDE90432C91AF6
:10F12000354B4FF000525944CDE9023209B200226A
:10F130000691CDE900224FF0FF3329463846FFF70C
:10F1400091FF0028A6D013B0BDE8F08F1D9B002BC7
:10F150004EDDDAF800300F931D9BDAF80450013BC6
:10F160000AF1080A1D93BBE70FAB0893234BCDE9C7
:10F1700006431D9BCDE90444CDE900A3CDE902443B
:10F1800033464A4641463846FFF76CFF0028DADB33
:10F1900080D10F9B0C9AC3F389239A423FF67AAF32
:10F1A0000D9A9A42A7D875E7B3F5817F19D10F9BC5
:10F1B000C3F309029442BFF46DAFA9686A68C3F350
:10F1C00089235B4441EA83212B7803F5407341EAAC
:10F1D0000351DDE9233098470C350028B3D10134C1
:10F1E000E5E70A9B2A461944DDE923309847A8E75A
:10F1F0000020A8E70000F07F00FC0F6019EC010080
:10F2000030B5134687B00268044604AD0820916EFD
:10F2100003900295586801901B680093CB691046D3
:10F2200002F11001FFF75FFD30B9211D2846FFF7FD
:10F23000A1FC003818BF012007B030BD2DE9F04F08
:10F2400093B0164609931368826E126A934207467A
:10F250000C4605D36FF05305284613B0BDE8F08F78
:10F2600071688A42F6D900214FF004080CAACDE952
:10F2700001120093CDF80C8043460246CDE90C11F3
:10F28000FFF731FD054610B110F1540FE4D1CDF870
:10F290000C800DAB4FF000080293CDF8048073682A
:10F2A00000933A46042341463846FFF71CFD0D9B68
:10F2B0000546002849D010F1540FCDD1414656F8EB
:10F2C0002130236081F00103079356F823306360F7
:10F2D00012AB03EB81014FF0FF3551F8183CA360EE
:10F2E0000023E36002230893B14A92E803000EABC7
:10F2F00083E80300042204F108014FF0FF3002F01C
:10F30000B7FC0023CDE905330A90A8464FF0FF3A39
:10F3100099465046FFF73FFC0DF12C0B8144BB6E24
:10F32000CDE9019B0422039222680092DB693A46F0
:10F3300000213846FFF7D7FC064668B110F1540F9C
:10F3400040F034810023A37529E00C9A9B1A002B0E
:10F35000D4BF00210121B2E759460A98042202F0E5
:10F3600087FC0B9B0A901BBA8AEA030BBBF1000FC8
:10F37000CDF82CB02EDA4FEA1A5A0AF4E06ABAF540
:10F38000A06FE36808D1BA6E9269B3FBF2F102FB99
:10F390001133B3FA83F6760906F00106A675E36821
:10F3A000002B00F02881214607F13C00FFF70BFC01
:10F3B000002800F00A81FB6BC5F38922C3F389237F
:10F3C0009A4240F0FB8045F000451D9B002B40F029
:10F3D000FE8007E15846FFF7DEFBBB6EDB69484461
:10F3E0009842AFD84FEA1B5202F4E062B2F5A06F28
:10F3F000216840F086800422039210AA029209F14B
:10F400000402CDE90012384631463A46FFF76BFC5C
:10F41000064630B110F1540F40F0C8804FF00003A1
:10F4200091E7109A0A9B9A42F8D10B9BF86A1B0D40
:10F4300004220AA98BEAC37B02F01AFCF8620B983B
:10F44000FFF7A9FB059BA3820E9BA36148440F9B7A
:10F45000E361C4E9030B069BE3754FF0FF330A93A6
:10F4600043464546DA46984653E70A98012210A9D2
:10F4700002F0FEFB0AF1010A0A900B98FFF78BFBE2
:10F480005045236817D90121BA6E039110A9029142
:10F490000AEB0901CDE900313846D36900213A462B
:10F4A000FFF721FC06460028DFD010F1540F7DD174
:10F4B0004FF00003A3750B9B20681A0D12F4E06156
:10F4C00022D1059AC3F389239A4201D801330593C7
:10F4D0001C9A0B99236881EA020A099A1AEA020A1D
:10F4E0004ED1109309F10403119310AADDE91E30E7
:10F4F0009847061E41DA16F1540F57D184F816A02A
:10F500004DE74FF0040AB8E7B1F5806F1DD10598BB
:10F5100051B240FA82F292B20592264A08EA0202F9
:10F5200042F09F4242F4E002934202D148F0004888
:10F53000CEE7B8F1FF3FCBD0C3F38923C8F38922CC
:10F540009342C5D808EB8128C2E7B1F5C06FBFD19F
:10F5500002F0010308220693BB6E03920EAA0292E8
:10F5600009F10402CDE900020021DB693A46384680
:10F57000FFF7B9FB5430ABD1E4E60B9B03D19846BF
:10F580004346A8466DE70C4A88EA03010A4052B197
:10F59000022EF5D1C8F38922C3F389218A42EFD321
:10F5A00043F00048ECE74FF0FF38E9E7354653E613
:10F5B000B0A1020000FC0F0000FCFF7F691C3FF4BB
:10F5C00004AF9A4288BFA5F580651D9B3BB1A28A16
:10F5D000C5F38923934228BF13461D9A1380002D3B
:10F5E000BFF63AAEA38AC5F38925AB4294BF002586
:10F5F0006FF0010530E6D4E90032C4E90023079B2F
:10F6000012AA02EB830353F8183CA360089B012B5A
:10F610003FF420AE0123089366E600BF2DE9F047D2
:10F6200001230024C2E90643184FDFF86480DFF8A5
:10F63000649088B005460E4692460AF118021046BC
:10F64000FFF78EFA10B16FF0010018E0AB6E1B6A85
:10F65000B4EB530F16D2336806937368079305AB68
:10F66000CDE90273CDE900804B465146284601346E
:10F670000595FFF7E3FD0028DFD0831CDDD008B03F
:10F68000BDE8F0876FF05300F9E700BF01F2010019
:10F6900008000020FF03F07F1FB50023CDE90233EF
:10F6A00001934FF0FF330093FFF7C8FD05B05DF8FD
:10F6B00004FB2DE9F04101230024C2E9064306467C
:10F6C0008846154602F118073846FFF749FA10B187
:10F6D0006FF0010011E0B36E1B6AB4EB530F0ED252
:10F6E000414638460134FFF745FA30B13A462946DB
:10F6F0003046FFF7D1FF0028E6D0BDE8F0816FF07B
:10F700005300FAE72DE9F04F8DB016680692814656
:10F71000884605931BB1059A40F2FF331380D9F850
:10F720002030C8F81830D9F82430434CC8F81C30C1
:10F730004249304603F004FB35184049284603F09F
:10F74000EEFA0128074605EB000623D13C490246A4
:10F75000284603F005FB0028EAD0B2464FF0010B23
:10F760003649504603F0ECFA82443449504603F0DF
:10F77000D6FA0246B8B1022811D107903149504655
:10F7800003F0EEFA079A50B9BBF1010B09D10AF167
:10F790000206CDE70228E0D12A490246D8E70BF15C
:10F7A000010B9244DCE72B78002B3DD0069B1D60BB
:10F7B000C4F30A53022B3BD1C4F3892440F2FF3334
:10F7C0009C4208F1180A23D10DF1240B2F21284661
:10F7D00003F098FA059B1C4ACDF80CB0002818BF1E
:10F7E0000023CDE9013200974FF0F04352464146E5
:10F7F0004846CDE909950B97FFF720FD041E13DB62
:10F8000096D198F81730002BE0D16FF001040BE08F
:10F810000E4B0F4ACDF800A043EA842341464846E8
:10F82000FFF7B2FB041ECFDA20460DB0BDE8F08F23
:10F830006FF01304F8E700BF00FC2F00755E0200B4
:10F84000785E0200775E02007DF90100080000206A
:10F8500000FC0F702DE9F04F87B01546826E119CA9
:10F86000139ED2698946A119914207464FD8DFF805
:10F87000A4B06FF0010A03F1FF380EB9304643E03F
:10F880002B68E868023318D1D5E901120A44944282
:10F8900013D28C4211D3121BB242A4EB010128BF38
:10F8A000324601441298059204F0E2F9059A129B3F
:10F8B000134412931444B61ADFE7C5F800A0BB6ED8
:10F8C0005B69B4FBF3F203FB1242A21A6A60D7F839
:10F8D00068C0DCF814E008EB0E032344B3FBFEF130
:10F8E0000EFB11315B1ADCF828108B4228BF0B4647
:10F8F000AB604946CDE901030092109B5A46384659
:10F90000FFF7B0FA0028B8DA07B0BDE8F08F6FF063
:10F910005300F9E700FCF7FF2DE9F04F87B00746E9
:10F92000129E884691469A4600240DF1100BA6427D
:10F9300001D800201BE0351B109B082D28BF08258F
:10F94000E318CDE900A3CDE902B5A9EB04034246D3
:10F9500000213846FFF7C7F948B9119B2A46191903
:10F96000584603F0FDF9002804D005DA012007B05D
:10F97000BDE8F08F2C44DAE70220F8E730B51346F3
:10F980008268C1F3090585B0AA4228BF2A460292BF
:10F99000416801915968009101681B680446084656
:10F9A000FFF7BAFF28B9A368AB4202D034BF0120E9
:10F9B000022005B030BDF8B5C6690D68083EB542F5
:10F9C0000F4613D3B5FBF6F0013805F025FF841C74
:10F9D000A5EB8404B4FBF6F4204605F01DFFA5EB6F
:10F9E000800504FB16553D602046F8BD0020FCE76D
:10F9F0002DE9F04F89B00646DDF84C8005920F46A0
:10FA00004BB94FF0FF32C8F80020149A0020136061
:10FA100009B0BDE8F08F846E013B07A9204607932B
:10FA2000FFF7C9FF12A905462046FFF7C4FF4FF0B4
:10FA3000040A81460DF1140BA945059A03D3129BC4
:10FA4000C8F80020E1E7A5EB0904B4FA84F495FABC
:10FA5000A5F3B3FA83F3C4F11F049C4228BF1C46EC
:10FA6000A300CDE90023CDE902BA04233A460021E0
:10FA70003046FFF738F90028CAD10123A340ED1A18
:10FA8000DAE72DE9F04F89B00646DDE9120A0F46A4
:10FA900090461D4688B30138059005A9B06EFFF762
:10FAA0008AFF0DF1180B044614982946D04720BB55
:10FAB0001CB304F00109C9F102039B00CDE9005019
:10FAC000CDE902B3424639463046FFF70CF9A0B9FA
:10FAD000E54305F00105A84207DB08AB03EB85050C
:10FAE000023C55F8085C4C44DEE706991498D04770
:10FAF00003460120002BEED0184609B0BDE8F08F78
:10FB00002DE9F04F91B004460D46164600211C2207
:10FB100008A8059303F04EF901230F934FF0000856
:10FB200040F202290EA8FFF71BF820B1A76A002FA8
:10FB300055D1384641E0A36E1B6AB8EB530F7BD218
:10FB40000E99304608F10108A847002835D10F99D1
:10FB50003046A84788BB0EAA08A92046FFF79CFD9F
:10FB600058BBDFF8E0A0DFF8E0B00746BDF834206E
:10FB7000BBB29A42D6D906AA0AEA8723009243EA80
:10FB80000B032F4A08A92046FFF7FEF9002803DAE5
:10FB9000831C12D10137E9E7B9EB105F4FEA10532C
:10FBA0000ED1079B0093CDE90156069B224600210A
:10FBB0002046FFF766FF0028ECD011B0BDE8F08FBB
:10FBC000059A002AE6D0B3F5007FE3D106993046C6
:10FBD000A8470028F1D107993046A847EBE7BB7941
:10FBE000012B01D03F68A2E73B6B03F48813B3F508
:10FBF000803F13D03B6B03F49013B3F5003FF1D17A
:10FC0000CDE901567B6B0093BB6B224607F14001A7
:10FC10002046FFF736FF0028E4D0CEE7CDE90156B5
:10FC2000FB6A0093BB6A224607F140012046FFF7BA
:10FC300028FF0028DED0C0E76FF05300BDE700BF0B
:10FC400000FC0F7000FCFF0308000020F8B504461C
:10FC50000D460126A36DD4E91712994225D1002A39
:10FC600052D0A16E606D0344086AB3FBF0F700FB4D
:10FC700017336365CB6A606EDB000027934294BF45
:10FC8000A365A265E765CA6A394603F093F820497F
:10FC9000012322462046FFF733FF0028DAD0C4E9CB
:10FCA0001677A36E1B6A236625E0481CE065013ABF
:10FCB000606E22664F0901F01F0250F8270006FA15
:10FCC00002F20242C7D1A26E636D126A0B44B3FB0B
:10FCD000F2F102FB11332B60A66D0125E36DB342F7
:10FCE00010D0616E5A0903F01F0051F8222005FA66
:10FCF00000F0104000D1F8BD0133E365236E013BF5
:10FD00002366EBE70020F6E76FF01B00F3E700BF88
:10FD1000E3EB01007FB50C4604310646FFF796FF82
:10FD2000054680BB21463046FFF790FF054650BB95
:10FD30002246042342F8080FCDE9022301902268ED
:10FD40000092014632463046FEF7CDFF10B110F169
:10FD5000540F1BD1B36E5A6A002A0BDDA36801321F
:10FD600042F00102013B1344B3FBF2F102FB1132FA
:10FD70009B1AA3604FF0FF330422C4E9032300223F
:10FD8000C4E90523E361284604B070BD0546FAE7DF
:10FD900007B500230449019301AAFFF7B1FE00B99A
:10FDA000019803B05DF804FBB1EC0100C36818478B
:10FDB00010B50C46826AE068FF2102F0FBFF4FF0AD
:10FDC000FF33236010BD10B581660B6B0446002B1A
:10FDD00037D0C360A36E5A6B002A3ED0E261A06E9A
:10FDE0002146FFF7E5FFA06E04F11001FFF7E0FFE9
:10FDF000A36E9A6B002A37D06266A26ED36B002B7B
:10FE000008BFFF23E366136C002B08BF6FF00043AD
:10FE10002367536C40F2FE32002B08BF13460020CC
:10FE200063674FF0FF33C4E90833C4E90A00C4E94B
:10FE30000F00C4E90C00C4E912006064A0632065EF
:10FE400010BD886AE0F760FAE0600028C2D1204661
:10FE5000FEF733FF6FF00B00F2E7986AE0F754FA11
:10FE6000E0610028BBD1F2E7D86AE0F74DFA60669E
:10FE70000028C2D1EBE72DE9F0430D46096898460A
:10FE8000CB1C85B00646174603D9002005B0BDE857
:10FE9000F083806EAC6882691444013CB4FBF2F3D9
:10FEA00002FB1343E41A0094D0F80890EB686A68E8
:10FEB000C8470028EAD1B8F1000F04D1B06E294636
:10FEC000FFF776FFE1E74FF0FF333B600294EB680A
:10FED00001936B6800932B68224639463046FFF742
:10FEE0001BFD0028D2DBE9D06FF05300CEE72DE9EF
:10FEF000F84F0B9EDDF8348007460C469246994633
:10FF00004FF0000BB8F1000F01D1404630E02368FC
:10FF10000A9A93422ED16068B0422BD8BB6E9D6A7C
:10FF20000544B54226D9AD1BE3680C99454528BF69
:10FF30004546301A2A46184403F09AFE6368A268C0
:10FF40002E44F31A934238BF1346A360BA6E926AE6
:10FF50009A4205D00C9B2B440C93A8EB0508D1E7E3
:10FF60004B46524621463846FFF785FF0028F1D020
:10FF7000BDE8F88F0A9B2360BB6E9A69B6FBF2F36B
:10FF800002FB1363F31AC4E9013BBBE7F0B585B08C
:10FF9000CDE902231D464B6801930B6800930C4684
:10FFA00017460023024600F11001FFF7A0FF0646A6
:10FFB00040B9E0682A46394601F05AFE6368E060BD
:10FFC0002B446360304605B0F0BD2DE9F04F064686
:10FFD00087B010469946FEF7DEFD4B6893464A69A6
:10FFE000034493420C46804641D88B682BF0004A6C
:10FFF0008AEA03031BBA059305AA04233046FFF7D8
:020000022000DC
:10000000C5FF054678BBBBF1000FA8F1040720DA55
:100010000DF1130B2FB30123CDE902B3D9F804304E
:10002000043B4344DB1B0193D9F800300093324674
:100030003B4600213046FEF756FE40B901235A46A2
:1000400021463046FFF7A2FF013F0028E2D00546D7
:1000500009E03B464A4621463046FFF797FF002815
:10006000F5D1C4F808A0284607B0BDE8F08F6FF0BE
:100070001B05F8E713460A46D0E90001FFF7A5BFC4
:100080002DE9F04F044687B00D4605A92046FFF73D
:10009000DDFD064658B9DDF81480A06E4146FFF735
:1000A00085FE0646002853D010F1540F56D0304636
:1000B00007B0BDE8F08F2A6BCDF80C900DF1130A54
:1000C00012F4801FCDE9017AA3EB07031CD0AA88A4
:1000D000244941EA8222009205F108015A4620464D
:1000E000FFF7B8FB70B9CDE902A9CDE9008701237C
:1000F000224604F110012046FFF7F9FE60B110F12D
:10010000540F2BD00646D2E7AA6B009259462246DE
:100110002046FEF7E8FDE5E70137EB6BBB42CAD8A6
:10012000A36EE1699A6AE86C03F0A2FD23692B646F
:1001300063696B64A369AB64A06E04F11001FFF7FF
:1001400037FE2B6BC5F8388043F400332B63AEE7E2
:10015000074605F1400B4FF00109DEE74FF0FF3392
:10016000236192E700001020F0B50B6B0C46590399
:1001700097B0054608D5DA0258BF4FF0FF3223F496
:10018000802358BF22642363216B8B0302D4002099
:1001900017B0F0BD11F48011666BE76A3FD15422AD
:1001A00001A802F007FEA36ACDE90B370123CDE9D0
:1001B0000D3695E80F0011AF87E80F004FF0FF37BD
:1001C0002F60626BE36A9A4212D304F14007012365
:1001D0002A4639462846FFF74EFE20B310F1540F49
:1001E000D6D121462846FFF74BFF0028EFD0CFE7B6
:1001F00001230DF1030201A9284600F095F900281A
:10020000C6DB01230DF103022146284600F017F852
:100210000028BDDB2B680133D3D01197D0E7B7425C
:100220002CBF67636663A36BA362636BE362236B9C
:1002300023F4003343F48033C4E90C36A7E72DE9F7
:10024000F04F93B0064606930B6B09925D030C4684
:100250001FD4276B390525D4D4F83480069B326F20
:1002600008EB0301914200F25B8117F400371FD0C5
:10027000236BDA022ED4069B059304F140030D9301
:10028000059A236B002A51D123F40023069D236392
:1002900004E0FFF769FF05460028DAD0284613B0CE
:1002A000BDE8F08FE26A616B8A4288BF6263D3E780
:1002B000E36A9845DCD96363636B9845D8D9012319
:1002C00011AA214630468DF84470FFF7B8FF051E8D
:1002D000F2DAE3E7069B606BB26EC118E36A956AD7
:1002E000994238BF1946936CD3B140F2FE32AA420C
:1002F0004FEAD30328BF2A46934228BF13468B42B6
:10030000B9D2E063B36E1B6A336621463046FFF70D
:10031000B7FE236B054628B143F400232363BDE7F2
:10032000D369E2E723F480132363A4E713F40032D4
:1003300005D0B16EE06BC969884240F0A480DB0251
:1003400000F1D98004F140030793BAB9636BABB1F4
:1003500004F13C020292013B04F138020192009345
:10036000D4E90A2307993046FFF742FB054608B156
:10037000236BD1E70799B06EFFF71AFDB36E1B6AC6
:100380003366A36B0B93636B0893013B0C930FA92C
:100390003046FFF75BFC05460028E9D1DDF83C90CC
:1003A000B06E4946FFF702FD054630B115F1540F16
:1003B000DED14FF0FF332364E9E7089B1BB9C4F893
:1003C0003890E3635BE0B76E0C9B109310A938463E
:1003D000FFF7F1FA109B03F1010AFB69CDF840A089
:1003E0009A4573D100F1010898FAA8F80B9B119374
:1003F000B8FA88F808F1010BAA4611AF4FEA8A0350
:100400000A930423CDE902730A9B0799CDE900936F
:10041000324601233046FFF76AFD119B054600284E
:10042000C4D1C24557D10AF1010AD345E6D8C4F870
:1004300038904FEA8B03C4E70B9B0093CDE9027B16
:10044000CDF80480AAEB0803324600213046FEF7BF
:100450004AFC054600288BD1CDE9027BCDE9009806
:100460000799012332463046FFF741FD0546002833
:100470009CD108F10108C245DED8C4E90E9A236B6D
:1004800043F400332363B36EDF69E36BFF1A059B0C
:100490009F4228BF1F46099B03970293E36B01937A
:1004A000A36B00930D99012332463046FFF71FFDE1
:1004B000054628B310F1540F7FF45AAF2146304659
:1004C000FFF7DEFD05460028E5D051E7A8464FF0CE
:1004D000010B11AFCFE70422CDE902720A9A01465F
:1004E000CDE90032304604233246FEF7FCFB0546D8
:1004F000002898D03CE76FF00103A363636B60E7CB
:10050000636B3B446363E36B3B44E363099B3B44A2
:100510000993059BDB1B0593B36E1B6A3366AFE63D
:100520006FF01A05BAE600002DE9F04F1D460B6B7F
:100530009E0385B007460C46904605D4636BE66A79
:10054000B34208D3002003E0FFF70EFE0028F5D0E9
:1005500005B0BDE8F08FF61AAE4228BF2E46DFF890
:10056000B0B0B14604F1400AB9F1000F01D13046F4
:10057000EEE7226B510304D5BB6EE16BDB69994258
:1005800015D1D202636B36D404F13C02029204F11D
:100590003802CDE900325146D4E90A233846FFF744
:1005A00027FA0028D4D1236B43F480232363BB6E46
:1005B000E26BDB69216B01929D1A4D4528BF4D46C8
:1005C00011F48011CDE902851AD0A2884BEA82226B
:1005D000009204F1080152463846FFF73BF9002823
:1005E000B6D1636B2B446363E36B2B44E363A84492
:1005F000A9EB0509B8E76FF00102C4E90E23D2E7C1
:10060000A26B009238465246FEF76DFBE7E700BF4B
:10061000000010202DE9F04F836E4E689A69164451
:1006200007368BB0B6FBF2F302FB1363F61A002316
:1006300004939B46A6F1080380460D4605936B681C
:10064000B34220D341464FF0FF3341F8103B4246BE
:1006500000234046FFF70FFC0446002840F0B68018
:10066000D8F86800036998470446002840F0AE8037
:100670002F69DA46B74280F0A9800AF104034FF0EF
:10068000FF39059385E003F1040AA6EB0A0340F263
:10069000FE32934294BF0AEB03070AEB0207B7420C
:1006A00003D2059B9F4228BF1F4607AACDE90172CE
:1006B0004FF0FF330793042303932A68009200212D
:1006C00042464046FEF70FFB044610B110F1540FAE
:1006D0007CD1079BE8681BBA6FEA03094FEAD9731C
:1006E00003F5A063A7EB0A0747EA035747F47F2700
:1006F000AB6847F4406708AC07975F402146042287
:100700003FBA089701F0B4FA0823E860CDE9024344
:100710006B6801932B68099000934246002308F10F
:1007200010014046FFF7E3FB044600284ED16968FC
:10073000BBF1000F03D1EB68049301F1040B079A9E
:10074000C2F3090304330B4409F000496B6089EAE2
:1007500002024FF0FF33AA60EB6070E7BB4502D1A5
:10076000049B4B452FD10123039308ABCDE90173C3
:100770002B680093059B4246DB1B00214046FEF799
:10078000B2FA10BB4846012208A901F071FA0137FC
:100790008146059BBB42E1D8B9F1000F1AD1A6EB07
:1007A0000A0240F2FE339A4294BF0AEB02070AEBB8
:1007B0000307B74204D2A6F108039F4228BF1F4691
:1007C00007F1040A56E76FF05300044620460BB0C9
:1007D000BDE8F08F6FF05304F8E738B514460D46C6
:1007E0004A6B13B1012B07D11444036FA34217D3F3
:1007F00094420ED1204638BD022B08D1D1E90B31ED
:10080000890302D5934238BF13461C44EDE71446D2
:10081000EBE72946FFF7A8FC0028ECD16C63E9E779
:100820006FF01500E7E700002DE9F04F9DB09A4604
:100830000B680C93BDF89C704B68BDF8A0900B92B0
:1008400004460D460D934FF00008A9EB0706012E54
:1008500060DCAB680133AB60A26E526A002A2DDD0A
:10086000013242F00102B3FBF2F102FB11332BBB68
:10087000012614A9284614931596FEF77BF9002843
:1008800036D12046FFF784FAB0F1000BC0F28D801C
:10089000A36E1B6ABBEB530F10D2269B0093CDE9CE
:1008A00001790B9A53462946204600F097FD83466E
:1008B000002800F0828010F11C0F76D10026002362
:1008C0004FF0FF32CDE91532CDE917236968A06EEC
:1008D0001491836C002B74D0083B1993FFF766FAD0
:1008E000024600286FD012F1540F40F0AD8100266F
:1008F0004FF0FF3323614FF00108002314A928466D
:10090000CDE91438FEF736F9002840F09F816FF0EA
:100910001B0B4AE014AB0893AA4B07937B421BB214
:10092000CDE90593A84B2699CDF85080CDE901A3D8
:100930000B9B0093CDE903874FF0FF330022204645
:10094000FEF790FB834680BBFE2E15DCA36EDA69B2
:10095000986CA2F1240160B342089869431E1344C5
:10096000B3FBF0F200FB12329B1A8B42149A28BFA1
:100970000B469A427FF66DAF07EB6606269B009307
:10098000B6B2CDE901690B9A53462946204600F0DC
:1009900025FD834678B110F11C0F06D1A36E149982
:1009A000DB69243B8B42BFF454AF58461DB0BDE811
:1009B000F08F5208D1E7B14647E7B9467EE7464691
:1009C0007DE7C36988E70DF1500805F108020423AB
:1009D00041462046FFF7DAFA0246002883D10EABE3
:1009E00008937A4B07937B421BB2CDE90593764B74
:1009F0002699CDE901A30B9B0093CDE903074FF0A6
:100A0000FF332046CDE90E48FEF72CFB02460028B6
:100A10007FF469AF05F118010846FEF7A1F870B937
:100A2000EA7D0B466A4902F5C06241EA025220465D
:100A30004146FFF7CAFA024600287FF454AF00236C
:100A4000CDE9103312934EB904F13C0110A8FEF722
:100A5000ACF804F1300110A8FEF7A7F804F1480B38
:100A6000594610A8FEF7A1F8109B10AA6FF30903CE
:100A7000294620461093FEF793FA0246002840F0DC
:100A8000E380DDE910321343129A134309D0514A2F
:100A900010AB41462046FFF798FA024600287FF443
:100AA00022AF41462046FFF7B5FD024600287FF4FD
:100AB0001AAFD5E90031C5E90013159BEB60A9EB2E
:100AC0000707169BAF822B61A064CBE90100002EC3
:100AD00000F0B28004F120010CA8FEF74BF818B921
:100AE0002B6823626B686362A66AD6B942460CA97A
:100AF0002046FEF793FDB0F1000B2BDA1BF1020F3D
:100B00007FF453AF42460CA92046FEF7D2FD834640
:100B1000002863D010F1020F7FF447AF4FF0000BB5
:100B200043E706F108010CA8FEF724F818B92B6872
:100B3000B3606B68F360B379022B09D106F12C0125
:100B40000CA8FEF717F818B92B68F3626B683363CB
:100B50003668CAE701212046FEF79CF8C8B941462D
:100B600004F13000FEF72FF8A8B9002310930023FA
:100B7000CDE9113B10AA022341462046139500F00F
:100B800079F830B94FF0FF312046FEF783F800289E
:100B9000B8D0834609E7236BA663C3F389216FF3BB
:100BA0009E23C4E90C36CBF38923994205D2ABF5D9
:100BB000806B094B43EA8123D8E740F2FF33994227
:100BC000D3D0F6E781EC010000FC0F407500020075
:100BD00008FC0F000CFCFF7F0000F04F414604F1C1
:100BE0003000FDF7F0FFB0B900239DF867201093A7
:100BF000002311931D4B02F5C06243EA0253CDE975
:100C0000123510AA02234146204600F033F88346ED
:100C1000002883D0C9E6236BC4F838B0C3F3892118
:100C20006FF39E23C4E90C3B40F2FF339942DBD0C3
:100C30000F4B43EA8123D8E704F13C03303494E8B6
:100C4000070083E8070069E79346AEE6291D2046C2
:100C5000FEF7FCFF834600283FF4B1AE10F11C0FF5
:100C60007FF4A3AE002E3FF452AE28E608FC0F003E
:100C70000000F04F2DE9F04F866AA1B005460C4602
:100C800090469946002E6BD1A446BCE80F0010AFE9
:100C90000FC79CE80F0087E80F00434608EBC90127
:100CA00040F2014040F2FF47994240F0898076B11E
:100CB000A38A63B918AA21462846FEF7FAFC84469F
:100CC000002800F0A08010F1020F40F0AA80A37D60
:100CD00013B9A38AFE2B30D9E268236818934FF02A
:100CE000FF31CDE91B122369A86E19921A93816C0A
:100CF000002900F09E8008391D910BA90891A44994
:100D000007910021CDE90511CDE90311CDE901914C
:100D10000DF1600BCDF80080214628460B95CDF8EB
:100D200030B0FEF79FF98446002800F084801CF163
:100D30001C0F02D01CF1540F73D14FF0FF332B6105
:100D4000A38A02930023CDE9004342464B46214645
:100D50002846FFF769FD8446002800F0B08060E077
:100D600006F10800A04201D136688BE72146FDF765
:100D700001FF0028F8D1B379012BF5D1336BDB02E9
:100D8000F2D5AB6EF26A9B6A9A42EDD9736BF3634C
:100D9000AB6E1B6A2B6631462846FFF771F9844615
:100DA00050B9336B23F48013336331462846FFF781
:100DB000DBF984460028D7D0604621B0BDE8F08F2B
:100DC0001A684FEA125CC2F30A52824204D1A28A24
:100DD0000132A282083367E7BA4204D1A28A013AFB
:100DE000A2820126F6E70CF4E062B2F5C06FF1D101
:100DF0005A681268A2615A685268E2611A68C2F3BE
:100E00000052E275E6E79DF87730002B3FF45FAFC4
:100E1000224618A9284600F0BFF8844600283FF46F
:100E200056AF10AD0FCD0FC495E80F0084E80F004A
:100E3000C2E7C1695FE705F13007CDE90D000F900A
:100E400039460DA805F13C06FDF7AFFE05F1480A4D
:100E500031460DA8FDF7A9FE51460DA8FDF7A5FEE8
:100E6000DDE90E210D9B0A436FF309031A430D932D
:100E700011D00DAA21462846FEF792F88446002894
:100E8000CFD1444A0DAB59462846FFF79EF8844619
:100E900000287FF44CAF59462846FFF7BBFB844639
:100EA00000287FF444AF199BE3601A9B236197E805
:100EB000070086E80700C5F848C0CAE901CCAE6A59
:100EC00040F2014B4FF0FF3A26B9AC6A002C43D1F7
:100ED000A44671E706F10807A74201D13668F3E797
:100EE00010A93846FDF746FE86460028F6D1A446EE
:100EF000BCE80F000FC79CE80F0087E80F00CE4545
:100F0000ECD058F83E3040F2FF41C3F30A528A4217
:100F100013D1B288C3F389239A4204D1C6E902AA45
:100F20000EF1010EEBE7FBD9B379013A022BB28047
:100F3000F6D1B36A013BB362F2E75A45F0D1B28809
:100F4000C3F389239A42EBD3B3790132022BB280E7
:100F5000E6D1B36A0133EEE704F1080610A9304682
:100F6000FDF708FE38B904F12007A388A18B8B4256
:100F700001D3E07F08B92468A8E75B1AA3803A464A
:100F800031462846FEF788FB84460028EDD013E75B
:100F9000750002000CFCFF7F73B514460E4600F18D
:100FA000480221460546FDF7FBFF70B9E27D084B7C
:100FB00002F5C06243EA02530093183401236A46E3
:100FC000314628460194FFF755FE02B070BD00BFC0
:100FD00008FC0F0070B50B6B1E0386B005460C466F
:100FE0003FD4FFF7C1F8226B20B142F40022226304
:100FF00006B070BDD10334D504F108063046FDF7C4
:10100000AFFD00282DD1D3025DBFD4E90A016B46A4
:10101000C3E90001E26AA1884BBFE36C082240F2F9
:10102000012040F2022042EA812242EA0052CDE948
:101030000223226D936843EA812343F08153049392
:101040005368059302AA022331462846FFF712FE91
:10105000236B18B143F400232363C9E723F48033DF
:1010600023630020C4E770B505460C46FFF7B2FFC6
:10107000AB6A064605F128021BB19C42196808D1EB
:101080001160236D1B6813B9E06CDFF742F930463D
:1010900070BD1A460B46EFE770B5C36B1B0D13F41A
:1010A000E06F9EB0044605D1206BC0F30900F8B98B
:1010B0001EB070BD00F1400216A9FEF7EDFA00283F
:1010C000F6D1E36BA063C3F38922236B6FF39E23F6
:1010D000C4E90C30344B43EA8223CDE90E300EAA2A
:1010E000012316A92046FFF7C5FD0028DCD0DFE765
:1010F0001C22002106A801F05DFE01238DF82F308F
:101100000D930CA8FDF72CFD40B1216B494249B26B
:1011100020461EB0BDE87040FDF7BCBD0CAA0EA96C
:101120002046FEF7B9FA0028C2D19DF82F30002BD7
:1011300031D116AA0CA92046FEF770FA002809DA68
:10114000831CB5D10EAA06A92046FFF725FF00286B
:10115000AED1D6E702AD0346144A009516A9204643
:10116000FDF712FF0028A3DBDDE90C31029A9A4259
:101170000CD1039B99420ED00D4B04AACDE9043546
:1011800006A901232046FFF775FDE0E79142F3D160
:10119000039A9342EFE70EAE0FCE06AD0FC596E869
:1011A0000F0085E80F00ACE70000F04F00FCFF7F68
:1011B00008FC0F602DE9F0478AB013F0020F0646D5
:1011C0000D460392984634D1129B2B6505F1080712
:1011D00000236B63EB63EB64C5F830802B1D03AA1F
:1011E00039463046FEF78EFA041E06DAA21C17D1E5
:1011F000AA8840F2FF339A4212D00123AB71B36A3E
:101200002B60A31CB56251D118F4807F08D0039CD9
:10121000204602F04BFDF36E834213D26FF023049D
:101220002B6B43F400232B6329463046FFF71BFF4B
:1012300004E0FFF731FF04460028C5D020460AB07D
:10124000BDE8F087AB88614A40EA832040F4801013
:10125000CDE906045E4C42EA8322049244EA8323E9
:101260000022CDE908320592032304AA394630460C
:10127000FFF700FD0028D1D1DFF85CA14FF0000896
:101280004FF00C092B6D9A68424535D81B68002B2E
:1012900062D0EB64B06E05F14001FEF789FD40F2CB
:1012A0000123B3EB145F61D00024C7E718F4007F7B
:1012B00040F08380240D012C40F08280AB8818F42C
:1012C000806F4FEA832308D043F000542B6B43F424
:1012D000803344F480142B63CEE705F1280243F0F9
:1012E0000053009243F008033A4A39463046FDF76E
:1012F0004BFE041EC0DA93E72A6BD00706D42B6B93
:101300002A6D99071DD408F10108BBE75868B5F8A4
:1013100004C009FB08F28118825C8B68496800915F
:1013200043EA8C2302F5407243EA0253394652469F
:101330003046FDF729FE0028E1DA831CDFD00446A1
:101340006EE7526809FB08229168726F91423AD8A1
:1013500043F480332B63D6E7B36E986ADEF7D4FF8D
:10136000E864002896D16FF00B0459E72B6B43F427
:1013700080136FF001022B63C4F309040023AA62F7
:10138000EC622A646B64B36E9A6AAA64002C8BD0F8
:1013900040F2FE339342A98828BF134643EA8123D3
:1013A000EA6C009243F000530A4A39463046FDF792
:1013B000EBFD041EBFF678AF32E76FF010042FE7A5
:1013C0006FF014042CE76FF01B0429E700001040B5
:1013D0000000102000FC0F7000FCFF7F2DE9F0439F
:1013E0009846836E8DB01B6A03660C4604A9BDF84F
:1013F000549006461746FEF78DFC054628BBE37D54
:101400008DF82730A3690A93E3690B93BDF8583030
:10141000CDE90193149B00933A46434604A9304614
:10142000FFF702FA054680B9049F059AA7610123D8
:10143000E261E37506F120012046FDF79BFB20B930
:10144000B9F1000F01D1C6E9087228460DB0BDE818
:10145000F083000030B597B00546FEF7B4FC0446B3
:1014600000284FD1AB6E0146DA6A686E01F0A2FC2B
:10147000AB6E6C65DA6A196AEC65D2008A4294BF79
:10148000AA65A9651B6A2B660EA92846FEF742FCD1
:101490000446002833D14FF400330293AB6EDA696F
:1014A0001B6A0493EB6E05932B6F06936B6F079388
:1014B000164B0392CDE90830154B0A93154B0B934D
:1014C000154B0C9302AB0D9308AA03230EA92846D3
:1014D000FFF7D0FB044690B98DF84E000346024654
:1014E0000EA92846FFF7C6FB044640B90090012329
:1014F0006A460EA928460193FEF7CEF80446284610
:10150000FDF7DBFB204617B030BD00BF00001040E8
:101510000800F00F7A5E020018001020FDF7CDBB26
:101520002DE9F04397B00446FEF74DFC054670BB2D
:1015300001461C220EA801F03DFC444FDFF8188143
:10154000DFF81891012315932E4614A8FDF708FB28
:1015500008B304F12000FDF703FB0346002872D115
:10156000226B02EBD272226304F1300207CA04F14B
:101570003C0686E80700A16EE26A086AB2FBF0F654
:1015800000FB1622C4E91523E3650B6A236628468F
:1015900017B0BDE8F083A36E1B6AB6EB530F4FD2B2
:1015A0000823079305ABCDE90283294B01900093F3
:1015B00014AA284B0EA92046CDE90547FDF73EFEAB
:1015C000002806F1010619DB31D040F30900013093
:1015D0002DD00E9B23620F9B636208AB00931D4AC4
:1015E0004B460EA92046FDF7CFFC002806DB089BE2
:1015F0009AB21B0C022B06D06FF015000546204650
:10160000FFF78CFFC3E7002AF6D10B9B1BB1E26EFC
:101610009342F1D8E3660C9B1BB1226F9342EBD847
:1016200023670D9B1BB1626F9342E5D8636704F19A
:1016300030020EA92046FDF7B3FC002885D0DDE777
:101640006FF05300DAE76FF01505D8E77A5E020015
:101650000800F00F00FCFF7F7DF90100180010204A
:10166000F0B599B004460391FFF716FD00285DD14F
:10167000034603AA06A92046FEF744F8002855DBD6
:10168000C0F3892340F2FF32934251D0050DA26A84
:101690000E92022D4FEA832704AE21D147F000536A
:1016A000254A009643F0080306A92046FDF76CFC86
:1016B00000283BDB324610A92046FDF7EDFF00284D
:1016C00034D1159B33F47F032ED101212046FDF741
:1016D000E1FA58BB0EAB8DF83E00ADF83C00A362BA
:1016E000002347F09F47059347F4E0070123324664
:1016F00006A920460497FFF7BDFA0E9BA362A8B97E
:10170000022D13D14FF0FF312046FDF7C3FA68B91F
:1017100006AA10A92046FDF7CCFF38B910AA06A9E1
:101720002046FFF739FC01E06FF0260019B0F0BD4C
:101730006FF01500FAE700BF00FC0F702DE9F04FC5
:10174000AFB0CDE906120546FFF7A6FC0346002818
:1017500040F00F810DF1280906AA49462846FDF7F9
:10176000D1FF061EC0F2078140F2FF38C6F3892779
:10177000474505D16FF0150420462FB0BDE8F08F26
:101780000DF1160307AA12A92846FDF7BBFF041E98
:101790002ADBC4F389234345ECD012A94846FDF760
:1017A000E9F9AB6A1A93A11C804629D1079802F087
:1017B0007DFAEB6E984200F2E080BDF81630B8F189
:1017C000000F18D02B6B6FF39E2343EA872343F05F
:1017D0009F4343F4E0032B630A9B6B63A21C0B9BA8
:1017E000AB6347D13A4609E0A01CC5D1BDF816301D
:1017F0004345D2D1C0E79F42F4D37A1C00233FE097
:10180000330DB3EB145F4FEA145240F0B980BDF8CA
:101810001630002840F0B7809F4201D10024ABE78A
:10182000022A27D15A4A0DF1900A42EA8323CDF8C1
:1018300000A0584A12A92846FDF7A6FB002859DB4C
:1018400052461CA92846FDF727FF002852D1219BAC
:1018500033F47F034CD101212846FDF71BFA002801
:1018600048D11AAB8DF86E00ADF86C00AB62B8F1E0
:10187000000FA7D1BDF81620474B43EA82233A4612
:1018800024934649BDF8163003926FF3130641EADC
:1018900083214FEA832B46EA8326079B02934FF06E
:1018A000000A1846CDE9261ACDF894A002F0FEF9F8
:1018B000029B29934BEA070343F08053064343F40A
:1018C0008013CDE92A392896B8F1000F14D1324B94
:1018D000039A43EA82232C9300232D9324AA052301
:1018E00012A92846FFF7C6F940B11A9BAB6201E086
:1018F0006FF0260004463FE75346ECE7B8F1000FCF
:1019000016D02B6B1A0D12F4E06F11D06FF39E23DB
:10191000C5E90C30204BA86343EA8723CDE90830A2
:1019200008AA012349462846FFF7A4F90028DCD17C
:101930001A9BAB62A31C3FF471AF240D022C7FF401
:101940006DAF4FF0FF312846FDF7A4F9044600289B
:101950007FF412AF12AA1CA92846FDF7AAFE04467E
:1019600000287FF409AF1CAA12A92846FFF714FB30
:10197000C0E7044600E73446FEE66FF02304FBE6CA
:101980006FF01404F8E6022A3FF44CAF1AE700BFE8
:101990000800002000FC0F700000F04F0000104015
:1019A00030B58BB015460191002301AA02A9044667
:1019B000FDF7A8FE002806DBC0F389222B4602A90A
:1019C0002046FDF707FB0BB030BD000013B5034CFC
:1019D0000094FFF7EFFB02B010BD00BFA4A102000E
:1019E000FFF741BBFEF7A0BDFEF729BCFEF7F5BE31
:1019F0002DE9F047A6B005460191FFF74DFB80B9F0
:101A0000AB6A1C9301AA0DF102031EA92846FDF73B
:101A100079FE831C08D1BDF8027040F2FF339F426B
:101A200007D126B0BDE8F0870028A8BF6FF01000EE
:101A3000F7E7DDF80480404602F038F9EB6E984293
:101A4000064671D8AB6E04AC1B6A2B66214628464D
:101A5000FEF760F90028E4D10DF1780EBEE80F0022
:101A60000DF1300CACE80F009EE80F008CE80F0081
:101A70000DF1480A9DF84730002B4DD1DFF8B890A2
:101A8000012302AA21462846CDE9029AFFF7F2F87F
:101A90000028C6D19DF88F30F3B101212846FDF70B
:101AA000F9F80028BDD11CAB8DF87600ADF87400B4
:101AB000AB6214AA01230CA92846CDE91494FFF7C0
:101AC000D9F81C9BAB620028ABD14FF0FF31284600
:101AD000FDF7E0F80028A4D1154B43EA87231493BF
:101AE00000231593134B43EA8723CDE918349DF85F
:101AF0008F30002B104B46EA872618BF0023CDE914
:101B00001A3446F40016042314AA1EA92846CDE967
:101B10001668FFF7AFF884E752460CA92846FDF790
:101B2000BBFD0028A6D07CE76FF0230079E700BF5B
:101B3000000010400800002008FC0F60F0B587B0DE
:101B400001F1080603920C46002303AA314605461C
:101B5000FDF7D8FD00282ADB030D022B29D1C0F3A5
:101B6000892040F2FF33984204AF15D12B6A0493C9
:101B70006B6A05933A4631462846FDF78DFDB0B9AC
:101B8000A368E362E36823630223A080A062A371D9
:101B9000AB6A2360AC620AE0074B084A009743EA4D
:101BA000802331462846FDF7EFF90028E2DA07B036
:101BB000F0BD6FF01300FAE70800002000FC0F7082
:101BC0002DE9F0410C46154606464FF4847200217B
:101BD000284601F0EFF8A36A63B92846022300F80B
:101BE000083B1A4902F0B6F8A36A0133A362012048
:101BF000BDE8F081012B22D004F1200804F1080790
:101C0000A288A38B9A420AD1E07F0028F0D04246F6
:101C100039463046FDF740FD0028E9D1A080A28872
:101C20002B4639463046FDF7D5F908B1831CDFD184
:101C3000A388023003F10103A380E1D0D4E7284652
:101C4000022300F8083B0249CCE700BF785E02009F
:101C5000775E020010B501F12C020C460831FDF749
:101C60001BFD08B9A080A06210BDFEF791B800006E
:101C700030B50C4D0A44914200D130BD11F8013B02
:101C800083EA000404F00F0455F8244084EA10109D
:101C900080EA131303F00F0355F8233083EA101082
:101CA000E9E700BFB8A102000B460146184601F063
:101CB0007DBF00F074B80268D207034605D44278AD
:101CC00002B1FFDE012058707047002070470123E9
:101CD00003607047012838BF012010B50446204634
:101CE000DEF712FB00B110BD00F05CF808B900F09F
:101CF000D5FE8047F3E708B500F0D0FE08B500F048
:101D0000CDFE08B500F0CAFE012A30B403D10B782D
:101D1000037030BC7047002AFBD030BC01F030B8F3
:101D20002DE9F041DDE906680D4617461C4636B13F
:101D3000964230D8324619462846FFF7E5FFB8F1FB
:101D4000000F11D0BE420FD04246E919A819FFF783
:101D5000DBFFBE4208D9EB19A219934206D33246E3
:101D600021462846FFF7D0FFBDE8F081A34208D8FE
:101D7000641BE41B3444324629192846E2F783FFEA
:101D8000F2E71F1B3A4621462846FFF7BDFFF21B2C
:101D9000A919E819F2E7B8F1000FD5D1DBE7DEF7B2
:101DA000B8BA0000024B1868BFF35B8F704700BFE2
:101DB0002C49002008B52DED028BB0EE408A00F0D2
:101DC00057F9B4EE488AF1EE10FA06D6DFED098A2B
:101DD000B4EEE88AF1EE10FA02D4BDEC028B08BD35
:101DE00001F0B4FE88EEA80ABDEC028B212303604B
:101DF00008BD00BF0000000010EE103A184923F0A3
:101E000000428A421AD9B2F1FF4F02D330EE400AA3
:101E1000704700B583B0684600F02EF900F003006B
:101E20000128DDED010A9DED000A10D0022809D03D
:101E300090B900F053F803B05DF804FBDFED090A38
:101E400000F04CB800F04AF8B1EE400AF3E700F0B9
:101E5000C7F8B1EE400AEEE7012000F0C1F8EAE76A
:101E6000D80F493F0000000010EE103A194923F046
:101E700000428A421BD9B2F1FF4F02D330EE400A32
:101E8000704700B583B0684600F0F6F800F0030034
:101E90000128DDED010A9DED000A13D002280BD0C8
:101EA00098B9012000F09CF803B05DF804FBDFED69
:101EB0000A0A002000F094B8012000F091F8B1EE79
:101EC000400AF1E700F00AF8EEE700F007F8B1EE9B
:101ED000400AE9E7D80F493F0000000010EE103A31
:101EE00023F00043B3F1485F2CD2FDEEC07A17EE29
:101EF000903A002B60D060EE007A9FED317A9FED32
:101F0000315ADFED315A9FED316ADFED316AA7EECC
:101F1000875A9FED307AE7EE855AA7EEA56AA7EEBD
:101F2000867AE7EE876A67EEA66A60EEC00AB6EECA
:101F3000007AE7EEA60AB7EE000AD7EE870A30EE7F
:101F4000600A704760EE007A9FED1D7A9FED1D5A82
:101F5000DFED1D5A9FED1D6ADFED1D6A1E4AA7EEDB
:101F6000875A93429FED1B7AE5EE275AA5EEA76AA2
:101F7000A6EE277AE7EE276A66EEA76AD5D9174A52
:101F8000934214D803F17F4307EE103AB7EE006A8C
:101F900036EE476A60EEC00AF6EE005A97EEA57A72
:101FA000E7EEA60A37EE607A36EE470A7047B6EEDD
:101FB000076AB5EE027AEDE7B7EE000A704700BF98
:101FC0004ED747ADF6740F317CF293B4010DD03784
:101FD000ABAA2A3D610BB6BA9999993E0000483FD9
:101FE00010EE103A23F00043B3F1485F04D2FDEE47
:101FF000C07A17EE903A5BB360EE007A9FED157AE7
:10200000DFED155A9FED156ADFED156AE7EE875A89
:102010009FED147AA5EEA76A20EE275AE6EE276A0E
:10202000A6EEA77A30B9DFED106AE7EE876AA6EE72
:10203000850A704727EE457AF6EE006AA0EEA67A8A
:10204000DFED0A6AD7EE270AE5EE260A30EE600ACF
:10205000704700BFD3C92E2F342FD7B21BEF3836AD
:10206000010D50B98988083CABAA2ABEABAA2A3E0A
:10207000B1EEC00A704700BF70B510EE103A884A42
:1020800023F00044944286B0054671D9854A9442B3
:102090001E4624D823F00042002BDFED837A8349CB
:1020A00022F00F02B0EE407A40F3E0808A4270EEF8
:1020B000677A09BF9FED7E7ADFED7E6ADFED7E6A8B
:1020C00077EEC77A37EEE67A77EEC77A80ED007A58
:1020D00077EEE67AC0ED017A012006B070BD774A4E
:1020E000944252D9B4F1FF4F48D2E215863AA4EB9C
:1020F000C25307EE903ABDEEE77ADFED716AB8EEB3
:10210000C77A77EEC77A8DED037A67EEA67ABDEED1
:10211000E77AB8EEC77A77EEC77A8DED047A67EE84
:10212000A67AF5EE407AF1EE10FACDED057A40F0A0
:102130009880B5EE407AF1EE10FA0CBF012302232D
:10214000604901910221009103A8294600F0CCF8D2
:10215000002EC2DA95ED007AD5ED017AB1EE477A1C
:10216000F1EE677A85ED007AC5ED017A4042B4E779
:10217000002285ED000A42600020AEE770EE407A52
:10218000C0ED017AC0ED007AF6E700F0A5F89FED0A
:102190004E7A9FED456AF6EE007AE0EE077A9FED03
:1021A000457AFDEEE77A17EE900AF8EEE76A1F2807
:1021B000A6EEC60A66EE877AB1EE666A20DC434A6E
:1021C000411E26F0004352F8212023F0FF039342E2
:1021D00016D030EE677A30EE470A002E30EE670AEE
:1021E00085ED007A85ED010ABFF677AFB1EE477A4B
:1021F000B1EE400A85ED007A85ED010A40426CE7B8
:1022000030EE677AE21517EE103AC3F3C753C3EB0B
:10221000D453082BDFDD9FED267A9FED275AF0EE91
:10222000405AE6EE075A70EE657AE6EE077AD6EE89
:10223000857A35EEE77A17EE103AC3F3C753D21A10
:10224000192A10DD9FED227A9FED225AB0EE650A21
:10225000A6EE070A75EEC07AE6EE077AD6EE857A24
:10226000B7E703236CE7B0EE650AB4E78A4270EE85
:10227000277A09BF9FED0E7ADFED0E6ADFED0E6A59
:1022800077EE877A37EEA67A77EEC77A80ED007A16
:1022900077EEA67AC0ED017A4FF0FF301DE700BF60
:1022A000D80F493FE3CB1640800FC93FD00FC93F3D
:1022B000004435374344353708A3852E800F494302
:1022C0000000804378A2020084F9223FF8A10200B6
:1022D00000A3852E32318D2410EE103A23F00043F6
:1022E00000EE103A704700BF2DE9F04F2DED048B42
:1022F000DBB01C46944603930A46CD4B68991CF10B
:10230000040F53F82160824604F1FF38C0F249827D
:10231000BCF1030348BF0CF10403DB10029301334B
:102320004FEAC30EACEB0E030593029B16EB0800BD
:10233000A3EB080316D401309FEDBE7A699C1844C4
:102340001EA9002BA4BF54F8235007EE905A03F1A6
:102350000103ACBFF8EEE77AF0EE477A8342E1EC96
:10236000017AEED1002EC0F2B182039B1EA901EBCF
:10237000830446AD4FEA83094046F7180AEB830110
:10238000B8F1000FDFEDAB7A09DBA3465346F3EC5F
:10239000016A3BED017A8B42E6EE877AF7D1013094
:1023A000B842E5EC017A04F10404E9D10DF1280BFF
:1023B0000BEB8603CDE9062E043B9FEDA09ADFEDE3
:1023C0009E8A059804930AEB090446AF0BEB860935
:1023D0000096CDF820C05AAB03EB8603002E13ED18
:1023E000140A4FEA860515DD7B195A4660EE097A14
:1023F000B0EE407AFDEEE77A73ED016AF8EEE77A27
:10240000BB42A7EEE87A37EEA60ABDEEC77AA2EC89
:10241000017AEBD1019000F0CFFAF4EE007AB0EE41
:10242000408A20EE270A00F07DFAF2EE007AA0EE54
:10243000678A01980028FDEEC89AF8EEE97A38EE2E
:10244000678A6CDD06F1FF3EC0F108035BF82E20C1
:1024500042FA03FC0CFA03F3D21AC0F1070119EE99
:10246000903A4BF82E200A416344002A09EE903A34
:1024700000F3F080B5EE408AF1EE10FA40F09D8056
:10248000009B9E420ADD5D44002355F8041D4D4526
:1024900043EA0103F9D1002B40F0F280009B013B9D
:1024A0005BF82330002B40F0E780049B012153F8B8
:1024B000042D0131002AFAD0731C31449C46029D40
:1024C000039A05EB030E0EF1804E699D32440EF126
:1024D000FF3E07EB83061EAB05EB8E0E03EB82057A
:1024E000DEED017AF8EEE77AB8F1000F0EF1040E96
:1024F000E5EC017ADFED4F7A09DB2A465346F3EC2F
:10250000016A32ED017AA342E6EE877AF7D10CF147
:10251000010C6145E6EC017AE2DA0E465BE740F039
:102520008F80731E5BF82320D211002AA2DD19EEE2
:10253000903A002E03F1010309EE903A40F3D48162
:1025400059464FF0000E51F8043B002B6AD0C3F5FA
:10255000807341F8043C04E00B68C3F1FF0341F8C9
:10256000043B0EF1010E7645F6DC01239E46002861
:102570000ADD012878D0022806D1711E5BF82130CF
:1025800003F03F0C4BF821C0022A7FF473AFB7EE83
:10259000000A734630EE488A002B3FF46BAF099275
:1025A000019000F009FA38EE408A0198099AB5EED8
:1025B000408AF1EE10FA3FF463AF9246DDE9062E51
:1025C000DDF820C00196AEEB0C00B0EE480A009E8C
:1025D000009200F0F1F9DFED186AB4EEE60AF1EED0
:1025E00010FADDE90023F0EE407AC0F250819FED51
:1025F000137A059920EE077A0831BDEEC77A059166
:10260000B8EEC77A5C1CE7EE667ABDEEC77AFDEEDF
:10261000E77A17EE901A4BF8231017EE103A4BF8A2
:10262000243046E00EF1010EB6458CDB9E469EE757
:10263000BCA5020000000000000080430000803BB9
:10264000F6EE007AB4EEE78AF1EE10FA80F29880A6
:1026500000220FE70133002E09EE903A3FF770AFEA
:10266000002301289E4686D1711E5BF8213003F0BD
:102670007F0C4BF821C087E7731C9C4619461EE768
:1026800033469246DDE905125C1EA1F108005BF8B5
:102690002410009E059061B903F18043013B0BEBD0
:1026A0008303014653F8040D013C08390028F9D092
:1026B000059105980092B7EE000A00F07DF9002C14
:1026C000009AB0EE407AC0F20581601C46AD5FED25
:1026D000256A81000BEB800305EB800073ED017A26
:1026E000F8EEE77A5B4567EE877A27EE267A60EDAB
:1026F000017AF3D10DF1C8080B1F46A8C718C646CA
:10270000A44600259146002E73DB844ADFED847ACF
:102710003846002301E0AB4208DCF2EC016AB0EC81
:10272000017A01339E42E6EE877AF4DA0CF1FF3C3F
:10273000BCF1FF3FEEEC017A05F10105A7F10407BA
:10274000E1D1689B022B4A4656DC002B2EDC0ED1D1
:10275000DFED737A414431ED017A414577EE877AB6
:10276000F9D15346002B40F0AE80C2ED007A19EE4D
:10277000903A03F007005BB0BDEC048BBDE8F08F2E
:1027800019EE903A002E03F1010309EE903AC8BF0A
:1027900002223FF7D5AEF7EE007A37EEC88A022262
:1027A00068E600234FF0080E0293BBE59FED5C7ACC
:1027B000414471ED017A414537EE277AF9D1DDEDDB
:1027C000327A534677EEC77A002B75D182ED007AC4
:1027D00064B133A90123B1EC017A01339C4277EE55
:1027E000877AF8DA53460BB1F1EE677AC2ED017AD7
:1027F000BDE7DFED4B7A99E7689B032BB7D1002C3F
:102800007ED008EB840595ED007AA0002B46294682
:1028100071ED017AF0EE476A37EE277A414577EE9F
:10282000C77A81ED007A77EEA67AC1ED017AEFD111
:10283000012C65D095ED007A08F1040173ED017A61
:10284000F0EE476A37EE277A994277EEC77A83ED42
:10285000007A77EEA67AC3ED017AEFD1031DDFEDA2
:10286000307A434408F1080833ED017A984577EE51
:10287000877AF9D15346DDED326A9DED337A73B92B
:10288000C2ED006A82ED017AC2ED027A6FE7FDEED9
:10289000C07A1C4617EE901A4BF8231009E7F1EEA8
:1028A000666AB1EE477AF1EE677AC2ED006A82EDB0
:1028B000017AC2ED027A5AE7B1EE477A82ED007AE8
:1028C000002C86D190E7F1EE677A4EE7039B4FEA42
:1028D00083096BE5689B022B0EDC002B13DC7FF475
:1028E00046AFDFED0F7A3CE7022A7FF4C3ADF7EE87
:1028F000007A37EEC88ABDE5689B032B7FF437AFBB
:10290000DFED077AB6E75346DDED327A13B90023DF
:1029100013606BE74FF00043136065E790A502007A
:102920000000000010EE102AC2F3C7537F3B162BA5
:1029300022F0004129DC002B104618DB1A4919410E
:102940000A4221D0DFED197A70EE277AF5EEC07ACF
:10295000F1EE10FA18DD002A04DA4FF4000242FA10
:1029600003F3184420EA010300EE103A7047DFED4C
:102970000F7A70EE277AF5EEC07AF1EE10FA03DDE9
:10298000002A08DB9FED0A0A7047B1F1FF4FFBD325
:1029900030EE000A7047DFED077A0029BFEE000A2B
:1029A00008BFB0EE670A7047FFFF7F00CAF24971A7
:1029B000000000000000008010EE103A33F00041EB
:1029C0001A4627D0B1F1FF4F21D213F0FF4F22D189
:1029D000DFED2B7A2B4A60EE277A904217EE903A81
:1029E00033DB4CF2503CC3F3C75160451A46A1F1AA
:1029F000190116DDDFED247ADFED246A002BB0EE3D
:102A0000677AB8BFF0EE667A27EE870A704730EE35
:102A1000000A704770474CF2503C60454FEAD15174
:102A2000E8DC0144FE29E5DC002915DC11F1160F74
:102A300019DB193122F0FF4242EAC15207EE902A17
:102A40009FED130A27EE800A7047DFED127A07EE3A
:102A5000103A27EE270A704722F0FF4242EAC1539C
:102A600000EE103A7047DFED0B7ADFED0B6A002BBA
:102A7000B0EE677AB8BFF0EE667A27EE870A704745
:102A80000000004CB03CFFFFCAF24971CAF249F1A4
:102A9000000000336042A20D6042A28D08B50620FE
:102AA00001F034F8012003F06BF80028B8BF404271
:102AB0007047000008B5064B044613B10021AFF380
:102AC0000080044B1B6803B19847204603F058F878
:102AD00000000000684A00200CB430B5174B0C1EF3
:102AE0001D689DB008DA8B232B604FF0FF301DB0BE
:102AF000BDE8304002B070474FF40273ADF81430B7
:102B000014BF04F1FF332346049307934FF6FF737A
:102B100002900690ADF81630209A21AB02A9284603
:102B2000019301F0E3F9431CBCBF8B232B60002C05
:102B3000DDD0029B00221A70D9E700BF44010020BB
:102B40000EB400B59CB01DAB029006906FF0004132
:102B5000094807910491094953F8042B059100682D
:102B6000019302A901F0C2F9029B00221A701CB065
:102B70005DF804EB03B07047440100200802FFFF3A
:102B8000002310B50446C0E90033C0E90433836074
:102B900081814366C2818361194608225C3000F05E
:102BA00009F90D4B63620D4BA3620D4BE3620D4BB4
:102BB00023630D4B24629C4206D003F168029442C9
:102BC00002D0D0339C4205D104F15800BDE810403A
:102BD00000F0E6BF10BD00BFA9450200CF450200CE
:102BE000074602002B46020030490020024A0349F2
:102BF000034800F069B800BF30010020054502001D
:102C00004801002041680C4B994210B5044601D0A0
:102C100001F078FCA168094B994202D0204601F0EE
:102C200071FCE168064B994204D02046BDE8104093
:102C300001F068BC10BD00BF304900209849002059
:102C4000004A002010B50B4B0B4C0C4A1A60204672
:102C500000220421FFF794FF04F1680001220921FA
:102C6000FFF78EFF04F1D0000222BDE810401221D0
:102C7000FFF786BF684A002030490020ED2B020094
:102C8000014800F08FBF00BF934A0020014800F0C8
:102C90008BBF00BF934A002010B50446FFF7F0FF3A
:102CA000236A1BB1BDE81040FFF7F0BF044B23625D
:102CB000044B1B68002BF5D1FFF7C4FFF2E700BF00
:102CC000052C0200684A00202DE9F8430746884693
:102CD00014460026D4E90195B9F1010905D5246807
:102CE000002CF7D13046BDE8F883AB89012B07D91A
:102CF000B5F90E30013303D029463846C0470643A4
:102D00006835E9E7C9B20346184613F8012B12B13A
:102D10008A42F9D17047002918BF0020704770B56A
:102D200003461E4613F8014B44B14A1E01E0A5427A
:102D300004D012F8015F002DF9D1F2E7301A70BD0E
:102D400070B503461E4613F8014B3CB14A1E01E024
:102D5000A542F7D012F8015F002DF9D1301A70BDED
:102D600010B501390244904201D1002005E00378FA
:102D700011F8014FA34201D0181B10BD0130F2E73A
:102D8000884210B501EB020402D98442234607D8D9
:102D9000431EA14208D011F8012B03F8012FF8E7D8
:102DA000024401468A4200D110BD13F8014D02F8D9
:102DB000014DF7E702440346934200D1704703F800
:102DC000011BF9E738B50B4B1D686B6B044653B913
:102DD0002420DDF799FA0246686320B9064B0748BC
:102DE000322100F0BFFF696B2046BDE8384000F09B
:102DF00007B800BF44010020835E02009A5E020013
:102E00002DE9F0410C46074600F09CFE21460546A0
:102E1000384601F0DBFC43699907044603F26C78FD
:102E200006D1642298FBF2F302FB1383002B71D1CD
:102E30004FF4C87298FBF2F302FB1383B3FA83F3E7
:102E40005B095E42644B06F030061E4400F002FC53
:102E500000F00CFC614B1B68002B6AD06B6843458B
:102E60005AD1D7E900232F68D5E90801002F5BD19B
:102E7000824273EB01015EDB012323622B6D6168EB
:102E80004FF4616293FBF2F002FB10333C2293FBA0
:102E9000F2F502FB153223689B1AA2682360491BD6
:102EA000121A3B2B6160A26051DD013161603C3B35
:102EB000236063683B2B50DD0132A2603C3B6360C2
:102EC000A368172B4FDDE2690132E261A26901328A
:102ED000072AA8BF0022A261E268183B0132A36062
:102EE0002369E26056F823108A420EDD0B2BA2EB19
:102EF0000102E26003F1010209BF6369226100225D
:102F0000013302BF22616361E26100F0A9FB204648
:102F1000BDE8F081012394E7404600F0E7FA00287D
:102F20009FD14FF0FF3304E0824273EB010102DADC
:102F30000023236209E0D5E9120182428B41B4BF2C
:102F4000012300232362002B98D1AB6A97E7002B63
:102F5000AFDA013961603C33AAE7002BB0DA013AFD
:102F6000A2603C33ABE7002BCFDAE269013AE261C1
:102F7000A269013A48BF0622A261E2681833013A09
:102F8000E260A360002AC0D12369013B05D423611C
:102F9000236956F82330E360B7E70B2323616369A5
:102FA0005A1E6261920703F26B7305D1642193FB91
:102FB000F1F201FB123262B94FF4C87293FBF2F1E5
:102FC00002FB1133B3FA83F35B0903F5B673E361D4
:102FD000DEE70123F9E700BF28A602008C4A0020A3
:102FE000F7B501683B29044611D93C22684600F038
:102FF000D7FE019A63680099002A0B446360BBBF47
:103000003C3203F1FF3322602260B8BF6360616825
:103010003B2911D93C22684600F0C2FE019AA36800
:103020000099002A0B44A360BBBF3C3203F1FF337D
:1030300062606260B8BFA360A168172911D9182225
:10304000684600F0ADFE019AE3680099002A0B443F
:10305000E360BBBF183203F1FF33A260A260B8BFC8
:10306000E36021690B2911D90C22684600F098FE13
:10307000019A63690099002A0B446361BBBF0C325B
:1030800003F1FF3322612261B8BF636163699A076C
:103090001CD1642193FBF1F201FB1232C2B903F29D
:1030A0006C734FF4C87293FBF2F102FB1133002BE7
:1030B0000CBF1D231C23E268002A0BDC314D0B20C2
:1030C0006421E668002E30DD03B0F0BD1C23F2E77A
:1030D0001D23F0E72B4DD4E90312012A14BF55F844
:1030E000220018468142EFDD0132091A0C2AE16004
:1030F0002261F0D1636900215A1C2161910762614C
:103100003CD1642192FBF1F001FB1022002A37D15F
:1031100003F26D734FF4C87293FBF2F102FB1133AB
:10312000002B0CBF1D231C23D5E72269013A226125
:10313000013216D163695A1E9707C4E9040219D1F6
:1031400092FBF1F701FB1722B2B903F26B734FF454
:10315000C87293FBF2F702FB1733002B0CBF1D2341
:103160001C232269012A14BF55F822201A46324432
:10317000E260A6E71C23F4E71D23F2E71C23AAE77D
:103180001D23A8E7F8A502002DE9F04F85B00746FA
:1031900000F0D8FC81463846FFF722FFD7E900430C
:1031A0003C2202FB0344BB687D694FF4616202FB71
:1031B0000344D7E90363C04A52F82320013E012BA0
:1031C000164411DDA9070FD1642295FBF2F302FB2F
:1031D000135343B905F26C734FF4C87293FBF2F1C9
:1031E00002FB113303B9013605F51C53103344F6C5
:1031F00020629342FE6100F26A81462D40F38E8088
:10320000462340F26D1C64214FF4C8709A077FD1A9
:1032100093FBF1F201FB1232002A7CD103F26C72B3
:1032200092FBF0FE00FB1E22002A0CBF4FF4B77287
:10323000624601339D421644E8D1A04B4FEAE47840
:10324000C6FB034800F006FA00F010FA9C4B1B681E
:10325000002B00F04381D7F820A078695346012B5A
:10326000A8BF01230193D9F8043000F26C708342A7
:1032700040F09680D9E90821D9F85000D9F84CC01F
:10328000131A0393D9F848300293029AD9F82830D8
:1032900061EBE07BB2EB030E6CEBE371744578EB12
:1032A000010280F28580D9F80020002A00F08D808C
:1032B000039A944278EB0B02C0F20D81744578EBCF
:1032C0000101B4BF4FF0010B4FF0000BBAF1000F3A
:1032D00080F28780BBF1010F40F00281D9F85030B5
:1032E0001C1948EBE3784FF0010B00F0B9F90436F4
:1032F000072396FBF3F3C3EBC303F61A00F1E58053
:10330000C7F820B0BE612046414605B0BDE8F08F49
:1033100040F26D128DE74FF4B7728AE78DD04523E6
:1033200040F26D1C64214FF4C87012E062BB93FB45
:10333000F1F201FB123252BB03F26C7292FBF0FE0F
:1033400000FB1E22002A0CBF4FF4B7726246B61A69
:10335000013B9D4203F00302E8DBDAB9642295FBEE
:10336000F2F302FB1353C3B905F26C734FF4C87246
:1033700093FBF2F102FB1133002B40F26D1308BFF7
:103380004FF4B773F61A58E740F26D12DFE74FF4C7
:10339000B772DCE740F26D13F4E74FF4B773F1E76F
:1033A00000F0A4F800287FF465AFDDF804B091E7E1
:1033B000029A121A02924FEAE0726CEB020C029A25
:1033C000944278EB0C0CF0DB6DE7039A944278EBB7
:1033D0000B02FFF673AFBAF1000FFFF67FAF4FF0AD
:1033E000010B019A82EA0B0ABAF1010F7FF472AF66
:1033F000BBF1000F37D01B1A3A681A441C193A6007
:103400003846FA68019248EBE378FFF7E9FDFB687C
:10341000019A9B1A3FF45EAF012B26DCB3F1FF3F0C
:10342000A8BF9A46FB691AEB0303564426D56B1EC8
:1034300099071DD1642293FBF2F102FB1133D3B93A
:103440004FF4C87305F26B7595FBF3F203FB12554D
:10345000002D40F26D1318BF4FF4B673FB6139E7CE
:103460004FF0000BBDE7C31AC6E74FF0FF3AD9E7AC
:103470004FF4B673F2E740F26D13EFE7AA0717D1E6
:10348000642195FBF1F201FB1252DAB94FF4C872D4
:1034900005F26C7595FBF2F102FB1155002D40F21F
:1034A0006D1208BF4FF4B7729342A8BF9B1AD5E7BD
:1034B00040F26D12F8E700BFC8A50200805101007C
:1034C0008C4A00204FF4B772EEE7073618E74FF04A
:1034D000FF34A04617E7BAF1000FC1DA4FF0000B36
:1034E000D9F828301C1948EBE378FEE62DE9F843BB
:1034F000044600F027FB40F2B1739C4240F3A380E6
:103500006FF4F6616518A4F2B27340F26D12AD105B
:1035100002FB03556FF4C8666FF06302A4F26D738B
:1035200093FBF2F31D44A319484E44604FF4C87254
:103530000146B3FBF2F300F150071D440B7AD1F8BA
:1035400014C04A2B38D1A20705EB0C0306D14FF06B
:10355000640E94FBFEF20EFB124232B94FF4C87EA9
:1035600094FBFEF20EFB12421ABBBCF13B0FD4BF20
:103570004FF0000C4FF0010C6344013B8A694FEAA5
:10358000E27CC3FB062C8B6AD2184CEBE373C1E9D7
:10359000082328318F42D1D1D0E90843D0E9121253
:1035A0008C429341B4BF0123002303600120BDE896
:1035B000F8834FF0000CDFE7442B02D105EB0C033E
:1035C000DCE7A30705D1642294FBF2F302FB13436B
:1035D00093BB4FF4C87294FBF2F302FB1343B3FAAC
:1035E00083F35B09DFF868E0D1F80C905B4203F0ED
:1035F00030032A464FF00008734408F10108C14522
:1036000053F828E01ADC02F10408072398FBF3F3CF
:10361000C3EBC303A8EB0303BCEB030C0B6903F17F
:10362000FF3348BF0CF1070CC3EBC3039C44F445C4
:1036300006DA02EB0C03A1E70123D3E77244DCE7CF
:10364000ACF1070CF3E70020B1E700BF80510100A7
:1036500024A60200014800F0A4BA00BF904A00204E
:10366000014800F0A0BA00BF904A0020014B186842
:1036700000F002B8440100202DE9F04F8DB007465C
:1036800000F060FABC49BD4D0446384600F0CCFB62
:10369000064610BBBA4BBB4A1860BB4BA062186011
:1036A000BA4B2065C3E900224A2100220023C4E965
:1036B0000300C4E90500C4E90D00C4E90F00C4E932
:1036C0000823C4E912232868217284F83010DCF73B
:1036D00020FE2E600DB0BDE8F08F2968002940F073
:1036E0008E802868DCF715FE304600F0DFFA411CBA
:1036F0003846DCF70BFE2860002840F08680A24A9E
:10370000DFF88882DFF878A200231360A04ACAF8A5
:10371000003000200021C8E90022C4E90333C4E9D5
:103720000533C4E90801C4E90D33C4E90F33C4E922
:1037300012014A222272A36284F830202365337872
:103740003A2B08BF013633783C2B62D1751C914A65
:1037500091490AAB284600F0FDFE0028BADD0A9B1D
:10376000DA1E072AB6D8EB5C3E2BB3D102360A9B91
:10377000F518F35C2D2B5AD101354FF0FF3900239A
:10378000ADF81E30ADF8203008AF0AABCDE90137F7
:1037900003930DF11E03009380490AAB07AA284644
:1037A00000F0D8FE002895DDBDF81E30BDF8206081
:1037B0003C2202FB0366BDF81C304FF4616202FB41
:1037C00003660A9B09FB06F605EB0309EB5C3C2B41
:1037D00040F0EE8009F10105714A6F490AAB2846B5
:1037E00000F0B8FE002828DC99F801303E2B24D1E7
:1037F000684BA662C8E90033CAF800606AE700F0C7
:103800009FFA00287FF46DAF64E7314600F0A2FA1A
:1038100075E7604A63490AAB304600F09BFE00281A
:103820007FF758AF0A9B033B072BA0D952E72B2BFE
:1038300008BF01354FF00109A1E70A9BDA1E072AEC
:103840003FF648AFEB5C3E2B7FF444AF09F1020931
:103850000A9B09EB030519F803302D2B40F0B780C4
:1038600001354FF0FF390023ADF81C30ADF81E30A4
:10387000ADF820300A930AABCDE9027301930DF144
:103880001E03009345490AAB07AA284600F062FED2
:10389000002800F3A280A6F5616304930A9B2746E3
:1038A0001D444FF0000B2B782C2B08BF013595F8E9
:1038B0000090B9F14D0F40F0A3800AAB0DF1260244
:1038C000CDE9013209AA0092374903930DF1220292
:1038D000284600F03FFE03287FF4FCAEBDF822101E
:1038E0004B1E0B2B3FF6F6AEBDF82420531E042BC7
:1038F0003FF6F0AEBDF82630062B3FF6EBAEC7E93B
:10390000031287F808907B610A9B05EB03090025E9
:103910004FF00203ADF81C30ADF81E50ADF820504A
:103920000A9599F800302F2B40F096800AAB08AA30
:10393000CDE901320DF11E0200921C49039307AA42
:10394000484600F007FEA84200F386804A21002284
:103950000023C4E90355C4E90555C4E90823C4E9B3
:103960000D55C4E90F55C4E912232172A56284F8EC
:1039700030102565AEE600BFFC5E02006C4A0020F8
:10398000884A0020FF5E02008C4A00203C01002093
:10399000245C02007C4A0020035F0200385F0200C2
:1039A000704A0020165F0200245F0200375F0200A9
:1039B0003E4A3F490AAB484600F0CCFD00287FF75D
:1039C00017AF0A9B033B072B7FF642AF82E62B2BF8
:1039D00008BF01354FF0010945E7BDF81E20BDF8CD
:1039E00020303C2101FB0233BDF81C204FF4616103
:1039F00001FB023309FB03F34FE74FF0010B52E7E2
:103A0000B9F14A0F06BF01354B4644230A220BA9E0
:103A10002846059300F0BEFEDDF82C90059BADF81E
:103A20002600A94514D14D23BBF1000F07D1237205
:103A300003210223C4E90313C4F814B067E784F830
:103A400030300B220123C4E90D230023E3635EE73A
:103A500080B23B7278615AE7BDF81E20BDF8203075
:103A60003C2101FB0233BDF81C204FF4616101FBD6
:103A70000233BB610A9D28374D44BBF1000FBCD017
:103A8000049B23650B4BC8F800306068074BA662A7
:103A9000C8F80430FFF72AFDA26A236DCAF8002097
:103AA0009B1A054A18BF0123136013E6704A0020D1
:103AB000165F02007C4A00208C4A00201F2938B57E
:103AC00005460C4604D9162303604FF0FF3038BD7D
:103AD000C26B12B152F821304BB9284600F030F8D1
:103AE000224601462846BDE8384000F017B8012BB1
:103AF0000AD0591C03D1162303600120E7E70021F7
:103B000042F82410204698470020E0E7024B014687
:103B10001868FFF7D3BF00BF4401002038B5074D38
:103B200000230446084611462B6002F009F8431CA6
:103B300002D12B6803B1236038BD00BF944A002036
:103B400001F0EEBF0048704798010020014B186853
:103B5000704700BF4401002070B50D4D0D4C641B33
:103B6000A4100026A64209D10B4D0C4C02F00AF815
:103B7000641BA4100026A64205D170BD55F8043B75
:103B800098470136EEE755F8043B98470136F2E7CF
:103B9000F4010020F4010020F4010020FC010020C9
:103BA00070477047704770477047000010B5044673
:103BB0000448134620B10A4602202146AFF3008094
:103BC00010BD00BF00000000000000000000000069
:103BD00001F0FF01102A2BDB10F0070F08D010F8BE
:103BE000013B013A8B422DD010F0070F42B3F6D1C2
:103BF000F0B441EA012141EA014122F007047FF0DB
:103C000000070023F0E80256083C85EA010586EA31
:103C1000010685FA47F5A3FA87F586FA47F6A5FA6D
:103C200087F68EB9EED1F0BC01F0FF0102F0070279
:103C300032B110F8013B013A83EA010313B1F8D124
:103C40000020704701387047002D06BF3546033805
:103C5000073815F0010F07D1013015F4807F02BF3E
:103C6000013015F4C03F0130F0BC0138704700BF8F
:103C70000A44914200F1FF3300D1704710B511F8AA
:103C8000014B03F8014F9142F9D110BD10B50C461C
:103C900000F014F8D4F8020010BD0000024B0146F9
:103CA0001868FFF7F3BF00BF44010020034613F874
:103CB000012B002AFBD1181A01387047F8B5036BA5
:103CC00005460C46B3B91820DCF71EFB02462863F4
:103CD00020B9164B16488B2100F044F81549164BB5
:103CE000C0E90013154B83600B2383810021012061
:103CF000C2E90401286B678803892588C688818901
:103D0000B4F804C0408905FB03F27B4305FB0611B0
:103D100006FB072206FB0C3302EB114205FB0033C6
:103D200003EB124321806280A380F8BD835E020012
:103D30004A5F02000E33CDAB34126DE6ECDE0500B7
:103D400010F8012B11F8013B012A28BF9A42F7D045
:103D5000D01A7047034611F8012B03F8012B002AF3
:103D6000F9D170471FB514461A46094B1B68054622
:103D7000D8684CB1074B0091CDE9013406492B4678
:103D800000F058FCFEF78AFE044B1C46F3E700BF28
:103D900044010020AD5F0200BA5F0200245C020013
:103DA00010B591FBF2F402FB14110460416010BDE8
:103DB0002DE9F84FDFF86CA006468946174600F05B
:103DC000F1FDDAF8004034B14B46984613F8012B68
:103DD0003AB13D2AF9D1304600F0EAFD0020BDE8B5
:103DE000F88FA8EB0908A34654F8040B0028F2D07A
:103DF0004246494600F0D8FC0028F4D154F8043C6F
:103E000003EB080513F808303D2BECD1DAF800304D
:103E1000ABEB03039B1030463B6000F0C9FD681C10
:103E2000DDE700BFF001002007B501AAFFF7C0FFE2
:103E300003B05DF804FB2DE9F0478E681F46BE42D3
:103E40000B6882460C4690462DD8B1F90C2012F42E
:103E5000906F26D06569096905EB4505A3EB01095B
:103E600005EBD5757B1C4B446D109D4238BF1D463C
:103E7000530527D52946DCF749FA064660B3216980
:103E80004A46FFF7F5FEA38923F4906343F08003CD
:103E9000A381266165614E44A5EB09052660A560F6
:103EA0003E46BE4200D93E46206832464146FEF7B5
:103EB00067FFA3689B1BA360236833442360002033
:103EC000BDE8F0872A4600F0C7FB06460028E0D18F
:103ED0002169504600F072FD0C23CAF80030A38916
:103EE00043F04003A3814FF0FF30E9E72DE9F04FA5
:103EF00098468B891B069DB007460D46144610D583
:103F00000B6973B94021DCF701FA2860286130B9E8
:103F10000C233B604FF0FF301DB0BDE8F08F402315
:103F20006B610023099320238DF82930CDF80C8094
:103F30003023DFF89C818DF82A304FF001092346A9
:103F40009A4613F8012B0AB1252AF9D1BAEB040BD2
:103F50000BD05B46224629463846FFF76CFF0130FE
:103F600000F0A780099A5A4409929AF80030002B71
:103F700000F09F8000234FF0FF32CDE905230AF1C6
:103F8000010A049307938DF853301A93544605227F
:103F900014F8011B4E48FFF71BFE049AD8B9D0064F
:103FA00044BF20238DF85330110744BF2B238DF8D5
:103FB00053309AF800302A2B15D0079A5446002027
:103FC0004FF00A0C214611F8013B303B092B4BD92D
:103FD000B0B1079214E0A0EB080309FA03F313430E
:103FE0000493A246D2E7039B191D1B680391002B83
:103FF000BBBF5B4242F0020207930793B8BF049233
:1040000023782E2B0AD163782A2B32D1039B1A1DD9
:104010001B68039243EAE37302340593DFF8C0A000
:10402000217803225046FFF7D3FD38B1049BA0EB63
:104030000A004022824013430134049314F8011B08
:1040400024488DF828100622FFF7C2FD002836D03C
:10405000214B1BBB039B073323F007030833039358
:10406000099B334409936AE70CFB02320C4601209A
:10407000A8E700230134059319464FF00A0C2046A7
:1040800010F8012B303A092A03D9002BC6D005912C
:10409000C4E70CFB012104460123F0E703AB0093C6
:1040A0002A460E4B04A93846AFF30080421C064650
:1040B000D6D1AB895B063FF52DAF09982CE703AB52
:1040C00000932A46054B04A9384600F079F8EDE73D
:1040D000E95F0200F35F020000000000373E0200CB
:1040E000EF5F02002DE9F047164698468A680B6993
:1040F000DDF820909342B8BF1346336091F8432017
:1041000007460C460AB1013333602368990642BF63
:10411000336802333360256815F0060506D104F1D3
:10412000190AE36832689B1AAB4226DC94F84330E4
:104130002268003B18BF012392062BD404F14302EE
:1041400041463846C84701301ED02368226903F033
:104150000603042B02BFE5683368ED1AA3680CBFA1
:1041600025EAE57500259342C4BF9B1AED18002689
:104170001A34B5421AD1002008E0012352464146C4
:104180003846C847013003D14FF0FF30BDE8F08713
:104190000135C6E7E1185A1C302081F8430022445B
:1041A00094F8451082F843100233C7E701232246F2
:1041B00041463846C8470130E6D00136D9E700000D
:1041C0002DE9FF470F7E0C9E782F914680460C46C6
:1041D0009A4601F1430207D8622F0AD8002F00F057
:1041E000D180582F00F0B88004F1420684F8427064
:1041F0003AE0A7F16303152BF6D801A151F823F09B
:10420000594202006D420200E9410200E941020008
:10421000E9410200E94102006D420200E941020069
:10422000E9410200E9410200E94102006B4302005A
:104230009742020025430200E9410200E9410200E1
:104240008D430200E941020097420200E941020069
:10425000E94102002D43020033681A1D1B683260D9
:1042600004F1420684F8423001239CE03368206860
:10427000191D3160060601D51D6803E04506FBD512
:10428000B3F90050002D03DA2D236D4284F843303A
:1042900058480A2311E021683368080653F8045B84
:1042A00002D4490648BFADB26F2F5248336014BFE5
:1042B0000A230823002184F843106668A660002EB4
:1042C00005DB21682E4321F0040121604BD0164606
:1042D000B5FBF3F103FB1157C75D06F8017D2F46CF
:1042E000BB420D46F4D9082B0BD12368DF0708D554
:1042F000236961689942DEBF302306F8013C06F16C
:10430000FF36921B2261CDF800A04B4603AA21463E
:104310004046FFF7E7FE01304AD14FF0FF3004B0CE
:10432000BDE8F087236843F02003236032487827F4
:1043300084F84570236831681F0651F8045B02D485
:104340005F0648BFADB23160D90744BF43F02003D8
:1043500023601DB11023ADE72648E9E7236823F069
:1043600020032360F6E71646BDE7336825686169D8
:10437000181D30602E061B6801D5196002E0680622
:10438000FBD51980002323611646BCE733681A1D4C
:1043900032601E68626800213046FFF719FC08B1E0
:1043A000801B606063682361002384F84330AAE7C0
:1043B0002369324649464046D0470130ADD0236894
:1043C0009B0713D4E068039B9842B8BF1846A6E742
:1043D0000123324649464046D04701309DD0013541
:1043E000E36803995B1AAB42F2DCEBE7002504F1CA
:1043F0001906F5E7FA5F02000B600200B1F90C2024
:104400002DE9F041160705460C4654D44B68002BA5
:1044100002DC0B6C002B48DDE66A002E45D0002341
:1044200012F480522F68216A2B6030D0626DA3890C
:10443000590705D56368D21A636B0BB1236CD21A86
:104440000023E66A216A2846B047431CA38906D1A7
:1044500029681D292BD82A4ACA40D60727D5002209
:104460006260D9042269226004D5421C01D12B6804
:1044700003B96065616B2F60B9B104F144039942DF
:1044800002D0284600F09AFA002363630DE001236E
:104490002846B0470246501CC9D12B68002BC6D015
:1044A0001D2B01D0162B1ED12F60002022E043F0DF
:1044B00040031BB21BE00F69002FF6D093070E6874
:1044C00008BF4B690F6018BF0023A6EB07088B607D
:1044D000B8F1000FE9DD216AA66A43463A4628464C
:1044E000B047002808DCB4F90C3043F04003A38146
:1044F0004FF0FF30BDE8F0810744A8EB0008E7E784
:104500000100402038B50B6905460C4613B900255B
:10451000284638BD18B1036A0BB9FEF7BDFBB4F9E4
:104520000C30002BF3D0626ED00704D4990502D46E
:10453000A06DFFF737FB28462146FFF75FFF636E4C
:10454000DA070546E4D4A3899B05E1D4A06DFFF703
:104550002BFBDDE70EB430B59CB01FAC4FF40172FD
:1045600054F8045BADF8142002900690FFF79EFB10
:104570000B4B039007900B930A48019400230F9371
:1045800014934FF6FF73ADF816302A46234602A95E
:10459000006800F0B7FA1CB0BDE8304003B07047C7
:1045A000CB4502004401002010B50C46B1F90E10B5
:1045B00000F0D4F90028ABBF636DA3891B1823F466
:1045C0008053ACBF6365A38110BD002070472DE907
:1045D000F0411F468B89DB0505460C46164605D57E
:1045E000B1F90E100223002200F0A6F9A389B4F954
:1045F0000E1023F48053A38132463B462846BDE883
:10460000F04100F0BDB910B50C46B1F90E1000F044
:1046100093F9431CA38915BF606523F4805343F4C9
:104620008053A38118BFA38110BDB1F90E1000F013
:1046300073B900000EB403B5014603AB054853F847
:10464000042B0068019300F0FDFB02B05DF804EB61
:1046500003B07047440100202DE9F041074614469D
:104660000D4621B9BDE8F0411146DBF74FBE2AB92E
:1046700000F0A4F925462846BDE8F08100F08EFE42
:104680008442064602D8B4EB500FF4D8214638468F
:10469000DBF73CFE804608B94546ECE7B4422246CB
:1046A000294628BF3246FFF7E3FA2946384600F08C
:1046B00085F9F1E72DE9F043344E86460D4628464C
:1046C00015F8014B375D17F00807F8D12D2C10D1E4
:1046D0002C780127851C33F0100015D1302C0DD11A
:1046E000287800F0DF00582808D16C7802351023B4
:1046F0000AE02B2C04BF2C78851CECE7002BF6D1AC
:10470000302C14BF0A2308234FF0FF380026B8FBD3
:10471000F3F803FB08F96FEA09093046A4F1300CFD
:10472000BCF1090F10D86446A3421EDDB6F1FF3F6D
:1047300007D0804516D301D1A14513DB00FB034010
:10474000012615F8014BE9E7A4F1410CBCF1190F62
:1047500001D8373CE8E7A4F1610CBCF1190F04D88B
:10476000573CE1E74FF0FF36EBE7731C06D12223FD
:10477000CEF80030304632B9BDE8F08307B1404290
:10478000002AF9D006B1691E1160F5E789A602007A
:10479000FFF790BF13460A46014602480068FFF73C
:1047A00089BF00BF4401002010B56AB101398418E7
:1047B00010F8012B11F8013F9A4203D1A04201D019
:1047C000002AF5D1D01A10BD1046FCE72DE9F041C2
:1047D0004D4A0C460023D0E9000100F0B5FF002A45
:1047E000BCBF02F5A83202F5C0724FF4616100F55A
:1047F0002F20B2FBF1F301FB13224FF03C01ACBFC1
:1048000000F66C2000F66B20A360B2FBF1F301FB15
:10481000132263602260C31C072293FBF2F2C2EBF7
:10482000C2029B1A48BF07330028A361B8BFA0F596
:104830000E333649AEBF90FBF1F1A3F52C7393FB19
:10484000F1F1334B03FB010048F6AC63B0FBF3F32B
:10485000034440F2B45CB0FBFCF29B1A40F26D17CB
:104860002C4AB0FBF2F264269B1AB3FBF7F2B3FBBF
:10487000FCF3B2FBF6F5EB1A034407FB1233992065
:1048800003EB8307023703F1010EB7FBF0FC00FBDB
:104890000CF002304FF00508B0FBF8F0AEEB000072
:1048A00040F2F95E77458CBF6FF009070227674435
:1048B0004FF4C87C0CFB0121012F98BF0131B3F5E7
:1048C000997F0CD3A3F59973E361A1F26C71002376
:1048D000E060C4E9047123622046BDE8F08112F073
:1048E000030F02D106FB15255DB94FF4C875B2FB65
:1048F000F5F605FB1622B2FA82F252093B33134455
:10490000E2E70122FAE700BF80510100B13A02005C
:104910004FC5FDFFB03A020038B5064D00230446EE
:1049200008462B6001F0ECF8431C02D12B6803B160
:10493000236038BD944A002038B5074D0446084628
:10494000114600222A601A4601F002F9431C02D1E6
:104950002B6803B1236038BD944A002038B5074D59
:1049600004460846114600222A601A4601F0F8F86B
:10497000431C02D12B6803B1236038BD944A002048
:1049800038B5074D04460846114600222A601A46EB
:1049900001F0EEF8431C02D12B6803B1236038BD4F
:1049A000944A00200148FFF7FDB800BF914A00205B
:1049B0000148FFF7F9B800BF914A002038B5054615
:1049C000002941D051F8043C0C1F002BB8BFE4185B
:1049D00000F0D8FC1D4A136833B9636014602846A0
:1049E000BDE8384000F0D4BCA34208D920682118A3
:1049F0008B4201BF19685B6809182160EDE71A4610
:104A00005B680BB1A342FAD911685018A0420BD1D0
:104A100020680144501883421160E0D118685B6837
:104A2000536008441060DAE702D90C232B60D6E704
:104A3000206821188B4204BF19685B68636004BF5B
:104A4000091821605460CAE738BD00BF9C4A0020A5
:104A500038B54B1C144603D14FF0FF35284638BDFE
:104A6000938923F020039381636B5268CDB28BB19D
:104A7000A36B934208DD23685A1E226003F8015C91
:104A8000636801336360E9E7214600F08FFC00288A
:104A9000F1D0E1E72169236851B1994208D213F8B6
:104AA000011CA94204D1013B013223606260D5E7B9
:104AB000C4E90F3204F1440363630323A363234671
:104AC00003F8465F23600123DCE710B50C46496B11
:104AD00069B104F14403994201D0FFF76FFF236CE1
:104AE00063600020606313B1E36B236010BD236932
:104AF000236000236360A38943F02003A3814FF068
:104B0000FF30F3E72DE9F04F0C46ADF5237D002192
:104B1000CDE94411A649A0910DF10408A549A64F7D
:104B2000CDF818810646A191009392F80090B9F152
:104B3000000F00F0588117F8093013F0080302F154
:104B4000010519D06368002B0FDD23681A78BA5C61
:104B5000120701D42A46E8E7459A01324592626875
:104B60000133013A62602360ECE7A19B21463046A5
:104B700098470028E9D0EDE7B9F1250F40F085808E
:104B80004193439353782A2B02BF1023951C4193E2
:104B90000A22AA461AF8011BA1F13003092B1ED9DB
:104BA000DFF818B203225846FFF712F838B1419ADD
:104BB000A0EB0B000123834013434193554615F8A6
:104BC000013B782B06D8572B10D8252B5DD057D812
:104BD000002B75D0032347930A23429388E0439B1D
:104BE00002FB0311303943915546D2E7A3F1580235
:104BF000202AEFD801A151F822F000BFCF4C0200CB
:104C0000D54B0200D54B0200294D0200D54B0200C6
:104C1000D54B0200D54B0200D54B0200D54B02000C
:104C2000D54B0200D54B02003F4D0200254D02003E
:104C3000874C0200874C0200874C0200D54B0200D3
:104C4000E14C0200D54B0200D54B0200D54B0200CF
:104C5000D54B02004F4D0200E94C0200C74C020048
:104C6000D54B0200D54B02004B4D0200D54B020044
:104C7000254D0200D54B0200D54B0200CF4C02005F
:104C8000453B022BA6D8052331E06368002B0DDDE0
:104C900023681A784A4540F0A68001336268236091
:104CA000459B013A01336260459353E7A19B21463E
:104CB000304698470028EBD04498002840F08B807D
:104CC0004FF0FF308BE0419A42F020024192419A2E
:104CD00042F40072419210226E2B429202D905E0FA
:104CE00000234293032302E00823429304234793C3
:104CF0006368002B39DD419B590604D423681A7878
:104D0000BA5C120738D4479B022B47DC6B4622461D
:104D100041A9304600F0AEF9012864D002287FF4A2
:104D200019AFC9E70A22D7E72946404600F0F0FA52
:104D3000419B43F04003419305460123D7E7419B44
:104D400043F0400341930023D1E70223CFE741988A
:104D5000C3063FF5FFAE009B459A191D00911B68E5
:104D6000C0074CBF1A801A60F4E6A19B214630466A
:104D700098470028BFD09FE7459A01324592626864
:104D8000013A002A626002DD01332360B6E7A19B8D
:104D90002146304698470028B0D08DE7042B0FDC21
:104DA0006B46224641A9304600F0BEF9B4E700BF89
:104DB000514A0200CB4A020089A60200EF5F0200BE
:104DC0000A4B002B3FF4C6AE6B46224641A9304643
:104DD000AFF30080A0E7A3895B063FF571AF0DF547
:104DE000237DBDE8F08F4498F9E700BF0000000084
:104DF0009368013B002B10B4936008DA9469A342D6
:104E000001DB0A2903D15DF8044B00F085BB136870
:104E1000581C1060197008465DF8044B7047F8B5CF
:104E200006460F461446D518AC4201D1002007E0D3
:104E300014F8011B3A463046FFF7DAFF431CF3D162
:104E4000F8BD00002DE9F04F0D469DB01446984680
:104E5000064618B1036A0BB9FDF71EFF6B6ED90742
:104E600005D4AB899A0502D4A86DFEF79BFEAB89E9
:104E70001B0701D52B699BB92946304600F08AFBF8
:104E800070B16B6EDC0704D54FF0FF301DB0BDE88C
:104E9000F08FAB899805F7D4A86DFEF785FEF3E790
:104EA0000023099320238DF82930CDF80C8030237E
:104EB000DFF8AC818DF82A304FF0010923469A467D
:104EC00013F8012B0AB1252AF9D1BAEB040B0BD048
:104ED0005B46224629463046FFF7A1FF013000F02D
:104EE000A780099A5A4409929AF80030002B00F0E2
:104EF0009F8000234FF0FF32CDE905230AF1010A1C
:104F0000049307938DF853301A935446052214F8EE
:104F1000011B5348FEF75CFE049AD8B9D10644BF82
:104F200020238DF85330130744BF2B238DF85330C3
:104F30009AF800302A2B15D0079A544600204FF0DB
:104F40000A0C214611F8013B303B092B4BD9B0B17B
:104F5000079214E0A0EB080309FA03F31343049348
:104F6000A246D2E7039B191D1B680391002BBBBF10
:104F70005B4242F0020207930793B8BF0492237882
:104F80002E2B0AD163782A2B32D1039B1A1D1B6862
:104F9000039243EAE37302340593DFF8D4A0217847
:104FA00003225046FEF714FE38B1049BA0EB0A0022
:104FB0004022824013430134049314F8011B294812
:104FC0008DF828100622FEF703FE00283FD0264B5E
:104FD0001BBB039B073323F0070308330393099B91
:104FE0003B4409936AE70CFB02320C460120A8E718
:104FF00000230134059319464FF00A0C204610F89F
:10500000012B303A092A03D9002BC6D00591C4E7F9
:105010000CFB012104460123F0E703AB00932A4671
:10502000124B04A93046AFF300800746781CD6D156
:105030006B6ED90705D4AB899A0502D4A86DFEF72B
:10504000B3FDAB895B063FF51FAF09981EE703ABC5
:1050500000932A46054B04A93046FFF7B1F8E4E770
:10506000E95F0200F35F0200000000001F4E020033
:10507000EF5F02002DE9F84315468A6880460C462A
:1050800032B98A69002A14BF4FF0FF3201228A60C8
:105090002268DFF89090D1065FBF1A68111D196071
:1050A00016680027A06988B1012807D12B681A78F3
:1050B00063699B5C53B9002F31D022E0022820D1D4
:1050C0002B681B7819F803301B071AD42368DA06FB
:1050D0005EBF2B681B7806F8013B2A686B680132BB
:1050E0002A60A268013B013A6B600137A26042B1BD
:1050F000002BD7DCD4F88031294640469847002859
:10510000D0D0236813F0100305D1E2680132E260C9
:10511000A26902B1337023693B4423610020BDE8DA
:10512000F88300BF89A602002DE9F04F9846744B22
:105130000C468246164693E8070087B003AB83E827
:105140000700704BA169704A032908BF1A46A3687B
:1051500001925A1EB2F5AE7F88BF6FF4AE75274636
:1051600082BF03EB050940F25D13A36057F81C3BB7
:1051700043F4506398BF4FF0000923603D464FF061
:10518000000B316803AB097853F82B000222FEF7BD
:105190001FFD28B3BBF1010F59D162682AB92268FB
:1051A000082142F4007261602260226822F4A06249
:1051B0002260A268511EA16092B13268511C316018
:1051C000127805F8012B7268013A002A726007DC38
:1051D000D4F88021314650469047002840F0858021
:1051E0000BF1010BBBF1030FCBD163680BB90A23A1
:1051F0006360636845496069C91A00F089F84FF037
:10520000000BA3682268002B3DD03168606991F8DB
:1052100000C010F80C00002835D0BCF1300F24D1AC
:10522000100522D50BF1010BB9F1000F03D00133AA
:1052300009F1FF39A3607368013B002B73601BDD2C
:10524000336801333360A368013BA360D9E7BBF146
:10525000020FAED1226802F4C061B1F5007FBFD168
:105260001021616042F48072A2E722F41062226091
:105270000B7805F8013BDEE7D4F880313146504623
:1052800098470028DFD02368D9050DD5BD4209D93C
:1052900015F8011CD4F87C3132465046984705F188
:1052A000FF394D46BD4228D0226812F0100213D1BA
:1052B0002A706368019E39465046B047D8F80030DE
:1052C00021681A1DC8F8002011F0200F1B680FD0AC
:1052D0001860E3680133E3602369ED1B5D442B44F0
:1052E0002361002007B0BDE8F08F4FF0000BCAE744
:1052F000CA074CBF18801860EBE70120F2E700BF37
:105300008CA7020015550200914702002C60020094
:1053100070B50B7804465E2B0BBF4B784A1C8A1C79
:10532000002108BF0121013804F1FF0500F8011F29
:10533000A842FBD10BB9501E70BD81F00101E154B0
:105340001046024612F8015B2D2D05D05D2D16D0BA
:10535000002DF1D02B46F2E746785D2EFAD0B3420D
:10536000F8DC02301A4601329642A154FBDCF21AF4
:10537000013A5D1CB342A8BF0022AB18E1E710461A
:10538000DAE700000148FEF70DBC00BF924A00209A
:105390000148FEF709BC00BF924A002051F8043CC6
:1053A000181F002BBCBF0B58C01870472DE9F041E7
:1053B0000C46496B04F1440399421DD14FF48061BE
:1053C000DAF7A4FF18B94FF0FF30BDE8F0814FF4D1
:1053D0008063A36394F84630606380F8FF3394F8E9
:1053E000453080F8FE3394F8443080F8FD3300F205
:1053F000FD3020600020E8E7A66B77003A46FFF713
:105400002BF905460028DED000EB0608014632469F
:105410004046FEF72DFCC4E90D57C4F80080E9E7CB
:10542000242B2DE9F0478646904601D8012B06D162
:10543000FEF78CFB162303600020BDE8F08734489C
:105440000D462A4615F8014B065D16F00806F8D100
:105450002D2C10D12C780126951C33F0100215D17B
:10546000302C0DD12A7802F0DF02582A08D16C784E
:10547000023510230AE02B2C04BF2C78951CECE796
:10548000002BF6D1302C14BF0A23082306F1004C60
:105490000CF1FF3C0022BCFBF3F9104603FB19CAD8
:1054A000A4F13007092F0FD83C46A3421BDD571C3F
:1054B00007D0814514D301D1A24511DB00FB034085
:1054C000012215F8014BEBE7A4F14107192F01D890
:1054D000373CEAE7A4F16107192F04D8573CE4E709
:1054E0004FF0FF32EDE7531C08D12223CEF80030F5
:1054F0006046B8F1000FA0D0691E06E006B1404238
:10550000B8F1000F99D0002AF6D1C8F8001094E73E
:1055100089A60200FFF784BFF8B50E46144605467B
:1055200018B1036A0BB9FDF7B7FBA369A360A389A0
:105530001A0701D5236943B92146284600F02AF805
:1055400018B14FF0FF373846F8BD23682269981A22
:105550006369F6B28342374605DC21462846FEF7EA
:10556000D1FF0028EDD1A368013BA36023685A1C3A
:1055700022601E706269431C9A4204D0A389DB0733
:10558000E1D50A2EDFD121462846FEF7BBFF0028D1
:10559000D9D0D6E738B5294B054618680C4618B15E
:1055A000036A0BB9FDF778FBB4F90C30190722D464
:1055B000DA0607D409222A6043F04003A3814FF0A2
:1055C000FF3033E0580712D5616B41B104F1440359
:1055D000994202D02846FFF7F1F900236363A389BB
:1055E00023F02403A3810023636023692360A3893C
:1055F00043F00803A38123694BB9A38903F4207303
:10560000B3F5007F03D02146284600F03FF8B4F9F7
:105610000C3013F001020AD00022A26062695242EB
:10562000A261226942B913F08000C5D138BD990743
:1056300058BF6269A260F4E70020F7E74401002048
:1056400070B50C46B1F90E10002996B015461E46ED
:105650000DDAA38913F0800F4FF0000114BF40232F
:105660004FF48063002031602B6016B070BD6A4635
:1056700000F048F80028ECDB019901F47041A1F535
:105680000053594259414FF48063EBE78B89F7B5DA
:105690009D0706460C4607D504F1470323602361A6
:1056A0000123636103B0F0BD01AB6A46FFF7C8FF99
:1056B000009F054639463046DAF728FE48B9B4F966
:1056C0000C309A05EED423F0030343F00203A381C8
:1056D000E2E7A389206043F08003A381019BC4E932
:1056E00004075BB1B4F90E10304600F01DF828B184
:1056F000A38923F0030343F00103A381A3891D437E
:10570000A581CFE738B5074D00230446084611466A
:105710002B6000F0FDF9431C02D12B6803B123601C
:1057200038BD00BF944A002038B5064D002304461A
:1057300008462B6000F0FCF9431C02D12B6803B132
:10574000236038BD944A00207BB972B90029BEBFDE
:1057500000204FF0004106E008BF00281CBF6FF09A
:1057600000414FF0FF3000F0C9B9ADF1080C6DE910
:1057700004CE002909DB002B1ADB00F061F8DDF80C
:1057800004E0DDE9022304B07047404261EB4101CF
:10579000002B1BDB00F054F8DDF804E0DDE9022308
:1057A00004B0404261EB4101524263EB4303704756
:1057B000524263EB430300F043F8DDF804E0DDE917
:1057C000022304B0404261EB41017047524263EB57
:1057D000430300F035F8DDF804E0DDE9022304B00E
:1057E000524263EB4303704753B94AB9002908BFDB
:1057F00000281CBF4FF0FF314FF0FF3000F07EB9A2
:10580000ADF1080C6DE904CE00F01AF8DDF804E003
:10581000DDE9022304B07047430803F05533C01A92
:10582000830803F0333300F03330184400EB1010DA
:1058300000F00F3000EB002000EB0040000E70473E
:105840002DE9F047089D0E4604460F46002B4AD12D
:1058500094468C45B2FA82F260D942B1C2F120037B
:10586000974020FA03F30CFA02FC1F4394404FEADE
:105870001C4E1FFA8CF6B7FBFEF1230C0EFB1177C2
:1058800043EA074301FB06F098420AD91CEB0303E5
:1058900001F1FF3780F01581984240F21281023900
:1058A00063441B1AA4B2B3FBFEF00EFB103344EAB0
:1058B000034400FB06F6A6420AD91CEB040400F1DF
:1058C000FF3380F00081A64240F2FD80644402383C
:1058D00040EA0140A41B00211DB1D4400023C5E9CA
:1058E0000043BDE8F0878B4205D90DB1C5E9000141
:1058F00000210846F5E7B3FA83F1002946D1B34207
:1059000002D3824200F2F580841A66EB0302012082
:105910001746002DE5D0C5E90047E2E7002A40F030
:105920009380A1EB0C034FEA1C471FFA8CFE012168
:10593000B3FBF7F607FB1630230C43EA00430EFBDC
:1059400006F0984208D91CEB030306F1FF3802D297
:10595000984200F2D08046461B1AA4B2B3FBF7F07F
:1059600007FB103344EA03440EFB00FEA64508D9AA
:105970001CEB040400F1FF3302D2A64500F2B6800E
:105980001846A4EB0E0440EA0640A5E7C1F1200743
:105990008B4022FA07FC4CEA030C06FA01FE20FABF
:1059A00007F426FA07F344EA0E0400FA01F84FEA76
:1059B0001C404FEA1449B3FBF0FE1FFA8CF600FBC3
:1059C0001E3349EA03430EFB06F9994502FA01F238
:1059D0000BD91CEB03030EF1FF3A80F0858099454B
:1059E00040F28280AEF1020E6344A3EB0909A4B237
:1059F000B9FBF0F300FB139944EA094403FB06F6F4
:105A0000A64208D91CEB040403F1FF3068D2A64279
:105A100066D9023B644443EA0E40A41BA0FB02E6A5
:105A2000B4427346B14652D34FD05DB1B8EB0302D6
:105A300064EB090404FA07F722FA01F31F43CC4090
:105A4000C5E9007400214CE7C2F1200120FA01F3FE
:105A50000CFA02FC26FA01F1964033434FEA1C4748
:105A60001FFA8CFEB1FBF7F007FB1016190C41EA88
:105A7000064100FB0EF68E4204FA02F408D91CEB34
:105A8000010100F1FF382DD28E422BD9023861443A
:105A9000891B9BB2B1FBF7F607FB161143EA0143E2
:105AA00006FB0EF1994208D91CEB030306F1FF38FF
:105AB00014D2994212D9023E63445B1A46EA00416D
:105AC00036E73946EDE6184602E7F045ADD2BEEBC3
:105AD000020366EB0C060138B146A6E74646ECE742
:105AE000034698E74046D3E7D6467EE7644402384B
:105AF00047E708460DE7023E63442DE7704700BFC5
:105B0000024B58221A604FF0FF307047944A002031
:105B1000024B58221A604FF0FF307047944A002021
:105B2000024B58221A604FF0FF307047944A002011
:105B3000024B58221A600020704700BF944A002090
:105B4000024B58221A604FF0FF307047944A0020F1
:105B5000024B58221A604FF0FF307047944A0020E1
:105B6000024B58221A604FF0FF307047944A0020D1
:105B7000024B58221A604FF0FF307047944A0020C1
:105B8000FEE700BFF8B500BFF8BC08BC9E467047F2
:105B9000F8B500BFF8BC08BC9E467047256C642E63
:105BA000256C642E256C6400646973706C61796186
:105BB0007070006465626F756E636554696D6572BF
:105BC000006465626F756E636554696D65724368E4
:105BD0006172676500496E66696E6954696D65003A
:105BE0002F626F6E642E6461740050696E65546933
:105BF0006D6500312E32302E3000312E302E3000C7
:105C000050494E453634006E6F746966696361743D
:105C1000696F6E54696D657200100401001004050F
:105C200000100101001003010062617369635F737A
:105C30007472696E673A3A5F4D5F6372656174654D
:105C4000004E6F7420506C6179696E6700416C651D
:105C50007274203A204E6F6E6500416C657274203C
:105C60003A204D696C6400416C657274203A20489A
:105C7000696768002F73657474696E67732E646159
:105C800074002F2E73797374656D2F616C61726D62
:105C90002E64617400416C61726D004D41494E008B
:105CA0006D656173757265426174746572790048DF
:105CB000656172747261746500627574746F6E549C
:105CC000696D6572006C6C00626C6500636F0062E8
:105CD0006C655F68735F6863695F65765F706F6F3F
:105CE0006C00626C655F6C326361705F7369675FE3
:105CF00070726F635F706F6F6C00626C655F6C32A7
:105D00006361705F6368616E5F706F6F6C00626C7F
:105D1000655F736D5F70726F635F706F6F6C006251
:105D20006C655F6761705F75706461746500626C5B
:105D3000655F67617474735F636C745F6366675FEC
:105D4000706F6F6C00626C655F67617474635F7025
:105D5000726F635F706F6F6C00626C655F68735F1A
:105D6000636F6E6E5F706F6F6C00626C655F617405
:105D7000745F7376725F656E7472795F706F6F6C4B
:105D800000626C655F6174745F7376725F707265D8
:105D9000705F656E7472795F706F6F6C00626C65B6
:105DA0005F68735F6863695F66726167003078255A
:105DB000303468780030782530386C7800253032FF
:105DC000782530327825303278253032782D2530DC
:105DD0003278253032782D25303278253032782DC2
:105DE00025303278253032782D2530327825303202
:105DF00078253032782530327825303278253032A7
:105E00007800626C655F6863695F72616D5F636D86
:105E1000645F706F6F6C00626C655F6863695F726E
:105E2000616D5F6576745F68695F706F6F6C00624B
:105E30006C655F6863695F72616D5F6576745F6CE6
:105E40006F5F706F6F6C00626C655F6C6C5F73632B
:105E5000616E5F6475705F706F6F6C006D737973E6
:105E60005F310049444C4500546D725100546D72CD
:105E700020537663002F002E2E006C6974746C65BD
:105E80006673005245454E54206D616C6C6F632003
:105E9000737563636565646564002F566F6C756D1B
:105EA00065732F646174612F6A656E6B696E732F01
:105EB000776F726B73706163652F474E552D746FEA
:105EC0006F6C636861696E2F61726D2D31332F7352
:105ED00072632F6E65776C69622D63796777696E7F
:105EE0002F6E65776C69622F6C6962632F74696DC0
:105EF000652F6C636C74696D652E6300545A00479E
:105F00004D54002531315B2D2B302D39412D5A61F7
:105F10002D7A5D256E002531315B412D5A612D7A38
:105F20005D256E004D256875256E2E256875256EDC
:105F30002E256875256E002F256875256E3A256813
:105F400075256E3A256875256E002F566F6C756D38
:105F500065732F646174612F6A656E6B696E732F50
:105F6000776F726B73706163652F474E552D746F39
:105F70006F6C636861696E2F61726D2D31332F73A1
:105F800072632F6E65776C69622D63796777696ECE
:105F90002F6E65776C69622F6C6962632F7374640E
:105FA0006C69622F72616E6434382E63002C206637
:105FB000756E6374696F6E3A2000617373657274F5
:105FC000696F6E2022257322206661696C65643AD0
:105FD0002066696C6520222573222C206C696E6511
:105FE000202564257325730A00232D302B2000689B
:105FF0006C4C0065666745464700303132333435B6
:106000003637383941424344454600303132333423
:10601000353637383961626364656600412D466103
:106020002D66383930313233343536375D002B2D1B
:1060300000303000785800FF00FF00FF00FF00FF35
:1060400000FF00FF00FF00FF00FF00FF00FF00FF58
:1060500000FF00FF006602ED04EC05EA07E809E630
:106060000AE50CE30EE110DF12DE12DD14DB16D9B7
:1060700018D71AD51BD41DD30D030ED10D050ECF85
:106080000E050FCD0F050FCC100510CA110511C854
:10609000120512C6130513C5130513C4140514C243
:1060A000150515C0170317BE33BC34BB36BA37B855
:1060B00039B63BB43CB33EB140AF09022E0108AD46
:1060C00009042C0308AC08062A0507AB09062906B3
:1060D00008A90B0529050AA70D032B030CA54CA342
:1060E0004DA24FA0519F529D549B559A5798599637
:1060F0005B945D935D925F90618E638C658A668927
:1061000068870802590205860704570405840805B4
:10611000550605820906540605810A055505077FBF
:106120000C045603097D747B7679777978777A75D4
:106130007C737E717F70816E836C856B86698768E6
:1061400089668B648D628F609060915E935C955AD6
:106150000E0771070A580D0B6D0B08570E0C6C0CCF
:1061600008550F0C6C0B0A53110A6D0B0B529F5004
:10617000A04FA24DA44BA649A848A8FF00E344ADF8
:1061800043AE41B040B13EB23EB33CB53AB739B888
:1061900037B936BB350E0166013C0109330E0315D4
:1061A000050E0416150D0311050E04120309310F17
:1061B0000414060D0416150D0410050E041204092E
:1061C000300F0414060D0416150D0410060D0412EC
:1061D00004092F100414070C0416150D0410060DE5
:1061E0000412040A2D110414070C0416041E0410D2
:1061F000070C0412040B2C110414080B0416041EC3
:106200000410070C0412040C2A120414080B0416C0
:10621000041E0410080B0412040D281304140401B6
:10622000040A0416041E04100401030B0412040DD6
:10623000281304140401040A0416041E04100401A3
:10624000040A0412040E2614041404020409041699
:10625000041E04100402030A0412040F241504147B
:10626000040204090416041E0410040204090412A2
:10627000041023150414040304080416041E041057
:10628000040204090412041121160414040304086E
:106290000416041E04100403040804120411201739
:1062A0000414040403080416041E04100403040860
:1062B000041204121F170414040404070416041E15
:1062C000041004040308041204131D180414040524
:1062D00003070416130F0410040404070412041423
:1062E0001B1A0314040504060416131003100405F6
:1062F0000307041303151A1B0115040603060416ED
:1063000013110111040504060414011619320406C0
:1063100004050416132304060306042C173304078C
:1063200003050416043204060405042D161D011588
:1063300004070404041604200111040703050414CF
:106340000119141D0314040704040416041F031088
:106350000407040404130319121D0414040804039D
:106360000416041E04100408030404120419121D68
:106370000414040804030416041E0410040804038F
:106380000412041A101E0414040903030416041E44
:106390000410040804030412041B0E1F041404094F
:1063A00004020416041E0410040904020412041C4E
:1063B0000D1F0414040A03020416041E0410040929
:1063C00004020412041D0B200414040A0401041620
:1063D000041E0410040A03020412041D0B200414FA
:1063E000040B03010416041E0410040A0401041221
:1063F000041E09210414040B0816041E0410040BC7
:1064000003010412041F07220414040C0716041EBF
:106410000410040B0812042006220414040C0716AE
:10642000041E0410040C0712042104230414040D98
:106430000616041E0410040C07120421032404147D
:10644000040D0616041E0410040D06120422022474
:106450000414040D0616041E0410040D061204484C
:106460000315040E0516041E0311040D0612034A3B
:106470000166013C01FF00FF00FF00FF00FF00FF7D
:1064800000FF00FF0010110F090F0409040D0F8B0E
:10649000110F090F0507050D0F8B110F090F0507C8
:1064A000050D0F92031903120605060D039E03192D
:1064B00003120605060D039E031903120605060DB9
:1064C000039E03190312030103030301030D039E3B
:1064D00003190312030202030202030D039E0319B0
:1064E0000312030203010302030D039E03190312A7
:1064F000030203010302030D039E031903120303A6
:106500000503030D0D940319031203030503030D83
:106510000D940319031203040304030D0D940319CE
:10652000031203040304030D039E0319031203055E
:106530000105030D039E0319031203050105030D55
:10654000039E03190312030B030D039E0319031289
:10655000030B030D039E03190312030B030D039E8C
:1065600003190312030B030D039E03190312030BFC
:10657000030D039E03190312030B030D0F92031661
:10658000090F030B030D0F920316090F030B030DE5
:106590000FFF00FF00FF00FF00FF00FF00FF00FFF4
:1065A00000FF00FF00FF00FF00FF00FF00FF00FFF3
:1065B00000FF00FF00FF00FF00FF00FF00FF00FFE3
:1065C00000FF00FF00FF00FF00FF00FF00FF00FFD3
:1065D00000FF00FF00FF00FF00FF00EC00000000D4
:1065E0000338FDD8704700030002030403000600CF
:1065F0000004000200018000000000000000000014
:106600000338FDD87047802EFE00802EF101C82E81
:10661000002E802EFC00802EFB00802EFF00802E9E
:10662000FD00802E42B05039212EB0F01030212EC6
:1066300016F0802EF2015D505B5201423B804130EA
:1066400001423C80002E01400142212EFFAFB82EB6
:1066500003B7802E1800802E1800802E1800802E80
:106660001800802E1800802E1800802E1800802E12
:106670001800802E1800802E1800802E1800802E02
:106680001800802E1800802E1800802E1800802EF2
:106690001800802E1800802E1800802E1800802EE2
:1066A0001800802E18000000000000000401000007
:1066B00000000100000000000000000000000000D9
:1066C00000000000000000000000000000000000CA
:1066D00000000000000000000000000000000000BA
:1066E00000000000000000000000000000000000AA
:1066F000000000000000000000000000000000009A
:10670000000000000000000000000000982E84013E
:106710002026982EF7001030212E59F0982EAE002A
:10672000982EABB3982EBAB3002E002ED02E982EF2
:10673000D401012E5A0000B2102F0030212E5A0031
:106740004150982E00B04150982EF2B04150435223
:10675000982ED5B341504552982ED5B3982EAE0001
:10676000E32D012E55F0C02E212E55F03050003073
:1067700047560530052CFB7F3EBED2BAB2B96C0B32
:10678000530EF92F531A012F4D0EF52FD27F0430DF
:106790001F2CE17FC501A303720E032F721A0F2F66
:1067A000790F0D2FE16F4F045FB9B1BFFA0BD26FB4
:1067B0009606B12551BFEB7F0600B2252703DB7F8C
:1067C000CFBF3EBF01B8D2BA41BAB2B9070A6E0B09
:1067D000C090DF2F4091DD2FFB6FD05FB82E10509F
:1067E000FB7F2125982E6501FB6F2125F05F102589
:1067F000802EB3000031C02E212EBAF0C82EC82E34
:10680000C82EC82EC82EAA000500AA0005002D011A
:10681000D47B3B01DB7A04003F7BCD6CC30485094C
:10682000C304ECE60C460100270019009600A00006
:1068300001000C00F03C00010100030001000E000B
:1068400000004E148800570071007A000040FF7F5E
:106850000080AF00FF00FFB7000200B00580B1F07C
:1068600080005EF0C00059F089F05A0000205C0002
:10687000500054005B00FFFB52F056F03309330721
:106880000008900100F8000102019401DD03C0AD91
:106890000B2FC0A8032FC090072F80A6052F40A95B
:1068A000122F4091012F00AB0E2FC0AC00304B5285
:1068B000072FC0A9032FC091032F80A7012F40A14C
:1068C000052FC02E17250625C02EF03F4952B82EA1
:1068D000838601300030944024180600530E4F0286
:1068E000F92FB82E80A80325102F8090012F410E7C
:1068F0000C2FF33F180505305D07150E032F551AB1
:10690000022FCC0F002F58040125B82EB82E595055
:1069100041300240510A014218824D506042703CA1
:106920004F5442426982823243401808020A404270
:106930004280023F014010504A08FB7F11420B3158
:106940000B423E8001320142002E012E40F0119098
:10695000202F0330535051540435063057525532CE
:106960001D1AE322181A5558E3220430D540B50DFC
:10697000E1BE6FBB8091A90D0189B52310A1F72F4E
:10698000DA0E0435EB2F012E2500701A003021306D
:10699000022C0822303000B2062F212E59F0982EFA
:1069A000AE00002E002ED02EFB6FF05FB82E61508F
:1069B000052E00F05B56D30F0140F433CC080D2FA9
:1069C000F4309408B98802A3042F5F584C0A87A2B8
:1069D000052CCB225B544A0AF23BCA083C80272E86
:1069E00059F001400142B82EC82E1A242600802EEC
:1069F0008300802E1800802E1800802E1800802E14
:106A00001800802E18007050032E1F01F17F2A25D8
:106A1000B982E07FDB7F0030453032300330043014
:106A2000F66FF209FC13C2ABB509C72380B3E66F5A
:106A3000B701002E8B414B42052FC57F05304640E4
:106A4000AE05C56F4642018023BDD3BE0389418296
:106A5000DF0C03A2E42FE06F916F1142C3B2A16F6C
:106A60001142002EB16F0142062F0032032E59F061
:106A7000080A212E59F0062DF13D012E59F001088A
:106A8000212E59F0DB6F905FB82E6050C37FD47F0A
:106A9000E77FF67FB27FA57F3630072E01F0BEBDBF
:106AA000BEBB635877054156655427410641F8BF80
:106AB000BE0BB511D64203895A0EF62F1230252E81
:106AC0005A000231252EB8F0D46FC36FE76FB26F52
:106AD000A56FF66FA05FC82E7050428ED47FF67FF0
:106AE00047251A186752F100642501303902944194
:106AF0008141E27FBEBBBD8D02BDB57F8EB5BA0AB6
:106B0000C67FAB7F5125982E4201D56FE26F2A18C0
:106B10006754B2010230C46F7A0312417425D07FEA
:106B200052BCD3416EBADEB6200BC77F917F982E40
:106B30004201F26FD56FCA165518DD18956FEA1825
:106B4000675A312575010130202539025EBA82BCB1
:106B50008EB6210B982E4201E26FB56F2A18E07FA6
:106B6000F17F04306754F2007C02856FD06F0D17FF
:106B70006818E018906FC46FC518EB6FB2011B4323
:106B800002307A03FB6F3D8F0B433EBA12BD52BCFD
:106B90006EBBA20A9EB5DEB6300BF77F982E42017F
:106BA000F56F3125D16F926FAB6F50434343905FC8
:106BB0004956802E6F011050034019184B56190585
:106BC0003625F77F4A175418EC18091701300C07BF
:106BD000E218DE00F26F97024758DC009102BFB85E
:106BE00021BD8A0AC02E0242F05F092E1D01052E2A
:106BF0001D01A3BC44BE90504FB9072E1D014A256C
:106C00009FB8398FB2BDF27FBFB9EB7F8A0A37894F
:106C10000B30930A8B7FCB430B4380B2D37FC17F72
:106C2000902E9DB12025012E560001900E2F695205
:106C3000012E5300B47FA27F982EA3B10030212EE5
:106C40005600C16FD36FA26FB46F0B30012E1D01C0
:106C500006BC06BB5725012E1D0194B105BCB67FAD
:106C60000FBB6D5080B30F2F0D2E1D01715EB70944
:106C70002D2E1D01735C6B5E9B439B43DB439B434B
:106C80001B42CB430B428B4340B2052F6B50002E6F
:106C900016400B40767F8B7FCB0A012E5300695242
:106CA0006F5C982EEFB1906F00B20B2FF06F00B2B7
:106CB000082F6B586D50124112422130044104429A
:106CC000232E5EF0C06F00B2262F746F806F735456
:106CD00088BDC8B84B0A94429142904288BA6B5220
:106CE000F36F54428542C0904042152F6D52002EE2
:106CF00052404140A204410640AA042F40900B2F6D
:106D0000B16F4A0F082FB26F80B2052F6D5421303A
:106D100094428042232E5EF0D06F00B2132F012EDA
:106D20005200092E5B00041A0D2F7550292E5200B7
:106D300024424430024002420980002E0442032DC6
:106D40001030212E5600EB6F705FB82E0986475425
:106D5000E440C3809404C3401305054025058A1709
:106D6000733073098C17F308E3004C821501B3B537
:106D700053428B1643B652424C175442554253422B
:106D80005242544245426D827754524210507954D7
:106D90005242FB7F22307B56434244820B305242A8
:106DA0005B427C844B42358290808B420B42358023
:106DB00004300B42378015306025982EE2B18B836A
:106DC000FB6F6542C02E4442F05F05800230518265
:106DD0000242133041404B087D543E805114C02E76
:106DE0000142002E4051D17F122502304243323001
:106DF0008243C67FE57FB47FA37F907F8B7F982EF1
:106E0000EC00C07E00AC012F4950C07E002E906F78
:106E1000098AD16F757F4C826341657F117F002E97
:106E200064414485527F457F002EA6408040327FDA
:106E3000828EC26E4541F07F277F027F982E69B017
:106E4000236FD16FC240F986237F80B2E07E0F2F7F
:106E5000326F646F8240F27F5082426F506F736F67
:106E60008540C34004410640E26E982E69B0E07E42
:106E7000F331106F3680E16E0240717F51040230B1
:106E800040A891044A22891693084A0095B409182B
:106E90008E1613309308216F607F4D860280B200FA
:106EA000414021B5507F437F982ED8B0406F626F2C
:106EB000556F134084400140454142BE1D184C04AB
:106EC000310F048AC06F1130022F002E032C0142B3
:106ED00023300342002ED66F44418A87768B00B35D
:106EE000537F152F046F7F5E8B8DE701C0A5844112
:106EF000012F00A1032FC0AD082F00A5062FC6400B
:106F0000818D07303C05D642042CC442022C073048
:106F100007308686946FD77E0E8D00407489C740F7
:106F200002B2F92945418641BE8021417523824044
:106F3000C742457F347F207F982ED8B0316F606F75
:106F4000246F22400541434013014386AC0FD16FAB
:106F5000307F002F4442488A4188E140137F047FFC
:106F6000F57E982ED8B0116F606F346F42400340A9
:106F70009A0404414382A20E036F002FC242002EE6
:106F80004140726F982ED8B0256F726F5341930EA7
:106F9000D16F46801B3003300C2F044000914242D9
:106FA000082FF66E446F8641B40E032F0288DB7EF5
:106FB00003430B42468D44414780056F940F767F13
:106FC000607F022F4589424303434988A56F409162
:106FD000A47F1530E26FD36E032F04308342802EDE
:106FE00093B304402529044283424582946F04856B
:106FF000C0B2902E7FB315873C8CC440467FC286BA
:1070000007408641F4BF00B30C2F906F16804625D1
:10701000004057250418AE0E103006307525462363
:10702000606F6425C440FA8600B3337F092F936FE5
:10703000D888536F0441C340DC0E13300430DC2287
:10704000B32540B3022F3B25C090052F916FD06F21
:10705000982EE2B14D2C04308D8843408240547FFD
:10706000DA0F0430082FC1804042C20F022F0030D7
:10707000C07E1B2DC07E192DE1BC926F4F04908401
:1070800040A8210583404C224B0EB6842130022FAC
:107090001130042CC17EE36FC17EC142002E00403E
:1070A000814004BD406F982ED8B0506F113002401F
:1070B0005108C36E038099150B40B16FD06FB67F36
:1070C0005B7F04304F540330112C1480556F064001
:1070D000750158BB6A090542C18647405125BE016A
:1070E0005643002E4641F403B66F47435E0EED2F24
:1070F000316F606F4240153002829508044252425F
:10710000022C444204303E8E916F4F8C02408341EA
:10711000B58D930ED06F012F982EE2B1002EC04195
:107120008141C10FC06F012F0442002E706F3C825D
:1071300000404140891695084A0004BC91B4010EF4
:10714000E06F072FA16F002E414040B2022FA16FC8
:1071500005424442002E8B6FC05EB82E1050815203
:107160004350FB7F982EC9B34352458210305042A2
:107170006030FB6FC02E4042F05F1050835245508C
:10718000FB7F982EC9B34552458200305042703083
:10719000FB6FC02E4042F05F1230124202301242AA
:1071A0001242124202420380418411420242B82E2E
:1071B0004884BE8A8440705002412DBB63414284A2
:1071C0004541C27FB57F80B3E67FD07FF37F123029
:1071D0005E2F312555404191A17F0F2F0130C142D3
:1071E000002EC26F13409342002E13409342002E94
:1071F00000408042BD80C02E0142905FC7860130B2
:10720000C540FB864541044143BEC3BBD5BE55BA0C
:10721000977F0530D115F709C0B3092F0640C74045
:10722000B705073080A9FE05B723740F5523E66F15
:1072300041820180C18643A2EC2FB06FA46F281A4F
:10724000D16FC36F022F0230182C024305416A2907
:10725000966F05436E0E102FF46F00B3032F3F8916
:107260009414252E5EF04125232515419542002ECC
:1072700015419542002E044184420090092F504050
:10728000D042002E5040D042002E4040022CC0423E
:107290004242905FB82E802E1800802E1800802E5B
:1072A0001800802E1800802E1800802E1800802EC6
:1072B0001800802E1800802E1800802E1800802EB6
:1072C0001800802E1800802E1800802E1800802EA6
:1072D0001800802E1800802E1800802E1800802E96
:1072E0001800802E1800802E1800802E1800802E86
:1072F0001800802E1800802E1800802E1800802E76
:107300001800802E1800802E1800802E1800802E65
:107310001800802E1800802E1800802E1800802E55
:107320001800802E1800802E1800802E1800802E45
:107330001800802E1800802E1800802E1800802E35
:107340001800802E1800802E1800802E1800802E25
:107350001800802E1800802E1800802E1800802E15
:107360001800802E1800802E1800802E1800802E05
:107370001800802E1800802E1800802E1800802EF5
:107380001800802E1800802E1800802E1800802EE5
:107390001800802E1800802E1800802E1800802ED5
:1073A0001800802E1800802E1800802E1800802EC5
:1073B0001800802E1800802E1800802E1800802EB5
:1073C0001800802E1800802E1800802E1800802EA5
:1073D0001800802E1800802E1800802E1800802E95
:1073E0001800802E1800802E1800802E1800802E85
:1073F0001800802E1800802E1800802E1800802E75
:107400001800802E1800802E1800802E1800802E64
:107410001800802E1800802E1800802E1800802E54
:107420001800802E1800802E1800802E1800802E44
:107430001800802E1800802E1800802E1800802E34
:107440001800802E1800802E1800802E1800802E24
:107450001800802E1800802E1800802E1800802E14
:107460001800802E1800802E1800802E1800802E04
:107470001800802E1800802E1800802E1800802EF4
:107480001800802E1800802E1800802E1800802EE4
:107490001800802E1800802E1800802E1800802ED4
:1074A0001800802E1800802E1800802E1800802EC4
:1074B0001800802E1800802E1800802E1800802EB4
:1074C0001800802E1800802E1800802E1800802EA4
:1074D0001800802E1800802E1800802E1800802E94
:1074E0001800802E1800802E1800802E1800802E84
:1074F0001800802E1800802E1800802E1800802E74
:107500001800802E1800802E1800802E1800802E63
:107510001800802E1800802E1800802E1800802E53
:107520001800802E1800802E1800802E1800802E43
:107530001800802E1800802E1800802E1800802E33
:107540001800802E1800802E1800802E1800802E23
:107550001800802E1800802E1800802E1800802E13
:107560001800802E1800802E1800802E1800802E03
:107570001800802E1800802E1800802E1800802EF3
:107580001800802E1800802E1800802E1800802EE3
:107590001800802E1800802E1800802E1800802ED3
:1075A0001800802E1800802E1800802E1800802EC3
:1075B0001800802E1800802E1800802E1800802EB3
:1075C0001800802E1800802E1800802E1800802EA3
:1075D0001800802E1800802E1800802E1800802E93
:1075E0001800802E1800802E1800802E1800802E83
:1075F0001800802E1800802E1800802E1800802E73
:107600001800802E1800802E1800802E1800802E62
:107610001800802E1800802E1800802E1800802E52
:107620001800802E1800802E1800802E1800802E42
:107630001800802E1800802E1800802E1800802E32
:107640001800802E1800802E1800802E1800802E22
:107650001800802E1800802E1800802E1800802E12
:107660001800802E1800802E1800802E1800802E02
:107670001800802E1800802E1800802E1800802EF2
:107680001800802E1800802E1800802E1800802EE2
:107690001800802E1800802E1800802E1800802ED2
:1076A0001800802E1800802E1800802E1800802EC2
:1076B0001800802E1800802E1800802E1800802EB2
:1076C0001800802E1800802E1800802E1800802EA2
:1076D0001800802E1800802E1800802E1800802E92
:1076E0001800802E1800802E1800802E1800802E82
:1076F0001800802E1800802E1800802E1800802E72
:107700001800802E1800802E1800802E1800802E61
:107710001800802E1800802E1800802E1800802E51
:107720001800802E1800802E1800802E1800802E41
:107730001800802E1800802E1800802E1800802E31
:107740001800802E1800802E1800802E1800802E21
:107750001800802E1800802E1800802E1800802E11
:107760001800802E1800802E1800802E1800802E01
:107770001800802E1800802E1800802E1800802EF1
:107780001800802E1800802E1800802E1800802EE1
:107790001800802E1800802E1800802E1800802ED1
:1077A0001800802E1800802E1800802E1800802EC1
:1077B0001800802E1800802E1800802E1800802EB1
:1077C0001800802E1800802E1800802E1800802EA1
:1077D0001800802E1800802E1800802E1800802E91
:1077E0001800802E1800802E1800802E1800802E81
:1077F0001800802E1800802E1800802E1800802E71
:107800001800802E1800802E1800802E1800802E60
:107810001800802E1800802E1800802E1800802E50
:107820001800802E1800802E1800802E1800802E40
:107830001800802E1800802E1800802E1800802E30
:107840001800802E1800802E1800802E1800802E20
:107850001800802E1800802E1800802E1800802E10
:107860001800802E1800802E1800802E1800802E00
:107870001800802E1800802E1800802E1800802EF0
:107880001800802E1800802E1800802E1800802EE0
:107890001800802E1800802E1800802E1800802ED0
:1078A0001800802E1800802E1800802E1800802EC0
:1078B0001800802E1800802E1800802E1800802EB0
:1078C0001800802E1800802E1800802E1800802EA0
:1078D0001800802E1800802E1800802E1800802E90
:1078E0001800802E1800802E1800802E1800802E80
:1078F0001800802E1800802E1800802E1800802E70
:107900001800802E1800802E1800802E1800802E5F
:107910001800802E1800802E1800802E1800802E4F
:107920001800802E1800802E1800802E1800802E3F
:107930001800802E1800802E1800802E1800802E2F
:107940001800802E1800802E1800802E1800802E1F
:107950001800802E1800802E1800802E1800802E0F
:107960001800802E1800802E1800802E1800802EFF
:107970001800802E1800802E1800802E1800802EEF
:107980001800802E1800802E1800802E1800802EDF
:107990001800802E1800802E1800802E1800802ECF
:1079A0001800802E1800802E1800802E1800802EBF
:1079B0001800802E1800802E1800802E1800802EAF
:1079C0001800802E1800802E1800802E1800802E9F
:1079D0001800802E1800802E1800802E1800802E8F
:1079E0001800802E1800802E1800802E1800802E7F
:1079F0001800802E1800802E1800802E1800802E6F
:107A00001800802E1800802E1800802E1800802E5E
:107A10001800802E1800802E1800802E1800802E4E
:107A20001800802E1800802E1800802E1800802E3E
:107A30001800802E1800802E1800802E1800802E2E
:107A40001800802E1800802E1800802E1800802E1E
:107A50001800802E1800802E1800802E1800802E0E
:107A60001800802E1800802E1800802E1800802EFE
:107A70001800802E1800802E1800802E1800802EEE
:107A80001800802E1800802E1800802E1800802EDE
:107A90001800802E1800802E1800802E1800802ECE
:107AA0001800802E1800802E1800802E1800802EBE
:107AB0001800802E1800802E1800802E1800802EAE
:107AC0001800802E1800802E1800802E1800802E9E
:107AD0001800802E1800802E1800802E1800802E8E
:107AE0001800802E1800802E1800802E1800802E7E
:107AF0001800802E1800802E1800802E1800802E6E
:107B00001800802E1800802E1800802E1800802E5D
:107B10001800802E1800802E1800802E1800802E4D
:107B20001800802E1800802E1800802E1800802E3D
:107B30001800802E1800802E1800802E1800802E2D
:107B40001800802E1800802E1800802E1800802E1D
:107B50001800802E1800802E1800802E1800802E0D
:107B60001800802E1800802E1800802E1800802EFD
:107B70001800802E1800802E1800802E1800802EED
:107B80001800802E1800802E1800802E1800802EDD
:107B90001800802E1800802E1800802E1800802ECD
:107BA0001800802E1800802E1800802E1800802EBD
:107BB0001800802E1800802E1800802E1800802EAD
:107BC0001800802E1800802E1800802E1800802E9D
:107BD0001800802E1800802E1800802E1800802E8D
:107BE0001800802E1800802E1800802E1800802E7D
:107BF0001800802E1800802E1800802E1800802E6D
:107C00001800802E1800802E1800802E1800802E5C
:107C10001800802E1800802E1800802E1800802E4C
:107C20001800802E1800802E1800802E1800802E3C
:107C30001800802E1800802E1800802E1800802E2C
:107C40001800802E1800802E1800802E1800802E1C
:107C50001800802E1800802E1800802E1800802E0C
:107C60001800802E1800802E1800802E1800802EFC
:107C70001800802E1800802E1800802E1800802EEC
:107C80001800802E1800802E1800802E1800802EDC
:107C90001800802E1800802E1800802E1800802ECC
:107CA0001800802E1800802E1800802E1800802EBC
:107CB0001800802E1800802E1800802E1800802EAC
:107CC0001800802E1800802E1800802E1800802E9C
:107CD0001800802E1800802E1800802E1800802E8C
:107CE0001800802E1800802E1800802E1800802E7C
:107CF0001800802E1800802E1800802E1800802E6C
:107D00001800802E1800802E1800802E1800802E5B
:107D10001800802E1800802E1800802E1800802E4B
:107D20001800802E1800802E1800802E1800802E3B
:107D30001800802E1800802E1800802E1800802E2B
:107D40001800802E1800802E1800802E1800802E1B
:107D50001800802E1800802E1800802E1800802E0B
:107D60001800802E1800802E1800802E1800802EFB
:107D70001800802E1800802E1800802E1800802EEB
:107D80001800802E1800802E1800802E1800802EDB
:107D90001800802E1800802E1800802E1800802ECB
:107DA0001800802E1800802E1800802E1800802EBB
:107DB0001800802E1800802E1800802E1800802EAB
:107DC0001800802E1800802E1800802E1800802E9B
:107DD0001800802E1800802E1800802E1800802E8B
:107DE0001800802E1800802E1800802E1800802E7B
:107DF0001800802E1800802E1800802E1800802E6B
:107E00001800802E1800802EFD00802EFF00C82E46
:107E1000002E802EFB00802EDDB0802EFE00802EF6
:107E2000FC00802E0DB15039212EB0F01030212EE3
:107E300016F0802E34B165504F5201423B804130E4
:107E400001423C80002E01400142212EFFAFB82E9E
:107E50001F7F802E1800802E1800802E1800802E84
:107E60001800802E1800802E1800802E1800802EFA
:107E70001800802E1800802E1800802E1800802EEA
:107E80001800802E1800802E1800802E1800802EDA
:107E90001800802E1800802E1800802E1800802ECA
:107EA0001800802E1800FD2D0000000000000000CA
:107EB00000000000000000000000000000000401BD
:107EC0000000000001000000000800F800000000B1
:107ED000000000000000000000000000000800F8A2
:107EE0000000000000000000000000000000010091
:107EF0000000000000000000000000000000000082
:107F00000000000000000000000000000000000071
:107F10000000000000000000000000000000000061
:107F20000000000000000000000000000000000051
:107F30000000000000000000000000000000000041
:107F40000000000000000000000000000000000031
:107F50000000000000000000000000000000000021
:107F60000000000000000000000000000000000011
:107F70000000000000000000012E55F0C02E212E50
:107F800055F03050003051560530052CFB7F3EBE79
:107F9000D2BAB2B96C0B530EF92F531A012F4D0EF2
:107FA000F52FD27F04301F2CE17FC501A303720E91
:107FB000032F721A0F2F790F0D2FE16F4F045FB946
:107FC000B1BFFA0BD26F9606B12551BFEB7F060009
:107FD000B2252703DB7FCFBF3EBF01B8D2BA41BA7B
:107FE000B2B9070A6E0BC090DF2F4091DD2FFB6FF7
:107FF000D05FB82E0031C02E212EBAF0C82EC82E68
:10800000C82EC82EC82EAA000500AA0005002D0102
:10801000D47B3B01DB7A04003F7BCD6CC304850934
:10802000C304ECE60C460100270019009600A000EE
:1080300001000C00F03C00010100030001000E00F3
:108040000000060006000000472888005400510088
:108050009700A00080000040FF7F0080AF00FF007D
:10806000FFB7000200B00580B1F05EF0C00059F02B
:1080700039F0570089F054000020820059005D005B
:108080008100FFFB52F056F03309330700089001DE
:1080900000F80001020160006A004C04A000E8033F
:1080A00081008200EB07AE07AA007500FF0FDB001E
:1080B000B601706926D39C07BC021F059D00A80568
:1080C000EE0601F0BC053708BB0637FAB200FF0325
:1080D000982E15B02026982EF700982EC4B0103098
:1080E000212E59F0982EB900982E7AB4982E89B482
:1080F000002E002ED02E982EA7B0012E580000B2D0
:108100001A2F0030212E58004750982E65B0032EAC
:108110001E0147500230982E28B5032E1F014750EC
:108120001230982E28B5012E03F00DBC0FB8009028
:10813000022F4F50212EBCF0012E570000B2252FE8
:108140000030212E57004950982E65B04950982E86
:10815000C1B14950982E34B649504B52982EA4B410
:1081600049504D52982EA4B4012E1E010FBC0FB8D9
:1081700000904F50082F032E1F019FBC9FB84090C6
:10818000022F212EBCF0022D212EBAF0982EB9001C
:10819000AF2D1050FB7F2125982EF401FB6F212578
:1081A000F05F1025802EBE009401DD03C0AD0B2FC3
:1081B000C0A8032FC090072F80A6052F40A9122F1B
:1081C0004091012F00AB0E2FC0AC00305552072F4D
:1081D000C0A9032FC091032F80A7012F40A1052F15
:1081E000C02E17250625C02EF03F5352B82E838689
:1081F00001300030944024180600530E4F02F92F2E
:10820000B82E802E180080A80325102F8090012FF3
:10821000410E0C2FF33F180505305D07150E032F97
:10822000551A022FCC0F002F58040125B82EB82E56
:10823000635041300240510A014218825750604257
:10824000703C595442426982823243401808020A03
:1082500040424280023F014010504A08FB7F1142D9
:108260000B310B423E8031320142002E012E40F094
:108270001390202F03305D505B541435063061524B
:1082800055321D1AE322181A5F58E3220430D540F4
:10829000B50DE1BE6FBB8091A90D0189B52310A179
:1082A000F72FDA0E1435EB2F012E2500701A00304F
:1082B0002130022C0822303000B2062F212E59F036
:1082C000982EB900002E002ED02EFB6FF05FB82E36
:1082D0007050032E2201F17F2A25B982E07FDB7FD7
:1082E00000304530323003300430F66FF209FC13B1
:1082F000C2ABB509C72380B3E66FB701002E8B412F
:108300004B42052FC57F05304640AE05C56F46423E
:10831000018023BDD3BE03894182DF0C03A2E42F79
:10832000E06F916F1142C3B2A16F1142002EB16F85
:108330000142062F0032032E59F0080A212E59F06F
:10834000062DF13D012E59F00108212E59F0DB6F69
:10835000905FB82E6950052E00F04F56D30F0140A4
:10836000F433CC080D2FF4309408B98802A3042FFD
:1083700067584C0A87A2052CCB224F544A0AF23B7D
:10838000CA083C80272E59F001400142B82E012E28
:10839000B1F06752010A212EB1F0012E1E010FBC6F
:1083A0000FB800904F50082F032E1F019FBC9FB89D
:1083B0004090022FC02E212EBCF0C02E212EBAF0EC
:1083C0007050F77F002E0F2EB8F0F8BFFFBBC0B380
:1083D000232FB27F947FC67FE57FD37FA17F353087
:1083E000052E01F02EBD2EBB6B586E0547566D5401
:1083F000113027410641F8BFBE0BB511D6420389A3
:108400005A0EF62F232E58004F52232EB8F0B26F7B
:10841000E56FD36FA16F946FC66FF76F905FC82E33
:108420006050C37FD47FE77FF67FB27FA57F363071
:10843000072E01F0BEBDBEBB6F587705495671547B
:1084400027410641F8BFBE0BB511D64203895A0E2B
:10845000F62F1230252E57000231252EB8F0D46F9A
:10846000C36FE76FB26FA56FF66FA05FC82E1A24B7
:108470002600802E65017050428ED47FF67F4725FE
:108480001A187352F1006425013039029441814178
:10849000E27FBEBBBD8D02BDB57F8EB5BA0AC67F79
:1084A000AB7F5125982ED101D56FE26F2A187354F6
:1084B000B2010230C46F7A0312417425D07F52BCDE
:1084C000D3416EBADEB6200BC77F917F982ED101C3
:1084D000F26FD56FCA165518DD18956FEA18735AE2
:1084E000312575010130202539025EBA82BC8EB675
:1084F000210B982ED101E26FB56F2A18E07FF17F32
:1085000004307354F2007C02856FD06F0D17681829
:10851000E018906FC46FC518EB6FB2011B430230B7
:108520007A03FB6F3D8F0B433EBA12BD52BC6EBB4C
:10853000A20A9EB5DEB6300BF77F982ED101F56FFB
:108540003125D16F926FAB6F50434343905F5356C9
:10855000802E00B0105003401918555619053625C5
:10856000F77F4A175418EC18091701300C07E21866
:10857000DE00F26F97025158DC009102BFB821BDB6
:108580008A0AC02E0242F05F092E1D01052E1D0130
:10859000A3BC44BE90504FB9072E1D014A259FB879
:1085A000398FB2BDF27FBFB9EB7F8A0A37890B30B2
:1085B000930A8B7FCB430B4380B2D37FC17F902E36
:1085C0006CB22025012E5F0001900E2F7552012EF6
:1085D0005C00B47FA27F982E72B20030212E5F0023
:1085E000C16FD36FA26FB46F0B30012E1D0106BC9B
:1085F00006BB5725012E1D0194B105BCB67F0FBBEC
:10860000795080B30F2F0D2E1D017D5EB7092D2EE1
:108610001D017F5C775E9B439B43DB439B431B4277
:10862000CB430B428B4340B2052F7750002E1640B0
:108630000B40767F8B7FCB0A012E5C0075527B5CF2
:10864000982EBEB2906F00B20B2FF06F00B2082FC1
:108650007758795012411242213004410442232EAE
:108660005EF0C06F00B2262F746F806F7F5488BD9C
:10867000C8B84B0A94429142904288BA7752F36F3D
:1086800054428542C0904042152F7952002E5240EC
:108690004140A204410640AA042F40900B2FB16F25
:1086A0004A0F082FB26F80B2052F795421309442BF
:1086B0008042232E5EF0D06F00B2132F012E5B009C
:1086C000092E8100041A0D2F8150292E5B002442AF
:1086D0004430024002420980002E0442032D103033
:1086E000212E5F00EB6F705FB82E09865154E44075
:1086F000C3809404C3401305054025058A177330D1
:1087000073098C17F308E3004C821501B3B553428B
:108710008B1643B652424C17544255425342524272
:10872000544245426D828354524210508554524205
:10873000FB7F22308756434244820B3052425B42D9
:108740007C844B42358290808B420B4235800430D2
:108750000B42378015306025982EB1B28B83FB6FAA
:108760006542C02E4442F05F0580023051820242D1
:10877000133041404B0889543E805114C02E0142B1
:10878000002E4051D17F12250230424332308243C5
:10879000C67FE57FB47FA37F907F8B7F982EC60135
:1087A000C07E00AC012F5350C07E002E906F098A0E
:1087B000D16F757F4C826341657F117F002E6441CC
:1087C0004485527F457F002EA6408040327F828EB6
:1087D000C26E4541F07F277F027F982E38B1236F0C
:1087E000D16FC240F986237F80B2E07E0F2F326FB7
:1087F000646F8240F27F5082426F506F736F85408A
:10880000C34004410640E26E982E38B1E07EF33159
:10881000106F3680E16E0240717F5104023040A833
:1088200091044A22891693084A0095B409188E16B5
:1088300013309308216F607F4D860280B200414063
:1088400021B5507F437F982EA7B1406F626F556F5F
:10885000134084400140454142BE1D184C04310F75
:10886000048AC06F1130022F002E032C01422330E6
:108870000342002ED66F44418A87768B00B3537F24
:10888000152F046F8B5E8B8DE701C0A58441012FEE
:1088900000A1032FC0AD082F00A5062FC640818D73
:1088A00007303C05D642042CC442022C0730073066
:1088B0008686946FD77E0E8D00407489C74002B2C1
:1088C000F92945418641BE80214175238240C74236
:1088D000457F347F207F982EA7B1316F606F246F62
:1088E00022400541434013014386AC0FD16F307FD6
:1088F000002F4442488A4188E140137F047FF57E7F
:10890000982EA7B1116F606F346F424003409A04F4
:1089100004414382A20E036F002FC242002E414049
:10892000726F982EA7B1256F726F5341930ED16F5E
:1089300046801B3003300C2F044000914242082F28
:10894000F66E446F8641B40E032F0288DB7E03432C
:108950000B42468D44414780056F940F767F607FC0
:10896000022F4589424303434988A56F4091A47F64
:108970001530E26FD36E032F04308342802E62B431
:1089800004402529044283424582946F0485C0B285
:10899000902E4EB415873C8CC440467FC28607405B
:1089A0008641F4BF00B30C2F906F1680462500401F
:1089B00057250418AE0E1030063075254623606F1B
:1089C0006425C440FA8600B3337F092F936FD8889B
:1089D000536F0441C340DC0E13300430DC22B32556
:1089E00040B3022F3B25C090052F916FD06F982E7A
:1089F000B1B24D2C04308D8843408240547FDA0F51
:108A00000430082FC1804042C20F022F0030C07EC8
:108A10001B2DC07E192DE1BC926F4F04908440A89D
:108A2000210583404C224B0EB6842130022F113099
:108A3000042CC17EE36FC17EC142002E0040814004
:108A400004BD406F982EA7B1506F113002405108FD
:108A5000C36E038099150B40B16FD06FB67F5B7FFB
:108A6000043059540330112C1480556F06407501A1
:108A700058BB6A090542C18647405125BE0156438D
:108A8000002E4641F403B66F47435E0EED2F316F63
:108A9000606F424015300282950804425242022C17
:108AA000444204303E8E916F4F8C02408341B58D1D
:108AB000930ED06F012F982EB1B2002EC04181418C
:108AC000C10FC06F012F0442002E706F3C82004026
:108AD0004140891695084A0004BC91B4010EE06F2C
:108AE000072FA16F002E414040B2022FA16F054217
:108AF0004442002E8B6FC05EB82E10508D524B50EA
:108B0000FB7F982E98B44B52458210305042603013
:108B1000FB6FC02E4042F05F10508F524D50FB7FD4
:108B2000982E98B44D524582003050427030FB6F01
:108B3000C02E4042F05F1230124202301242124206
:108B4000124202420380418411420242B82E4886FA
:108B50009050C4404284F27F5A250241A2BF7785DB
:108B60000641FFBB874261BF07416FBB867F7FBB6A
:108B7000967FFE8686408091C340D37FE07F13308E
:108B8000052F866F8091022F966F80B3602F61252D
:108B90005740C191C17F0F2F01308143002EF26FEA
:108BA00013409342002E13409342002E0040804217
:108BB000BD80C02E0142705F87837A8D45407B82E5
:108BC00045410441D5BF43BEC3BAA57F75BAB67F40
:108BD00005309740C0B3092F06404740B70507301E
:108BE00080A9FE05B723740F5D23B66F4182018013
:108BF000560EEE2F4040281AC46FE06FF26F022F1E
:108C00000330192C034305416B29A66F05436E0EF3
:108C1000112FD46F00B3032F3F89DC14272E5EF091
:108C2000402532251541D542002E1541D542002E52
:108C30000441C442002E002E41404090092F1140B3
:108C40009142002E11409142002E0040022C8042A1
:108C50004342705FB82EB0503A25F5869158C44211
:108C6000153093584D098190647FF27FEB7F022F7E
:108C700040B3902E05B6150B00B3902E05B69A00A2
:108C8000E330CB0881404484B1BA4686498E975C74
:108C9000C27F02840725D37F2B2EA9008440E341A5
:108CA000E304C441C3432E18955A8B400B42B500D0
:108CB000995AB27F3A8095000540418B0542038A5C
:108CC000A27F438440417B8B857F00B2DC05917F8E
:108CD000042FC36F002EC4400189C44247866641F9
:108CE000757F458842823E0F4541342F46403E0EF7
:108CF000262F8540C133A90E0130022FC340C0B2D8
:108D00001B2F8234AA0E312F01417F8243A20230F1
:108D1000022F002E0C2C013000B2D06F1130012F29
:108D20000242022D01420130C06F002E02423E81FC
:108D3000048602420243C242192DC0338042162DDE
:108D4000A06F2804381E40421130906F2230982EB8
:108D500008B60C2C0130A16FA900906F0182BA1CDB
:108D6000424221301230982E08B60130726FD4B1D1
:108D7000F5BD6BBA9F5A80400518F5BEE30AEBBB00
:108D80003D0B806FE30004406305A1582C18F5BE2D
:108D90008342EBBBFD0BB26F5A01DF017D1F154211
:108DA0009A0405405D052C1875BEEBBA2C0BDC044B
:108DB0009A1C02420480002E004000B2102FC26FA5
:108DC000C0338240900E0B2FD16F7E8803813C848C
:108DD0000B3082864B420B420B438B42CB422130FD
:108DE00042B202309D50022241B29B520822F16FE2
:108DF00040901130062F2230020800B2082F232E97
:108E00005EF0062D010800B2022F0031212E5EF027
:108E1000EB6F505FB82E0786FC88C6400541311ABB
:108E2000122F8091222FC133290F0A2F0680002E86
:108E3000004000B2012F44A9032F0030C04200437C
:108E4000B82EC2420143B82EC133A90E0E2F433CA7
:108E5000EB00CCA80A2F0586C280C34002423C84A6
:108E6000C18081428284C02E8042002EB82E052E01
:108E70002001113020509108F07F80B2EB7F132F3A
:108E8000012E740001900230A350032F252E740090
:108E9000982EADB7F26FA352982E57B600B2062F98
:108EA0008030212E5EF0032D1030212E7400EB6FE8
:108EB000E05FB82E3051428AE17F8388DB7FC57F37
:108EC0001A25052593400640B3011642CB160640ED
:108ED000F3021342540EF52F04401230A22802422E
:108EE00088A00030902EA9B76D847388927F707F20
:108EF000847FA27F7086B57F637F7530A552A754AB
:108F0000BD50AF58B76FF47F517F002ED641D4418A
:108F1000B77FCC177D097501063026034DBED3BA45
:108F20006C0B280E05222A0F9022D242437F327FFB
:108F3000002EA95AAB58AD5CA956982E38B1916F46
:108F4000326F5042917FB3301025982EDBB7716F8E
:108F50008828436F806F727F580E516F4482A754E8
:108F6000BD507530AF58CD2FB16F4684E16F4E8044
:108F70008140B27F907F1230982ECCB7B16F7C8A3F
:108F8000A26FB57F4042982EF40195BC0BB9510AEF
:108F9000626FA17F982EF40195BC0BB9110AA16FE5
:108FA000491748188816E818D11827251625807FF4
:108FB000982EBE00B56FE16F43414B844C8CB07F5F
:108FC000627F4A887E8BC090567F132F457F347F07
:108FD000B330B152B26F982EDBB7716F880E346F19
:108FE000456FE16F062F34251B30106F226FDB4277
:108FF000D042C2420230006F00A89005136F862352
:10900000C0A8D305DF23B705B35E370F4D8C0730FB
:10901000192F447F002E246FB35EA70E446F0730D4
:10902000112FC75EDF00C15E5F0E022F002E0B2CDA
:109030000730C9560300C356430E022F002E032CDF
:109040000730824317304186C0910E2FC0400190F7
:10905000092F804114300428804306A0032FC880C4
:10906000BB58C2420442662C0030906F002E004074
:1090700000A800305E2F004100B200305A2F498214
:10908000B26F437FB57F947FB3304140982EDBB7FA
:10909000716F880FB56FE16F023000304A2F806F1B
:1090A000C5580400BF58440E022F002E432C003038
:1090B000A06FB558840E00303C2FB754216FB57F98
:1090C000982ECCB71025B3302125982EDBB7026F30
:1090D000A07FB3301225982EDBB7126F807FB3309C
:1090E0001225982EDBB7816F88288752982ECCB72F
:1090F000A16F880FB56FE16F023000301A2F446FF7
:10910000002E004100B20F2F646F106F0441840ED7
:1091100000300F2F546F206F0441840F0030092F4F
:10912000946F1030072C02430887B950D04210309A
:109130000043C2420B304B437A8BC46F06895243C3
:1091400052436C0EFB2F7885002E8240021A022FAC
:10915000002E022C40420030002EDB6FD05EB82E75
:109160000882023012420886C288875A1243054399
:10917000028B7C8D42431430BE8B044245814243B6
:1091800002423580B95EA55AC74284435243124217
:109190005243124252435243410EF72FB82E0A0C4B
:1091A000555603090A0400B3072F880C930880B2B0
:1091B000032F5350C02E40AC0322B82EFF8810302E
:1091C0004A0D0A1804154C165FB97908535A9500D0
:1091D00034094090022F0091002F0030D800C0B217
:1091E0000B2FD0A0032FF086BB11072CCE17013117
:1091F0004B0479143312FB11810BCE16C02E7B1A4F
:109200001622802E1800802E1800802E1800802E26
:109210001800802E1800802E1800802E1800802E36
:109220001800802E1800802E1800802E1800802E26
:109230001800802E1800802E1800802E1800802E16
:109240001800802E1800802E1800802E1800802E06
:109250001800802E1800802E1800802E1800802EF6
:109260001800802E1800802E1800802E1800802EE6
:109270001800802E1800802E1800802E1800802ED6
:109280001800802E1800802E1800802E1800802EC6
:109290001800802E1800802E1800802E1800802EB6
:1092A0001800802E1800802E1800802E1800802EA6
:1092B0001800802E1800802E1800802E1800802E96
:1092C0001800802E1800802E1800802E1800802E86
:1092D0001800802E1800802E1800802E1800802E76
:1092E0001800802E1800802E1800802E1800802E66
:1092F0001800802E1800802E1800802E1800802E56
:109300001800802E1800802E1800802E1800802E45
:109310001800802E1800802E1800802E1800802E35
:109320001800802E1800802E1800802E1800802E25
:109330001800802E1800802E1800802E1800802E15
:109340001800802E1800802E1800802E1800802E05
:109350001800802E1800802E1800802E1800802EF5
:109360001800802E1800802E1800802E1800802EE5
:109370001800802E1800802E1800802E1800802ED5
:109380001800802E1800802E1800802E1800802EC5
:109390001800802E1800802E1800802E1800802EB5
:1093A0001800802E1800802E1800802E1800802EA5
:1093B0001800802E1800802E1800802E1800802E95
:1093C0001800802E1800802E1800802E1800802E85
:1093D0001800802E1800802E1800802E1800802E75
:1093E0001800802E1800802E1800802E1800802E65
:1093F0001800802E1800802E1800802E1800802E55
:109400001800802E1800802E1800802E1800802E44
:109410001800802E1800802E1800802E1800802E34
:109420001800802E1800802E1800802E1800802E24
:109430001800802E1800802E1800802E1800802E14
:109440001800802E1800802E1800802E1800802E04
:109450001800802E1800802E1800802E1800802EF4
:109460001800802E1800802E1800802E1800802EE4
:109470001800802E1800802E1800802E1800802ED4
:109480001800802E1800802E1800802E1800802EC4
:109490001800802E1800802E1800802E1800802EB4
:1094A0001800802E1800802E1800802E1800802EA4
:1094B0001800802E1800802E1800802E1800802E94
:1094C0001800802E1800802E1800802E1800802E84
:1094D0001800802E1800802E1800802E1800802E74
:1094E0001800802E1800802E1800802E1800802E64
:1094F0001800802E1800802E1800802E1800802E54
:109500001800802E1800802E1800802E1800802E43
:109510001800802E1800802E1800802E1800802E33
:109520001800802E1800802E1800802E1800802E23
:109530001800802E1800802E1800802E1800802E13
:109540001800802E1800802E1800802E1800802E03
:109550001800802E1800802E1800802E1800802EF3
:109560001800802E1800802E1800802E1800802EE3
:109570001800802E1800802E1800802E1800802ED3
:109580001800802E1800802E1800802E1800802EC3
:109590001800802E1800802E1800802E1800802EB3
:1095A0001800802E1800802E1800802E1800802EA3
:1095B0001800802E1800802E1800802E1800802E93
:1095C0001800802E1800802E1800802E1800802E83
:1095D0001800802E1800802E1800802E1800802E73
:1095E0001800802E1800802E1800802E1800802E63
:1095F0001800802E1800802E1800802E1800802E53
:109600001800802E1800010006000000020005006E
:1096100001080000AC0D0000200E03008B0E1600A8
:10962000C00E30008B0F4F00541064000101018008
:10963000D042193A3B43238EFE48FC7801000600D5
:1096400080D042193A3B43238EFE48FC7800000646
:10965000000010000D188023D1BCEA5F782315DECE
:10966000EF12123015000000EA5B0200FE5B020000
:10967000F35B0200FA5B0200D55B0200005C0200B3
:109680001000282A1000272A1000262A1000252A58
:109690001000242A1000292A10000A1800000000D7
:1096A00000000000953D000010002B2A1000051856
:1096B00000000000000000007D3F00001000442A70
:1096C0001000452A1000462A1000482A1000472A98
:1096D000100011188023D1BCEA5F782315DEEF1249
:1096E00012341500008023D1BCEA5F782315DEEF29
:1096F0001212311500008023D1BCEA5F782315DEF9
:10970000EF1212321500000077C295F360D2EF7F9E
:109710003552500F2CB6798010000F2A10002B2ADA
:109720001000051880D042193A3B43238EFE48FCB6
:109730007801000200001000462A1000111880D0A5
:1097400042193A3B43238EFE48FC780C000000800F
:10975000D042193A3B43238EFE48FC780B000000B0
:1097600080D042193A3B43238EFE48FC780A000021
:109770000080D042193A3B43238EFE48FC78090012
:10978000000080D042193A3B43238EFE48FC780803
:1097900000000080D042193A3B43238EFE48FC78FB
:1097A0000700000080D042193A3B43238EFE48FC5C
:1097B000780600000080D042193A3B43238EFE48D1
:1097C000FC780500000080D042193A3B43238EFE0E
:1097D00048FC780400000080D042193A3B43238EB5
:1097E000FE48FC780300000080D042193A3B432336
:1097F0008EFE48FC780200000080D042193A3B43BC
:10980000238EFE48FC780100000080D042193A3BCC
:1098100043238EFE48FC780000000080D042193AB5
:109820003B43238EFE48FC780000050080D042199F
:109830003A3B43238EFE48FC7801000500001000EF
:10984000192A10000F1880726566736E6172546574
:109850006C69460002AFAD80726566736E617254CA
:10986000656C69460001AFAD1000BBFE4D5C0200A7
:109870005A5C0200675C02001000062A1000021801
:1098800080D042193A3B43238EFE48FC7804000105
:109890000080D042193A3B43238EFE48FC780300F7
:1098A000010080D042193A3B43238EFE48FC7802E7
:1098B00000010080D042193A3B43238EFE48FC78D9
:1098C0000100010080D042193A3B43238EFE48FC40
:1098D0007800000100001000372A80D042193A3B7E
:1098E00043238EFE48FC780200030080D042193AE0
:1098F0003B43238EFE48FC780100030080D04219D0
:109900003A3B43238EFE48FC780000030000000031
:109910000900000010270000983A00000000000035
:1099200000000B0B0300010001000000000000001C
:10993000000000009600000003000000000000008E
:109940000107000000000000000000000370050097
:1099500000000000D7D4223B536D223C4CF9B53CAB
:1099600013D1203DF766793D76EEB13D0C92EF3D87
:10997000B4801A3EF2C5403E60376A3EC7358B3E22
:109980000379A23E33AABA3ECB8BD33E7DDEEC3EBA
:10999000EE30033F7FEA0F3F917B1C3F2CC4283FF2
:1099A0000EA5343F0000403F1DB84A3F1FB2543F50
:1099B000A5D45D3F7008663FA3386D3FF352733FF7
:1099C000D947783FB90A7C3F02927E3F44D77F3F18
:1099D000050402030100000000000706000000006B
:1099E000A58900008F8700006D880000598800005D
:1099F00045880000318800000000000000000000E1
:109A0000000000000F8900001D870000098700008A
:109A1000C9860000278A00002B8A00002F8A0000D8
:109A2000378A00001F8A0000238A0000000000001F
:109A3000000000000000000000000000338A000069
:109A40003E000000A986000013000000B38800005B
:109A5000050000008188000008000000F586000075
:109A600030000000E186000010000000CD860000FC
:109A700000000000C58C000000000000CF8B00003B
:109A800000000000CF8B0000CF8B0000CF8B0000C8
:109A900000000000CF8B000000000000CF8B000012
:109AA00000000000CF8B000000000000CF8B000002
:109AB00000000000CF8B00001D8D0000D98C00003D
:109AC000CF8B0000CF8B0000CF8B0000CF8B00002E
:109AD000CF8B0000CF8B0000CF8B00000101010A6B
:109AE00002000000E9A30000B5940000A994000062
:109AF00085940000E39500000D940000FF930000A2
:109B0000519600003593000019AE0000A9AF000087
:109B10000000000079990000E79D0000A99E000068
:109B2000B9A400009D950000459B0000C19B00006A
:109B30003B9C0000B19C00002F9D0000C7A60000C8
:109B4000BDAE00006DB000002D92000000000300CB
:109B500003000403000402020200020000000000EF
:109B600002040300040000020002000402000403D7
:109B700003020003000000000003040200041000C0
:109B8000032800000C000000ADDE00000D00000006
:109B9000C1DD00000C0000001DDE00000D00000013
:109BA00045DD000007000000B1D4000009000000FE
:109BB000F3D600000300000027DB000003000000D4
:109BC000B5D800000400000035D8000005000000F2
:109BD000C1D700000800000087DB00000300000080
:109BE00037DA000004000000CDD9000005000000B5
:109BF000A9DA0000080000005DD9000083DF000042
:109C00007FD30000BFD30000FFD3000041D4000089
:109C10005BD400008DD40000A7D40000D5D4000090
:109C2000DFD400004FDF00000FDF0000C7DE0000C0
:109C3000CDDD000089D5000000000000B1DF00008C
:109C40001BD9000091D8000011D800009DD700005A
:109C50004BD700000000000000000000CFD600003D
:109C60000000000000000000FBDD000001DD00003E
:109C7000000000007DDF000089D30000C9D3000090
:109C800009D400004BD400005FD4000097D400003A
:109C9000ABD40000D9D40000E3D4000049DF0000B9
:109CA0000BDF000083DE000023DD00009FD90000F1
:109CB00010000328100002281000002800000000F7
:109CC0000000EF8DE2164FEC430DBF5BDD34C05357
:109CD0001EB80100030200000000000001000000A7
:109CE000610C01000200000087EF0000030000008B
:109CF000870C01000400000065F000000500000072
:109D0000190D01000600000075F1000007000000B9
:109D1000F70D01000800000045F3000009000000F5
:109D20007F0E01000A000000C1F400000B000000DB
:109D30001B0F01000C0000003DF500000D000000AD
:109D4000570F01000E000000B7F500000F000000E3
:109D5000650F0100100000005DF60000110000001A
:109D6000B50F01001200000041F8000013000000D0
:109D7000711001001600000029F900001700000012
:109D8000D31001001800000089FA0000190000003B
:109D9000371101001B000000C1FB00001D00000086
:109DA000FDFB00001E000000BF110100520000007A
:109DB000D5F80000CE0150002C00D0020B07011690
:109DC0000C00000108080000050108171702000038
:109DD00008080202040201002201012A080F030000
:109DE000F401FA00960064004B0032001E001400DB
:109DF00020000000004000000000000000002822B9
:109E0000000000000000000000F7FFFF0F0000004E
:109E10000030F80F00008007000000000000000084
:109E20000000000000000000000000000000000032
:109E300000000000A03400201606021B11060211CB
:109E400003040309050403050406080A0C0E101296
:109E50001416181C1E20222426282A2C2E303234B8
:109E600036383A3C3E40424446484A4C4E021A502C
:109E700001000000D0000020000000008000002051
:109E800000000000000000000000000000000000D2
:109E9000010000002801002000000000F400002064
:109EA00000000000000000000000000000000000B2
:109EB0006C888391AAF5A53860370BDB5A6083BEA6
:109EC0003F49F6D4A3C55F3874C9B3E3D2103F50FD
:109ED0004AFF607BEB40B7995899B8A6CD3C1ABDB4
:109EE00008200001FFFFFFFFFFFFFFFFFFFFFFFF55
:109EF0000000000000000000000000000100000061
:109F0000FFFFFFFF512563FCC2CAB9F3849E17A768
:109F1000ADFAE6BCFFFFFFFFFFFFFFFF0000000000
:109F2000FFFFFFFF96C298D84539A1F4A033EB2D6F
:109F3000817D0377F240A463E5E6BCF847422CE15B
:109F4000F2D1176BF551BF376840B6CBCE5E316B9F
:109F50005733CE2B169E0F7C4AEBE78E9B7F1AFE63
:109F6000E242E34F4B60D2273E3CCE3BF6B053CCAF
:109F7000B0061D65BC86987655BDEBB3E7933AAA4B
:109F8000D835C65A59BE0100ABBF010025BB010040
:109F90000062746C6500000000000000000000001A
:109FA00000000000000000000000000000000000B1
:109FB00000000000000000000000000000000000A1
:109FC0000000000100637C777BF26B6FC530016796
:109FD0002BFED7AB76CA82C97DFA5947F0ADD4A221
:109FE000AF9CA472C0B7FD9326363FF7CC34A5E5ED
:109FF000F171D8311504C723C31896059A0712804A
:10A00000E2EB27B27509832C1A1B6E5AA0523BD67D
:10A01000B329E32F8453D100ED20FCB15B6ACBBEA2
:10A02000394A4C58CFD0EFAAFB434D338545F9024E
:10A030007F503C9FA851A3408F929D38F5BCB6DA63
:10A040002110FFF3D2CD0C13EC5F974417C4A77E09
:10A050003D645D197360814FDC222A908846EEB81A
:10A0600014DE5E0BDBE0323A0A4906245CC2D3AC54
:10A07000629195E479E7C8376D8DD54EA96C56F499
:10A08000EA657AAE08BA78252E1CA6B4C6E8DD7457
:10A090001F4BBD8B8A703EB5664803F60E6135577F
:10A0A000B986C11D9EE1F8981169D98E949B1E87CF
:10A0B000E9CE5528DF8CA1890DBFE6426841992D74
:10A0C0000FB054BB160000000000000000000001AB
:10A0D0000000000200000004000000080000001062
:10A0E0000000002000000040000000800000001B75
:10A0F0000000003608200001FFFFFFFFFFFFFFFF09
:10A10000FFFFFFFF00000000000000000000000053
:10A1100001000000FFFFFFFF512563FCC2CAB9F335
:10A12000849E17A7ADFAE6BCFFFFFFFFFFFFFFFF0E
:10A1300000000000FFFFFFFF96C298D84539A1F448
:10A14000A033EB2D817D0377F240A463E5E6BCF8F4
:10A1500047422CE1F2D1176BF551BF376840B6CBBF
:10A16000CE5E316B5733CE2B169E0F7C4AEBE78EBB
:10A170009B7F1AFEE242E34F4B60D2273E3CCE3B30
:10A18000F6B053CCB0061D65BC86987655BDEBB3D2
:10A19000E7933AAAD835C65A59BE0100ABBF0100B1
:10A1A00025BB0100000000000000000000000000CE
:10A1B000FFFFFFFFFFFFFFFF000000006410B71D5F
:10A1C000C8206E3BAC30D9269041DC76F4516B6BE5
:10A1D0005861B24D3C7105502083B8ED44930FF0A7
:10A1E000E8A3D6D68CB361CBB0C2649BD4D2D3865D
:10A1F00078E20AA01CF2BDBD000FC93F000F494024
:10A2000000CB9640000FC9400053FB4000CB1641E5
:10A2100000ED2F41000F49410031624100537B4165
:10A22000003A8A4100CB9641005CA34100EDAF416A
:10A23000007EBC41000FC94100A0D5410031E24180
:10A2400000C2EE410053FB4100F20342003A0A42D1
:10A250000083104200CB164200141D42005C2342D2
:10A2600000A5294200ED2F4200363642007E3C42D6
:10A2700000C74242000F4942A2000000F90000005E
:10A28000830000006E0000004E000000440000004B
:10A290001500000029000000FC000000270000005D
:10A2A00057000000D1000000F5000000340000005D
:10A2B000DD000000C0000000DB00000062000000C4
:10A2C00095000000990000003C00000043000000E1
:10A2D0009000000041000000FE000000510000005E
:10A2E00063000000AB000000DE000000BB000000C7
:10A2F000C500000061000000B7000000240000005D
:10A300006E0000003A000000420000004D00000016
:10A31000D2000000E000000006000000490000003C
:10A320002E000000EA00000009000000D10000003B
:10A33000920000001C000000FE0000001D00000054
:10A34000EB0000001C000000B1000000290000002C
:10A35000A70000003E000000E800000082000000AE
:10A3600035000000F50000002E000000BB000000DA
:10A370004400000084000000E90000009C00000090
:10A380007000000026000000B40000005F00000024
:10A390007E00000041000000390000009100000034
:10A3A000D6000000390000008300000053000000C8
:10A3B00039000000F40000009C0000008400000050
:10A3C0005F0000008B000000BD000000F9000000ED
:10A3D000280000003B0000001F000000F800000003
:10A3E00097000000FF000000DE00000005000000F4
:10A3F000980000000F000000EF0000002F00000098
:10A40000110000008B0000005A0000000A0000004C
:10A410006D0000001F0000006D000000360000000D
:10A420007E000000CF00000027000000CB000000ED
:10A4300009000000B70000004F00000046000000C7
:10A440003F000000660000009E0000005F0000006A
:10A45000EA0000002D000000750000002700000049
:10A46000BA000000C7000000EB000000E50000009B
:10A47000F10000007B0000003D000000070000002C
:10A4800039000000F70000008A00000052000000C0
:10A4900092000000EA0000006B000000FB000000DA
:10A4A0005F000000B10000001F0000008D000000F0
:10A4B0005D000000080000005600000003000000DE
:10A4C0003000000046000000FC0000007B0000009F
:10A4D0006B000000AB000000F0000000CF000000A7
:10A4E000BC000000200000009A000000F400000002
:10A4F000360000001D000000A9000000E30000007D
:10A5000091000000610000005E000000E600000015
:10A510001B0000000800000065000000990000001A
:10A52000850000005F00000014000000A000000093
:10A5300068000000400000008D000000FF000000E7
:10A54000D8000000800000004D00000073000000F3
:10A550002700000031000000060000000600000097
:10A560001500000056000000CA0000007300000043
:10A57000A8000000C900000060000000E200000028
:10A580007B000000C00000008C0000006B00000099
:10A590000000C93F0000F0390000DA370000A233A4
:10A5A0000000842E0000502B0000C2270000D022A3
:10A5B0000000C41F0000C61B000044170400000078
:10A5C0000700000009000000000000001F0000005C
:10A5D0003B0000005A0000007800000097000000D7
:10A5E000B5000000D4000000F300000011010000DD
:10A5F000300100004E0100001F0000001C000000A0
:10A600001F0000001E0000001F0000001E000000D0
:10A610001F0000001F0000001E0000001F000000BF
:10A620001E0000001F0000001F0000001C000000B2
:10A630001F0000001E0000001F0000001E000000A0
:10A640001F0000001F0000001E0000001F0000008F
:10A650001E0000001F0000001F0000001D00000081
:10A660001F0000001E0000001F0000001E00000070
:10A670001F0000001F0000001E0000001F0000005F
:10A680001E0000001F0000000020202020202020AD
:10A690002020282828282820202020202020202092
:10A6A00020202020202020202088101010101010A2
:10A6B00010101010101010101004040404040404EE
:10A6C0000404041010101010101041414141414188
:10A6D000010101010101010101010101010101016A
:10A6E000010101011010101010104242424242427A
:10A6F000020202020202020202020202020202023A
:10A7000002020202101010102000000000000000E1
:10A710000000000000000000000000000000000039
:10A720000000000000000000000000000000000029
:10A730000000000000000000000000000000000019
:10A740000000000000000000000000000000000009
:10A7500000000000000000000000000000000000F9
:10A7600000000000000000000000000000000000E9
:10A7700000000000000000000000000000000000D9
:10A780000000000000000000000000002E60020039
:10A790003160020034600200100000000000000080
:10A7A000017A5200027C0E011B0C0D0038000000E3
:10A7B000180000001C94FFFF9E00000000510E10C6
:10A7C00084048503860287015BC7C6C5C40E004C9E
:10A7D0000A420B0A420B0E1084048503860287018D
:10A7E00051C7C6C5C40E00001000000000000000E4
:10A7F000017A5200027C0E011B0C0D0010000000BB
:10A8000018000000A894FFFF1000000000000000E6
:04A810000000000044
:08A81400785AFD7F01000000ED
:10A81C0000000000302E302E300000000000000040
:10A82C0004000000FF0000000000000064000000B5
:10A83C001000022910000328100002281000012823
:10A84C00100000280000000000000000000E0703AC
:10A85C0000000000000000000000000000000000EC
:10A86C00000000000000000000000000FB349B5FB3
:10A87C0080000080001000000000000001000000BB
:10A88C000000000070000020000000007800002094
:10A89C00CC00002025AE01000000000000000000EC
:10A8AC000200000000000000C800002025AE0100DE
:10A8BC00000000000000000002000000000000008A
:10A8CC00000000000000000000000000000000007C
:10A8DC0000000000000000001000012A1000002AF7
:10A8EC00100000186E696D626C65000000000000BD
:10A8FC00000000000000000000000000000000004C
:10A90C000000000024010020E1AE01000000000066
:10A91C000000000020000000524700200000000052
:10A92C00000000000000000000000000000000001B
:10A93C00000000001000052A100001180090D00340
:10A94C00000000000300000030490020FF5E020000
:10A95C00FF5E02004801002000000000304900208A
:10A96C0098490020004A0020000000000000000070
:10A97C0000000000000000000000000000000000CB
:10A98C0000000000000000000000000000000000BB
:10A99C0000000000000000000000000000000000AB
:10A9AC00000000000000000001000000000000009A
:10A9BC004A00000000000000000000000000000041
:10A9CC00000000000000000000000000000000007B
:10A9DC0000000000000000004A0000000000000021
:10A9EC00000000000000000000000000000000005B
:10A9FC00000000000000000000000000000000004B
:10AA0C00984A002069020000150B0000410200006A
:040000031000C7E939
:00000001FF
