:020000040000FA
:108000003DB8F39600000000200000001CAA02000A
:10801000000000000100000000000000000000005F
:1080200000000120094802003148020033480200E4
:1080300035480200374802003948020000000000BD
:1080400000000000000000000000000089E50000C2
:108050003D48020000000000A9E500004148020080
:108060005D4A02003589000043480200D5880000BF
:108070004348020043480200F54D0200854F0200CC
:108080004348020043480200434802004D89000073
:10809000434802004189000043480200434802006F
:1080A0005989000009E600004348020043480200E5
:1080B000434802004348020043480200434802008C
:1080C000434802004348020043480200434802007C
:1080D0004348020043480200000000000000000086
:1080E000434802004348020043480200434802005C
:1080F00043480200434802004348020000000000D9
:10810000000000000000000000000000000000006F
:10811000000000000000000000000000000000005F
:10812000000000000000000000000000000000004F
:10813000000000000000000000000000000000003F
:10814000000000000000000000000000000000002F
:10815000000000000000000000000000000000001F
:10816000000000000000000000000000000000000F
:1081700000000000000000000000000000000000FF
:1081800000000000000000000000000000000000EF
:1081900000000000000000000000000000000000DF
:1081A00000000000000000000000000000000000CF
:1081B00000000000000000000000000000000000BF
:1081C00000000000000000000000000000000000AF
:1081D000000000000000000000000000000000009F
:1081E000000000000000000000000000000000008F
:1081F000000000000000000000000000000000007F
:10820000000000000000000000000000000000006E
:10821000000000000000000000000000000000005E
:108220000348044B834202D0034B03B11847704705
:108230000002002000020020000000000548064B5C
:108240001B1AD90F01EBA301491002D0034B03B154
:1082500018477047000200200002002000000000C4
:1082600010B5064C237843B9FFF7DAFF044B13B17E
:108270000448AFF300800123237010BD00020020EA
:1082800000000000B827030008B5054B1BB10549E5
:108290000548AFF30080BDE80840FFF7CFBF00BF3F
:1082A0000000000004020020B8270300A3F5803A74
:1082B000704700BF174B002B08BF134B9D46FFF7BD
:1082C000F5FF00218B460F461348144A121A22F07C
:1082D00081FD0E4B002B00D098470D4B002B00D09A
:1082E00098470020002104000D000D48002802D00E
:1082F0000C48AFF3008023F03FFC2000290000F081
:1083000091FB22F0E7FB00BF000008000000000026
:10831000000000000000012000020020A04A002010
:10832000000000000000000000F02EB8084600F039
:108330002BB800F0ABB800F0CFB8000010B5104B70
:108340001A461B688342FBD354681119884201BF47
:108350004168104609195160446801198B420DD1DA
:10836000084909688B4204D05B6823444360136862
:1083700019680160904218BF106010BD1946F8E7F7
:10838000300200202C0200202DE9F04104461DF0AF
:1083900031FD3549354D0B68F3B9354B354A364813
:1083A000D21A0260580718BF0733344A18BF23F0A7
:1083B0000703002013605060314A22F00702C2E92F
:1083C0000000D01AC3E900202E4B0A6018602E4B23
:1083D00018604FF000432B602F68274207D01DF034
:1083E0009BFD00F031FA00263046BDE8F081002CFC
:1083F000F5D004F1080362071CBF23F0070308331C
:10840000002BECD0DFF88080D8F800509D42E6D3F6
:108410001A4A14686068984201D2206800BB096853
:10842000A142DCD02168166811606268D21A102A55
:1084300006F1080604D9E01842606360FFF77EFF8A
:10844000104962680868AD1A1743002385426760C7
:108450002360C8F8005038BF0D601DF05DFDC3E714
:1084600022460446D6E700BF2C020020200200204E
:10847000B04A002000FC00201C0200203002002036
:10848000F8FB0020240200202802002010B504463A
:10849000E0B10F4A50F8043C1268134216D050F86D
:1084A000081C99B923EA020340F8043C1DF0A2FC21
:1084B000084A54F8043C1168A4F108000B44136006
:1084C000FFF73CFFBDE810401DF026BD10BD00BF0A
:1084D00020020020280200202DE9F04105460C462C
:1084E00001B308461DB9BDE8F041FFF74DBF0E4B83
:1084F00055F8046CD3F8008016EA080FF3D0FFF7A4
:1085000043FF074658B126EA0802083AA24228BFAC
:108510002246294623F0BCFB2846FFF7B7FF384622
:10852000BDE8F0810F46FAE720020020014B987861
:10853000704700BF38020020014B5878704700BFD9
:1085400038020020034B1868B0F5803F34BF00208C
:1085500001207047380200200A4B07B51860024618
:10856000FFF7E4FF0146FFF7E7FFD2B2CDE90002D3
:108570000B46054A05480C2122F0BEFA03B05DF80F
:1085800004FB00BF38020020BCDB02000400002016
:10859000009A41608260704713B5002204460121B1
:1085A0000A201CF0FBFF0023E06009490093094802
:1085B000019423464FF400721DF016FB012805D0EC
:1085C000042002B0BDE810401EF0FFB802B010BD9C
:1085D000C8DB0200498700002DE9F0418CB000247F
:1085E00005460B460094104940F2A55205A806F036
:1085F00021FE05F110064FF4F07801274FF4F072D8
:10860000314605A806F020FECDE901680097A2B228
:108610006868F0230021013400F049FCF02CEDD112
:108620000CB0BDE8F08100BF57E002004FF6FF71CB
:10863000FFF7D2BF2DE9F04300F1100707EE101A43
:1086400085B0064600F5F8713B46994229D1DFED29
:10865000167AB8EE477ADC2527EE277ADFED137A13
:10866000B4EEE77AF1EE10FAD8BFF0EE477AFCEEFE
:10867000E77A4FF0010817EE903A9CB24FEA4409AE
:10868000CDE90179CDF800802A460135706823468E
:108690000021ADB200F00BFCF02DF1D105B0BDE82A
:1086A000F08303F8012BD0E79A991940000070433A
:1086B0001FB50446C822C0680DF10F011DF092F8E5
:1086C00028B19DF80F30032B26D00B2B30D0A36898
:1086D0009A78FAB1D3ED026A93ED017ADB68022B46
:1086E00029D0032B2BD0012B14D1B8EE477AF8EE0A
:1086F000666A4FF6FF72C6EE877A9FED127A67EED2
:10870000877AFCEEE77ACDED017A9DF804102046D9
:10871000FFF790FF04B010BDA06801F075FF20B115
:10872000FF212046FFF758FFD1E74FF6FF71F8E72A
:108730004FF4FC61F5E74EF207026421E7E7FF2200
:10874000FBE700BF0000C84210B50446FFF76EFF0C
:108750002046FFF7ADFFFBE71FB500238DF807109C
:10876000C068039303AA0DF107011CF0E2FF039B0D
:1087700043B1064B4FF080525A6040BFBFF34F8F5A
:10878000BFF36F8F05B05DF804FB00BF00ED00E0A4
:1087900070477047704770470148092106F092BB47
:1087A0005802002007B5002300931A4603211DF04C
:1087B000CFFE0348122103B05DF804EB06F082BB44
:1087C000580200200246034652F8080B904203D09C
:1087D0009968013121F07DBA704710B5836804466D
:1087E00013B1032201469847204610BD10B5044638
:1087F00000F5F860FFF7E6FF04F5F560FFF7E2FF2C
:1088000004F5F260FFF7DEFF04F5B860FFF7DAFF6A
:1088100004F5B560FFF7D6FF04F5B260FFF7D2FFAD
:10882000074BC4F87C3304F56770FFF7D6FF054BA0
:10883000C4F8E43204F53E70FFF7CFFF204610BDC8
:10884000D8160300C4160300024A136801331360EC
:10885000704700BF50020020024A136801331360C2
:10886000704700BF4C02002030B51C2885B006D1EF
:108870001448082105B0BDE8304006F023BB0024B1
:108880001328039419D1032915D10F4B1D681DF02E
:10889000BFFA03AB02460094062128461DF058FE9D
:1088A000039B43B1094B4FF080525A6040BFBFF366
:1088B0004F8FBFF36F8F05B030BD0D28FBD1044B38
:1088C000E4E700BF580200203018002000ED00E06F
:1088D0003418002010B5154CD4F80433580609D5C7
:1088E000D4F81831012B05D100231148C4F81831F0
:1088F00000F02CFDD4F80433190309D5D4F84C3119
:10890000012B05D100230A48C4F84C3100F006FDC4
:10891000064BD3F80423920706D5D3F80421012A85
:1089200004BF0022C3F8042110BD00BF0030004086
:10893000E8180020014B1B68184700BF48020020C0
:10894000014B1B68184700BF44020020014B1B6805
:10895000184700BF40020020054B002282B0C3F838
:108960000021D3F800310193019B02B0704700BF92
:10897000000001400B2808D00D2804D0012801D1A7
:10898000034B19607047034BFBE7034BF9E700BF4C
:10899000480200204402002040020020EFF3108033
:1089A00072B600F00100704700B962B6704700006F
:1089B000004870473C02002010B5044C4FF0FF31D6
:1089C000204607F073FA43689847F7E73C02002017
:1089D00008B5FFF7F1FF000008B5002204212020B0
:1089E0001CF0DCFD0C4B186019F088FB07F0E8FD6B
:1089F00011F0EEF90021052019F004FA4FF40040BF
:108A000018F04EFC11F0CEFD11F086FABDE80840DA
:108A1000024807F01DBA00BF3C020020D1890000C7
:108A200011F028BD73B54FF080440123C4F87835A8
:108A30001BF028FF00201BF03DFF1BF0C1FFD4F806
:108A40001834DB03FBD54FF0A04540F203632A4EF8
:108A5000C5F81C378023C5F80835102446F00106F8
:108A6000D5F80435DA4302F0800203F08003C5F83C
:108A700008254FF4A070C5F80C35013CB04714F040
:108A8000FF04EDD10223C5F81C371C4B009322468E
:108A900023460A211A481B4D1B4E1DF03FFD1B4B60
:108AA00018601B4B009322462346C82119481DF02D
:108AB00035FD194B1860194BD3F84005FFF74CFDF5
:108AC0002B68B34210D1164B1648D3E9002301F0AE
:108AD00055FE154805F0FAFEFFF77EFF1DF05CF924
:108AE0000F201DF072FEFBE71048114A2146121AB2
:108AF00022F070F92E60ECE700E602009987000092
:108B0000D3DB0200A84A00200000ADDE34180020AC
:108B1000A5870000E1DB02003018002000A0004023
:108B2000A04A00201013002058020020A04A002074
:108B3000AC4A00202DE9F04F674B684C18689B88C1
:108B400095B012AA129000216548ADF84C3000F0A3
:108B5000F0FA63496348192200F056FD1A2361496F
:108B60006148122200F022F905225D495F4800F0B9
:108B70004BFD5E495E4800F0B1F9072300934FF0CA
:108B8000C46206234FF040215A4806F0CAF95949F9
:108B90005948152205F00CFC56495848182200F097
:108BA0005BFE54495648442200F0ACFD554801F0A4
:108BB00035FC554B524955484FF480721A800025B8
:108BC000534A9D70C3E90155DD60DD6106F078FB15
:108BD0004749504806F0DAFF4E494F4805F0A8FAD9
:108BE0004D494E4801F01CFE23464FF0050A03F89C
:108BF000045B18466522002122F0ECF8BAF1010A64
:108C00000346856680F86C5080F86D5003F1700360
:108C1000EFD1DFF80081414E414F424DDFF82891FE
:108C200084F83CA20423424631463846C4E98D3AD2
:108C300005F0DAFA3C49C5F80CA00123C5E901AA00
:108C40002B74C9F800A0A9F808A0CDE9087137492C
:108C500007913749DFF898A0DFF8B4B006912E48A5
:108C60003449059028480090CDE90161CDE90B8A8F
:108C7000CDE9034B234B204A1B490A952E48FFF7A9
:108C800087FC22490D911D490991284908911C49E9
:108C9000294B21480A90CDE9064126491A48164A2F
:108CA0000290CDE90BB3174B0193CDE9047100920B
:108CB000104B0B49CDF83880524603961F48CDE93A
:108CC0000F5905F0B5FD1E4A1E491C4815B0BDE8F8
:108CD000F04F20F0F9BF00BF06E60200C8100020E8
:108CE000E8180020E0180020CC180020C41800204C
:108CF000BC180020941800208C1800204018002078
:108D000038180020201800200018002070140020BF
:108D1000F0170020A4130020681300201013002077
:108D2000301000201C1000201000002058100020DF
:108D30006013002008130020200E0020580200209D
:108D400000000020ED87000010100020012A02D151
:108D5000016000207047022A05D0032AF9D0002ABA
:108D6000F7D10260F5E70B780370F2E7012A02D130
:108D7000016000207047022A05D0032AF9D0002A9A
:108D8000F7D10260F5E70B780370F2E70278012370
:108D900093404FF0A042C2F80C357047027801238F
:108DA00093404FF0A042C2F80835704710B54371A8
:108DB000002301600271837110BD006800F033BCB4
:108DC0001FB50023CDE90033074B0393074B04790C
:108DD00002936B468DF80040FFF7EFFF6846FFF700
:108DE000FCFC04B010BD00BF9D8D00006D8D000027
:108DF0001FB50023CDE90033074B0393074B0479DC
:108E000002936B468DF80040FFF7D7FF6846FFF7E7
:108E1000E4FC04B010BD00BF8D8D00004D8D00003E
:108E200007B501228DF807100DF10701FFF7E0FFEC
:108E300003B05DF804FBF7B504461E460F462A2131
:108E400015467FBAFFF7ECFF76BA04226946204642
:108E5000ADF80070ADF80260FFF7B2FF20462B219D
:108E6000FFF7DEFF6DBABDF82030ADF804500422E4
:108E700004F10C055BBA0DEB02012846ADF8063093
:108E800022F006FF042229462046FFF799FF03B08F
:108E9000F0BD70B504460D4616462C21FFF7C0FF05
:108EA000324629462046BDE87040FFF789BFF7B536
:108EB000BDF82040013C1444013B0B44A4B2DDE961
:108EC000096700949BB20546FFF7B5FF3A46314665
:108ED000284603B0BDE8F040FFF7DBBF0022016089
:108EE00002714271827170477FB5B9238DF80730E6
:108EF0000023CDE90233CDE90433006802AB01223F
:108F00000DF1070100F08FFB049B1BB102A90322A6
:108F10000846984707B05DF804FB10B586B09F235C
:108F20008DF80F3003230093002404AB01220DF1D0
:108F30000F010068ADF810408DF8124000F07EFB84
:108F4000049B2046DAB262F30700C3F3072262F300
:108F50000F20C3F3074363F3174006B010BD10B5ED
:108F60000446FFF7DAFFC0F307232071C0F3074080
:108F70006371A07110BD00001FB50D4B039300235A
:108F80008DF80B300123009304460DF10B030422EE
:108F900003A9006800F052FB2046FFF7BEFFC0F3B4
:108FA00007232071C0F307406371A07104B010BDA6
:108FB000AB0102031FB50122009205238DF80E308C
:108FC0000DF10E010DF10F03006800F037FB9DF865
:108FD0000F0005B05DF804FB08B5FFF7EBFF00F0EC
:108FE000010008BD08B5FFF7E5FFC0F3400008BD6C
:108FF0001FB5032400938DF80C400C0C49BAADF852
:109000000E10134603A9042200688DF80D4000F0ED
:1090100015FB04B010BD1FB506238DF80F300023DB
:10902000009301220DF10F01006800F007FB05B06D
:109030005DF804FB1FB520238DF80C300B0C49BAEA
:1090400004468DF80D30ADF80E10FFF7E4FF204612
:10905000FFF7C8FF60B1002300932068042203A932
:1090600000F0ECFA2046FFF7B7FF28B904B010BDB6
:1090700001201CF0BDFFEAE701201CF0B9FFF1E779
:109080001FB5012200922B238DF80E300DF10E0139
:109090000DF10F03006800F0D1FA9DF80F0005B044
:1090A0005DF804FB08B5FFF7EBFFC0F3401008BD07
:1090B00008B5FFF7E5FFC0F3801008BD2DE9F043C8
:1090C000074685B00D4690461E464FF0020916B978
:1090D00005B0BDE8F08325F0FF04641B04F580743F
:1090E0002B0CB4428DF80D3038466BBA28BF34468D
:1090F0008DF80C90ADF80E30FFF78DFF3846FFF776
:1091000071FF70B1009438684346042203A900F04F
:10911000A1FA3846FFF760FF38B92544A044361B52
:10912000D5E701201CF064FFE8E701201CF060FF98
:10913000EFE741711168928842810022C260C0F855
:1091400006100261426102767047000010B5416965
:10915000044621B9032201201CF020FA6061617AE3
:109160004FF0A043012202FA01F1C3F80815617A19
:1091700001F5E071032043F82100A17A8A40C3F889
:109180000C25A27A02F5E072002143F82200E27A6F
:1091900002F5E07243F8221063791BB1012B22D053
:1091A000002010BD2A4B627A2360C3F8082523688B
:1091B000A27AC3F80C252368E27AC3F81025237A33
:1091C000002BEDD123684FF00042C3F82425A3798A
:1091D0000BB1012BE4D1E1791A460329E0D8DFE88D
:1091E00001F0070531344FF04023DCE743F0020281
:1091F0002368C3F8542522680023C2F8103122687E
:10920000C2F820312268C2F8183122684021C2F821
:10921000041322680220C2F8040322684FF40020DD
:10922000C2F8040322680720C2F80005094A82F840
:1092300003130821116060691A4619461CF0D2F91F
:109240000120AEE743F00402D2E743F00602CFE785
:109250000030004000E100E037B50368D3F808555E
:109260001B4B1A88ADF80420027E9B788DF80630DF
:109270000446BAB901A928461BF098FC08B11DF0B4
:10928000A4FA002128461BF007FD28461BF09EFD8E
:1092900023685A690F4BC3F81005C3F8142501223F
:1092A000C3F8042523680022C3F81821236840224C
:1092B000C3F8082323680222C3F8082323684FF465
:1092C0000022C3F808230123237603B030BD00BF7A
:1092D0000CE6020000F0014010B504460368D3F824
:1092E0000805237E2BB11BF03BFD0B4B0122C3F87D
:1092F000082522680023C2F8183122684021C2F8EC
:10930000041322680221C2F8041322684FF40021DA
:10931000C2F80413237610BD00F0014070470368C3
:10932000C3F844150368C3F8482502680023C2F84F
:1093300050350268C2F834350268C2F83835026820
:10934000C2F840350268C2F81831704737B5C368B3
:109350008BB105698DB1FF2D28BFFF252A46C16855
:10936000FFF7DDFFC3682B44C36003695B1B036128
:10937000036801221A6103B030BD017901238B40DB
:109380004FF0A041C1F80835C56001A940690195B9
:109390001CF000FA019B002BEDD0054B4FF08052E2
:1093A0005A6040BFBFF34F8FBFF36F8FE3E700BF3B
:1093B00000ED00E010B504680023C4F844350468EB
:1093C000C4F848350468C4F850350468C4F8341546
:1093D0000168C1F838250268C2F840350268C2F851
:1093E000183110BD2DE9F041069F044688461E46FF
:1093F0001546002A4BD040694FF0FF311CF06CFA43
:10940000012E84F80480204626D1FFF725FFBB6893
:1094100013B1FB6838469847237901274FF0A042E3
:1094200007FA03F3C2F80C35E56026612569E168A7
:10943000FF2D28BFFF252A462046FFF770FF23692E
:109440005B1B2361E3682B44E3602368BE421F611A
:1094500005D00120BDE8F081FFF73EFFD7E7226885
:10946000D2F81831002BFBD02279012393404FF022
:10947000A0420025C2F808352046E560FFF72CFF22
:1094800060692B462A4629461CF0ACF8E1E71046F5
:10949000E0E7F8B504460F4640694FF0FF31154646
:1094A0001E461CF019FA27712046FFF715FF2368A6
:1094B0004022C3F8082323680222C3F80823236844
:1094C0004FF40022C3F80823237901274FF0A0426C
:1094D00007FA03F3C2F80C350023E3603246236138
:1094E00029462046FFF71BFF23681F612268D2F838
:1094F0001831002BFBD0DDE906122046FFF75AFF9A
:10950000236801221A612268D2F81831002BFBD09F
:10951000237901254FF0A04205FA03F3C2F808357C
:10952000002360691A4619461CF05CF82846F8BD0D
:1095300000210368D3F8002592B9427A4FF0A04386
:1095400002F5E072022143F82210827A02F5E072FD
:1095500043F82210C27A02F5E07243F822107047F5
:10956000C3F80015E5E7FFF7F1BDF8B504460F466F
:1095700040694FF0FF3115461E461CF0ADF92771CA
:109580002046FFF7A9FE23684022C3F8082323687A
:109590000222C3F8082323684FF40022C3F80823EB
:1095A000237901274FF0A04207FA03F3C2F80C35E4
:1095B0000023E3603246236129462046FFF7AFFED1
:1095C00023681F612268D2F81831002BFBD0DDE937
:1095D00006122046FFF7A3FE236801221A612268C3
:1095E000D2F81831002BFBD0237901254FF0A0428F
:1095F00005FA03F3C2F80835002360691A461946D4
:109600001BF0F0FF2846F8BD10B5016002F5E073CD
:109610004FF0A0410324027141F8234001239340FD
:10962000C1F8083510BD07B5009313460A46017905
:109630000068FFF7D7FE03B05DF804FB13B5049C88
:10964000CDE9003413460A4601790068FFF721FF8F
:1096500002B010BD13B5049CCDE9003413460A4690
:1096600001790068FFF781FF02B010BD10B5C90392
:109670001B4C1A430139C4F80C25C4F80415D4F85E
:1096800008354FF0804243F00103C4F80835D2F8A2
:1096900000344FF0FF31C2F80014DA0712D49C07EF
:1096A00012D4590712D41A0712D4DC0312D4990326
:1096B00012D45A0312D413F4002F14BF0723082323
:1096C000036010BD0023FBE70123F9E70223F7E75E
:1096D0000323F5E70423F3E70523F1E70623EFE788
:1096E00000000140014B01221A6070470000014058
:1096F000024B034AC3F80026704700BF0000014038
:109700003546526E0160027170477FB508220092A3
:109710000179006804AB05F023FD9DF817209DF842
:1097200011109DF810009DF8153002F00F0242EA6A
:109730000122C0009DF8121040EAC3209DF81630A7
:109740000901C9B203F0070303430A43002062F38F
:109750000F009BB263F31F4007B05DF804FB1FB519
:10976000012300938DF80F200DF10F030A460179B4
:10977000006805F023FD05B05DF804FB1FB501236B
:1097800000930A460DF10F030179006805F0E8FC2B
:109790009DF80F0005B05DF804FB10B501210446EB
:1097A000FFF7ECFF60F07F02D2B220460121FFF705
:1097B000D6FF20462F22BDE810400C21FFF7CFBF77
:1097C00010B501210446FFF7D9FF012100F07F0207
:1097D0002046FFF7C4FF20460022BDE810400C21C0
:1097E000FFF7BDBF38B54FF0A0430025C3F8785749
:1097F0000446FFF7E5FF64201CF0FAFB20465022E8
:109800000121FFF7ACFF20462F220C21FFF7A7FF15
:10981000204677221621FFF7A2FF2A46204617216D
:10982000BDE83840FFF79BBF20B1034B800143F0F8
:1098300001031847704700BF20E6020038B5054D08
:10984000044645F001054FF47A40A847013CFAD19F
:1098500038BD00BF20E6020002710022C0E91022DC
:10986000828780F83E2082640122016002740549EB
:109870004275054A816202630449C1621022C060D8
:1098800082837047A798000029980000D1980000B3
:1098900007B5009313460A460179006805F060FC9D
:1098A00003B05DF804FB10B50446184613460A469B
:1098B0002146FFF7EDFF002010BD07B500931346CA
:1098C0000A460179006805F079FC03B05DF804FBF5
:1098D00010B50446184613460A462146FFF7EDFF29
:1098E000002010BD2DE9FF4191F83C3004460D46A3
:1098F0004BB94A6C01324A64C4E90033A360204684
:1099000004B0BDE8F08101F10808414602A800F06A
:109910001CFB20B1AB6C0133AB640023ECE795F882
:109920003B20BDF90860BDF90A70BDF90C500D4B24
:109930000190414601A833F91230B602BF0296FBEE
:10994000F3F697FBF3F736B23FB2AD0295FBF3F5B2
:1099500000F047FD2DB2019B2360A780E6802581A2
:10996000CDE700BF10E60200083000F011BD38B5A9
:10997000002300F10805044680F83D30284600F039
:1099800016FC30B9012084F83D00BDE83840FFF7EF
:1099900055BF0A20FFF752FF284600F008FC0028B8
:1099A000F0D038BD38B5002380F83C30036C01336B
:1099B000036490F83D30044633B104F108052846AD
:1099C00000F007FC38B138BDFFF7D1FF94F83D3007
:1099D000002BF2D1F7E7237A112B04D0132B31D0CF
:1099E00084F83E00EFE7012384F83E30284600F07B
:1099F00005FC0028E7D12946012000F0C0FB002823
:109A0000E1D101212A46084600F01CFC0028DAD1E9
:109A1000294600F08FFC0028D5D12946012000F00E
:109A200089FB0028CFD120464FF4027340F8383F1D
:109A3000294600F026FA0028C5D1012384F83C30DD
:109A40002064C0E70223CFE790F83E00704748B19A
:109A5000036A3BB1436A2BB14068B0FA80F0400919
:109A6000404270474FF0FF30704770B505461846CA
:109A70001C46FFF7ECFFB8B9B1B1237A0BB905F07A
:109A80007F052846666A6368B0470546607270B90C
:109A900094F82E20A36A6168012A0CBF02204FF4BB
:109AA000E1709847284670BD4FF0FF35FAE76FF038
:109AB0000105F7E72DE9F84F834600AF18468846C1
:109AC00015461C46FFF7C3FF40BB39B3E27A2A4470
:109AD000D31D23F00703E946ADEB030D237AEA46D5
:109AE0000BB94BF0800B266A636851465846B04765
:109AF000607288B16FF00100CD46BD46BDE8F88FB9
:109B0000E17A0AEB0306715C08F8031093B29D42F8
:109B100002F10102F4D8EFE70246F7E74FF0FF3019
:109B2000EBE713B5002304468DF806308DF80730B7
:109B3000FFF78DFF48B9234601220DF106015B2096
:109B4000FFF7B8FF18B16FF0010002B010BD234657
:109B500001220DF107015C20FFF7ACFF0028F2D1D4
:109B60009DF806209DF8073002F00F0242EA03122A
:109B7000A38A02EB530202F00F0312098DF806309C
:109B80008DF80720234601220DF106015B20FFF727
:109B90006CFF0028D9D1234601220DF107015C207A
:109BA000FFF763FFD1E710B50446FFF750FF80B918
:109BB0002346012204F117015B20FFF756FF40B94D
:109BC000234604F118010122BDE810405C20FFF794
:109BD0004CBF10BD13B50023044608468DF807306E
:109BE000FFF735FF78B974B10B4601220DF107017B
:109BF0007C2000F00BF820B99DF8073003F001033A
:109C0000237002B010BD4FF0FF30FAE72DE9F74F97
:109C10001D460746002328468DF80730FFF717FF3B
:109C20000E4614468146002874D1002972D05E2F5A
:109C300069D129460DF10700FFF7CCFF9DF8078099
:109C4000B8F1010F074609D12946484600F068F8E7
:109C5000AB6A696807464FF4E170984714F0010950
:109C60005BD1AB7DA34258D3002F56D1AF8AA74218
:109C700042D2B4FBF7FA2846FFF795FF07FB1A47D5
:109C8000CB4604465FFA89F39A4520D847B1D4B948
:109C90002B463A4606EB0B015E20FFF70BFF04460E
:109CA0008CB92846FFF77FFF044660B9B8F1010F71
:109CB00009D12946404600F033F8AB6A696804468A
:109CC0004FF4E1709847204603B0BDE8F08FAA8AB0
:109CD0002B4606EB0B015E20FFF7ECFE044640B975
:109CE0002846FFF71EFF044618B9AB8A5B441FFAEB
:109CF00083FB09F10109C5E72B46224631465E2068
:109D0000FFF7D8FED0E72B46384603B0BDE8F04F4A
:109D1000FFF7D0BE4FF0FF34D5E76FF00904D2E76C
:109D200037B50023054608460C468DF80730FFF787
:109D30008EFEC0B90B4601220DF107017C20FFF712
:109D400065FF80B99DF8073005F0010523F0010398
:109D500043EA05008DF80700234601220DF10701B3
:109D60007C2000F002F803B030BD2DE9F04F1C4616
:109D700085B00746002320460E4615468DF80F3065
:109D8000FFF765FE002876D1002974D05E2F6BD1D5
:109D900021460DF10F00FFF71DFF9DF80FA0BAF14E
:109DA000010F074609D140B92146FFF7B9FFA36A61
:109DB000616807464FF4E170984715F001095DD1DD
:109DC000A37DAB425AD3002F58D1B4F814B0AB45A1
:109DD00043D22046FFF7E7FE034628BBB5FBFBF75F
:109DE000C8465FFA89F2974222D80BFB17523AB164
:109DF000D3B9234606EB08015E20FFF736FE034683
:109E000093B92046FFF7CFFE034668B9BAF1010FB8
:109E10000AD121465046FFF783FFA26A019061688C
:109E20004FF4E1709047019B184605B0BDE8F08FF4
:109E30002346A28A06EB08015E20FFF716FE0346C2
:109E400040B92046FFF76DFE034618B9A28A424486
:109E50001FFA82F809F10109C3E723462A46314671
:109E60005E20FFF702FECFE72346384605B0BDE887
:109E7000F04FFFF7FABD4FF0FF33D5E76FF009035E
:109E8000D2E773B50023044608460E46ADF8043009
:109E9000FFF7DDFD60BB5CB3A5786378012D24D1AD
:109EA000022B28D82278511E0B2924D8ED0145EA2F
:109EB00003152A43E378D2B203F003038DF804209C
:109EC000D2098DF8053086F82E203346012201A9EB
:109ED0004020FFF74AFF30B9334601220DF105015A
:109EE0004120FFF742FF02B070BD25B9072BD8E72C
:109EF0004FF0FF30F7E76FF00700F4E713B50023EA
:109F000004468DF806308DF80730FFF7A0FD0246B5
:109F1000B0B9237ABBB90122E27223460DF10701E1
:109F2000FFF774FE024658B9012223460DF10601DF
:109F30000020FFF76BFE024610B99DF80630237033
:109F4000104602B010BDE072EEE7F7B500230646FA
:109F500008460F460093ADF80430FFF778FD00285F
:109F60003AD1002E38D00B46062269461220FFF760
:109F70004DFEE0B9BDF90050BDF90240BDF9042025
:109F800035807480B2803B7B0C2B12D1002DB8BF82
:109F90000F35002CB8BF0F34002A4FEA25154FEAC1
:109FA0002414B8BF0F32358074801211B28003B010
:109FB000F0BD0E2BFBD1002DB8BF0335002CB8BF70
:109FC0000334002A4FEAA5054FEAA404B8BF0332C0
:109FD000358074809210E9E74FF0FF30E7E700002A
:109FE000F7B50546294600208DF804008DF80500D8
:109FF000FFF796FEAB6A696804464FF4E170984734
:10A000004CB92B46012201A95920FFF7AEFE0446A8
:10A01000002800F08780204603B0F0BD73092F6947
:10A020008DF806302846C6F3430337448DF80730D1
:10A03000FFF70DFD002872D1002F70D02B460122B2
:10A040000DF107015B20FFF790FE044678B92B461F
:10A0500001220DF106015C20FFF787FE044630B9AE
:10A06000AA8A2B4639465E20FFF7FFFC0446AB8ADE
:10A0700033449EB2AB8DB342D0D8002CCBD1012655
:10A080002B46324601A959208DF80460FFF76DFE7A
:10A0900004460028BFD1AB6A696825489847324614
:10A0A0002B460DF105012A20FFF7B0FD9DF8056054
:10A0B00006F00F068DF8056004460028ABD1012E8E
:10A0C00032D129463046FFF72BFE04460028A2D1A4
:10A0D0008DF806008DF807002846FFF7B8FC044607
:10A0E000002898D12B4632460DF106015B20FFF780
:10A0F000E1FC044600288ED12B4632460DF10701C3
:10A100005C20FFF7D7FC0446002884D19DF8063078
:10A1100003F00F03EB759DF807302B767BE74FF0CC
:10A12000FF34A4E70646A5E76FF0040473E700BF19
:10A13000F049020037B50023044608460D468DF865
:10A140000730FFF784FCC0B90B4601220DF107016F
:10A150007D20FFF75BFD80B99DF80730A40023F058
:10A16000040304F004041C4301222B460DF10701F3
:10A170007D208DF80740FFF7F8FD03B030BD07B52F
:10A180008DF807000846FFF762FC50B99DF80730CC
:10A19000012B09D80B4601220DF107015520FFF7CD
:10A1A000E4FD03B05DF804FB6FF00700F9E707B5C5
:10A1B000B62302468DF80730FFF749FC30B9134645
:10A1C0000DF1070101227E20FFF7CFFD03B05DF8FE
:10A1D00004FB10B50446FFF791FE70B9237803F035
:10A1E000FD03112B01BF0C2323734623A37506BF68
:10A1F0004FF4C053A3856FF0030010BDA8B10278DF
:10A2000002F0FD03112B13D1838A991E442912D821
:10A21000D90744BF03F1FF3383820849084B112A51
:10A2200008BF0B460361FFF7DBBE4FF0FF307047FE
:10A230006FF0030070476FF00900704726E60200D8
:10A2400026FE020070B592B0154604460E46462220
:10A250000021684620F0BEFD002D65D02B7803F06C
:10A26000FD03112B63D12B46462269465E20FFF782
:10A27000CDFCA0BB012E04F0010304F0020004F0A9
:10A28000040104F0080204F010042AD12BB19DF857
:10A290003B3043F010038DF83B3028B19DF83B3044
:10A2A00043F020038DF83B3029B19DF8403043F056
:10A2B00001038DF840302AB19DF83C3043F0010392
:10A2C0008DF83C302CB19DF83E3043F001038DF801
:10A2D0003E302B46462269465E20FFF746FD12B00F
:10A2E00070BD2BB19DF83B3023F010038DF83B304F
:10A2F00028B19DF83B3023F020038DF83B3029B185
:10A300009DF8403023F001038DF840302AB19DF8CC
:10A310003C3023F001038DF83C30002CD9D09DF85F
:10A320003E3023F00103D2E74FF0FF30D7E76FF064
:10A330000300D4E730B593B00D4604464622002111
:10A34000684620F047FDEDB12B7803F0FD03112B9B
:10A350001BD12B46462269465E20FFF757FC78B991
:10A360009DF83B20E40022F0080204F00804224398
:10A370008DF83B202B46462269465E20FFF7F5FC10
:10A3800013B030BD4FF0FF30FAE76FF00300F7E78E
:10A3900010B592B0044646220021684620F01AFD0E
:10A3A000CCB1237803F0FD03112B17D123464622AD
:10A3B00069465E20FFF72AFC58B99DF83B3043F010
:10A3C00004038DF83B304622234669465E20FFF7A2
:10A3D000CCFC12B010BD4FF0FF30FAE76FF0030075
:10A3E000F7E713B50023019304460B4679B10A78C9
:10A3F00002F0FD02112A0DD104220DEB02011E20F4
:10A40000FFF704FC08B9019B236002B010BD4FF0B8
:10A41000FF30FAE76FF00300F7E700000121018148
:10A420004FF0A0430449002242804260C2600860AD
:10A43000C3F83027704700BF201900204FF0A0411B
:10A44000D1F810256FEA123303F001038371D1F8BC
:10A4500010156FEAD14303F001030903C37104D45B
:10A46000D30401D50123437170470023FBE70000AB
:10A4700030B5114D114985B00446286800906846F2
:10A480001AF02EFE08B11CF0A0F90D4A6868516858
:10A49000127A01AB03C301A900201A701AF068FEFA
:10A4A00008B11CF092F9012120461AF0BFFE08B154
:10A4B0001CF08BF905B030BD26160300F5A5000091
:10A4C0002A16030010B5FFF7B9FF437A3BB9012301
:10A4D0004372FFF7CDFFBDE810401AF0F7BE10BD84
:10A4E000F0B5044640480368BFF35B8FDB0787B0D5
:10A4F0000D461DD41FF0EFFBD0B13C4B6E4603F16F
:10A50000180C324618685968374603C70833634544
:10A510003E46F7D1364E06AF134603CBBB42306002
:10A5200071601A4606F10806F6D12F481FF0DFFBCE
:10A530002B7873BB012120461AF078FE08B11CF07D
:10A5400044F96B681B884FF4965213FB02F3002BFF
:10A55000B8BF03F2FF3362799912C3F38F2363808C
:10A56000002A35D1224802889A4214D38278A379EE
:10A57000C3F16403DBB2934228BF1346E179227929
:10A5800041B3934228D8227A32BB1AF019FF002334
:10A59000637207B0F0BD012230F82250AB4200EBED
:10A5A000820610D2013A00EB820330F822009B7839
:10A5B000B27889B2D21A091A51432D1A91FBF5F1DA
:10A5C0005A18D2B2D3E70132062AE5D1827DCEE70E
:10A5D0006423D3E79342D6D20022E068227223712B
:10A5E000162104F06FFCD0E7041900203416030094
:10A5F00008190020024B01461868FFF771BF00BF21
:10A6000020190020C1607047007870470123037053
:10A6100070470023037070474078704701234370F0
:10A6200070470023437070470123837070470023F5
:10A6300083707047416070478160704710B5037840
:10A640005A1C027081F86C30012381F86D30BFF321
:10A650005B8F80F83C320446BFF35B8FD0F8340246
:10A6600088B101387023C4F8340203FB00406E2225
:10A67000043021F00DFBD4F83832042B9CBF013399
:10A68000C4F8383210BD0420ECE780F8241080F8BC
:10A690002520704700000000F7B5C36A8B420446CE
:10A6A00086BF01F18070C31ACB1AB3F5806F4FEAF1
:10A6B000932501D2002A4DD0C3F30903994238BF34
:10A6C00001F18071CB1AD4E90C01E3622A4BE5FB5E
:10A6D0000301D4E90E325B1942F10002C4E90E32E3
:10A6E000C4E90C0122A3D3E9002323F03DF8CDE90E
:10A6F0000001684620F076FB05460FCD26460FC6C2
:10A700000FCD0FC62B6833602379257A00271BBB3A
:10A7100094F841303BB9606C012384F8413010B1AA
:10A72000102104F0CFFB94F842303BB9606C012358
:10A7300084F8423010B1112104F0C4FB9DB994F8A3
:10A7400040303BB9606C012384F8403010B10F21D8
:10A7500004F0B8FB03B0F0BD1E2B84F84170E2D0CA
:10A7600084F84270EAE7002384F84030F2E700BF43
:10A7700000CA9A3B0000000000CA9A3B70B504462C
:10A780001D4616464FF0FF31806A1BF0A5F8E16ABE
:10A790002046C4E90C650122FFF77EFF0023A06A72
:10A7A0001A46BDE8704019461AF01CBF30B58BB090
:10A7B00004469DF8400001909DF83C0002909DF8F1
:10A7C0003800A1F26C71CDE903030025013A06912E
:10A7D000A06A05924FF0FF310991CDE907551BF0B2
:10A7E0007BF801A820F0E0FC0C4AA0FB020302FB6E
:10A7F0000133C4E90C03E16A01222046FFF74CFF54
:10A80000A06A2B462A4629461AF0ECFE606C10B16D
:10A81000022104F057FB0BB030BD00BF00CA9A3BC9
:10A820007FB50022002300250126C0E90C23C0E9E2
:10A830000E234FF480730446C0E91151C0E90A5554
:10A840008584A0F8403080F8426030461AF04AFF14
:10A850002B462A462946A0621AF0C4FE2046CDE9BE
:10A86000015500953346324640F2E971FFF79EFFED
:10A87000204604B070BD000038B50C4605464FF0C8
:10A88000FF31A06A1BF028F8094B2046D3F80415C5
:10A890000022FFF701FF00231946A06A1A461AF0AA
:10A8A000A1FED4E90C23C5E90023284638BD00BF2A
:10A8B00000100140416470472DE9F84347F6FF79E5
:10A8C00005465001DFF870804845A8BF484640451E
:10A8D000B8BF404600B20F461E4605F0B7FA044620
:10A8E00068014845A8BF48464045B8BF404600B249
:10A8F00005F0ACFA002FA2B280B205DA002E0FDA12
:10A90000801A00B2BDE8F883002E12DA104480B23B
:10A91000002DBABFC0F57F404C30C0F1B400F0E765
:10A92000024492B2002DB4BF02F1B400A2F1B4000F
:10A93000E7E7101AE5E700BF0180FFFF2DE9F74FB9
:10A940008C6BCE6C0F6EA31D04F1080901930023DC
:10A9500004F1010B361BCA469E4698461A461D4610
:10A960009C463C1B0AF0070701EB47073F8D6744F5
:10A970000FFA87FC06EB0A0707F0070701EB47070A
:10A98000BF8F2F443DB204EB0A0707F0070701EB26
:10A9900047070AF1FF3AB7F8507017443AB20BF084
:10A9A000070701EB47073F8D47440FFA87F806EB8F
:10A9B0000B0707F0070701EB4707BF8F77440FFA34
:10A9C00087FE04EB0B0707F0070701EB47070BF1C6
:10A9D000010BB7F850701F443BB2019F5745C1D1DE
:10A9E00003EBD3735B100CEBDC7C05EBD57502EB52
:10A9F000D27208EBD8780EEBDE7E4FEA6E0E4CF387
:10AA00004F0C45F34F0542F34F0A4FEA6808438164
:10AA10000023A0F808E0A0F800C04580A0F804A03A
:10AA2000A0F806801F469E4609F0070801EB48087B
:10AA3000019AB8F92880A8EB0C0808FB08EE06EB91
:10AA4000090808F0070801EB4808B8F93C80A8EBB2
:10AA5000050808FB087704EB090808F0070801EB74
:10AA6000480809F1FF39B8F950804A45A8EB0A08AF
:10AA700008FB0833D8D14FEA5E027F085B08C2604A
:10AA80000761436103B0BDE8F08F10B50446B0F92B
:10AA9000100020F01AF8B0F5C07F0CDC236AB3F583
:10AAA000446F08D8B4F9120010F5357F05DA636AEF
:10AAB000B3F5446F04D900200FE010F13F0FFADA2C
:10AAC000B4F91A30B4F91820B4F91410FFF7F4FEF1
:10AAD00010F12D0FACBF0020012010BD10B50446B1
:10AAE000B0F91000B0F55E7F2DDAB4F9100010F562
:10AAF0005E7F09DCB4F91A30B4F91620B4F91410E9
:10AB0000FFF7DAFE1E3028DBB4F91200B0F5357F0E
:10AB100025DBB4F91A30B4F91820B4F91410FFF792
:10AB2000CBFE1D281BDDE26CD31C083203F00701AD
:10AB300004EB4101B1F93C10B1F5847F0FDD013325
:10AB40009A42F3D109E0B4F91A30B4F91620B4F9F5
:10AB50001410FFF7B1FE1E28C7DD012000E0002021
:10AB600010BD012903D08B1E59425941490081660D
:10AB700070472DE9F041069F0C4615461E464FB121
:10AB800000F0D4FC069733462A462146BDE8F04142
:10AB900000F0D0BCBDE8F0812DE9F04788B01F4639
:10ABA000DDF840A00368534504468846914604D02A
:10ABB000C06E10B1514603F04AFAE06EF8B1A36BD3
:10ABC00003F0070304EB4303B3F92830434511D1E5
:10ABD000E36C03F0070304EB4303B3F93C304B454C
:10ABE00008D1236E03F0070304EB4303B3F950309D
:10ABF000BB4204D03B464A46414603F048FAE3686C
:10AC0000A3601BF0FFF8A56BE060013505F00705B8
:10AC100004EB4503A563A3F82880E06C013000F045
:10AC2000070004EB4002E064A2F83C90266E013677
:10AC300006F007060730266604EB460100F0070021
:10AC4000073604EB400006F00706A1F8507004EB4D
:10AC50004606B0F93C10B2F93C20B6F95000B3F901
:10AC60002830073505F00705521A04EB450502EBBD
:10AC7000D272381A00EB6200B5F928209B1A48BF3F
:10AC8000033300EBA3001FF020FFD4E90235626E0E
:10AC9000ED1A6423052143439200B3FBF5F392FBC5
:10ACA000F1F293FBF1F3134402A863662146FFF728
:10ACB00045FE8446BCE80F0004F110060FC69CE870
:10ACC00003004A4686E803003B460095414620467D
:10ACD000FFF74FFF2368C4F800A0AAEB0303002B83
:10ACE000C2BF6268D218626008B0BDE8F087000099
:10ACF00010B5DFED217A20EE270A2DED028BC0EE94
:10AD0000208A002343618361C36103620446B0EE7D
:10AD1000680A1FF0B9F8B0EE408AB0EE680A1FF07A
:10AD20007BF8F7EE007AB6EE006AB0EE677AA8EE2E
:10AD3000067A2046F0EE676A37EE075A77EEC07A59
:10AD400070EE005AE8EE466A87EE856A87EE875A0B
:10AD5000C5EE877A84ED006AC4ED037AF1EE667A77
:10AD6000C7EE876A84ED015A84ED026AC4ED046A75
:10AD7000BDEC028B10BD00BFDB0FC940B0EE407AC6
:10AD80009FED1D6A90ED070AF0EEC77AF4EE467A61
:10AD9000F1EE10FA2ED8D0ED056AD0ED017AD0EDA3
:10ADA000005A90ED025A80ED057A66EEA77AE7EE3A
:10ADB000257AD0ED065AC0ED066AE5EE257AD0ED8B
:10ADC000035A90ED045AE5EEC07AD0ED085A80EDB2
:10ADD000080AE5EE657AF0EEE75AF4EEC65A9FED02
:10ADE000076AF1EE10FA88BFF0EE467AC0ED077AF6
:10ADF000B0EE670A704700BFFFFF7F7F00000000D2
:10AE000010B5F2EE040AB0EE000A0446FFF770FF38
:10AE100000200021C4E90A01002384F824302363C0
:10AE2000204610BD38B5044615460AB9A06A38BD9B
:10AE300091ED010AD1ED007A20EE000AA7EEA70AF3
:10AE4000D1ED027AA7EEA70A1EF0C4FFF7EE007A52
:10AE500030EE670A2046B0EEC00AFFF78FFF94F885
:10AE60002430DFED157ACBB1D4E90A32B4EEE70A2B
:10AE70005B1942F10002F1EE10FAC4E90A324FF018
:10AE8000000108D5236B1D44C82D2563CED984F855
:10AE900024102163CAE700232363C7E7B4EEE70A5F
:10AEA000F1EE10FAF7DD226B1544C82D2563BDD9EC
:10AEB000012284F82420EFE70AD7A33D30B5002310
:10AEC00080F824300024002503630023C0E90A45EC
:10AED0000362C3618361436130BD38B5002300253F
:10AEE00004460360436083600573F2EE040AB0EE2B
:10AEF000000A1030FFF7FCFEF2EE040AB0EE000A82
:10AF000004F13400FFF7F4FEF2EE040AB0EE000A9A
:10AF100004F15800FFF7ECFE00220023C4E92023CF
:10AF200084F87C50C4F88850204638BD7FB503466D
:10AF30001AB9D3F8800004B070BD007B28B907C9E6
:10AF400083E8070001221A73F3E71C4603F110009F
:10AF500001AD03F17C06B1EC010AD4ED007AA4EC5A
:10AF6000010A30EE670AB0EEC00AFFF707FF24308F
:10AF7000B042A5EC010AEED193F87C409DED017A38
:10AF8000DFED257AD3E9201064B35118B4EEE77AE7
:10AF900040F10000F1EE10FAC3E920104FF0000478
:10AFA00036D59DED027AB4EEE77AF1EE10FA2FD5A0
:10AFB0009DED037AB4EEE77AF1EE10FA28D5D3F8D6
:10AFC00088100A4442F63C018A4294BFC3F88820A4
:10AFD000C3F88810B2F5967F84BF83F87C40C3F82D
:10AFE0008840A6E7B4EEE77AF1EE10FA0DDC9DEDAD
:10AFF000027AB4EEE77AF1EE10FA06DC9DED037A00
:10B00000B4EEE77AF1EE10FA02DD012283F87C203B
:10B010000022C3F888208CE78FC2F53C30B50023AE
:10B0200000220024002580F87C30C0F888300373AB
:10B03000C0E9204502604260826000F110037C306C
:10B04000834200D130BD1A62DA619A615A612433B9
:10B05000F6E7000038B5002300250446036043608E
:10B0600083600573F2EE040AB0EE000A1030FFF7B9
:10B070003FFEF2EE040AB0EE000A04F13400FFF7DE
:10B0800037FEF2EE040AB0EE000A04F15800FFF7B2
:10B090002FFE064B84F87F501A889B78A4F87C20FA
:10B0A00084F87E30C4F88050204638BD4C1603002A
:10B0B000F0B5034685B032B1007B38B907C983E8E3
:10B0C000070001221A73002005B0F0BD01AC03F1A6
:10B0D000100003F17C0726461D46B1EC010AD5EDB0
:10B0E000007AA5EC010A30EE670AB0EEC00AFFF75D
:10B0F00045FE2430B842A6EC010AEED100209FEDB7
:10B100001E7ADFED1E6A03F17B0103F17E06012743
:10B11000844611F8015FF4EC017AFDB1F4EEE67AB1
:10B12000F1EE10FA02DD81F800C02846B142F0D1FC
:10B1300093F87F10C9B1D3F880100A4442F2A67187
:10B140008A4294BFC3F88020C3F88010962ABAD9E7
:10B15000002283F87F20C3F88020B4E7F4EEC77A9A
:10B16000F1EE10FA48BF0F70E0E70028ABD00122E3
:10B1700083F87F20A8E700BF0AD7233CCDCC4C3D05
:10B180000D4B00F17C0219889B78A0F87C1093701D
:10B19000002380F87F30C0F8803003730023036001
:10B1A000436083601030904200D170470362C361F6
:10B1B000836143612430F6E74C16030010B5044662
:10B1C000FFF71EFE04F13800FFF787FE04F1C80008
:10B1D000FFF740FF204610BDF8B50D461646044661
:10B1E0001A46314628461F46FFF71CFE3A462060A5
:10B1F000314605F13800FFF799FE3A466060314666
:10B2000005F1C800FFF754FF95F8243020720BB900
:10B2100095F8B43063722046F8BD08B5FFF74EFECE
:10B2200001463830FFF7FAFEBDE8084001F1C800DA
:10B23000FFF7A6BF0A68027010B5140A4470140C18
:10B24000120EC2704A688470140A02714471140CA0
:10B25000120EC2718A688471140A02724472140C4C
:10B26000120EC2720A7B8472003A18BF0122027366
:10B270004A7B003A18BF01224273B1F90E20827353
:10B28000C2F30722C273B1F910200274C2F307227D
:10B290004274B1F912208274C2F30722C27410BD45
:10B2A00038B50546044645F8041B302200212846DF
:10B2B0001FF090FD104B6360104BC4E90234122361
:10B2C000A38204F15403A3612022002104F134007D
:10B2D0001FF080FD0123002184F83430084BA36364
:10B2E0002564A4F8541084F85610142204F1580070
:10B2F0001FF070FD204638BD4F1603004FB300000D
:10B300006016030010B500F13404204609F0BAFFBE
:10B3100020B92046BDE8104009F090BF10BD10B51F
:10B32000B0F854308B4286B014460ED100F158016B
:10B330006846FFF77FFF60681622694616F079F8C5
:10B34000002818BF112006B010BD0020FBE71846EA
:10B35000FFF7E5BFF0B50D46064600F158040F466D
:10B360000FCD0FC42B682360BFF35B8F96F8563068
:10B37000BFF35B8F87B013B9002007B0F0BD306812
:10B3800000F001FA431E9BB24FF6FD729342044651
:10B39000F2D839466846FFF74DFF1621684605F09A
:10B3A00027FF02460028E7D0B6F8541020460AF0DE
:10B3B0004DFF18B1C31F58425841DEE70120DCE7BA
:10B3C000B0F854308B4206D1BFF35B8F012380F875
:10B3D0005630BFF35B8F7047B0F854308B4206D1C4
:10B3E000BFF35B8F002380F85630BFF35B8F70474D
:10B3F000F8B5124E3368F3B9114F124C3D68BFF3E4
:10B400005B8F15F0010515D138461EF064FC88B13C
:10B410002046FFF7D3FE1C22294604F5AA70C4F883
:10B4200050511FF0D7FC002200233846C4E95C23AA
:10B430001EF05DFC34603068F8BD00BFA01A00202B
:10B440002419002028190020C0F85011FFF7E5BE8C
:10B4500070B513460D46D0E95C21D21888B041F191
:10B4600000010446C0E95C2101462A466846FFF710
:10B47000B3FEDDE9006307EE903AF8EE676ADFEDB0
:10B48000297A9DF808109DF8092084F85C1186EE51
:10B49000A77AC4E9556384F85D212868C4F864017B
:10B4A0006868C4F86801A868C4F86C01D4F8500151
:10B4B000DFED1D7A27EE277AB4EE677AF1EE10FA07
:10B4C000C8BFB0EE677A84ED587A48B395ED007A3C
:10B4D000059327EE277AD4F870418DF81810BDEE49
:10B4E000C77A03A917EE103A95ED017AADF81A3034
:10B4F00027EE277ACDE90346BDEEC77A8DF81920ED
:10B5000017EE103A95ED027AADF81C3067EE277A07
:10B51000FDEEE77A17EE903AADF81E30FFF71AFF0E
:10B5200008B070BD00BA5B4A0000C84200487047CE
:10B53000A41A002006EE901A07EE102A07EE903AA1
:10B540001FB59FED0F6A069CF8EEE66AB8EEC77A63
:10B55000F8EEE77A66EE866A27EE067A67EE867A76
:10B56000CDED016A8DED027ACDED037A2CB1FFF7B6
:10B570003FFF224601A9FFF76BFF04B010BD00BFDB
:10B580000000803A0048704718000020704770475C
:10B590002DE9F3471E460C9BDDF83CA0C0F810A037
:10B5A0000446C0E90263C0E9001214300D460A9F48
:10B5B00004F5237900F090FE04F5E27000F0AEFB94
:10B5C0003146484600F034FC04F549783A462946AD
:10B5D00004F52C7001F0B6FA3A462946404600F0D0
:10B5E0001BFD314604F5567001F076FA214604F54C
:10B5F000717001F065FB314604F5B56001F0BAFDEC
:10B6000004F5D46002F004FB0B9904F2847001F09D
:10B61000C7FE3A46294604F2F47002F025FA0D9A64
:10B62000214604F6680002F001FC0E9A214604F659
:10B63000C40002F08FFC214604F63C10FFF730FEF8
:10B640005246294604F6A81001F00AFF694604F69E
:10B650002830CDE9009802F086FA4FF6FF730021FA
:10B66000A4F8363B84F8381B102204F639301FF05A
:10B67000B1FB204602B0BDE8F087000010B5B6B0BF
:10B6800004460A22002103A81FF0A4FB6022002127
:10B6900006A81FF09FFB602200211EA81FF09AFB46
:10B6A00040F20223ADF80C3094F8383B0E2B40D812
:10B6B0002022ADF80E2001332F22ADF8102084F89F
:10B6C000383B06238DF818301E4B1F490793BDF8F1
:10B6D00020301E4825900B4040F201121343ADF874
:10B6E00020301B4B0B93BDF830300B401A438023A6
:10B6F000ADF830208DF83A3020F0E8FA9DF8993016
:10B700008DF8980043F0010306A88DF8993008F0F1
:10B7100011FA1EA808F01FFA0E4B0093019494F83A
:10B72000340B03AB4FF4FA62002108F005F936B090
:10B7300010BD40F26463ADF80E3040F27363ADF8B3
:10B740001030BEE77216030000FEFFFFF5DB0200BB
:10B7500076160300E5BA000008B5002017F008FCD3
:10B76000024B1868BDE80840FFF788BFA81A002000
:10B77000B0F8361B4FF6FF73994203D000F628301D
:10B7800002F014BA7047B0F8360B70470A46B0F8AA
:10B79000361B4FF6FF73994203D000F2847001F01C
:10B7A0004DBE704710B504464068FEF737FF60682D
:10B7B000FEF72FFF002384F8383B2046BDE81040F9
:10B7C000FFF75CBF10B504464068FEF72AFF6068CB
:10B7D000FEF71AFF48B1B4F8360B132108F002FA4D
:10B7E0006068BDE81040FEF714BFBDE8104008F0E7
:10B7F00099B800002DE9F041ADF5687D0E4604468C
:10B800004FF42072002148A81FF0E4FA2022002102
:10B8100002A81FF0DFFA502200210AA81FF0DAFA6E
:10B82000D6F80B00B6F80F20737C02900AA902A884
:10B83000ADF80C208DF80E300CF0EEFA04F6393825
:10B840000546102241460AA81FF09AFA002866D041
:10B8500010220AA9404620F01BFA2022002102A84B
:10B860001FF0B8FA502200211EA81FF0B3FAD6F834
:10B870000B00B6F80F20737C02901EA902A8ADF849
:10B880000C208DF80E300CF0D0FA2D1847D1202264
:10B89000294602A81FF09EFAD6F80B00B6F80F2032
:10B8A000737C029001A90320ADF80C208DF80E30B6
:10B8B00001950CF0D3FB48AE3746019BAB4232DC1E
:10B8C00020680E2103F0FEFA236893F8B43B002BA6
:10B8D00032D01F4A20694FF4817333A904F099F9DB
:10B8E0000546C0B950230AAA33A9206904F09AF981
:10B8F00050231EAA33A9206904F094F9206901237A
:10B9000001AA33A904F08EF9019B2069AB4217DC30
:10B9100033A904F081F920680D2103F0D3FA0DF565
:10B92000687DBDE8F081394602A88DF812300135F6
:10B930000CF0A7FA5037C0E705201AF059FBC3E70F
:10B940003246102333A904F06DF901355036DBE798
:10B9500000DC020070B50B788CB004460D46112B4C
:10B9600015D8DFE803F0173714141414141414094D
:10B970004F5FB5147F1414AB4068FEF74DFE30B135
:10B980006068FEF741FE10B92046FFF777FE002001
:10B990000CB070BD4B6893B100F5237000F057FAFE
:10B9A00004F5497000F084FB4FF6FF73A4F8363BB2
:10B9B0006068FEF72EFE002384F8383BE4E70B892D
:10B9C000A0F8363B4068FEF721FE2068052103F011
:10B9D00079FADCE70B7A5A0702D50831FFF70AFF3C
:10B9E00004F5237000F033FA04F5497000F060FBB1
:10B9F0004FF6FF736068A4F8363BFEF705FE00289B
:10BA0000C5D0D5E74B68002BC1D1288901A907F023
:10BA1000A1FD9DF804305B07B9D501A92046FFF7C9
:10BA2000E9FEB4E70E79032EB1D11422002101A85A
:10BA30001FF0D0F98DF80460284E0EF0B3FEB0422E
:10BA4000FBD8274BB0FBF3F203FB120063680290B4
:10BA5000D8612068132103F035FAA88901A906F0FE
:10BA6000A5FE94E70B7A022B0FD1E98804F6680053
:10BA700002F064FAE98804F6C40002F042FBE988A7
:10BA800004F63C10FFF7A8FC81E74B7A03F00303B0
:10BA9000022B0FD1C98800F6680002F043FAE9884A
:10BAA00004F6C40002F017FBE98804F63C10FFF727
:10BAB00087FC6CE7012B7FF46AAFD6E701A9A88861
:10BAC00007F048FD0DF10F000CF09BFA01205FE735
:10BAD00000F5497000F0B4FA59E700BF7F3DF1FF6F
:10BAE00040420F000B4601461846FFF733BF0000E7
:10BAF00030B5C1B000238DF80730224A0446012337
:10BB000000692BA904F085F8054670BB0146502258
:10BB100002A81FF05FF9502302AA2BA9206904F0A4
:10BB20007EF802A80CF07DF95022294602A81FF0E9
:10BB300051F9502302AA2BA9206904F070F802A839
:10BB40000CF078F9206901230DF107022BA904F00C
:10BB500066F89DF807302069AB4208DC2BA904F099
:10BB60005BF80849206904F064F841B030BD102347
:10BB700016AA2BA904F053F816A80CF087F9013582
:10BB8000E7E700BF00DC020037B5044604F09EFC86
:10BB900000286CD0434B444A1C60444BDA60444A52
:10BBA0001A61444A1A6217F09FF917F0C1F904F5B7
:10BBB000E27000F083F804F5237000F047F904F513
:10BBC000567000F0E9FE04F5717001F059F804F5C3
:10BBD000B56001F019FB04F5D46002F08BF804F5B0
:10BBE0002C7000F0A3FF04F1140000F048FB04F2F5
:10BBF000847001F0FDFB04F2F47001F05FFF04F6C5
:10BC0000680002F045F904F63C1504F6C40002F0A1
:10BC1000DBF92846FFF776FB04F6A81001F056FC86
:10BC2000FFF7E6FB2946FFF70FFC002017F0A0F90D
:10BC300004F6343100200CF0FBFE1F4817F03AF9EF
:10BC40006D46C22017F04AF9294694F8340B0022B9
:10BC50000CF0C9FE95E8030063681861998294F8B6
:10BC6000343B032B0AD8DFE803F0061316190A2029
:10BC70001AF0BEF98AE7636800229A6109F068F851
:10BC80002046FFF735FF2046FFF7F8FC03B030BD34
:10BC900063680122F1E763680222EEE7636803222A
:10BCA000EBE700BFA81A00208FB500003400002089
:10BCB00059B700006D800100F5DB020010B500F1FE
:10BCC000A804204609F0DEFA2046BDE8104009F03D
:10BCD000B5BA000038B58B6818680C460CF076FDD4
:10BCE000A0F52850243880B205280FD8084B646886
:10BCF00053F8205028461FF0E9FF294682B220461B
:10BD000015F097FB002818BF112038BD0E20FCE766
:10BD10008816030011461846FFF7DCBF10B5A822AD
:10BD2000002104461FF056F81A4A1B491B4B23609A
:10BD3000C4E906121A492462C4E90C121949A46321
:10BD4000C4E9121218492465C4E918121749A466F7
:10BD50000223C4E91E12C4E9012423822385A4F826
:10BD60004030A4F85830A4F87030A4F88830C4F8F3
:10BD700080402022002104F1A8001FF02BF80123AD
:10BD800084F8A8300A4BC4F8AC30C4F8B44020465C
:10BD900010BD00BF15BD0000B0160300B4160300AF
:10BDA000AC160300A8160300A4160300A016030097
:10BDB000B8160300F0B587B0002302AD02930593D7
:10BDC000C5E90133936804460F4616463BB102228B
:10BDD000314628469847F3680593B368049395E87D
:10BDE00003006A4604F1140382E8030093E80300A9
:10BDF00085E8030092E8030083E80300049AE369FE
:10BE0000216AE261059A0493059122621BB1032223
:10BE1000294628469847044A04492346384607B02D
:10BE2000BDE8F0400AF04AB9C9BE0000CC160300D4
:10BE3000054AC0E900210022C0E90522C0E9072225
:10BE400002728273704700BFC4160300704700235C
:10BE500003728373704707B58268ADF806100AB99C
:10BE60001DF05FFFC3680DF10601984703B05DF850
:10BE700004FB000037B504461D46084693B91388F5
:10BE80000E2B1AD1237A43B100940D4BA2896189FC
:10BE90000AF03FF9012003B030BD04F11400FFF7B0
:10BEA000DAFFF7E70748191D0CF033FC28B9012326
:10BEB00023722B8863816B88A3810020EBE700BF8E
:10BEC00029BF0000CC16030010B5044618461346DF
:10BED0000A462146FFF7CEFF10BD000038B50446E4
:10BEE0001D46084683B913880E2B06D1A37B33B1B8
:10BEF0000B4A218A23460AF04FF9002038BD04F18D
:10BF00001400FFF7A8FFF8E7064803F108010CF05A
:10BF100000FC0028F1D10123A3736B882382ECE796
:10BF200089BF0000C816030010B404461846134623
:10BF30000A4621465DF8044BFFF7D0BF30B50D46E9
:10BF40001188044689B01846B1B905AB0A22406889
:10BF500015F0F3FA9DF81A3002939DF81930019309
:10BF60009DF8183000939DF816209DF81730BDF805
:10BF700014106068FEF71AFC04F114002946FFF75C
:10BF80006AFF002009B030BD10B4044618461346BD
:10BF90000A4621465DF8044BFFF7D0BFF0B587B0E5
:10BFA000002302AD02930593C5E90133936804466B
:10BFB0000F4616463BB10222314628469847F368A1
:10BFC0000593B368049395E803006A4604F12003DF
:10BFD00082E8030093E8030085E8030092E8030089
:10BFE00083E80300049AA36AE16AA262059A0493B3
:10BFF0000591E2621BB10322294628469847044A6C
:10C0000004492346384607B0BDE8F0400AF056B868
:10C0100019C10000F016030010B5084C046000249C
:10C02000C0E90144C0E90344C0E90612C0E908447C
:10C03000C0E90A4484828475048610BDD8160300C2
:10C040002DE9F0410A8983899A429CB005462CD19A
:10C05000D1F80480B8F81040032C26D90134672C9D
:10C0600028BF6724261F6522002168461EF0B2FE05
:10C07000002732466B46032140461A97ADF86C7094
:10C0800015F05BFA04F16C030DEB0306E86906F8A2
:10C09000707C01236946033C8DF865401A93FEF7D6
:10C0A000CDFAA869032102F00DFF1CB0BDE8F081B4
:10C0B0000023C0E90133C0E903338382837503861B
:10C0C0007047000037B504461D46084693B91388EB
:10C0D0000E2B1AD1A37D43B100940D4BE288A188A9
:10C0E0000AF017F8012003B030BD04F12000FFF77B
:10C0F000B2FEF7E70748191D0CF00BFB28B92B8897
:10C10000A3806B88E3800123A3750020EBE700BFC9
:10C11000E9C10000F016030010B5044618461346A6
:10C120000A462146FFF7CEFF10BD000073B51D463D
:10C1300013880446084633B30E2B18D0014604F189
:10C140002000FFF788FE002002B070BD6B882381BD
:10C15000F9E76B886381F6E76B88A3812B882382DC
:10C16000012384F83030EEE76B886382EBE765B932
:10C1700094F83030002BE1D00094154BE288A1896F
:10C1800009F0E7FFDFE7002DDDD005F108061148D3
:10C1900031460CF0BEFA0028D8D00F4831460CF0DA
:10C1A000B8FA0028D5D00D4831460CF0B2FA002874
:10C1B000D2D00B4831460CF0ACFA0028D4D0094854
:10C1C00031460CF0A6FA0028BDD16B88A382BAE7ED
:10C1D00069C20000EC160300E8160300E416030031
:10C1E000E0160300DC16030010B40446184613469C
:10C1F0000A4621465DF8044BFFF798BF08B5014693
:10C2000003F12000FFF727FE002008BD7FB512884C
:10C21000089E04460D46DAB982899A4215D1104823
:10C22000311D0CF076FA80B1E38973B901233188AE
:10C23000ADF80C3084F831300A4BE18103AA009349
:10C2400001940223284609F0EAFF002004B070BDE3
:10C2500090F83130002BF8D12030FFF7FCFDF4E7E7
:10C26000E4160300FDC1000010B4044601980193D8
:10C2700013460A4621465DF8044BFFF7C7BF10B5C9
:10C2800000F5B674204608F0FDFF2046BDE81040DA
:10C2900008F0D4BF08B50B46022200F58471184699
:10C2A00015F0C7F8002818BF112008BD13B50022EB
:10C2B000074BC0E90122044600934FF47A7103460C
:10C2C00004481AF02BF92060204602B010BD00BFD0
:10C2D00035C4000027DC020073B5002583604FF4ED
:10C2E000E8230446C0E90012C0E90635C0E9045558
:10C2F00005730562A0F8EC50F030FFF7D7FF04F5A6
:10C3000086760823A4F808312946602230461EF0BC
:10C3100061FD214BC4F80C310422204BA4F81C21F0
:10C320001F4AC4F82C41C4E949231822A4F8342137
:10C330001C4AC4F84441C4E94F23C4E944340223ED
:10C34000A4F84C3104F58473C4F8503129462022F6
:10C3500004F5B6701EF03EFD012384F86C31124BDB
:10C36000C4F87031114BC4F87861C4E96555C4E96B
:10C370006755A4F89251C4F8A451A4F8A8512A46CC
:10C38000009342F21071234609481AF0C7F8C4F826
:10C39000AC01204602B070BD1617030085C900002D
:10C3A00005170300F41603007616030099C4000075
:10C3B00027DC020073B505460E46AC6810461946E8
:10C3C000069AACB90A2A15D8AA60E880AE8005F1B1
:10C3D0000C001FF05DFC2D6819F014FD009402465E
:10C3E0002346012128461AF0B3F8012002B070BD9F
:10C3F0000020FBE72046F9E738B518460C46BDF8A3
:10C400001010154604F0F4FE294602462046BDE809
:10C41000384009F01BBF836813B5044643B100934D
:10C42000C288818800F10C03FFF7E6FF0023A360B8
:10C4300002B010BD08B51AF0BFF9BDE80840FFF71B
:10C44000EABF07B50023C0E9013300931A46032170
:10C4500000681AF07DF803B05DF804FB10B5002306
:10C460000446A0F89231C0F8A431A0F8A831C0E980
:10C470006533C0E96733F030FFF7E3FF6068FEF72C
:10C48000D6F820680721BDE8104002F01BBD4368C4
:10C490000322DA60FFF7E2BF08B51AF08DF9BDE8B4
:10C4A0000840FFF7F4BF000030B5094B05460FCB3D
:10C4B00085B06C4684E80F002969286801F57F3152
:10C4C0001023224601F57C71FCF7F8FD05B030BD64
:10C4D0002817030070B50379044615468BB300F1A5
:10C4E0001C06406930441FF0D3FB63692B44C82B02
:10C4F00063610CD1A1692068324601F58021FCF707
:10C50000DDFDD4E905231344A3610023636163695E
:10C51000BBB1A169E2685818904212D13246206836
:10C5200001F58021FCF7CAFDD4E905231344A3617A
:10C53000D4E903239A4204D22046BDE87040FFF7B5
:10C54000B3BF70BD38B5054600242B69A34200D89F
:10C5500038BD04F580212868FCF76CFD04F5805493
:10C56000F3E723B118880A44914203D170474FF68C
:10C57000FF70F8E711F8013B40BA80B24340C3F3C3
:10C580000310584000B280EA003000B2430103F4C7
:10C59000FF53584080B2E7E72DE9F34105460020FC
:10C5A0004FF00108064605F11C07EC68ADF80600DF
:10C5B000B44207D8B5F8E4301B1A5842584102B0CB
:10C5C000BDE8F081A41BC82C28BFC82428682346D6
:10C5D0003A4606F58021FCF70BFDB8F1000F09D0B3
:10C5E0000023224639462846FFF7BBFF26444FF07A
:10C5F0000008DAE70DF10603F3E700007FB51368E2
:10C600001A78013A04460D46072A21D8DFE802F0DD
:10C6100004233E538720203A90F89251C5B95B78A5
:10C62000042B15D1022380F892314068FDF7FCFFFE
:10C6300063680122DA6060684FF0FF31FDF7FAFFAE
:10C6400060682946FDF7F8FF2068062102F03AFCF1
:10C65000002004B070BD90F89221012AF8D15B78D7
:10C66000002BF5D04FF40473ADF80C300323009386
:10C670008DF80E2003ABB0F88E212946F030FFF77D
:10C6800099FEE5E75B7880F89331E1E790F8923125
:10C69000012BDDD1D0F8A411B0F8A8212373002319
:10C6A000C4E9073314200323C4E90401A4F8EC20EF
:10C6B00084F89231CCE790F89231042BC8D108303D
:10C6C000FFF76AFF034604F1F0009BB1052384F8ED
:10C6D000923163680222DA60154B1A889B788DF8D4
:10C6E0000E3003230093ADF80C2003ABB4F88E2179
:10C6F0002946C4E70F4B03261A8800969B78ADF8AD
:10C700000C208DF80E30B4F88E2103AB2946FFF7CC
:10C7100051FE6368DE602046FFF7A0FE98E790F8C0
:10C720009231052B94D143680222DA60F3E700BF0F
:10C7300039DC02003DDC02000246007920B1D068FD
:10C7400093691B1A58425841704700002DE9F04187
:10C7500084B090F89231022B02AF04460E46154683
:10C7600008D0032B5CD0012B32D000200837BD4607
:10C77000BDE8F08113681B68C0F89C3113685B68E2
:10C78000C0F8A03113689968C0F8A4114068FDF79B
:10C7900051FF236893F8B43BB3B104F10800FFF7ED
:10C7A000D1FE464B1A889B78BB7003233A803146F2
:10C7B000B4F88E21009304F1F0003B46FFF71CFE15
:10C7C000012384F89231D0E7052019F011FCE0E74D
:10C7D00011680B895A0007326E46D208A6EBC202D6
:10C7E00095460DF1080C01F10A000022934200F178
:10C7F00002000BDC053301EB430211F813305278D1
:10C8000003EB0223A4F8A831B546AEE710F801EC1B
:10C8100010F8025C05EB0E252CF812500132E5E70A
:10C82000D0F894310133C0F8943100F10808D2886F
:10C8300029684046FFF74EFED4F89831E9886068D1
:10C840001944C4F89811FDF7F7FE94F89321D4F831
:10C850009431B3FBF2F102FB1133C3B9D4F8983130
:10C86000D4F8A421934212D011223A701A0A7B7094
:10C87000BA701A0C1B0E3B710523FA703146B4F8DE
:10C880008E21009304F1F0003B46FFF7B5FD4046D2
:10C89000FFF752FF00283FF468AF094B1A889B78D6
:10C8A000BB7003233A803146B4F88E21009304F123
:10C8B000F0003B46FFF7A0FD042382E741DC0200C5
:10C8C00045DC02002DE9F3411D4643689B78044690
:10C8D0000F46164653B1D0F8AC8119F093FA0023F5
:10C8E000024600930121404619F032FE21492248B8
:10C8F00004F5C673002208F08DFC20491E4804F59B
:10C90000C773002208F086FC04F5C8731C491A4856
:10C91000002208F07FFCB4F88C31B3420AD12B78A6
:10C92000012B23D16A683946204602B0BDE8F041A8
:10C93000FFF70CBFB4F88E31B3420AD12B78012B2C
:10C9400014D16A683946204602B0BDE8F041FFF7CD
:10C9500055BEB4F89031B34208D12B7833B9696829
:10C96000204602B0BDE8F041FFF794BC002002B0C1
:10C97000BDE8F081161703007616030005170300C3
:10C98000F416030010B40446184613460A4621461E
:10C990005DF8044BFFF796BF10B500F14804204640
:10C9A00008F070FC2046BDE8104008F047BC30B5E8
:10C9B0000A78012A89B005460C461ED1606805AB8D
:10C9C0000A22002114F0B9FD002802DA0D2009B076
:10C9D00030BD9DF81A3002939DF8193001939DF8EF
:10C9E000183000939DF816209DF81730BDF81410EC
:10C9F000A86EFDF7DBFE0020E9E7002AFBD1836E7D
:10CA00006068596901F26C71ADF81410196901314F
:10CA10008DF81610D9688DF8171099688DF81810D0
:10CA200059688DF819101B688DF81C2005A90A2279
:10CA30008DF81A3014F0FDFC002818BF1120C6E74D
:10CA400037B50B78012B05460C4613D1606801AB56
:10CA50000222002114F071FD002802DA0D2003B03B
:10CA600030BD9DF905209DF90410A86EFDF70DFE5F
:10CA70000020F4E7002BFBD1836E60689B8CADF83F
:10CA80000430022201A914F0D4FC002818BF1120A0
:10CA9000E5E738B58B68054618680C460BF096FE3E
:10CAA00042F60F23984209D042F62B2398420BD12D
:10CAB00021462846BDE83840FFF779BF2146284681
:10CAC000BDE83840FFF7BCBF4FF0FF3038BD11461E
:10CAD0001846FFF7DEBF000038B5482204460D4671
:10CAE00000211EF077F90D4A0D4B0E4923600A23F1
:10CAF000C4E90612C4E9012423822385246220228A
:10CB0000002104F148001EF065F9012384F8483043
:10CB1000054BE3646465A566204638BDCFCA0000B6
:10CB2000381703003C1703004017030010B500F14D
:10CB30004804204608F0A6FB2046BDE8104008F057
:10CB40007DBB000070B504460E4615460021482204
:10CB50001EF040F90F4B236008220F4B22820F4A30
:10CB60002462C4E90623C4E901341023238504F1B7
:10CB70007003E3622022002104F148001EF02AF92C
:10CB80000123C4E91A6584F84830054BE364646501
:10CB9000204670BD5617030037CC00004417030031
:10CBA0005A1703002DE9F04791F80090B9F1010FF1
:10CBB0009EB006460D463AD1D1F804A0BAF810400E
:10CBC000032C34D90134672C28BF6724271F652222
:10CBD000002102A81EF0FEF84FF000083A4602AB12
:10CBE00003215046CDF87080ADF8748014F0A5FC98
:10CBF0000DF107034A464146686814F09EFC04F1B3
:10CC000074030DEB03079DF80730F06E07F8708C86
:10CC1000032B14BF0123042302A9033C8DF86D40AC
:10CC20001C93FDF70BFDB06E032102F04BF90020C1
:10CC30001EB0BDE8F08711461846FFF7B3BF0000ED
:10CC400008B50368002B02DA0C481DF067F88B4228
:10CC50000AD9B3EB410F4FEA410205D2002AB6BF11
:10CC60006FF00043026003600068013001D51DF0E1
:10CC700052F8BDE808401DF03DB800BF49DC020095
:10CC800010B500F5A874204608F0FCFA2046BDE86F
:10CC9000104008F0D3BA034653F8082B9A4214BF49
:10CCA00080680F207047012A30B403D10B780370DD
:10CCB00030BC7047002AFBD030BC1EF0E9BF00003A
:10CCC0002DE9F04700F5BE7300250446C0E95D3547
:10CCD00000F5CA73C0E96335A0F8705180F87C5143
:10CCE00080F8945100F5D6700E46C4F8A40170493E
:10CCF000704FDFF8F4A10B22FFF7D5FF0B23C4F828
:10CD0000A831C4F8DC614FF07E531826C4F8D43142
:10CD100032462946C4E97055C4E9725584F8B751C2
:10CD200084F8BC51C4F8D051A4F8D85120461EF064
:10CD300051F8614B23604FF0100904F5B87363613B
:10CD400032462946C4E90174A4F81090A0191EF0D7
:10CD500041F85A4B24624FF00A08C4E906373246BC
:10CD60002946A4F8288004F130001EF033F8544B13
:10CD7000A463C4E90C3732462946A4F8408004F184
:10CD800048001EF027F84F4B2465C4E9123732469D
:10CD90002946A4F8588004F160001EF01BF84A4BA5
:10CDA000A466C4E9183732462946A4F8708004F115
:10CDB00078001EF00FF8454BC4F88040C4E91E37D8
:10CDC00032462946A4F8888004F190001EF002F84B
:10CDD00032462946C4E924A7C4F89840A4F8A080A4
:10CDE00004F1A8001DF0F6FF32462946C4E92AA73F
:10CDF000C4F8B040A4F8B88004F1C0001DF0EAFF08
:10CE0000334BC4F8C840C4E9303732462946A4F849
:10CE1000D08004F1D8001DF0DDFF2E4BC4F8E040B7
:10CE2000C4E9363732462946A4F8E88004F1F00018
:10CE30001DF0D0FF284BC4F8F840C4E93C37324617
:10CE40002946A4F8008104F584701DF0C3FF234B2C
:10CE5000C4F81041C4E9423732462946A4F8188183
:10CE600004F590701DF0B6FF1D4BC4F82841C4E9CD
:10CE7000483732462946A4F8308104F59C701DF0ED
:10CE8000A9FF4A46294604F5A8701DF0A3FF012317
:10CE900084F85031134BC4F85431C4F85C414A460D
:10CEA000294604F5B0701DF095FF2046BDE8F087D7
:10CEB00061DC020049D100001918030008180300C2
:10CEC000E6170300F7170300D5170300C417030084
:10CED000A217030091170300801703006F170300C8
:10CEE0005E1703002A180300B3170300F0B50446C9
:10CEF00085B0476808460E461EF0E8FE0546204607
:10CF0000FFF7C9FE854201461BD82068B04211D800
:10CF1000C3199E420ED80023CDE900530146334683
:10CF20003A4620461CF00CFF2368656000225A55E3
:10CF300005B0F0BD002DF7D02A463146FFF7B3FE0D
:10CF4000F2E703A80395FFF77BFE2A463146074622
:10CF5000FFF7A9FE234653F8080B984203D0A168B7
:10CF600001311CF0B6FE039B2760A360DCE70000E4
:10CF70002DE9F0470B78012B00AF04460D462ED16A
:10CF80004868B0F810A0BAF1280FD14628BF4FF07A
:10CF9000280909F10803E846DB08A8EBC3039D460E
:10CFA0004A46002114F0C9FACA456E4608D90DEB6D
:10CFB00009032E2203F8012C03F8022C03F8032C9A
:10CFC000002306F80930AB68534918680BF0A1FB41
:10CFD00048B9314604F5D270FFF788FFC5460020F6
:10CFE000BD46BDE8F087AB684C4918680BF091FB73
:10CFF00018B9314604F5BA70EEE7AB6848491868CD
:10D000000BF087FB18B9314604F5C670E4E7AB684E
:10D01000444918680BF07DFB18BB3378002B14BF14
:10D020000123002384F8BC3104D018F0EBFEC4F8CF
:10D03000D001D3E718F0E6FED4F8D03194ED757A3C
:10D04000C31A07EE903AFBEECB7AD4F8C03167EE04
:10D05000877AFDEEE77A17EE902A1344C4F8C031C0
:10D06000BCE7AB68304918680BF053FB30B9337834
:10D07000003B18BF012384F8D831AFE7AB682B49D8
:10D0800018680BF046FB30B93378003B18BF01231A
:10D0900084F8D931A2E7AB68254918680BF039FB51
:10D0A00020B933681BBAC4F8C031BEE7AB68214968
:10D0B00018680BF02EFB20B933681BBAC4F8C431D2
:10D0C0008CE7AB681C4918680BF023FB20B9336868
:10D0D0001BBAC4F8C83181E7AB68184918680BF06F
:10D0E00018FB20B933681BBAC4F8CC3176E7AB68BB
:10D0F000134918680BF00DFB00287FF46FAF3368FD
:10D10000DFED106A1BBA07EE903AF8EEE77A87EE89
:10D11000A67A84ED757A61E7F7170300E617030036
:10D12000D5170300081803006F1703005E170300EC
:10D13000C4170300B3170300A217030091170300DD
:10D14000801703000000C84211461846FFF710BFC1
:10D1500010B503680279417902EBE372002402EB17
:10D16000012281791B1942EB0142C179181942EB66
:10D17000016110BDF8B5214B04460E46024603F18D
:10D18000100718685968154603C50833BB422A467C
:10D19000F7D11B782B701A4B04F1110203F1100127
:10D1A000174653F8040B42F8040B8B42F9D11B7855
:10D1B000137004F124053022002128461DF00AFED8
:10D1C000104B6762C4E90A340823A38604F1740390
:10D1D000A3632022002104F154001DF0FBFD012374
:10D1E00084F854300023A4652566A4F87430A6673B
:10D1F00084F8B03084F8F0302046F8BD3B180300C6
:10D200004C18030097D3000010B500F154042046D9
:10D2100008F038F82046BDE8104008F00FB82DE9B6
:10D22000F0474B681C6894F8009098B00646B9F136
:10D23000000F06D0B9F1010F50D0002018B0BDE8A2
:10D24000F0876578002DF8D1202204F1100168469E
:10D250001EF01EFDA01C8DF82050FFF779FFB4F9D9
:10D260000A90B4F90C80B4F90EE094F830C0074687
:10D270000D466B460DF137020DF1200A1C4603CC1A
:10D28000544510605160234602F10802F6D123781C
:10D29000137096F8B030ADF83090CDE90A7506F10C
:10D2A0008004ADF83280ADF834E08DF836C00AADB8
:10D2B00043B10FCD0FC40FCD0FC495E80F0084E824
:10D2C0000F00BAE70FCD0FC40FCD0FC495E80F00C4
:10D2D00084E80F00012386F8B030AEE76578002DB2
:10D2E000ABD1A01CFFF734FF282280460F466846CA
:10D2F00029461DF06FFDA27A052A28BF05226B463C
:10D300000B34954224DB6B460DF1320C0AAD1C4602
:10D3100003CCAC42CCF80000CCF8041023460CF14E
:10D32000080CF4D196F8F0308DF83020CDE90A875A
:10D3300006F1B8040BB316AA2B4603CB9342206028
:10D3400061601D4604F10804F6D11B88238074E750
:10D3500093F806E0B4F900C0B4F902002179A3F80B
:10D3600000C058801971BEF1000F03D00135083399
:10D370000534C6E783F80690F8E70FCD0FC40FCD4C
:10D380000FC40FCD0FC495E80300012384E8030008
:10D3900086F8F03051E711461846FFF740BF00000D
:10D3A00038B50546044645F8041B482200212846A6
:10D3B0001DF010FD0B4B63600B4BC4E902341223CC
:10D3C000A38204F16C03A3612022002104F14C002C
:10D3D0001DF000FD012384F84C30044B2365A56546
:10D3E000204638BD5E18030037D4000062180300E1
:10D3F00010B500F14C04204607F044FF2046BDE87C
:10D40000104007F01BBF07B51346B0F86C208A42E6
:10D410000FD10268586812798DF807200DF10701C5
:10D42000012214F006F8002818BF112003B05DF89F
:10D4300004FB0020FAE71846FFF7E5BF37B50546BD
:10D440000C460DF1070001218DF8072003F0D0FEF6
:10D45000B5F86C100246204608F0F8FE03B030BD67
:10D4600038B5042300F10C050446C0E9001203811D
:10D470004822002128461DF0ADFC0222A2830F4B5A
:10D48000E36004F174020E4B22620E4AE462C4E9C6
:10D490000923C4E904341A23A38604F17603A363A1
:10D4A0002022002104F154001DF094FC012384F893
:10D4B0005430054BA3652566204638BD7718030018
:10D4C00055DA0000661803008818030010B500F153
:10D4D0005404204607F0D6FE2046BDE8104007F071
:10D4E000ADBE2DE9F04FEDB0136800AF04460D4618
:10D4F000006893F800801721164601F0E3FC0A202B
:10D5000018F076FD2368D3F8B89BB9F1010F29D143
:10D510003422002107F120001DF05CFC4FF48472DE
:10D52000002107F1A8001DF055FC54220021B81875
:10D530001DF050FCB8F1300F00F0A4814AD8B8F1CA
:10D54000200F00F059810FD8B8F1100F00F0818042
:10D55000B8F1120F00F0F0802068182101F0B2FC41
:10D56000002051E16420CBE7B8F1220FF4D1D6F8C6
:10D570000080606821233B71D8F80430BB6004F15F
:10D58000790240F2031307F1540102F042FB064610
:10D59000B8B9D8F80420606807F1540102F045FBDF
:10D5A000061E09DBD8F80830606808F10C0207F1A4
:10D5B000540102F037FB0646606807F1540102F09F
:10D5C0002BFB002E6068B8BF7E7102F04AFBD8F8D2
:10D5D000042047E1B8F1500F00F07F81B8F1600FEF
:10D5E00000F0F581B8F1400FB6D131684E8806F1F0
:10D5F0000803E846DB08A8EBC3039D460022E94682
:10D600008DF800200DEB0600834240F06381324626
:10D61000103148461EF03CFB002109F806100F228D
:10D62000781D1DF0D7FB4123494660683B7102F02D
:10D630000FFB002808BF012078711021381D03F06E
:10D64000D7FDB4F876100246284608F0FFFDC5461F
:10D6500082E73668B6F80290B9F5807F00F2D28092
:10D6600004F1790A4A4606F10C015046A1441EF025
:10D670000FFB4FF0000B40F2111389F879B0BB801B
:10D6800073686068BB6007F1A802514602F0E6FAD1
:10D69000821C12D197F8A830022B0ED07871414627
:10D6A000381DC7E903BB03F0A3FD06463246B4F8B4
:10D6B0007610284608F0CAFD4EE7D7F8AC30B268BD
:10D6C0009A4294BF3A613B61FB605246012307F1E5
:10D6D0005401606802F09DFA7268606807F15401B5
:10D6E00002F0A3FA3B69DA1D22F00702E846ADEB2F
:10D6F000020D6A46002002F8010BE946991E002936
:10D7000016DA4A4607F15401606802F088FA1021DF
:10D710003861381D03F06CFD3A8A4946064613F01D
:10D7200088FE606807F1540102F076FAC546BDE74D
:10D7300002F8010B0139E2E73668606840F2111324
:10D74000BB8004F179087368BB6007F1A802414609
:10D7500002F084FA831C2FD197F8A830022B2BD02B
:10D760000023C7E9033378713B69002B3ED0DA1DF3
:10D7700022F00702E946ADEB020D6A46002002F8EE
:10D78000010BE846991E00292CDA424607F15401A4
:10D79000606802F044FA10213861381D03F028FD5A
:10D7A0003A8A4146064613F044FECD46606807F1CA
:10D7B000540102F031FA79E7D7F8AC30B2689A42F6
:10D7C00094BF3A613B61FB60424607F154016068D7
:10D7D000012302F01EFA7268606807F1540102F03A
:10D7E00024FAC1E702F8010B0139CCE71021381DFA
:10D7F00003F0FEFC0646D9E73668B6F80280B8F5B5
:10D80000807F06D94FF0FF3007F5DA77BD46BDE8D7
:10D81000F08F04F1790A424606F114015046A04403
:10D820001EF036FA002388F879303269C4F87C217A
:10D8300021223A71726860683B61C7E9022307F1EF
:10D84000540140F20313524602F0E3F930B9606824
:10D8500007F1540102F0E0F987F80590606802F0E2
:10D8600000FA7268D4F87C3100039B1AC0F553109B
:10D87000834294BF7B6178611421381D03F0B8FCAA
:10D88000024614E731684E8806F10803E846DB08D3
:10D89000A8EBC3039D460022E9468DF800200DEB5E
:10D8A0000600834213D13246043148461EF0F0F997
:10D8B000002309F80630606831234946BB8002F036
:10D8C000B8F9002808BF012078710221B6E603F8F4
:10D8D000012FE6E703F8012F96E631684A8802F146
:10D8E0000803E846DB08A8EBC3039D4600236E4609
:10D8F0008DF8003068460DEB020C604517D1B3542B
:10D90000043130461EF0C4F91A220021B81D1DF062
:10D9100061FA51233B716068012307F1200231460F
:10D920007B7102F089F940B178711C2186E600F81C
:10D93000013FE2E7FB680133FB60606807F1A80282
:10D9400007F1200102F07EF906460028F2D1606856
:10D9500007F1200102F079F94FF00109606807F141
:10D96000A80207F1200102F06DF900282ADD97F8DE
:10D97000A830012B1DD0022B20D007F1B0001EF0E3
:10D98000A5F91C21F880381D03F032FCFA88824684
:10D9900007F1B00113F04DFDB4F876105246284659
:10D9A00008F054FC642018F023FBBB680133BB6013
:10D9B000D4E7D7F8AC303E61FB61DEE7C7F81090E2
:10D9C000FE61DAE70023FB61FB803B61ADE736686F
:10D9D0007188731800209871B38803F10802E84633
:10D9E000D208A8EBC2029546E9468DF800006B44C8
:10D9F0009A4213D10731B288314448461EF048F9A3
:10DA0000B3886068002209F80320B11D61234A46EB
:10DA1000BB8002F020F943B2002B53E702F8010F5C
:10DA2000E6E738B5B0F87450954208D100F1080126
:10DA30000222586813F0FDFC50B9002038BDB0F840
:10DA400076409442F9D15A68BDE83840FFF749BDA5
:10DA50001120F3E710B40446184613460A4621463F
:10DA60005DF8044BFFF7DDBF38B500F1080504464B
:10DA7000C0E900124822002128461DF0ABF90C4BEA
:10DA8000A3600C4BC4E903340423238304F1700323
:10DA9000E3612022002104F150001DF09BF90123D5
:10DAA00084F85030044B6365E565204638BD00BFFF
:10DAB0009818030041DB00009C18030010B500F12A
:10DAC0005004204607F0DEFB2046BDE8104007F07A
:10DAD000B5BB000030B5B0F870308B429DB0044645
:10DAE00026D11378012B23D153681B681B78022B96
:10DAF00096BF114A114D52F8235000216522684605
:10DB00001DF068F9002328461A93ADF86C301EF01A
:10DB1000DDF82946024668461EF0BAF8606801231F
:10DB200069461A93FCF78AFD2068032101F0CAF9BF
:10DB300000201DB030BD00BF8C18030044DC020083
:10DB40001846FFF7C7BF012A02D1016000207047C5
:10DB5000022A05D0032AF9D0002AF7D10260F5E79E
:10DB60000B680360F2E70346021D03C982E8030065
:10DB7000184670471FB502680346106802681468AB
:10DB80000022CDE90032074B0393074B02936A460C
:10DB9000A047029B1BB1694603220846984704B080
:10DBA00010BD00BFC9DB000047DB0000021D0260A2
:10DBB000FFF7E0BF02680346043243F80C2B9A4299
:10DBC00001D0FFF7D7BF704709880068FFF7F2BFA1
:10DBD00008B50368002B02DA0C481CF09FF88B4252
:10DBE0000AD9B3EB410F4FEA410205D2002AB6BF72
:10DBF0006FF00043026003600068013001D51CF043
:10DC00008AF8BDE808401CF075B800BF49DC020086
:10DC100000F1A0032DE9F0410025C0F8983000F193
:10DC2000B8031826C0E92C3500F1D0030446DFF80C
:10DC3000C080C0F89C50C0E932353246294680F891
:10DC4000A05080F8B85080F8D0501DF0C3F80A27D3
:10DC5000224B236032462946A019C4E90184278259
:10DC60001DF0B8F81E4B2462C4E906383246294636
:10DC7000278504F130001DF0ADF81A4BA463C4E908
:10DC80000C3832462946A4F8407004F148001DF0D3
:10DC9000A1F8154B2465C4E91238324629461026EE
:10DCA000A4F8587004F160001DF094F8324629463B
:10DCB00004F178001DF08EF8012384F878300B4BC6
:10DCC000E367C4F884403246294604F188001DF019
:10DCD00081F8C4F8E0502046BDE8F081D318030075
:10DCE000C2180300B1180300A0180300E4180300D1
:10DCF00025DE000010B500F17804204607F0C2FAD6
:10DD00002046BDE8104007F099BAF0B5044685B04A
:10DD1000476808460E461DF0D9FF05462046FEF727
:10DD2000BAFF854201461BD82068B04211D8C319FA
:10DD30009E420ED80023CDE90053014633463A46B1
:10DD400020461BF0FDFF2368656000225A5505B090
:10DD5000F0BD002DF7D02A463146FEF7A4FFF2E7CA
:10DD600003A80395FFF734FF2A4631460746FEF71E
:10DD70009AFF234653F8080B984203D0A16801315B
:10DD80001BF0A7FF039B2760A360DCE7F8B50B78C7
:10DD9000012B00AF05460C4619D14868028A02F1F2
:10DDA00008036E46DB08A6EBC3039D4600210DF871
:10DDB000021013F0C2FBA368164918680AF0A9FC08
:10DDC00040B9694605F19800FFF79FFFB54600206E
:10DDD000BD46F8BDA368104918680AF09AFC18B946
:10DDE000694605F1B000EFE7A3680C4918680AF02E
:10DDF00090FC18B9694605F1C800E5E7A368084931
:10DE000018680AF086FC0028E0D19DF80030C5F8BB
:10DE1000E030DBE7D3180300C2180300B118030099
:10DE2000A018030011461846FFF7B0BF70B500F107
:10DE300008060446C0E9001215460021302230468B
:10DE40001CF0C8FF0F4BA3600F4BC4E9033412232F
:10DE5000238304F15803E3612022002104F13800F8
:10DE60001CF0B8FF012384F83830084BE36300232B
:10DE70002846666484F85A30214601F01FFA20468D
:10DE800070BD00BFF6180300D9DE00007216030053
:10DE900010B500F13804204607F0F4F92046BDE83B
:10DEA000104007F0CBB913B51446B0F858208A4299
:10DEB00003464FF000000DD15B688DF804001B7A1B
:10DEC00060688DF80530022201A913F0B2FA00282B
:10DED00018BF112002B010BD1846FFF7E4BF37B5D8
:10DEE000BFF35B8F90F85A30BFF35B8F0446BBB132
:10DEF00000238DF8051001A802218DF8043003F0ED
:10DF000077F905462068FDF73EFC431E9BB24FF6AD
:10DF1000FD72934204D8B4F858102A4608F096F9D6
:10DF200003B030BDB0F858308B4206D1BFF35B8FE1
:10DF3000012380F85A30BFF35B8F7047B0F8583038
:10DF40008B4206D1BFF35B8F002380F85A30BFF3BA
:10DF50005B8F704770B500F108060446C0E90012F7
:10DF600015460021482230461CF034FF04F17001B0
:10DF7000114B124AA360E1611223114923832386C6
:10DF800004F17203C4E90812C4E903246363A462C0
:10DF90002022002104F150001CF01CFF012384F812
:10DFA0005030084B6365002384F8743084F8753072
:10DFB000E665EC66204670BD0B19030049E00000E1
:10DFC000FA1803001C19030010B500F15004204694
:10DFD00007F058F92046BDE8104007F02FB913B5F7
:10DFE000B0F870308B4214460CD143681B68009324
:10DFF00004226068694613F01CFA002818BF11203B
:10E0000002B010BDB0F872308B421BD14368996BDF
:10E0100001F0070103EB41010A8DADF80020D96C36
:10E0200001F0070103EB41018A8FADF802201A6E5F
:10E0300002F0070203EB42030622B3F85030ADF8BA
:10E040000430D6E70020DBE71846FFF7C8BF37B536
:10E05000BFF35B8F90F87430BFF35B8F0446A3B1BE
:10E06000019104210DEB010003F0C2F80546206880
:10E07000FDF789FB431E9BB24FF6FD72934204D815
:10E08000B4F870102A4608F0E1F803B030BD37B597
:10E090000446BFF35B8F90F87500BFF35B8FC0B190
:10E0A000ADF8001068460621ADF80220ADF8043046
:10E0B00003F09EF805462068FDF765FB431E9BB202
:10E0C0004FF6FD72934204D8B4F872102A4608F055
:10E0D000BDF803B030BDB0F870308B4207D1BFF34C
:10E0E0005B8F012380F87430BFF35B8F7047B0F80B
:10E0F00072308B42FAD1BFF35B8F012380F8753009
:10E10000F2E7B0F870308B4207D1BFF35B8F00238A
:10E1100080F87430BFF35B8F7047B0F872308B4279
:10E12000FAD1BFF35B8F002380F87530F2E700006F
:10E1300010B5016042F210720921C0E90112DFF846
:10E1400030C00A49002243F69824C0E903429624CD
:10E15000C0E905C1048501210324C0E90822017733
:10E16000C46280F830204263018710BD03000100C3
:10E1700000000B0B70B5194D06460FCDA2B001ACD7
:10E180000FC40FCD0FC495E80F0084E80F00144AA8
:10E19000306801230DA901F03CFDE0B9302301AA4C
:10E1A0000DA9306801F03BFD30680DA901F034FD88
:10E1B000019B092B0FD101AA331D0BAD144603CCD3
:10E1C000AC4218605960224603F10803F6D120687A
:10E1D000186022791A7122B070BD00BF3019030097
:10E1E00094DC0200FFF7C6BF30B50024C0E901127D
:10E1F0000480C46040F20172847584610477002554
:10E200000024C0E90845828230BD00000000000003
:10E21000F0B587B00023044600931A460321006935
:10E2200018F096F9616802A8FCF726FBDDE90265A3
:10E23000C4E9086530A3D3E90023D4E908011FF03D
:10E2400093FACDE9040104A81CF0CCFD6368617D5C
:10E250001A7A914204D30FD1A27D1B799A420BD82E
:10E26000C3680133C36083690722013393FBF2F271
:10E27000C2EBC2029B1A8361637D8360A37D43600E
:10E2800000230360A369022B04D183697BBBC368AD
:10E290000133C3604FF0FF3303621CF085FF184A5F
:10E2A000A0FB020302FB0131C4E90801801B61EB02
:10E2B000050111A3D3E900231FF056FA00270097A8
:10E2C00082023B460421206918F042F9256917F0C3
:10E2D00099FD3B46024600970121284618F038F97F
:10E2E000237F13B901232377637007B0F0BD062B9A
:10E2F000D0D1C3680233CCE700CA9A3B00000000CB
:10E3000000CA9A3B012303701421C06800F0DABDF3
:10E3100008B518F051FABDE80840FFF7F3BF000058
:10E3200030B5124B054693E8070099B06C4684E877
:10E33000070001230E4AA86803A901F06AFC98B9F6
:10E340000C230DEB03012246A86801F068FCA868C5
:10E3500003A901F061FC9DF80030012B04D103CC2E
:10E3600023786861A9612B7719B030BD601903006B
:10E37000A2DC020013B50C4BC160044600930022DE
:10E3800003460121094818F0C9F820612046FFF72B
:10E39000C7FF237F2BB1204602B0BDE81040FFF736
:10E3A00037BF02B010BD00BF11E30000B5DC0200B2
:10E3B0000160027170471FB50446002308462360C0
:10E3C00063600293ADF80C3006230093097900686E
:10E3D00002AB012200F0C4FE38BB9DF80A309DF864
:10E3E0000B1003F00F0341EA0321EF291DDC9DF818
:10E3F0000C309DF80D2003F00F0342EA0322EF2AB0
:10E4000013DC9DF80800052803D9A0F10B03012BAC
:10E410000BD89DF80930218013F00F0318BF01239A
:10E420006371012362802071A371204604B010BD86
:10E4300073B54FF0A0454FF480660446C5F80C65EF
:10E44000052017F0D5FDC5F80865322017F0D0FD7E
:10E45000012300932179034B2068A52200F0AEFE32
:10E4600002B070BD6C19030037B501250095017924
:10E47000431D0446A722006800F072FEA84204D1A2
:10E48000FF236371002003B030BD0095217920681F
:10E49000A31DA82200F064FE012802D1FF23A3716E
:10E4A000F0E7009521792068E31DA92200F058FECD
:10E4B000012802D1FF23E371E4E7636823F07F437F
:10E4C00023F0FF03B3F5344FDCD1E079431E58420B
:10E4D0005841D8E77FB54FF0A04503234FF480663D
:10E4E0000446C5F828370520C5F80C6517F080FDEF
:10E4F000C5F808653220012517F07AFD00952179CD
:10E5000020680DF10F03152200F02AFE052017F0F8
:10E510006FFD0095217920680DF10F03A72200F00F
:10E520001FFE052017F064FD2046FFF79DFF0095B4
:10E5300021790B4B2068EC2200F040FE00952179F8
:10E54000084B2068FA2200F039FE009521792068F6
:10E550000023FB2200F032FE284604B070BD00BF4D
:10E560006E1903006D190300FFF7B4BF054800687A
:10E5700080F3088862B661B6BFF34F8FBFF36F8F29
:10E5800000DF00BF20800000064B19680868B0E873
:10E59000F04F80F30988BFF36F8F4FF0000080F3D6
:10E5A00011887047E8480020EFF30980BFF36F8FB0
:10E5B000144B1A681EF0100F08BF20ED108A20E9D6
:10E5C000F04F10604DF8043D4FF0400080F311888B
:10E5D000BFF34F8FBFF36F8F17F064FD4FF0000054
:10E5E00080F3118808BC19680868B0E8F04F1EF085
:10E5F000100F08BFB0EC108A80F30988BFF36F8F4B
:10E60000704700BFE8480020F7B51B4D0027C5F84C
:10E610004071D5F840310193019B00F0F9F8D5F82D
:10E620000445C5F80071D5F800310093009B0646FB
:10E6300017F0E8FB241A24F07F4323F0010383B989
:10E6400024F07F440025013C11D225B10B4B4FF043
:10E6500080525A6040BF304603B0BDE8F04000F041
:10E66000DBB817F011FE0228EAD00124EAE717F020
:10E67000DDFB0543E7E700BF0010014000ED00E0CF
:10E6800008B5002016F016F9094B1F22C3F808251B
:10E690000122C3F804239A601A600222C3F84423BB
:10E6A000044BE02283F811234FF400321A6008BDB6
:10E6B0000010014000E100E07FB5054672B62C4C29
:10E6C000D4F8046517F0C0FD00284DD0294A9542C2
:10E6D00094BF7319B31823F07F430122C4F80823B1
:10E6E000C4F840350023C4F84031D4F840310193D8
:10E6F000019B4FF48033C4F80433BFF34F8F95B1BF
:10E70000F1EE103A23F09F03E1EE103AF1EE103AE9
:10E71000194B4022C3F8842120BFD3F80021D3F83D
:10E7200004110A43F8D04FF48033C4F808330023AF
:10E73000C4F84031D4F840210392039AC4F8003160
:10E74000D4F800310293029B0123C4F80433D4F8B7
:10E750000405094B801B4FF4003230F07F40C3F8B2
:10E76000802101D017F05AFB62B604B070BD00BF23
:10E7700000100140FDFFFF0000E100E072B6FEE77F
:10E780004FF0807340E90213054B40F80C3C6FF0EA
:10E79000020340F8202C40F8243C4438704700BF66
:10E7A0007DE700000E4C08B5E02384F82230FFF727
:10E7B00067FF0C4B00221A60D4F888300A4A43F4F1
:10E7C0007003C4F88830536B43F0404353632369AC
:10E7D00043F010032361FFF7C9FE72B6FEE700BFE6
:10E7E00000ED00E0AC1A002000EF00E072B6024A33
:10E7F0001368013313607047AC1A0020034A136892
:10E80000013B136003B962B6704700BFAC1A002029
:10E81000EFF3108072B6704780F31088704701F0F4
:10E820001F0101238B40034214BF012000207047C9
:10E830002DE9F04186B004461046DDE90D62C4E9D9
:10E8400001100C99129D179FDDF868E0DDF850C0AB
:10E85000C4F840C0C4E90416109921621199C4E9B2
:10E860000A1513992163159961631699C4E90E1766
:10E8700018996164984619990F9BC4F80C80C4E9F3
:10E880000623C4E9121E1B9921651C996165CDE917
:10E8900004CECDE902072146CDE9005604F1580027
:10E8A000FCF776FEFCF742FE0023C4F8A80B012219
:10E8B0002046A4F8AC3B84F8B43BC4F8B82B84F8E9
:10E8C000BC3BC4F8C03B06B0BDE8F08113B50022E4
:10E8D000044601210A2016F061FE01236062094905
:10E8E00000930948019423464FF4AF7217F07CF966
:10E8F000012805D0042002B0BDE8104017F065BF24
:10E9000002B010BDBBDC0200BDEE000010B5D0F8B7
:10E91000B83B012B044623D01BB3032B0BD1A36BB5
:10E920000121586AFFF77BFF10B92069FFF71CFE31
:10E93000A068FAF721FB606C0221F9F70DFFA06CCB
:10E94000012100F0EFFCA069FBF766FE28B1A06989
:10E95000FBF75AFE08B984F8900B0123C4F8B83BC2
:10E9600010BD4068FAF7FFFDD9E710B5D0F8B81B25
:10E970000129044612D190F8B43B7BB9836B406CFB
:10E98000DA7C1B7C5BB1022A09D0F9F7E5FEA06CAA
:10E99000002100F0C7FC0223C4F8B83B10BD0021E1
:10E9A000F3E710B586B0416B044603A8FAF79AFF67
:10E9B000039B0093BDF91220BDF91430BDF910106E
:10E9C000206CFCF7E9F8A36BDA7C022A0AD0586ABB
:10E9D0000221FFF724FFC8B9A26B0321506AFFF799
:10E9E0001EFFE0B9A36B0421586AFFF718FFE8B1D6
:10E9F000D4F8B83B012B19D1206CFCF76FF8A8B103
:10EA0000204606B0BDE81040FFF7AFBF206CFCF712
:10EA10003CF80028E0D02046FFF778FFE2E7236CBF
:10EA2000B2F928205B6E9A42F5DBDBE706B010BD39
:10EA300038B5D0F8B83B012B04460D4614D10C2153
:10EA4000406CF9F789FE691E03290DD8DFE801F053
:10EA5000020D0F1194F8BC3B1BB90521606CF9F74E
:10EA60007BFE002384F8BC3B38BD0821F6E7062175
:10EA7000F4E70721F2E700002DE9F041044688B0F1
:10EA8000806A002301220721FAF7F0FDA06AFAF755
:10EA900029FE16F081F808B916F046F86068FAF712
:10EAA00055FBA068FAF75BFAA068FAF765FA04F17B
:10EAB0005805E06C01F098F82846FDF765F8E06825
:10EAC00000F049FA2069FFF705FDE0692146FBF7F0
:10EAD000F1FE21466069FBF795FD606BFAF747FF91
:10EAE0002146206AFFF746FCE06800F06EFAE06815
:10EAF00000F031FA606BFAF755FF606B266CFAF79D
:10EB0000A3FF01463046FCF72CF8FCF73BFDFCF771
:10EB10003DFDA06BFFF766FB606C2146F9F738FE00
:10EB2000606C04F5C061F9F734FE606C04F21C41BE
:10EB3000F9F730FE04F5DF61606CF9F72CFE606CCC
:10EB4000F9F72AFD206BFAF74DFE206BFAF738FE35
:10EB5000A06C00F0C3FB606D214601F08DF89DF8BC
:10EB6000163023F007038DF816304FF0A04303262C
:10EB70004FF40042C3F83C6705A9C3F808250D20EF
:10EB800040F20313B34AADF8143016F00FF8012128
:10EB90000D2016F081F840F20233AE4AADF8143081
:10EBA00005A91C2016F002F801211C2016F074F8AB
:10EBB000A84AADF8146005A9132015F0F7FF01214C
:10EBC000132016F069F86069FBF77CFCA24B0093F8
:10EBD000012223464FF41621A04817F09FFCC4F8E9
:10EBE000B00B064617F00EF94FF0FF3302460093C4
:10EBF00030460023012117F0ABFC994E606A642275
:10EC00000DF1130116F0EEFD01282BD19DF8133004
:10EC1000192B27D8DFE813F02300BB004C0053006A
:10EC20002600680071007B009300C400DF00E20052
:10EC3000E2008F001A0006010A01280130013E019E
:10EC40006300340138011A008F0043012046FFF7AA
:10EC50005DFE94F8B43B013384F8B43B02E02046F7
:10EC6000FFF783FE2046FFF79CFE94F8AC3B4BB1C8
:10EC700094F8AD3B002B40F01D8184F8AC3B284656
:10EC8000FCF776FD04F53C6000F04AF9E16902A862
:10EC9000FBF7F2FDDDE90223C6E900234FF0A043B4
:10ECA000D3F810359B04A9D4A06AFAF721FDA5E793
:10ECB000206A037F002BD5D0FFF7AAFAD2E7A36B17
:10ECC000DB7C002BCED1D4F8B83B012B02D0204600
:10ECD000FFF71CFE0921606CF9F73EFDC2E72046F4
:10ECE000FFF714FE0E21F6E7606C0C21F9F734FDF6
:10ECF00040F20153A4F8AC3BB4E72046FFF706FE10
:10ED000094F8B43B013384F8B43B0B21E3E7A369E7
:10ED1000DB68022B0FD1BFF34F8F5249CA6803F152
:10ED2000BF6302F4E06203F102131343CB60BFF34D
:10ED30004F8F00BFFDE794F8B43B013B8CE7D4F85C
:10ED40005080216906AF3846FFF735FB97E806008B
:10ED5000404601F04BF8002884D0D4F8B83B012B92
:10ED600001D10421B7E7206D01F03AF8A36BDA7CFA
:10ED7000022A3FF477AF00283FF474AF07280AD186
:10ED80000121586AFFF74BFD00283FF46BAF204686
:10ED9000FFF7BCFD66E701287FF464AF0021F0E7D0
:10EDA0004FF0A043606DD3F810359A0407D40121C9
:10EDB00000F074FF01462046FFF73AFE52E70021BB
:10EDC00000F06CFFD4F8B83B012B0146F3D00123CF
:10EDD00084F8BC3BDBE7606D0221E9E7D4F8B83B7F
:10EDE000022B7FF43FAFF9F7ADFB10B1A068FAF743
:10EDF0007BF89DF813300B2B02D16068FAF798FB73
:10EE0000A36B0121586AFFF70AFD10B92069FFF7CB
:10EE10000FFB9DF813300B2B0CBF00230323C4F80A
:10EE2000B83B1FE7606BFAF79FFD1BE7A36BDA7C2B
:10EE3000022A3FF417AF5B7D012B7FF413AF236AE7
:10EE40001B78002B7FF40EAF2046FFF75FFD0F21EC
:10EE500041E700BF6988000011EF0000C0DC02003C
:10EE6000A04A002000ED00E0A36BDA7C022A3FF408
:10EE7000F9AE5B7D022BE0E76069FBF7DFFA86E71E
:10EE80006069FBF71FFBEDE6636928461979FCF71B
:10EE90007DFCE7E62046FFF739FD0D211BE7A36B5C
:10EEA00093F83830284613B1FCF77CFCDAE6FCF71F
:10EEB00089FCD7E6013B84F8AD3BE3E608B5FFF7F4
:10EEC000DBFD00001FB5114C8DF807106368406A28
:10EED000C3F3080393B1002303AA0DF107010393C1
:10EEE00016F027FC039B3BB14FF08053636040BF9B
:10EEF000BFF34F8FBFF36F8F04B010BD4FF0FF32E1
:10EF00000DF1070116F06EFBF6E700BF00ED00E023
:10EF100008B517F051FCBDE808401521FFF7D2BF36
:10EF2000704730B5037400259DF80C30C260C0E90D
:10EF300001514374456230BD437C4FF0A04203F55C
:10EF4000E0734FF4C06142F82310037C03F5E073D3
:10EF500042F82310704710B54168044621B90322D6
:10EF6000012016F01BFB60602046FFF7E5FFA36859
:10EF7000E2682360C3F824252368627CC3F808256F
:10EF80002368227CC3F80C2522680023C2F85C3178
:10EF90002268C2F804312268C2F860312268C2F8DF
:10EFA00024312268C2F84C312268C2F84831226804
:10EFB000C2F8503122680621C2F8001560681A466E
:10EFC000BDE81040194616F00DBB03680022C3F8D7
:10EFD000002570474FF040230021D3F80025036837
:10EFE000C3F800150368C3F80025704770B50468BE
:10EFF0009DF81050C4F88815046801212162046846
:10F00000C4F834250268C2F838350368196003680B
:10F01000D3F84C211AB9D3F82421002AF8D01E4C79
:10F020001E4E0022C3F84C21616803684162D3F888
:10F030005C2152B9D3F824213AB96268521AB2421B
:10F04000F5D9FFF7C7FF012070BD0022C3F85C218E
:10F0500003686DB9D3F8242152B90122DA6103683B
:10F06000D3F84821002AFBD00022C3F8482109E048
:10F0700001225A610368D3F80421002AFBD0002240
:10F08000C3F804210368D3F824210AB90020DBE780
:10F090000022C3F82421F9E7001000E0E874020020
:10F0A00070B504689DF81050C4F8881504680121F3
:10F0B00021620468C4F844250268C2F84835036830
:10F0C00099600368D3F850211AB9D3F82421002A93
:10F0D000F8D0214C214E0022C3F85021616803680A
:10F0E0004162D3F8602152B9D3F824213AB9626859
:10F0F000521AB242F5D9FFF76DFF012070BD002210
:10F10000C3F8602103686DB9D3F8242152B90122F4
:10F11000DA610368D3F84821002AFBD00022C3F843
:10F12000482109E001225A610368D3F80421002A2A
:10F13000FBD00022C3F804210368D3F824210AB9C4
:10F140000020DBE70022C3F824210368D3F8C4249D
:10F15000C3F8C424F4E700BF001000E0E874020024
:10F16000F0B5044685B00D4640688DF80F204FF08D
:10F17000FF311F4616F0B0FB236800260622C3F8B5
:10F18000002529460DF10F02009601232046FFF7C6
:10F1900087FF012300933A460A9B29462046FFF742
:10F1A00025FF2368C3F8006505463346606832468C
:10F1B000314616F017FA284605B0F0BD2DE9F341A7
:10F1C00004460D464068DDF820804FF0FF311746B9
:10F1D0001E4616F081FB23680622C3F8002531463F
:10F1E0004246A77404F113001CF052FD0123009362
:10F1F00004F11202434429462046FFF751FF2268DA
:10F200000023C2F8003505461A466068194616F014
:10F21000E9F9284602B0BDE8F0810000C0E900121B
:10F2200003490022C0E90222C0E90412826170474A
:10F230000000FFFF10B50446FFF7F0FF6382BDF842
:10F240000830A382204610BD30B5D0E90143A34267
:10F2500027D205688469EB5C1B1BDBB2C48A4BB9FF
:10F260008361838AA34208BF438AC38283680133D0
:10F270008360EAE7058A240A4C55048AC58A0C444F
:10F28000013B6570048A85690234A4B20135944259
:10F290000482DBB28561E1D300230382C3680133BA
:10F2A000C36030BD037A4160934204D002721146BC
:10F2B000C068FEF714BE704701607047C1607047B8
:10F2C00010B50123C0E9023104460261143000F098
:10F2D00022F9002384F87C33204610BD13B50022A8
:10F2E000044601210A2016F059F921466060206980
:10F2F000FFF7E2FF002300930849094801942346E1
:10F300004FF4FA7216F070FC012805D0042002B008
:10F31000BDE8104017F059BA02B010BDCFDC0200B2
:10F320008FF400001FB500238DF807104068039389
:10F3300003AA0DF1070116F0FCF9039B43B1064B3C
:10F340004FF080525A6040BFBFF34F8FBFF36F8FB3
:10F3500005B05DF804FB00BF00ED00E010B5044609
:10F36000C068FAF71AFA04F11400012100F008F954
:10F37000BDE81040642016F03BBE10B50446C068DE
:10F38000FAF71EFA04F11400012100F0F9F8BDE8C3
:10F390001040642016F02CBE2DE9F34700260446E9
:10F3A000B0464FF00109A3686068012B0CBF6422CE
:10F3B0004FF0FF320DF1030116F014FA60B19DF821
:10F3C0000330032B08D8DFE803F00228333D204642
:10F3D000FFF7D3FFC4F8088094F87C33002BE2D009
:10F3E000E068FAF792F904F11407020C81B238468A
:10F3F00000F0B3F88246384600F082FBBAF1000F05
:10F40000054629DD0121384600F0BAF820690022BE
:10F410000121FFF747FF0026C5E794F87C33C4F8C5
:10F420000890002BD8D02046FFF798FF0026D3E79E
:10F4300094F87C33002BCFD12046FFF78FFF84F860
:10F440007C93F3E794F87C33002BC5D02046FFF77C
:10F4500094FF84F87C83BFE700280BDA002138464C
:10F4600000F08EF8206900220321FFF71BFF002E19
:10F4700099D1CBE746B90028C8D02069EAB2032168
:10F48000FFF710FF2E468EE70028F6D18BE708B570
:10F49000FFF782FFD0ED1F7AF4EEC07AF1EE10FA9A
:10F4A00002D591ED1F0A7047D0ED007AB4EEE70A5D
:10F4B000F1EE10FA26D902460023F2EC017AB4EEFE
:10F4C000E70AF1EE10FA22DC9A0003F18043013BD7
:10F4D00000EB830090ED007A30EE470A37EEC77AF2
:10F4E00001EB8303C0EE077A1144D1ED006AB7EE59
:10F4F000007A37EE677A27EEA60AD3ED007AA7EEF8
:10F50000870A704791ED000A70470133D5E71F2B3A
:10F51000FBD17C22D9E700234FF6FF71C0F85033AE
:10F520000022C0F85813A0F85C3300F540710123A5
:10F5300010B580F86433C0F8542300F554740B46BA
:10F540009C4204D100F52073994203D110BD43F8C9
:10F55000042BF5E743F8042BF6E710B5B0F85C335D
:10F560003F2B9EBF5C1CA0F85C4320F81310A0F852
:10F570005A23B0F8580390422CBF0020012010BD40
:10F5800010B5002309B1A0F85C3300F54071A0F874
:10F59000503300F554740A46002394420DD14FF6BF
:10F5A000FF72C0F858230122C0F8543380F8642356
:10F5B00000F52070814203D110BD42F8043BECE716
:10F5C00040F8043BF6E710B59DF8084014B100245C
:10F5D000A0F85243B0F8524307EE904AF8EE677A2B
:10F5E0000024F7EE006A9C4207DBB0F85233012B8F
:10F5F0009CBF0133A0F8523310BD92ED006AB1EC0C
:10F60000017AA6EE277A013477EEA65A87EE256AAC
:10F61000A2EC016AE7E70000B0F85033DFED177A9B
:10F6200001339BB21422B3FBF2F102FB1133A0F8B9
:10F63000503300EB830383EDC00AB0EE677A00F528
:10F640004073B7EE006A00F55470834209D1F5EEBD
:10F65000C07AF1EE10FACCBF87EE270A9FED070AB9
:10F660007047F3EC016AF5EEC06AF1EE10FAC4BF20
:10F6700037EE267A77EE867AE7E700BF00000000D3
:10F680002DE9F04F2DED048B85B000F18005044687
:10F690000391821E00F5C0762B4632F8021F07EE5A
:10F6A000901AF8EE677AE3EC017AB342F5D194ED63
:10F6B000207AD4ED5F7ADFED736A77EEC77AA846D9
:10F6C000C7EEA65A2A46002306EE903AB8EEE66A3E
:10F6D000F0EE476AE5EE866A0133402BD2ED007A00
:10F6E00077EEE67AE2EC017AEED104F5BE712B46B4
:10F6F000D3ED017A93ED007A77EEC77AE3EC017AE5
:10F700008B42F5D19FED607ADFED606A0422D4ED83
:10F71000207A2B4693ED006A67EE877AE6EE267A2A
:10F72000E3EC017AB342F5D1013AF0D1DFED586A4A
:10F730009FED586A0422D4ED207A2B4693ED007A8F
:10F7400067EEA67AE7EE067A37EE677AA3EC017ADF
:10F75000B342F3D1013AEED104F5207337460022CB
:10F76000BB423FD100234C4829461A4600EB820C8D
:10F7700091ED007ADCED007A1F2B67EE877A03F1BA
:10F780000103D8BF0132402BE1EC017A2DD10023D7
:10F79000284619462022934239D201313F29134489
:10F7A00000F1040026D1DFED437A4FF0060ABFEEE8
:10F7B000009A4FF00109F0EE679AB6EE008ACB4648
:10F7C0004FEA490904EB8B0C4FEA890E0021B0EE99
:10F7D000697AB7EE006A59456ED004EB8103624640
:10F7E00008463EE047F8042BBAE71F2BC8BF02F1DA
:10F7F000FF32BBE78B42CDD905EB8302D0F800C0C6
:10F80000D2F800E0C0F800E0C2F800C0C2E79B1ADE
:10F810005208C0E792ED605AD2ED206A67EE455A71
:10F820004844E6EE865A66EE876AE6EE056A93ED90
:10F83000205A35EE655A82ED205A93ED605A35EE26
:10F84000665A82ED605A93ED205A75EE255A72443D
:10F85000C3ED205AD3ED605A75EEA66AC3ED606A17
:10F8600073443F28D6D967EE676A27EE097AE6EE39
:10F87000096A01310CF1040CA7EE867AB0EE666AD3
:10F88000A9E700BF00007C42806A3C3E60E5503F33
:10F890005A643B3F4C37893E701903009A99193FCF
:10F8A000295C3F400AD7233CABAA2A3F55557540F7
:10F8B0000000704200000000B0EE480AA9EE480ABD
:10F8C0001AF088FAF0EE408AB0EE480AA9EE080A6B
:10F8D0001AF080FABAF1010AB0EE409AF1EE687AB5
:10F8E0007FF46DAFF8EC017A98ED3F0A20EE000A44
:10F8F000A7EEA70A1AF06EFAB04508ED010AF1D199
:10F90000039B00933A46202329462046FFF75BFEDF
:10F910005FED187A04F52373C4EDD87A04F53A71D3
:10F920001A46F0EE672AB2EC017AF4EE477AF1EE6D
:10F9300010FA48BFF0EE477A9142F4D11FED237AD6
:10F94000F3EC016A994237EE267AF9D1F3EE076AB1
:10F9500087EE266AB0EE087AC7EE866AF4EEC76ACA
:10F96000F1EE10FA6EDD94EDA07AB4EEC87AF1EE05
:10F9700010FA67D51FED377A27EE876A32460023E3
:10F9800007EE903A0133F8EEE77A402BE2EC017A89
:10F99000F6D1394630461FED3E0A1FED3A5A1FEDAB
:10F9A0003F1AFFF777FD3946F0EE403A3046B0EEA9
:10F9B000080AFFF76FFD4FF00008B0EE404AF0EE86
:10F9C000455AB0EE453A4546F0EE084AF3EE0A1ABB
:10F9D000B0EE642A74EE814A3946B0EE640A3046CD
:10F9E000FFF758FDB4EEC46AF1EE10FA77DC13D8D5
:10F9F000B8F1000F10D0B4EEE36AF1EE10FA71DC4A
:10FA0000B4EEC06AF1EE10FA06DB32EE435AF0EEC5
:10FA1000435AE5EE085A0135F4EEE14AF1EE10FAE8
:10FA2000F0EE443A58D4012D5FD1F0EE047AB4EEF2
:10FA3000E75AF1EE10FA5BDCF4EE047A65EEA75AB1
:10FA4000C4EDD85AD4EDD87A1FED697AF4EEC77AAE
:10FA5000F1EE10FA06D41FED6B7AF4EEC77AF1EEF0
:10FA600010FA01DDC4EDD82A94EDD80AB5EE400AAB
:10FA7000F1EE10FA04BF012384F86433B4F85A336A
:10FA800007EE903AF8EEE77A204677EEA77AFCEE9A
:10FA9000E77A17EE903AA4F85833FFF7BDFDB5EEBC
:10FAA000400AF1EE10FA84EDD80A06D1D4EDD57AE9
:10FAB000F5EEC07AF1EE10FA1DDC5FED837AA0EE70
:10FAC000278AFDEEC87A17EE900A84EDD50A05B0B4
:10FAD000BDEC048BBDE8F08FB0EE404A78E74FF004
:10FAE000010899E7B0EE423A96E75FED8E5AA3E738
:10FAF000C4EDD82AA6E71FED910A4FF0FF30E4E7E6
:10FB000010B5B0F85C333F2B044612D990F864135B
:10FB1000FFF7B6FD002384F8643304F17402A31EDA
:10FB2000998923F8021F9342FAD13B23A4F85C334E
:10FB300010BD0020FCE70020704710B50468B43108
:10FB400020680903F9F776FA2068F9F7B1FA40421C
:10FB500010BD38B504681546B4311A462068049BB8
:10FB600005EB0131F9F7AAFA2068F9F79BFA404250
:10FB700038BD10B500681446B4311A460068029BBF
:10FB800004EB0131F9F734FA002010BD10B5016023
:10FB90000021044601714C2208301BF01BF90E4B6A
:10FBA000E3600E4B23610E4B63610E4BA361082291
:10FBB0001023C4E907324FF480514FF45372C4E963
:10FBC00009124FF47A72C4E90B2363633223A460F1
:10FBD0006364E364204610BD73FB000053FB000028
:10FBE0003BFB000037FB000038B500F1080400F1D2
:10FBF00054052146284619F0A3FC48B12146284661
:10FC000019F038FC21462846BDE8384019F098BC68
:10FC100038BD543019F0EABE543019F0F1BE5430FA
:10FC200019F0F0BE543019F0EFBE0023543019F033
:10FC3000EDBE543019F024BD134654300A4619461F
:10FC400019F08CBF543019F0CBBF54301AF012B8F1
:10FC5000543019F0DDBE543019F080BD543019F025
:10FC6000AFBE54301AF011B808B516F0A5FDBDE8C6
:10FC700008400A21FFF726B913B5064A0092044648
:10FC80000B460022CC21044816F048FC606002B00C
:10FC900010BD00BF69FC0000D9DC0200F7B50446C6
:10FCA0000D4641B901232372637A032B1ED8DFE886
:10FCB00003F0092061850129F6D116F0A3F800238D
:10FCC0002060F0E795B900952B46CC2204216068AE
:10FCD00016F03EFC666816F095F82B460246009535
:10FCE0000121304616F034FC01236372002003B07A
:10FCF000F0BD7DB916F086F82368C01ACB28F5D878
:10FD0000009560682B462A46032116F021FC657297
:10FD10000220ECE7012D12D1002600963346CC22BA
:10FD20000421606816F014FC646816F06BF8009605
:10FD3000024633462946204616F00AFCD6E7022D35
:10FD4000D4D1237A9BB1002600963346CD220421DC
:10FD5000606816F0FDFB676816F054F800960246DE
:10FD600033460121384616F0F3FB6572BEE7637235
:10FD70000120BCE7012D4FF0000608D10096606815
:10FD800033463246032116F0E3FB6672F0E7022D9C
:10FD9000ACD10096334640F29B520421606816F0C5
:10FDA000D7FB656816F02EF800960246334601210F
:10FDB000284616F0CDFB0320607298E7012D4FF026
:10FDC000000608D10096606833463246032116F0DB
:10FDD000BFFB66728AE7022D88D16672042086E72F
:10FDE0000346002200681A607047000013B50346FE
:10FDF00002A800E906009DF80600E0B19DF8044065
:10FE00009DF805106CB11A7C5AB1621ED2B2032A59
:10FE100001D90C2C11D129B10B4CA2561A60002229
:10FE20001A7409B901221A74BDF80220BDF8004005
:10FE30001973C3E9014202B010BD0B2A96BF024CF0
:10FE40000022A2561A60ECE7F01903000020704768
:10FE500013B50C4B01930223044600930A490B4847
:10FE600000234FF4A07215F0BFFE094B019301234C
:10FE70000093084900234FF43472204615F0B4FE75
:10FE800002B010BDB41A0020E5DC0200218A000097
:10FE9000B01A0020E8DC0200034B5868C0F30800E9
:10FEA000003818BF0120704700ED00E013B50023B3
:10FEB00004460A460093FFF7EFFFB0B1206801AA9D
:10FEC000694615F0B2FD019B43B10A4B4FF08052D9
:10FED0005A6040BFBFF34F8FBFF36F8F009B0BB1D2
:10FEE00000221A70009802B010BD2068694615F013
:10FEF00079FCF3E700ED00E01FB501910A780446B4
:10FF0000B2B901230B70FFF7C7FF034690B1134648
:10FF1000206803AA01A915F00CFC039B43B1094B0F
:10FF20004FF080525A6040BFBFF34F8FBFF36F8FC7
:10FF300004B010BD20684FF0FF3201A915F052FB4C
:10FF4000F6E700BF00ED00E010B516F035FC034603
:10FF5000406803F1080118B1BDE81040FFF7CCBFBD
:10FF6000BDE81040DB680846184700002DE9F34162
:10FF70000B7805460E46BBB1FFF78EFF044658B31B
:10FF8000286815F089FD00240746A046B8450EDB19
:10FF900044B11F4B4FF080525A6040BFBFF34F8FA8
:10FFA000BFF36F8F0023337002B0BDE8F081286883
:10FFB00001AA694615F039FD019B1C43009BB34221
:10FFC00007D00023286801AA694615F0B2FB019BFF
:10FFD0001C4308F10108D9E7FEF708FC286815F072
:10FFE00052FD0746BC4202DBFEF708FCDAE7286850
:10FFF0000022694615F0F6FB009BB34205D00023B2
:020000040001F9
:1000000028681A46694615F0EDFA0134EAE700BFA0
:1000100000ED00E010B5044628B1042015F062FBA5
:100020002060002010BD0320FCE710B5024660B13F
:10003000FFF732FF044608B1062010BD106815F026
:10004000DDFC0128F8D12046F7E70320F5E708B5E5
:10005000024648B1FFF720FF20B9106815F054FBA5
:10006000012803D1002008BD0320FCE70520FAE7A2
:1000700010B5044628B1802015F0AAFA20600020AF
:1000800010BD0320FCE7000013B50446E0B1FFF704
:1000900003FFA8B1206801AA002115F0C6FC019B4E
:1000A00043B10A4B4FF080525A6040BFBFF34F8FAD
:1000B000BFF36F8F012814BF0620002002B010BDCF
:1000C000206815F009FCF5E70320F7E700ED00E0F4
:1000D00013B50446D8B1FFF7DFFE034688B12068A8
:1000E00001A915F057FB019B43B10A4B4FF0805219
:1000F0005A6040BFBFF34F8FBFF36F8F002002B035
:1001000010BD02460146206815F06CFAF6E70320A0
:10011000F5E700BF00ED00E02DE9F341D0F80080E5
:1001200004460F4616461D46B8F1000F0CD11422A6
:1001300041461AF04FFE0A4B00930A4823464246B6
:10014000012116F0EBF9206067600C22002104F118
:1001500008001AF03FFEC4E9036502B0BDE8F08173
:1001600049FF0000ECDC0200F0B5012987B038BF80
:1001700001210446FFF790FE0E46054650B30025C8
:100180000095206803AB2A46082116F0E1F9009596
:1001900004AB32460921206816F0DAF9246815F01C
:1001A00037FE05AB024600950721204616F0D0F930
:1001B000DDE903321343059A134308D0134B4FF084
:1001C00080525A6040BFBFF34F8FBFF36F8F002044
:1001D00007B0F0BD4FF0FF370097034602460321FA
:1001E000206816F0B5F900972B46324604212068A6
:1001F00016F0AEF9246815F005FE009702462B466E
:100200000221204616F0A4F9E1E700BF00ED00E06E
:1002100038B5850D0C464FF47A72002329468002CA
:100220001DF0F2FAB5F57A7F36BF2060022000207B
:1002300038BD37B5044600F13C05E06BA0B143681A
:10024000E36303B925641038019001A9204608F042
:10025000EDF80128F1D1019BE26B5A6112B903F16B
:10026000140222641033E36303B030BD024B034930
:100270001868FFF741BE00BFDC1A0020001B0020F9
:1002800010B584680146044811F0CAFC2046BDE858
:10029000104000F0E3BB00BFF01B002010B5044687
:1002A00009F0AFFA054B06481968224609F0D6FA5C
:1002B00018B1204611F0B3F80B2010BDDC1A002055
:1002C000C81A002004F0AEBE07B50C4B1B78022BF9
:1002D00001460CD04FF0FF330948009300231A4623
:1002E0000321006816F034F903B05DF804FB0448FC
:1002F00003B05DF804EBFFF737BF00BFFC1A002026
:10030000E01A002070B5054615F082FD094E04463E
:10031000306816F045FA012804D02846BDE8704040
:10032000FFF7D2BF306816F039FA2C44241A002C9B
:10033000F3DB70BDE01A00206FF00043984201D05B
:10034000FFF7E0BF7047000070B50C4C012323702D
:1003500009F0EAFA0546B0FA80F040094000207042
:100360006620FFF7CFFF3DB908F0D4FB044B1B69B3
:1003700013B1BDE87040184770BD00BFFD1A0020E2
:10038000340000200F4B10B500221A7009F0C2FD96
:100390000D4C204609F048FA88B90C4C206803F04F
:1003A000C9FC08F067FB0A4BDB6813B1206800B199
:1003B000984700232360BDE81040FFF7C5BF11F048
:1003C0002EF8E6E7FD1A0020C81A0020F81A0020CF
:1003D0003400002008B5104B1B78BBB1022B19D19B
:1003E00005F016FEFFF7A8FF03F03EFAFFF7A4FFA3
:1003F00000F07AFDFFF7A0FF02F0A2F8FFF79CFFE4
:1004000006F032FBBDE80840FFF796BFBDE80840A4
:10041000FFF7B8BF08BD00BFFD1A0020FFF7B2BF4D
:1004200008B515F031FF012806D015F027FF034B62
:100430001B681B1A5842584108BD00BFF41A00201F
:1004400002484FF0FF31FFF7F0BD00BFC41A002093
:100450000148FFF7FCBD00BFC41A0020FFF7F0BF42
:10046000FFF7F6BF10B5044C204609F0DDF900B9DE
:1004700010BD00F00FFBF7E7C81A0020FFF7F2BF2E
:1004800010B5FFF7DDFF06F061FA30B190F82830C3
:100490005B070AD5FFF7CDFE18B906F057FA0446F8
:1004A0002CB9BDE81040FFF7D3BF0068EDE7204648
:1004B000FFF7BFFE0028F4D12468F1E7024B18785B
:1004C000831E584258417047FC1A0020024B18788E
:1004D000831E584258417047FD1A00200020FFF744
:1004E000F3BE000038B505460B4811F05FFB04462B
:1004F00020B92846BDE8384009F0F0BC00210C22A4
:100500001AF068FC054BC4E90135054B2146186813
:10051000BDE83840FFF7F0BCF01B0020810201006D
:10052000DC1A0020034B04491860044B1868FFF7DD
:10053000E3BC00BFF81A0020181B0020DC1A0020C2
:1005400000F5C060FFF7EEBF10B5FFF779FF154B60
:100550001C78012C21D0022C04D03CB1FFF778FF8D
:10056000112401E0FFF774FF204610BD02221A702B
:10057000FFF76EFF15F082FE0B4B0C4918600C4A1A
:1005800009680C482346FFF7C7FD04F0E1FB044669
:100590000028E9D1FFF7D8FEE6E7FFF759FF0F245F
:1005A000E2E700BFFC1A0020F41A0020DC1A002049
:1005B000D5030100E01A0020FFF7C6BF09F05EBCBA
:1005C00073B52E4B00930C222D4B2E482E4D2F4EE3
:1005D000102111F075FA2E4B00241C602D4B214682
:1005E0000C2228461C701AF0F5FB2B4BC5E9013490
:1005F0002A4D21460C2228461AF0ECFB284BC5E96F
:100600000134284D21460C2228461AF0E3FB264BE4
:1006100021460C223046C5E901341AF0DBFB234B9E
:10062000C6E9013407F094FF06F058FA00F0A6FD81
:1006300008F01EFB07F060FB03F04CFF06F078F8B3
:1006400004F070FE09F05EF922461949194809F0D4
:10065000DBF81948FFF7DEFCF8F7AAF9174B184A40
:10066000186021462346174809F0D0FBF8F7A0F997
:10067000294602B0BDE87040FFF73EBCEFDC020047
:10068000301B0020F01B0020241B0020001B00203A
:10069000F81A0020FC1A0020C5020100181B0020D7
:1006A0001D0401000C1B00206D020100B9050100B2
:1006B0007D040100C81A0020C41A0020DC1A0020A2
:1006C0009D020100E18301003AB10878182806D89C
:1006D000044B53F8203013B118470C20704700200A
:1006E000704700BFFC19030000207047012A08B5BD
:1006F00004D10878FFF724FF002008BD0C20FCE798
:10070000032A08B5084603D101F0EEFD002008BD1C
:100710000C20FCE7042A08B5084603D101F0DCFDF3
:10072000002008BD0C20FCE7062A08B5084603D1C6
:1007300003F07AF8002008BD0C20FCE770B586B005
:1007400014460D461822002168461AF043FB012C7E
:100750002BD96B78B4EB031F27D12C1D00266B78A7
:10076000B34202DC002006B070BD14F8023C8DF8E4
:100770000030214614F8013C8DF8023006220DF1BC
:1007800003001BF085FAA3798DF81030E11D0622D5
:100790000DF111001BF07CFA637B8DF8093068467F
:1007A00002F0EEFE01361034D9E70C20DBE7F0B59D
:1007B00087B014460E461822002168461AF00AFB3C
:1007C000012C22D9A21E7478631E182B06F1020593
:1007D0003CD8092A19D928460021037A0A3A9A42B4
:1007E00013D30131D21A8C4203F1050318440ADCF9
:1007F0005AB904921446CDF813207378A34206DC4C
:10080000002007B0F0BD092AE7D80C20F9E72B78C3
:100810008DF80030A91C6B782F7A8DF802300622F3
:100820000DF103001BF034FA2B7A8DF801302B44C4
:10083000053705F109025B7A03922F4468468DF86B
:100840000930013402F09CFE3D46D6E70A20D8E785
:100850000B2A08B5084603D103F001FB002008BDB0
:100860000C20FCE70D2A08B5084603D101F042FD33
:10087000002008BD0C20FCE70C2A08B5084603D16F
:1008800002F0AAFF002008BD0C20FCE70A2A08B5E8
:10089000084603D103F068FA002008BD0C20FCE7ED
:1008A000042A10B50C4612D1FFF7D8FDB4F80100A8
:1008B00006F01CF810B1008F07F0F2FCFFF7D0FD36
:1008C000204603F00DFAFFF7DBFD002010BD0C20E1
:1008D000FCE7F8B50C460978012303EB810393424A
:1008E00023D1002523789D4203DBFFF7C9FD0020BB
:1008F000F8BD04EB8507B7F803608EB1FFF7AEFDD6
:10090000B7F8010005F0F2FF40B1038F9E4209D90C
:100910000C20FFF707FE304607F0C2FCFFF7A0FDF2
:100920000135DFE79B1B0387F5E70C20E0E710B5F7
:100930001F2A88B00C4643D12022002168461AF0B5
:1009400049FA63788DF80030A3BBE278A37843EAD4
:100950000223ADF80230062223798DF80430A11865
:1009600063798DF805300DEB02001BF091F906223A
:1009700004F10C010DF113001BF08AF9062204F1B9
:1009800012010DF119001BF083F9627E237E43EA08
:100990000223ADF80C30E27EA37E43EA0223ADF8D9
:1009A0000E30237F627F43EA0223ADF81030A37F2D
:1009B0008DF812300021684602F01AFE08B010BD12
:1009C0000C20FBE710B5132A88B00C4635D1202245
:1009D000002168461AF0FEF963788DF8003033BBC9
:1009E000E278A37843EA0223ADF8023006222379A5
:1009F0008DF80430A11863798DF805300DEB0200F5
:100A00001BF046F9627B237B43EA0223ADF80C30EE
:100A1000E27BA37B43EA0223ADF80E30237C627CA9
:100A200043EA0223ADF81030A37C8DF81230002188
:100A3000684602F0DDFD08B010BD0C20FBE7002089
:100A4000704700207047002070470020704700204A
:100A500070470020704700207047000038B50446FA
:100A60000B4B00780022197881420AD00132062A05
:100A700003F10803F7D10825204609F02FFA28468C
:100A800038BD5B686278A11C98470546F4E700BF53
:100A9000601A03002DE9F04186B003A9054607F06E
:100AA000D3FD044628BB284607F074FDBDF80E2090
:100AB0002B8A9A4236D1BDF80C80C8F30B08FFF799
:100AC000CDFC404605F012FF0746B0B94FF0FF33AA
:100AD00005930726FFF7C4FCCEB1012E1ED0059B5F
:100AE0005A1C05D000229BB21146404600F071F816
:100AF0003446284610F093FC10E005AB00932A46DC
:100B000004AB03A900F0A5FA25460646E2E7386BD8
:100B1000049B9847396B384600F091FA204606B09E
:100B2000BDE8F0810A24E4E737B504460D46FFF737
:100B300095FC20466B4601AA052107F0D2FF04462A
:100B400028B9DDE900102A4600F0F9FA0446FFF75B
:100B500087FC204603B030BD037813704378537090
:100B6000438853807047F8B51C4607460E46154625
:100B700000F038FB206038B1291D89B210F08EFEDC
:100B800020B9206810F04BFC0020F8BD23681868DD
:100B90000770467045800430F7E7F7B5089F1646A2
:100BA000BA1C04461D4692B201AB0120FFF7DBFFE1
:100BB00060B1294620F8026B3A461BF069F80199AA
:100BC000204603B0BDE8F040FFF7AEBF062003B0FB
:100BD000F0BD1FB5ADF80C300423ADF80E20009326
:100BE000022203ABFFF7D9FF05B05DF804FB082034
:100BF0007047C36813B10269008918477047000045
:100C0000F8B50F4615460646FFF728FC114A11684D
:100C100000230C461CB9FFF723FC2046F8BD2089B1
:100C2000B04214D1A07AB84211D115B1E07AA842ED
:100C30000DD12BB90B681360002BECD1054B04E0F0
:100C40001968096819600029E5D15360E3E7234674
:100C50002468DFE7401C0020F0B500F1100786880B
:100C600085B00546006907F095FC0421384600F080
:100C7000D2FA044628BB2B6903AAD9881868FFF763
:100C80006BFF2869042110F084FC2B691A8ABDF8D7
:100C90000E309A421AD19DF80C301A2B14D80C4AF7
:100CA00052F8233083B13A4603A9304698470446A8
:100CB00038B100239DF80D1000931A463046FFF717
:100CC0006CFF204605B0F0BD1024F2E70A24F8E7D7
:100CD000901A0300014610B1014810F0A1BF7047FF
:100CE0000C1C002008B54A780121FFF789FF08B1E4
:100CF000FFF7F0FF002008BD70B516464A780021C6
:100D0000FFF77EFF0546B8B10221304600F083FAB6
:100D1000044678B933681B681B885BB1012B0CBF94
:100D200010210A212846FFF764FF2846FFF7D2FF6B
:100D3000204670BD2146F5E70446F9E7F0B50546C3
:100D400087B00F4610460821164600F064FA0446A4
:100D500088BB0DF10701284608F0A3FA044650BBF2
:100D60009DF80730DB072BD533681B681A88ADF870
:100D70000C205A88ADF80E209A88ADF81020DB8838
:100D8000059003A92846ADF8123002F038FDA8B945
:100D900003A9284603F0E4F8061E18BF0126797857
:100DA00002AB02221320FFF7DEFE20B1068002997B
:100DB0002846FFF7B9FE204607B0F0BD0126EEE752
:100DC0001024F8E72DE9F043074685B00E4691461A
:100DD0009846FFF743FB02AB03AA0521384607F00C
:100DE00080FE054630B1FFF73BFB00242046FFF7AD
:100DF00071FF45E0039B93F8284004F00104FFF7DE
:100E00002FFB002C40D1224810F0D0FE04460028D1
:100E10003CD01422294619F0DDFF1E4BA57219782B
:100E200027810131C9B2012938BF01211970C4E9F4
:100E30000398E17201AB08221220FFF794FE28B359
:100E40003388038073884380B3888380F388C380AA
:100E500001993846FFF768FE05460028C6D114F010
:100E6000D7FF00F5F0406060FFF738FBFFF7F6FAB8
:100E7000094B1A68226002B95C601C60FFF7F0FA47
:100E8000284605B0BDE8F0830325AEE70625ADE7AB
:100E90000C1C00203C1C0020401C002008B500F069
:100EA00073F830B10523C38003F5C8038360014B99
:100EB000836108BD590C010070B50A4C0E462568C7
:100EC00005B970BDAB7A1BB931462846FFF791FED4
:100ED00023681B68236003B964602846FFF7FAFEA5
:100EE000EDE700BF401C002073B514F091FF002611
:100EF00004460096CDF804D0FFF7B0FA154A1368FF
:100F00006FF0004533B9FFF7ABFA009CB4B928463F
:100F100002B070BDD3E90001091B00290ADC116889
:100F20000968116001B9526001991E600B6001935C
:100F30000346E7E78D42A8BF0D46F9E7A37A1BB940
:100F40000D212046FFF755FE236800932046FFF74A
:100F5000C1FEDAE7401C002007B5074B0748002216
:100F6000C3E90023064B00931422064B012110F025
:100F7000A7FD03B05DF804FB401C00200C1C002002
:100F800002DD0200281C002038B50546054810F097
:100F90000DFE044620B11C22002119F01BFFA58084
:100FA000204638BD9C1C002010B50C4641B1086994
:100FB00010F035FA21460348BDE8104010F030BE6D
:100FC00010BD00BF9C1C0020807B00F0010070471A
:100FD00038B513461446042210F0AFFA054658B946
:100FE000204611F063F8234623F8020B184611F04F
:100FF0005DF86080284638BD0425FBE737B5044618
:101000000D4601A8114611F036F829460DF10600EB
:1010100011F031F82046042110F0D6FC044628B126
:10102000042200680DEB02011AF032FE204603B0E4
:1010300030BD08B1808870474FF6FF70704738B5F3
:1010400000250C460563086910F0E9F92561A582C1
:1010500038BD2DE9F743DDF8289098464FF0FF336F
:10106000C9F800300B88C3F30133012B074616463D
:1010700048D0022B2ED101AA00213046FFF7A8FF4D
:10108000054698B90421304610F083FABDF80610E1
:10109000384605F089FB044660B9BDF806304FF6C6
:1010A000FF72934218BFC9F800300525304610F092
:1010B000B6F936E003691BB101463846FFF7BFFFBA
:1010C0002389BDF80450042B06D1204607F08DFD7E
:1010D000854203D90A25E9E76089F9E7BDF80430BC
:1010E0003C63A3822069A0B9266123691D8AA38A73
:1010F000ED1A002D11DD21463846FFF7A0FF0A2525
:101100000026D3E7046B002CE4D02369002BE9D13F
:10111000E0E7314610F087FCE7E706D1A369C8F89D
:101120000030284603B0BDE8F08314F071FE00F5EE
:10113000EA4030307863FFF7D1F90125E0E713B5D5
:10114000044601921046C988128AFFF757FF0190A2
:1011500090B101A9204607F0E3F950B1012809D167
:10116000019B00225A61226C10331360019B1433DF
:101170002364002002B010BD0620FBE707B50A4B30
:1011800000930A480A4B1C22032110F099FC38B93D
:10119000FFF7E2FE28B903B05DF804EB01F0BEBB37
:1011A0000B2003B05DF804FB1ADD02009C1C00203C
:1011B000481C0020002110B50446084610F019F91B
:1011C000034628B182681288A24204D210F027F99F
:1011D0000023184610BD026822440260F9E704208B
:1011E000FFF7E8BF0820FFF7E5BF0D20FFF7E2BFDC
:1011F00070B505460E46FFF7F8FF044640B133468A
:101200002A46002110F0F0FA18B1204610F007F934
:101210000024204670BD10B504460068038A8B4246
:1012200008DB89B210F066FB002820600CBF0620A6
:10123000002010BD0A20FCE7034B1A68026002B9C7
:1012400058601860704700BFB81C002040F2074388
:101250001360072313717047094B5B7AC3F3C00017
:10126000C3F38002C00040EA8200C3F3400210438F
:10127000C3F3001340EA031000F01D00704700BFE5
:1012800034000020037ADB0601D501F00BBC0820F6
:1012900070472DE9F041069C80460E461746002116
:1012A000502220461D4619F095FDD8F80000206018
:1012B00098F80630B8F80420A280A3712B7803F0C8
:1012C0000303032B24D16B7CE3716B882381D5E965
:1012D000022305F11201C4E9042304F118001022CD
:1012E0001AF0D6FC94F82830003F43F0010318BFF1
:1012F0000127003E84F8283018BF012694F84A30B0
:10130000760046EA870623F006031E4384F84A6007
:101310002B785A070CD5102205F1220104F129007F
:101320001AF0B6FC94F8393043F0010384F83930F0
:101330002B781B070CD5102205F1320104F13A007D
:101340001AF0A6FC94F84A3043F0010384F84A30BE
:10135000BDE8F08137B505460C4601AA01210B20F6
:1013600001F008FB014618B90623236003B030BD25
:10137000FFF772FF08700199688901F012FB0028DD
:10138000F4D02060F2E7F8B50446077AC67B4089BE
:101390000D4605F0ABFAD8B190F858303A0743F053
:1013A000010380F8583042BFDBB243F0020380F8FB
:1013B0005830BB0642BF90F8583043F0040380F821
:1013C00058302EB190F8583066F3C70380F8583083
:1013D000FF23637300232B602B7D43F002032B75E7
:1013E000F8BD00B58BB00388ADF80C304388ADF87C
:1013F000163010228368CDF80E308118C368CDF8FE
:10140000123006A81AF044FC002300931C2203A902
:1014100042F2190006F052FF0BB05DF804FB10B564
:1014200010460C46FFF7DDFF206010BD10B588B0F8
:101430004389ADF800300023ADF8023000220023CC
:10144000CDE9022310220C4600F15E010DEB0200F3
:101450001AF01EFC6846FFF7C4FF30B10823237161
:10146000237D206043F00203237508B010BD10B542
:1014700088B01022ADF80C0004460DF10E001AF0F1
:1014800007FC02230093122202AB03A942F21A00C6
:1014900006F014FF20B9BDF80830A34218BF0C2095
:1014A00008B010BD38B50C46054600F15E01408914
:1014B000FFF7DDFF206010B905236B7338BD237D76
:1014C00043F002032375F9E7037ADB0601D501F047
:1014D000B7BB7047037ADB0601D501F05DBB7047EF
:1014E00010B5064810F062FB044620B14FF4C072FC
:1014F000002119F06FFC204610BD00BFC01C002069
:1015000073B5C57C2B0706D5837E1E0742BF037AC1
:1015100043F010030372027A037F447F12F0100637
:101520001CBF04F0FE0403F0FE0312F0010F0CBF19
:1015300019462146ED0705D5857EED0744BF42F0EB
:10154000200202722343334302BF037A23F02003B5
:10155000037211F0010318BF03238A0748BF43F049
:101560000C0383734B0748BF837B027D44BF43F06A
:1015700010038373C37E934228BF1346C3730DF1D8
:101580000701FFF77FFE02B070BD10B4847B34B951
:10159000027AD20706D50A7D42F001020A755DF88B
:1015A000044B70475DF8044BFFF7EDBE014610B1E8
:1015B000014810F035BB7047C01C002038B5137DC2
:1015C0000D4643F002031375012128461446FFF728
:1015D00022FE206030B92B681B681B780BB103F525
:1015E000A060206038BD1FB50222ADF8080000924F
:1015F00003AB02A942F21B0006F060FE05B05DF8E5
:1016000004FB70B504460D4640891646CAB102F186
:101610001801FFF72CFF286070B9F379E37396F88F
:101620004A309B0703D5237A43F0080323722B68C3
:1016300033B90623637303E02B7D43F002032B755C
:1016400070BDFFF7D0FF05232B60F9E730B9074BDA
:101650001A6812681A603AB95B60704703681B68C1
:1016600003600BB9014B5860704700BFB81C0020E5
:101670002DE9F041027A037F477FD40644BF07F08B
:10168000FE0703F0FE0312F0010F18BF1F460546C8
:10169000F8078AB00E4600F18780B90759D501AA2C
:1016A0001021082001F066F98046002800F0E5804E
:1016B00002A806F021FD0446002840F0828002992D
:1016C000102240461AF0E4FA95F8703001996889C2
:1016D00043F0040385F8703001F063F904460028F4
:1016E00040F0BD8001AA0721092001F043F904461A
:1016F000002800F0C280688905F010F9A04603A90F
:1017000005F02AF99DF80C3008F8013B06220DF18E
:101710000D0140461AF0BCFA95F87030029943F07A
:10172000100385F87030102205F192001AF0B0FA1B
:10173000237885F880300622414605F1B2001AF080
:10174000A7FA0199688901F02CF90446002840F0B5
:1017500086807A0720D501AA10210A2001F00AF913
:101760000746002800F08980102106F03CFF04465F
:1017700038BB95F8703043F0080385F870301022BC
:10178000394605F1A2001AF083FA0199688901F03F
:1017900008F90446002862D12B7ADB0767D5314669
:1017A0002846FFF7F0FD65E001AA1021062001F0B0
:1017B000E1F88046002860D0E97B06F014FF04467B
:1017C00018B101980FF02BFE49E0E87B2146C0F1EB
:1017D0001002404419F0FEFA1022414605F1820041
:1017E0001AF056FAEB7B85F8813095F87030019944
:1017F000688943F0010385F8703001F0D2F804469F
:1018000068BB01AA0A21072001F0B4F8804600282D
:1018100033D0022106F0E7FE04460028D1D108218A
:1018200008F1020006F0DFFE04460028C9D195F851
:1018300070300199688943F0020385F87030D8F858
:101840000630D8F80220C5E91E23B8F80030A5F804
:10185000723001F0A6F8044600283FF41EAF0823BA
:101860003371337D346043F00203337502E0AB7BA8
:10187000002B94D00AB0BDE8F0810624EFE7000009
:10188000034B1B68002003B970471B680130FAE75F
:10189000B81C002073B50E4601A9054606F0DEFB14
:1018A000044680B9FEF7DAFDFFF7EAFF019B034427
:1018B0000193FEF7D5FD019B022B04DD314628463E
:1018C00006F09EFA0446204602B070BD10B50146EF
:1018D00004460220FFF7DEFF28B921460120BDE8BB
:1018E0001040FFF7D7BF10BD102106F07CBE2DE9D8
:1018F000F04188B007464089DDF838801C460E4626
:10190000154605F00BF801A905F026F83B7ADB0730
:1019100014D59DF81230337006220DF113012846BC
:101920001AF0B6F99DF81930237006220DF11A014C
:1019300040461AF0ADF908B0BDE8F0819DF81930C5
:10194000337006220DF11A0128461AF0A1F99DF80C
:101950001230237006220DF11301E9E770B5044639
:101960000C480068002688B14589A5420FD1FF299F
:1019700002D0457B8D420AD1B2F1FF3F057A03D0F8
:1019800005F00105AA4202D103B11E6070BD0646F2
:101990000068E8E7B81C00202DE9F0410D46ACB026
:1019A0000646062128461446FFF735FC206050BB4A
:1019B0002B68D3F80080FEF751FDFF2101AB4FF0FB
:1019C000FF323046FFF7CAFF014690B1437B082B38
:1019D00009D0082323714FF4816323602CB0BDE844
:1019E000F041FEF73DBD0198FFF730FE0846FFF7D6
:1019F000DDFDFEF735FD3046FFF768FF074628B1ED
:101A00000823237120602CB0BDE8F081FEF726FD8D
:101A1000FFF766FD0546B0B146814773FFF70CFC42
:101A2000012303740622414611301AF031F9688906
:101A300004F074FF90F82830DA072FD507232371BC
:101A400040F20743236000252F46FEF709FD236877
:101A5000002BD8D10DA9304601F07CFD0146A8B974
:101A6000202204A819F0B6F9DDF83F00BDF84320A4
:101A70009DF84530049018A904A8ADF814208DF8FD
:101A8000163006F0D2F90146002840D00529BAD018
:101A9000237D216023F001032375B4E798F8033018
:101AA000062B04D80623237140F20643CAE7102B05
:101AB00004D90A23237140F20A43C3E798F802309D
:101AC0001B071FD526490223EB750B7A2B764B7A21
:101AD000C3F300036B76FFF7BFFB1023CA7AEB76E4
:101AE0006B7DA87613402B778A7AAB7D13406B779A
:101AF0002846FFF705FD237D2F7AED7B43F0010398
:101B00002375A2E70323237140F203439AE79DF86C
:101B100067308DF80A309DF8AA30ADF80860C3F33D
:101B20008002C3F3400343EA42039DF80B208DF883
:101B30000C5022F0030213439DF80D208DF80B305A
:101B400022F00702C7F3C203134302A88DF80D3039
:101B500002F070FB01283FF47DAF022198E700BF3F
:101B600034000020F8B50E460746102130461546D1
:101B7000FFF751FB0446286030B108232B712B7D01
:101B800043F002032B75F8BD33681E68FEF766FC50
:101B900023464FF0FF3207213846FFF7DFFE0446A9
:101BA00038B905232B6008232B71BDE8F840FEF7F8
:101BB00057BC837B23F00103837390F8B83043F064
:101BC000010380F8B83031461022CA301AF060F8AC
:101BD000E37B84F8C93029462046FFF7D6FCE4E7CA
:101BE000F8B50E4607460A2130461446FFF713FBA8
:101BF0000546206030B108232371237D43F00203A2
:101C00002375F8BD33681E68FEF728FC2B464FF09D
:101C1000FF3207213846FFF7A1FE38B905232360BC
:101C200008232371BDE8F840FEF71ABC827B22F03E
:101C30000202827390F8B82042F0020280F8B820C5
:101C40003288A0F8BA20D6F80210D6F80620C0E9EB
:101C500030122146FFF799FCE4E7F8B50E46074637
:101C6000102130461546FFF7D6FA0446286030B1F9
:101C700008232B712B7D43F002032B75F8BD3368CD
:101C80001E68FEF7EBFB23464FF0FF320721384674
:101C9000FFF764FE044638B905232B6008232B7137
:101CA000BDE8F840FEF7DCBB837B23F004038373BD
:101CB00031461022DA3019F0EBFF94F8B83043F0D7
:101CC000040384F8B83029462046FFF75EFCE7E7B6
:101CD000F8B50E460746072130461546FFF79BFA32
:101CE0000446286030B108232B712B7D43F002039A
:101CF0002B75F8BD33681E68FEF7B0FB23464FF026
:101D0000FF3207213846FFF729FE044638B905237C
:101D10002B6008232B71BDE8F840FEF7A1BB837B45
:101D200023F00803837390F8B830314643F0100372
:101D300080F8B83011F8013B80F8C8300622FA303C
:101D400019F0A6FF29462046FFF71FFCE3E7F8B588
:101D50000E460746102130461546FFF75CFA04464A
:101D6000286030B108232B712B7D43F002032B75C3
:101D7000F8BD33681E68FEF771FB23464FF0FF3253
:101D800007213846FFF7EAFD044638B905232B60E2
:101D900008232B71BDE8F840FEF762BB837B23F07C
:101DA0001003837331461022EA3019F071FF94F862
:101DB000B83043F0080384F8B83029462046FFF7CE
:101DC000E4FBE7E70138C0B204289ABF014B18567C
:101DD000FF207047FC1A030013B50DF107010446FC
:101DE000FFF750FA9DF80700FFF7ECFF637B98427E
:101DF00007D1207A00F00600831F5842584102B0F4
:101E000010BD0120FBE7F7B50E4607460621304618
:101E10001446FFF700FA0546206028B1237D43F001
:101E20000203237503B0F0BD33681E68FEF716FB8E
:101E30002B46294601223846FFF790FD054670B132
:101E40000223C37506223146183019F021FFF378BA
:101E5000062B07D80623237140F206432360FEF7C2
:101E6000FFFADFE7102B04D90A23237140F20A435B
:101E7000F4E72846FFF744FB0DF107012846FFF77A
:101E800001FA48B10323237140F203432360237D09
:101E900043F002032375E2E72B7A9DF8072013F045
:101EA000100F0CBF0121092169731046FFF78AFF4B
:101EB000884208BF22722846FFF78EFF0028CED046
:101EC000237D43F00103E5E7F7B50E4607461021F1
:101ED00030461446FFF79FF90546206038B10823C5
:101EE0002371237D43F00203237503B0F0BD3368F3
:101EF0001E68FEF7B3FA2B464FF0FF320121384639
:101F0000FFF72CFD054620B905232360FEF7A8FA4C
:101F1000EBE7102231462E3019F0BAFE2B7ADB07A0
:101F200006D502236B73237D43F001032375EDE790
:101F30000DF107012846FFF7A5F99DF80700FFF707
:101F400041FF6B7B984202BF2B7A43F004032B7254
:101F50002846FFF741FF0028D8D0E4E72DE9F043F9
:101F60007C4F9BB006460C46FEF778FA03AB4FF069
:101F7000FF32FF213046FFF7F1FC0546002860D014
:101F8000237DD8070DD5182200212046D4F81080D3
:101F900018F020FF688904F0D1FC002842D1072303
:101FA00023606A7B2368FF2A01D0002B42D003986C
:101FB000FFF74CFB4FF0010894F80490B9F1000FC3
:101FC0000BD006AA0121052000F0D4FC28B180F82E
:101FD00000900699304600F0E4FCFEF741FA002D2F
:101FE00000F0B480227D910707D5C2F380032168F9
:101FF000C2F3C002304602F0E5F8236863BB237ADF
:1020000013BBB8F1000F2BD1237DDB0740F19E807D
:1020100018220021204618F0DDFE237D43F0010345
:102020002375A1E76B7B424657F8233021462846AB
:102030009847B6E713F0ECFE00F5F0406860FEF755
:102040004DFA4FF00008B7E704F10801304602F0FE
:10205000A0F82368002BD4D0B8F1000FD4D05EE0F4
:102060002B7A9A065BD5FEF7F9F9688904F03EFCF5
:1020700095F8B83013F0100F044600F1070656D05B
:1020800095F8C8308DF81030062205F1FA010DF1EF
:10209000110019F0FDFD0498C4F807009DF81630F2
:1020A000BDF81420B280B3710622002304F116019A
:1020B0000DF119000693CDF81B3018F061FE10B930
:1020C000FEF7CEF90EE09DF81030032B05D8DFE8BF
:1020D00003F0022C022C0223E371FEF7C1F9688998
:1020E00002F095F82C7A06AB04F0080604F0100410
:1020F00022463146009304A805F17003FFF7C9F8A2
:1021000006A805F08EFE06AB009304A805F1B803FF
:1021100022463146FFF7BDF806A805F08BFE28469B
:102120001BB0BDE8F043FFF741BA0323D4E7B28800
:10213000B379D0F80700ADF814208DF8163004906C
:10214000E07906F0E4FC8DF81000B9E71BB0BDE8BB
:10215000F08300BF041B03002DE9F04786B08046E2
:102160000D46914600211822684618F033FEFEF70E
:1021700075F900234FF0FF32FF214046FFF7EEFBD9
:10218000044640B1427B052A09D0062A5DD00823C7
:1021900041738DF804300026B246374614E0027AC7
:1021A000002D4FD107234373D30701D5837B2BB970
:1021B0009DF8143043F001038DF81430E67B277A44
:1021C0004FF0000AC7F3C007FDB9404604F08EFB8C
:1021D000D8B190F8583069F3000380F8583027B12F
:1021E000DBB243F0020380F85830BAF1000F05D09B
:1021F00090F8583043F0040380F858302EB190F82E
:10220000583066F3C70380F8583014B1637BFF2B56
:1022100009D19DF8143043F002038DF814300DB14C
:1022200005F500750095FEF71BF99DF81430694619
:102230006AF3820340468DF81430FFF78FFE06B034
:10224000BDE8F08741731E46B9E741739DF814302D
:10225000077A43F008038DF81430C67BC7F3C00734
:102260004FF0010AB0E70000F0B589B00546FEF76F
:10227000E0FE4FF6FF739842044625D028690DF121
:102280000703012200210FF058F90646F0B928692A
:1022900001210FF07EF99DF807300E2B18D80D4A5A
:1022A00052F82370A7B11822314602A818F092FD07
:1022B00002AA05F110012046B847204602A9FFF7FF
:1022C0004DFE029809B0F0BD0720FBE70A20F9E7B0
:1022D0000820F7E7301B0300C2780178B0F801004E
:1022E00002F00102FFF738BF0178B0F801000122C7
:1022F000FFF732BF2DE9F043ADB0B0F8015018221E
:102300000021064603A818F065FD1FFA85F8FEF7C0
:10231000A5F800231A46FF214046FFF71FFB04469D
:10232000F0B9FFF7DDF8044670B906230393404681
:1023300004F0F4FA09A904F00FFB06220BA901A886
:1023400019F0A6FC01271AE0042345814373FEF728
:1023500073FF9DF8203043F001038DF82030E6E74D
:10236000427B082A02D104234373F2E7032A0ED1E9
:102370009DF8202042F001028DF820201F46FEF734
:102380006FF8039D4CB928462DB0BDE8F083404658
:102390000027FFF728F93C46F1E745BB3FB3202271
:1023A000294610A8D6F80740B6F80B90D6F8037067
:1023B0009DF82B6018F00EFD062201A90DF14100D9
:1023C0008DF8406019F064FC9DF85830ADF84890E5
:1023D000CDE9147418AC43F00103214610A88DF820
:1023E000583005F019FD002818BF2C4607944046C8
:1023F00003A9FFF7B3FD0020C6E7037ADB074CBF54
:102400003E304E3070470000F7B5067A06F0010600
:102410000446C6F102000D4601AA0621C0B200F032
:10242000A9FA0746002847D05EB327490123237441
:102430000B7A63744B7AC3F30003A374FEF70CFFAB
:10244000102323758B7A6375CB7AE074A37506220B
:1024500004F11101384619F01BFC0199608900F064
:10246000A0FA50BB2046FFF7C8FFFFF73DFA2860EF
:1024700028B108232B712B7D43F002032B7503B089
:10248000F0BD062204F1180119F002FC237A13F0C2
:10249000100F0CBF0123092363730DF103012046C4
:1024A000FEF7F0FE9DF803201046FFF78BFC637BE0
:1024B000984208BF2A72D0E706202860002EDED19D
:1024C00008232B71DBE700BF34000020037ADB0711
:1024D0004CBF4E303E307047F8B50E4607461021CF
:1024E00030461446FEF797FE0546206030B10823BB
:1024F0002371237D43F002032375F8BD33681E6802
:10250000FDF7ACFF2B464FF0FF3202213846FFF7B4
:1025100025FA054628B905232360BDE8F840FDF7F4
:102520009FBFFFF7D3FF1022314619F0B1FB2B7A82
:10253000DB06F2D52146284600F0C2FBEDE700009D
:102540002DE9F34113F064FC002480460094CDF89B
:1025500004D0FDF783FF1E490B68224625466FF025
:1025600000474BB902B10095FDF77AFF009C14BB00
:10257000384602B0BDE8F081D3E90006A6EB0806B4
:10258000002E14DC64B90A6812680A6002B9496056
:102590001D6005B901931D4601221C460346E0E774
:1025A000226812682260002AF2D14C60F0E7B7423C
:1025B000A8BF3746F1E7002360891A460D2101F0D4
:1025C00001FE236800932046FEF7F0FFCEE700BF30
:1025D000B81C002070B586B0182200210646684657
:1025E00018F0F8FBFDF73AFF00234FF0FF32FF2110
:1025F0003046FFF7B3F90446FDF732FF34BB3046EF
:10260000FFF764F9054630B9FEF76AFF044628B9BA
:1026100006230093009D284606B070BD037A4681CC
:1026200043F0010303724573FDF718FF2046FEF7E0
:1026300003FEFDF715FF9DF81430694643F00103D2
:1026400030468DF81430FFF789FCE3E70225E2E716
:102650002DE9F0418EB004460D46174600211822A0
:1026600068469846169E18F0B5FBFDF7F7FE002366
:102670004FF0FF32FF212046FFF770F958B10223D7
:102680000093FDF7EDFE20466946FFF767FC0098D2
:102690000EB0BDE8F081FEF723FF06230028EFD03F
:1026A000C5734481057A4373D6B945F001050572B7
:1026B000FEF7C2FDDDE914233946CDE908230AA857
:1026C0001022ADF81840ADF81A8019F0E1FA9DF823
:1026D000143043F001038DF8143006AB0493D0E7B7
:1026E00045F00905E3E7F0B50F46A9B0054601211D
:1026F00038461446FEF78FFD06462060002852D16A
:102700003B681F68FDF7AAFE284604F007F990F819
:102710002830DB0716D440F20743236007232371D8
:10272000FDF79EFE2368002B3DD13B78D9071DD5D0
:1027300014A90CA805F079FB2060D0B12846FFF75A
:1027400049FF2FE005A904F007F9202231460CA823
:1027500018F040FBDDF81B00BDF81F209DF821306C
:102760000C90ADF834208DF83630D9E7052323607E
:10277000E4E73B7813F0040F9DF89A3003D09A07F2
:1027800001D41023F3E7C3F340030293DDE91823D8
:102790009DF85710CDE900232846BDF858301AAAF5
:1027A000FFF756FF206029B0F0BD000070B588B07B
:1027B000182206460D4602A8002118F00BFBFDF773
:1027C0004DFE00234FF0FF32FF213046FFF7C6F8E1
:1027D000044620B9FDF744FE052008B070BD037A19
:1027E0009B077FD40DF10701FEF74CFD2A7818B93D
:1027F0009DF807309A422DD11046FFF7E3FA637B2C
:10280000984227D1013A042A24D8DFE802F0031FB6
:102810001F3D4B00237A43F0020323721022291D2F
:1028200004F11E0019F034FA237A13F0050F1EBFCD
:102830009DF81C3043F001038DF81C30FDF710FEAD
:10284000304602A9FFF78AFB0298C6E76A68274B61
:102850009A4203D9FDF704FE0320BEE7237A43F032
:10286000020323721022002104F11E0018F0B2FAB4
:102870006B68A3776B681B0AE377EB8884F82030DA
:10288000EB7984F82130CFE72B7933B940F20C4350
:1028900002930C238DF80C30D0E7237A43F0020228
:1028A0002272C2E7D5E90112003A18BF01220039AD
:1028B00018BF0121204600F08DFC20B940F20243F0
:1028C00002930223E6E7237A43F0020323726B6844
:1028D000C4F87431AB68C4F8783102A9204600F01E
:1028E0002BF9ABE7FDF7BCFD022076E73F420F0076
:1028F00010B586B0044618220021684618F06AFA1E
:10290000072300939DF81430694643F002032046E4
:102910008DF81430FFF722FB06B010BD13B50A4B3B
:102920000A480022C3E90023094B00934FF4C07208
:10293000084B01210FF0C4F8044608B900F05AFC16
:10294000204602B010BD00BFB81C0020C01C0020F3
:102950002EDD0200DC1C002008B5FEF715FB30B1AF
:102960000623C38003F582038360014B836108BDA6
:102970006922010070B5144606460D46FEF732FC8A
:10298000206038B1691C89B20EF088FF20B9206838
:102990000EF045FD002070BD2368186800F8016B3B
:1029A000F9E713B50C466B4601AA062106F099F823
:1029B00020B9DDE900102246FEF7C1FB02B010BDD0
:1029C00008B5027B012A03460AD190F800111329A9
:1029D00006D84273FFF711FDBDE80840FEF784BF3B
:1029E0000A225A73002008BD73B5037A0F4D03F015
:1029F0000103002B00F5817601F10C030C4600F178
:102A00003E02009318BF314600F14E0306BF29462F
:102A10003046284610F022FC206028B1082323719C
:102A2000237D43F00203237502B070BD7D1E00209C
:102A300010B50A4C237833B909490A4810F084FCD0
:102A400050B9012323700748402105F0B4FD044824
:102A5000202105F0B0FD002010BD00BF5C1E00204D
:102A60005D1E00207D1E002030B589B00D46144645
:102A700003F054FF01A903F06FFFDDF812302B6063
:102A8000BDF81630AB809DF81830AB71DDF8193009
:102A90002360BDF81D30A3809DF81F30A37109B0DD
:102AA00030BD000010B5837C012B02D0437E012B8A
:102AB00008D105230B7002230373037A43F0080344
:102AC000037209E0C37C5A0708D4837E5B0705D4F0
:102AD00000230B7000230373002010BD447C042CE2
:102AE000F6D8027E042AF3D8037A13F0010F4FEAD6
:102AF0008203134414BF0E4A0E4A13441B5D0B702D
:102B0000052B13D801A252F823F000BFD52A0100EB
:102B10002D2B0100252B0100252B0100292B010065
:102B2000B72A01000123C7E70323C5E70320D4E741
:102B3000851B03006C1B030070B5D0F8782186B0AC
:102B400005460C4602B300F5817102AE00960023E3
:102B5000084610F049FA50B1082323714FF48163FD
:102B60002360237D43F00203237506B070BDD5F8C2
:102B7000781110221144304618F002F920B10423D4
:102B8000237140F20443EBE72B7A13F0050FECD0EE
:102B9000237D43F00103E7E77FB5037B012B054667
:102BA0000C4619D00CD9023B012B09D91123236003
:102BB000237D43F0020323750823237104B070BD05
:102BC000002385F8013103AA10210320FFF7D2FE6C
:102BD000064690B90623EAE790F8002100EBD203FD
:102BE00002F007019B7F0B4103F0010380330132A8
:102BF00080F8013180F80021E5E72846FFF7FDFB6A
:102C00000096024695F801310C4805F5817110F0E7
:102C1000EBF9064620B103980EF001FC2660C7E7E9
:102C200003996889FFF7BDFE08B12060C0E72B7AE1
:102C3000DB075CBF02236B73C0E700BF7D1E002073
:102C400073B505460C4601AA10210420FFF792FE39
:102C5000064638B9237D43F0020323750823237108
:102C600002B070BD2846FFF7C8FB1022014630466F
:102C700019F00EF801996889FFF793FE08B12060FA
:102C8000E8E72B7ADA07EBD42846FFF799FE00280D
:102C9000F5D10DF103012846FFF704FF9DF803600D
:102CA0003046FFF78FF86B7B9842D9D12B7A9B0780
:102CB000D6D4267221462846FFF796FED0E70000BC
:102CC0002DE9F043037B022B91B004460D462ED034
:102CD000027AD60702D453B3032B28D0102104F173
:102CE0001E0005F068FC2046FFF7F0FB0CAE0096D6
:102CF000024694F801314F4904F5817010F074F9DF
:102D000010B1286008230AE01022314604F12E0099
:102D100018F036F858B140F204432B6004232B71AD
:102D20002B7D43F002032B7511B0BDE8F0830AAE92
:102D30000DF1200800960DF11F0342460DF11E0112
:102D40002046FEF7D4FD04F5A173CDE902639DF89A
:102D50001F3004F15E07CDE9008304979DF81E3013
:102D600004F14E0204F13E0104F5A97010F076F969
:102D7000064608B12860C5E7E07B3146C0F1100285
:102D8000384418F027F81022394604F1820018F070
:102D90007FFF94F87030A4F8726023F0030343F0CF
:102DA00003034FF000084FF0000984F87030E37B14
:102DB00084F88130C4E91E891022394604F1CA0022
:102DC00018F066FF94F8B830A4F8BA6023F0030353
:102DD00043F0030384F8B830E37B84F8C930237AE6
:102DE000D807C4E930891CD52046FFF7E9FD0DF16D
:102DF0001D012046FFF756FE9DF81D603046FEF788
:102E0000E1FF637B984208D1237A990705D42E729B
:102E100029462046FFF7E8FD86E72B7D43F00103B6
:102E200081E7227B022AF8D19A07F6D443F0040303
:102E3000237279E77D1E002073B50C460546FFF727
:102E4000F7FD206038B1237D43F00203237508238A
:102E5000237102B070BD01AA40210C20FFF78AFD4A
:102E6000064610B906232360EDE71A49202218F020
:102E70000FFF20221849B01818F00AFF019968893D
:102E8000FFF78FFD20600028DDD12B7ADB07E0D42F
:102E90002B7B022B18BF01236B730DF10301284616
:102EA000FFF700FE9DF803603046FEF78BFF6B7B5B
:102EB000984208BF26722846FEF78EFF0028C8D029
:102EC0002B7B0BB1032BC4D1237D43F0010323756E
:102ED000BFE700BF7D1E00209D1E00202DE9F341AD
:102EE0000E460746402130461446FEF794F920600E
:102EF00030B1237D43F00203237502B0BDE8F081B9
:102F0000FFF796FD0546206030B1237D43F00203B4
:102F1000237508232371F0E73368D3F80080FDF7A9
:102F20009DFA2B464FF0FF3209213846FEF716FD79
:102F3000054640B9052323600823237102B0BDE88C
:102F4000F041FDF78DBA00F58176402241463046CA
:102F500018F09EFE1B4A05F5A97305F591713046E0
:102F600010F0C2F948B140F20B4323600B232371E8
:102F7000237D43F002032375E0E72B7A13F001036E
:102F80001CD02A7B022A08BF02236B730DF10701B4
:102F90002846FFF787FD9DF807603046FEF712FFD1
:102FA0006B7B984208BF26722846FEF715FF002863
:102FB000C4D02B7B002BC1D0032BBFD0237D43F08B
:102FC0000103D8E75D1E00202DE9F041037ADA07FE
:102FD000037B4CBF00F1110800F11808022B8CB0E4
:102FE00004460E4607D1D0F8781110221E30002971
:102FF00038D018F04DFE60890AAA08A9FFF734FD01
:1030000007AA10210D20FFF7B5FC054600283BD08C
:103010002046FFF7F2F907462046FFF757FA0DF171
:10302000290304939DF8283003930DF121030293A3
:103030009DF820300595CDE90083024604F11E037A
:10304000394604F5A17010F08BF8054668B1079871
:103050000EF0E5F9337D356043F002033375082344
:1030600033710EE017F0B6FEC5E707996089FFF7E8
:1030700098FC05460028EDD1237ADB0701D4032311
:1030800063730CB0BDE8F0810625E3E72DE9F04756
:103090000E4690B00746102130461546FEF7BBF8A5
:1030A0000446286040B12B7D43F002032B750823B2
:1030B0002B7110B0BDE8F0873368D3F80080FDF7BE
:1030C000CDF923464FF0FF320A213846FEF746FC81
:1030D000044630B905232B6010B0BDE8F047FDF77A
:1030E000BFB9027A037B12F0010F00F11E063DD03A
:1030F000022B00F1180A08D1417E102200293BD092
:10310000D4F87411304618F0C3FD0AAA608908A9E2
:10311000FFF7AAFC1021304605F04DFA2046FFF7D4
:10312000D5F907462046FFF768F90DF1210304930E
:103130009DF8203003930DF1290302939DF8283068
:103140000DF13009CDE900A30246CDF814903346C5
:10315000394604F5A17010F003F8286080B1082307
:103160002B712B7D43F002032B75B5E7022B00F189
:10317000110ACAD1817CC0E7304617F02BFEC4E7A4
:1031800010224946404617F0FBFD28B10B232B7156
:1031900040F20B432B60E4E70DF11F012046FFF7DF
:1031A00081FC9DF81F00FEF70DFE637B984202BF75
:1031B000237A43F0040323722046FEF70DFE002815
:1031C0008AD0237ADB0744BF052363732B7D43F04A
:1031D0000103C9E7037ADB074CBF837C437E591E9A
:1031E0004B424B41A3EB020CDCF1000040EB0C0026
:1031F0007047000008B510F0D3F8024B00221A7097
:1032000008BD00BF5C1E002070B588B001AE0C4642
:103210003146054603F0A0FB96E8030004F10803DD
:10322000606023F8021B090C1970DDF80B30C4F83C
:103230000B30BDF80F30A4F80F309DF811306374D7
:10324000DDF81230C4F81230BDF81630E3829DF874
:1032500018302376DDF81930C4F81930BDF81D3068
:10326000A4F81D309DF81F30E377AB882384AB8B27
:103270006384EB8BA3842B8CE38495F8223084F851
:103280002930AB6D236095F82830DB4303F0010350
:1032900084F8283008B070BD07B5002300931A46A3
:1032A000194642F20E0005F009F803B05DF804FB80
:1032B0001FB500238DF80C008DF80D10009302222D
:1032C00003A942F20C0004F0F9FF05B05DF804FB1D
:1032D0001FB500238DF80C000093012203A942F2D0
:1032E0000A0004F0EBFF05B05DF804FB38B50B4AAB
:1032F000116800230C460CB9204638BDA58A8542CA
:1033000002D023462468F6E723B90B681360FDF763
:10331000E5F8F1E722681A60F9E700BFCC1E00204B
:10332000054B1A886FF308021A805A7C22F00802B3
:103330005A74FDF7D3B800BF181F0020F8B5094F25
:103340003D4604460E46FDF789F80FCD0FC42B68A5
:1033500023601EB1FFF7E4FF00233B74BDE8F84093
:10336000FDF77EB8181F002010B40C4611461CB1A2
:1033700023465DF8044B18470278042A07D1D0E9A8
:1033800001120B6813604B6853608B6893600020D8
:103390005DF8044B704770B50D460446FDF75EF8C6
:1033A000284603F0A3FA50B1D0E91756FDF758F8B4
:1033B000324629462046BDE87040FFF7D5BFFDF7ED
:1033C0004FF8072070BD0000044B1B7C23B9044B51
:1033D0005878C0F38000704701207047181F002004
:1033E000081F0020014610B101480EF019BC7047BB
:1033F000D01E002038B5054B1C68054604B938BD01
:10340000D4E9003128469847A468F7E7041F002054
:1034100000B593B03422002105A817F0DBFC082387
:103420008DF814300121002368460693FFF786FFCC
:10343000029919B1039A05A8FFF796FF05A8FFF7AF
:10344000D9FF13B05DF804FB30B5114B1B78012B8D
:1034500093B0044615D0022B11D101216846FFF725
:103460006DFF029D5DB10021342205A817F0B2FC6A
:10347000002303998DF81430069405A8A84713B0CB
:1034800030BDFFF7C5FF13B0BDE83040FFF748BFC0
:10349000181F002030B58FB034220021044601A847
:1034A00017F098FC092301A88DF804300294FFF767
:1034B000A1FFFCF7D3FF094A1388D2E9024523F4A0
:1034C000875323F01F031380FDF708F8FCF7C8FFAC
:1034D00014B1294601A8A0470FB030BD081F002035
:1034E00038B5104D2B78BBB16B78DB0614D56C6802
:1034F00012F08EFC201A002810DC0020FFF7E8FEF6
:1035000068B92B8823F4875323F01F032B80FCF723
:10351000E5FF0D20FFF7BEFF6FF0004038BD6420CF
:10352000FCE700BF081F002038B5094D00202C78AB
:10353000FFF7CEFE58B92B8823F4875323F01F03DF
:103540002B80FCF7CBFF013C18BF0124600038BD85
:10355000081F002038B505460C46FCF77FFF2846BB
:1035600003F0C4F918B9FCF77BFF072038BD14B18C
:103570002146FFF749FEFCF773FF0020F6E7000045
:1035800030B51A4BC168427805461878012893B0C7
:1035900026D15B7CDC0707D505AB06F019F918B915
:1035A000059B1A78022A18D03422002105A817F0AA
:1035B00011FC07238DF814300FCD06AC0FC495E82D
:1035C000030084E8030000216846FFF7B7FE029B72
:1035D00043B905A8FFF70EFF02E09B78DB07E3D4B1
:1035E00013B030BD039905A89847F2E7181F0020D3
:1035F000F0B50E46017895B00546002938D002296D
:103600000CD03C2903D1724B1B78012B02D0002037
:1036100015B0F0BD0020FFF73DFFF8E76D4B1A78BD
:10362000002AF4D01B7C022B03D11D20FFF70CFFD6
:10363000EDE7012102A8FFF781FE049C002CE6D0F3
:103640003422002107A817F0C5FB00238DF81C3099
:103650004FF6FF73ADF824309DF81930059913F03B
:10366000080F0CBF0D230923089307A8A047CEE736
:10367000408805F016FE0028C9D02B79002B79D0A0
:10368000012B7DD0688803F0E9F8AB898383EB894F
:10369000C3832B8A0384AB7C80F822302B790446C9
:1036A000002B77D14B4B9A68C265DA6802665B7C67
:1036B00090F82820C3F3410342F0010280F828204B
:1036C0008371FFF72DFE6B79E3710622A91804F1CF
:1036D0000800012718F0DCFA05F11906062205F1A9
:1036E0001301A77304F10F0018F0D2FA0023062289
:1036F00031460DF11D000793CDF81F3017F040FB48
:1037000000285CD1E379BB420ED1637B03F0C00398
:10371000402B09D1D4F80730C4F81530B4F80B3079
:10372000A4F81930637BE376FCF798FE342200217D
:1037300007A817F04FFB204603F0E4F80024FCF73D
:103740008FFE6B88ADF8243007A88DF81C400894D4
:10375000FFF750FE698807A8FFF71DFE6B88ADF8DC
:10376000083000942346022202A942F2160004F017
:10377000A5FD4CE7174B1B78022B83D0052047E7AC
:10378000002EFBD1124B1A78012AF7D15B781B0768
:10379000F4D577E70E4A310102EB0616B368C3652C
:1037A000F36803667378C3F301038371535A23F4F8
:1037B000875323F01F035352FCF790FE83E767758E
:1037C0000622314604F1160018F062FAACE700BF99
:1037D000081F0020181F002038B50446FCF73EFEE5
:1037E000608803F083F8054628B163781BB9201D73
:1037F0000EF05EFC6862BDE83840FCF731BE30B5C3
:103800008FB004460D463422002101A817F0E2FAD9
:103810000523214601A88DF80430ADF8104002952B
:10382000FFF7B9FD0FB030BD70B58EB045880446C6
:103830003422002101A817F0CDFA12238DF80430AC
:103840006378029323798DF80E3001A863798DF89F
:103850000F30AEB2ADF80C50FFF7CCFD314601A8E9
:10386000FFF799FD0EB070BDF8B52C4D2B786BB1FC
:103870006B78DB070AD56C6812F0CAFA241A002CA0
:103880000BDC2B78012B27D0022B02D06FF00044E9
:1038900003E0FFF701FDD0B16624214FFCF7DEFD08
:1038A00012F0B6FA3A6801466FF000454FF6FF7025
:1038B000DAB92DB3FCF7D4FDAC42A8BF2C46FFF714
:1038C0000FFEA04227DCBDE8F840FFF709BE6B7889
:1038D00060F300036B70D9E700210846FFF7E8FCAE
:1038E0000028D9D1FFF794FDD0E713695B1A23EACA
:1038F000E373AB42B8BF908A1268B8BF1D46D7E7E2
:10390000FFF7F4FC0646FCF7ABFD002ED4D03046A2
:10391000FFF768FDC2E72046F8BD00BF181F002072
:10392000CC1E002010B5FCF799FDFFF7FDFD044605
:10393000FCF796FD204610BD2DE9F0431D468BB0E7
:1039400080460F469146FCF789FD4DB3B8F1030F51
:1039500026D86B78022B23D85A4E3378002B40F0B0
:10396000AC802B78012B17D0022B0CD0C3B92B7A4B
:10397000DA0715D46FF00043994513D1FCF79EFD8B
:10398000B8B91E2478E02B7ADB0709D402F0F8FEE0
:103990000028EFD106246FE017B13B78032BF5D94F
:1039A000032469E003A94846FCF732FC0028E5D06F
:1039B000F6E7FFF709FD002840F08180404605F05A
:1039C0002AF80446002857D1129BB360139BF3607A
:1039D0007378049068F3010373702B787278CDF8D4
:1039E0001300003B18BF012363F3C30272706988A0
:1039F0002A78AB8831B92BB9002A15BF6023F02390
:103A00003021A021ADF81810ADF81A30002A39D0B5
:103A1000012A3DD004A9002F18BF3946062211F80B
:103A2000013B8DF81C400DF11F008DF81E308DF804
:103A30001D8018F02DF9AB79002B08BF07238DF8F6
:103A40002530EB798DF82630002300930F2206A94C
:103A500042F2060004F032FC044668B901203070DE
:103A6000FFF736FC0446D0B1338823F4875323F0A4
:103A70001F033380FCF732FDFCF7F2FC20460BB04D
:103A8000BDE8F0836B78002B14BF02240324C1E748
:103A90002B7A13F0010F0CBF04240124BAE76FF056
:103AA00000439945E8D0039D12F0B2F973780544BC
:103AB00043F0100375607370DCE70224DCE71D241B
:103AC000DAE700BF081F002010B50C468AB0014697
:103AD00010B91CB1122010E01F2CFBDC22460DF1A6
:103AE000090018F0D5F800230093202202A942F221
:103AF00008008DF8084004F0E1FB0AB010BD10B5D5
:103B00000C468AB0014610B91CB1032010E01F2CEE
:103B1000FBDC22460DF1090018F0BAF800230093EF
:103B2000202202A942F209008DF8084004F0C6FBE9
:103B30000AB010BD00B58BB01F230DF1070202A91A
:103B400005F022FE20B99DF8071002A8FFF7BCFF80
:103B50000BB05DF804FB00B58BB01F230DF107021D
:103B600002A905F011FE20B99DF8071002A8FFF781
:103B7000C6FF0BB05DF804FB024B1878431E584299
:103B800058417047081F0020024B1878431E5842C6
:103B900058417047181F0020024B1878831E584266
:103BA00058417047181F00201FB590F8283013F0B7
:103BB0000203044614D18288ADF80C208DF80E1053
:103BC0000093032203A940F2064004F077FB28B9D2
:103BD00094F8283043F0020384F8283004B010BD74
:103BE0000220FBE738B505460C46FCF737FC2846B3
:103BF00002F07CFE38B12146FFF7D6FF0446FCF701
:103C00002FFC204638BD0724F9E730B58FB00446B5
:103C10000D463422002101A817F0DCF8032301A887
:103C20008DF80430ADF80C400295FFF7E3FB214618
:103C300001A8FFF7B0FB0D2D03D113212046FFF79C
:103C4000D1FF0FB030BD2DE9F0418EB034220446D3
:103C50000D4601A8002117F0BDF8FCF7FFFB204638
:103C600002F044FE064620B9FCF7FAFB0EB0BDE8B0
:103C7000F08103A9FFF7C8FAD6E91778FCF7F0FB43
:103C8000FCF7ECFB2046FFF731FB0646FCF7E8FBB0
:103C900036B120462946FFF7B8FF3046FFF7A2FBB2
:103CA00029462046FDF708F92046FEF721FE20466A
:103CB00001F018F8204602F037FD204605F0A0FD7F
:103CC000204605F0D8FA012301A88DF804300295AA
:103CD000FFF790FB4246394601A8FFF745FBC5E7D1
:103CE00070B5B0F8016003788EB00446B5B24BB938
:103CF000C17809B101F5007128460EB0BDE87040E9
:103D0000FFF7A1BF3422002101A817F063F80623B2
:103D10008DF804302378ADF80C600BB103F5007317
:103D200001A80293FFF766FB294601A8FFF733FBC2
:103D30000EB070BD38B504464FF6FF7505F0C5FAF4
:103D4000A84203D02146FFF77EFFF7E7054B1B781B
:103D5000012B02D12046FFF79DFB2046BDE83840ED
:103D6000FFF772BB081F002070B590B005463422E3
:103D7000002103A817F02EF80822002101A817F04F
:103D800029F8FCF76BFB6E88304602F0AFFD18B1E6
:103D90006B78E3B11A2B21D0BDF8043023B930463B
:103DA000FFF7A4FAFFF71EFBFCF75AFBBDF804303F
:103DB000002B32D001A91C4A00233046FDF702F83F
:103DC000014610B13046FFF720FF10B070BDAB8840
:103DD0008383EB88C3832B890384DDE7134B1C6843
:103DE000002CD9D0A38AB34201D02468F8E790F818
:103DF0002830DB07D0D4A388ADF80430E388ADF8D1
:103E000006302389ADF808306389ADF80A3011F027
:103E1000FFFF00F520402061BEE769780029D1D07E
:103E200001F50071CEE700BF313E0100CC1E00203D
:103E300070B504460D46FCF711FB2046FFF756FA15
:103E40000646FCF70DFB4EB13046FFF7CBFA2DB11D
:103E500029462046BDE87040FFF7D7BE70BD2DE96A
:103E6000F04134229AB0044600210DEB020016F016
:103E7000B1FF2279E37843EA0223ADF80C30A2794E
:103E8000637943EA0223ADF80E30227AE37943EAFC
:103E90000223ADF81030A27A637AB4F8014043EA05
:103EA00002230025ADF81230059503AE96E8070011
:103EB0000DF1180888E80700342229460DEB0200AE
:103EC000A7B216F087FF042339460DA88DF83430C9
:103ED000CDE90E68ADF84040FFF75DFAADF824403B
:103EE000034690BBBDF81820ADF82620BDF81A2077
:103EF000ADF82820BDF81C20ADF82A20BDF81E2002
:103F0000ADF82C20BDF82020ADF82E20BDF82220E1
:103F1000ADF8302000900E2209A942F2200004F0F2
:103F2000CDF9044670B1FCF799FA3846FFF7DEF98F
:103F30000546FCF795FA2846FFF754FA214638461D
:103F4000FFF763FE1AB0BDE8F0818DF826000095FA
:103F50002B46032209A942F2210004F0AFF9F1E750
:103F60002DE9F0410A884B889A4288B080460C4679
:103F700000F29D80052A40F29A80B3F5486F00F266
:103F800096808A88B2F5FA7F80F09180C98802FB1A
:103F90000333B1EBA30F40F38A80082200210DEB1D
:103FA000020016F017FFFCF759FA404602F09EFC9B
:103FB0000646002856D03F4B1D68002D4DD13E4887
:103FC0000DF0F4FD0746002854D01822294616F0BB
:103FD00001FFA7F81480206861683B1D03C3A06837
:103FE000186011F015FF00F520403861736A9A07D8
:103FF00003D496F82830DB073ED52388ADF812307D
:104000006388ADF81430A388ADF81630E388ADF8B6
:1040100018302389ADF81A3000256389ADF81C30BB
:1040200000952B460E2204A942F21300ADF8108031
:1040300004F044F90646FCF713FA05BBFCF74EFA08
:10404000FCF70CFA7EBB1B4B1A683A601F60FCF74A
:1040500007FA304608B0BDE8F081AB8A434505D089
:104060002D68AAE7074607260546E4E7002502264D
:104070002F46E0E70626DEE72E460125DBE723880C
:10408000ADF808306388ADF80A30A388ADF80C307D
:10409000E388ADF80E30094A002302A94046FCF738
:1040A00091FE0646CCE73846FFF79CF9CFE703269A
:1040B000CFE700BFCC1E0020D01E0020313E010003
:1040C00037B5054600230093CDF8033015F8013BC2
:1040D00004464BB906220DF10101284616F050FEA8
:1040E00010B9032003B030BDFCF7B8F9204602F048
:1040F0008BFC10B11321FFF757FDFCF7B1F92078C5
:10410000294603F0C9FF204603F07BFFEAE71FB50D
:10411000012201A902A803F051FF20B9019B2BB194
:1041200002A8FFF7CDFF05B05DF804FB0520FAE714
:10413000F0B589B00646032201A902A803F03EFFAC
:104140000446C8B9019B13B30DF10905771C019B07
:10415000A34210DD327815F8013C9A420FD129466E
:104160000622384616F00CFE073508B90134EEE792
:10417000019BA34203DC0624204609B0F0BDC4EB3A
:10418000C40402AB1819FFF79BFF0446F4E70524AB
:10419000F2E730B58FB004460D463422002101A865
:1041A00016F018FE95E803000B238DF8043002ABDF
:1041B00083E80300214601A8ADF81040FFF7EBF8B3
:1041C0000FB030BDF0B58FB004460D461746002144
:1041D000342201A81E4616F0FDFD0A2301A88DF821
:1041E0000430ADF80C400295FFF704F9214601A810
:1041F000FFF7D1F81DB927B1204600F096FF0FB0A8
:10420000F0BD002EFBD0204600F052FFF7E710B5BE
:104210008EB004463422002101A816F0DBFD1023E5
:10422000214601A88DF80430ADF80840FFF7B3F837
:104230000EB010BD10B504468EB03422002101A886
:1042400016F0C8FD2068029011238DF804302188F3
:10425000A388ADF80C3001A8FFF79DF80EB010BD93
:10426000F0B58FB004460F4616460021342201A84F
:104270001D4616F0AFFD0C238DF804309DF810306C
:10428000ADF80E4065F3000301A88DF81030ADF8CD
:104290000C700296FFF7AEF8214601A8FFF77BF8F5
:1042A00002980DF0BCF80FB0F0BDF0B58FB00C4621
:1042B000074616460021342201A81D4616F08AFD45
:1042C0000D238DF804309DF81030ADF80C4065F3E7
:1042D000000301A88DF810300297ADF80E60FFF7CB
:1042E00089F8214601A8FFF756F80FB0F0BDF0B5E8
:1042F0008FB005460F4616460021342201A81C4601
:1043000016F068FD9DF85020ADF80850003A4FF0C7
:104310000E038DF8043018BF0122231E18BF01239D
:1043200043EA42039DF85420ADF80A70003A18BFE2
:10433000012243EA82039DF858208DF80C60003A70
:1043400018BF012243EAC2039DF80D2022F00F029C
:10435000134301A88DF80D30FFF74CF8294601A84A
:10436000FFF719F80FB0F0BD70B58EB004460E46D9
:1043700015460021342201A816F02CFD0F2301A8B8
:104380008DF80430ADF80840ADF80A60ADF80C5077
:10439000FFF730F8214601A8FEF7FDFF0EB070BD13
:1043A00038B5FFF7C1F820B9104A537843F0040339
:1043B00053700F4C2378022B0CD1FEF76DFF48B9D8
:1043C000238A23F40F6323F00F0343F4006343F0C5
:1043D000020323822578012D07D100210846FEF72C
:1043E00067FF10B9FEF79CFF257438BD081F002039
:1043F000181F002008B5FCF731F8FEF7E5FF08B9F3
:10440000FFF7CEFFBDE80840FCF72AB8F0B5204D15
:1044100020488FB04FF0FF31FBF707FE0822002144
:10442000284616F0D7FCFCF719F81B4A53785C07AE
:1044300044BF23F004035370184BD2E902011A7CE5
:1044400048BFC5E900010024012A02BF1C74D3E95A
:1044500002671446FCF704F8092329688DF8043034
:104460001D23029319B16A6801A8FEF77DFF094870
:10447000FBF7EDFD4CB108238DF804303A461D23BF
:10448000314601A80293FEF76FFF0FB0F0BD00BFE9
:10449000C01E0020C81E0020081F0020181F00207A
:1044A00010B50B4C226813460BB9052010BD834292
:1044B00007D09B68F8E7134692688242FBD1996067
:1044C00003E09A429968F6D121600020EEE700BF30
:1044D000041F002007B514220021104816F07AFCB2
:1044E000102200210E4816F075FC0E48FBF792FDD5
:1044F0000D4A0E48002313600D4A13600D4B0093C4
:1045000018220D4B01210DF0DBFA18B101280CBF68
:1045100006200B2003B05DF804FB00BF181F00202D
:10452000081F0020C81E0020CC1E0020D01E002026
:10453000041F00203FDD0200EC1E002010B5084AD9
:1045400008491288096803460020824202DC4FF0C5
:10455000FF3010BD51F830409C42FAD00130F4E7F2
:10456000541F0020581F002010B5074A1268034648
:104570000020824202DC4FF0FF3010BD33F82040B3
:104580008C42FAD00130F4E72C1F0020024691F94A
:1045900002008B78002810B50FDA13F001040AD15D
:1045A00013F0020006D0B2F8542042B91D2003F0E7
:1045B0007F038B7010BD1B20F9E70020FAE720462F
:1045C000F8E738B5DDE9043460681D6804F07CF96B
:1045D00081B228460DF062F9014620B1606804F00E
:1045E0003DF9002038BD1120FCE770B5DDE9046518
:1045F000042130680DF052F9044608B9112070BD4D
:10460000A9880DF038FDA01CE9880DF034FD2B6859
:10461000586804F0DBF8044608B90020EFE730687A
:1046200002210DF03BF90028E8D021460DF023FDD2
:10463000F3E72DE9F84F1C461B78DDE90A6A0746C7
:1046400088461546032B3CD8DFE803F002320232DD
:10465000F5B933686360A94663683846B3F810B0AB
:104660000C9B22464146D0470746D8B961680B8A61
:10467000A3EB0B035B1B14D4B9F1000F15D030680A
:104680009BB22A460CF032FF60680CF0C8FE0CE0CA
:10469000002108460CF0ADFE6060A0B14FF00109AA
:1046A000DAE70727B9F1000FEED13846BDE8F88FF9
:1046B0003368636022460C9BD047636833600746CB
:1046C000F3E70E27F1E71127EFE730B589B01D4674
:1046D000023A0D9B0793544254419A6802925B68D8
:1046E00001930C9B00932A4605AB8DF81440FFF70D
:1046F000A0FF09B030BD10B588B01446022C1A4690
:104700000B9B07930CBF032402248DF81440DC6834
:1047100002949B6801930A9B009305ABFFF789FF06
:1047200008B010BD08B5FFF727FA08B1002008BD92
:10473000FFF72AFA0028F9D1FFF72EFA0028F5D161
:1047400002F004F9B0FA80F04009F0E738B5064C01
:1047500000252068F3F7EDFD2560044C2068F3F791
:10476000E8FD256038BD00BF501F0020581F002005
:104770002DE9F0410C4FDFF83480054600243B88DA
:10478000A34203DC00263046BDE8F081D8F80030B3
:1047900003EBC40653F834302846596803F0B9FFD8
:1047A0000028F0D00134EAE7541F0020581F0020F1
:1047B0002DE9F843884616461F46FFF7D9FF054600
:1047C00010B90520BDE8F883808802F03BFBD8B122
:1047D000046842F60309002CF3D02346EA8859897D
:1047E00024689142EDD0586803F0F0FF4845F2D1BB
:1047F000002CE6D06068414603F08BFF0028ECD126
:1048000006B135603C60DDE71120DBE730B585B0EF
:104810009DF8204083EA0405AD070CD004F00205A2
:10482000029504F0010403F002050195009403F0E1
:104830000103FFF75CFD05B030BD70B5DDE904652F
:104840000C46306803210DF029F808B9112070BD1D
:104850002A8A02F00103910748BF43F0020351077F
:1048600048BF43F00403110748BF43F00803D106D3
:1048700048BF43F01003910648BF43F020035106A0
:1048800048BF43F0400312F4C07F18BF43F08003D9
:10489000611C00F8013B89B20DF0EDFB286834681B
:1048A00004F012F881B220460CF0F8FF014600280F
:1048B000CCD0286803F0D2FF0020C8E703469B064F
:1048C000C0F3001048BF40F0020070472DE9F04FE0
:1048D00081468BB00E461446FBF7C0FD484602F0F9
:1048E00005F800273D46824630B9FBF7B9FD0E2496
:1048F00020460BB0BDE8F08F06F1FF38149BADF8F1
:1049000020701FFA88F84645D3F800B06AD3C66C09
:1049100041463046FFF728FE421C63D016EB800666
:1049200060D0022CB77807D0022158460CF0B6FFB1
:10493000B0BB3D4611243AE0BBF81010022953D118
:1049400058460CF0D7FF00680DF0B0FBF47830EA61
:1049500004044CD1B378834227D0C5B2B5709AF81D
:1049600058305B0723D5BAF80B209AF80D30DAF8E7
:1049700007008DF81E30ADF81C2006909AF807004D
:1049800004F0C5F8ADF82080B378ADF822309DF87A
:1049900024308DF8180064F300038DF8243006E00D
:1049A000B17801F003010DF066FB3D460024FBF7F2
:1049B00057FD002C9CD13B460095012241464846BC
:1049C000FFF724FFBDF82030002B91D0BDF8223036
:1049D00083B903A806A903F061FA03A803F05AFA01
:1049E000044685E70E24E2E73D460D24DFE73D4619
:1049F0000624DCE706A803F049FAF1E72DE9F04FB9
:104A0000A84B0F46B3F800C0A749A84B0D881B68F8
:104A100099B04FF00008059203EBC503C6464FF668
:104A2000FF790278064608EB05043AB90C80039238
:104A3000039B4345C0F22E81002086E0A44500F18F
:104A4000100003F1080340F3928043F8086C23F848
:104A500004EC23F8029C08F10108E2E7934B1E687E
:104A600006EBCA0304939B88002B47D156F83A50B3
:104A7000AC6824B1043C54F8040F002835D12C78DC
:104A8000631E012B44D86B68002B41D0884E8948A7
:104A9000894B009301950DF11A0300220121022C8C
:104AA00008BF304602F096F900284CD157B10123D7
:104AB0008DF824300599BDF81A30ADF8283009A8D2
:104AC0000B95B847AB682BBBEC681CB12368183456
:104AD000002B3DD1049ABDF81A30938002F0ACF956
:104AE000049B09F10109D88008E0FFF727FD431C6A
:104AF00004D006EBC0008388002BBCD10AF1010A68
:104B0000694B1B889A45A9DBB9F1000F40F0C680BC
:104B100003201AE0694EDFF8C8B10024AB681859C9
:104B20000028D1D0FFF70AFD604B1B6803EBC003E0
:104B3000CDE90063002213AB0121584602F04AF987
:104B400004340028EAD00128D8D019B0BDE8F08F8D
:104B500054F8143C002BDBD034F8080CFFF7AEFE01
:104B600050B1574B574A1B6812889A4201DA062007
:104B7000EBE7534A01331360534B0093A4F1180B36
:104B80005248CDF804B007AB0022012102F022F90F
:104B90000028D8D134F8083CC3F3400113F00C0FBF
:104BA00018BF41F00201980548BF41F004015A05C1
:104BB00048BF41F008011E0548BF41F01001D8046C
:104BC00048BF41F020019A0448BF41F040015B0416
:104BD0003F4B14F8062C0093CDF804B048BF41F0C9
:104BE000800154F8180C0DF11E0302F0F3F80028B0
:104BF000A9D154F8043C13B1BDF81E201A807FB12E
:104C000002238DF83830BDF81C30ADF83C300599E2
:104C1000BDF81E30ADF83E300EA8CDE910B5B8474E
:104C200034F8080CFFF74AFE50B12A4B00930022DB
:104C30002948019208AB032102F0CCF8002882D168
:104C400054F80C6C002E3FF441AF306800283FF45C
:104C50003DAFB368002B3FF45BAF204B72793179E5
:104C6000009301960DF1220302F0B4F800287FF4BE
:104C70006AAF6FB14FF003038DF84C300599BDF862
:104C80002230ADF8503013A8CDE916B51596B847C7
:104C90001036DAE74FF00009CA4631E7039B4B4470
:104CA0000393C5E6BE1A0020541F0020581F0020A1
:104CB0002C00002030000020C3450100EB4501001E
:104CC0002C1F0020BC1A00203B48010024000020BB
:104CD000CB460100CD48010020000020F74601002E
:104CE000280000202DE9F7430546FBF7B7FB2846CF
:104CF00001F0FCFD044620B10023D0E91378C0E99F
:104D00001333FBF7ADFBECB1284601F0CBFACFB182
:104D100000243E46A146A04506F1040606DC0B48E9
:104D2000394603B0BDE8F0430CF07ABF16F8023CF8
:104D300036F8041CCDF8009002222846FFF766FDE5
:104D40000134E8E703B0BDE8F08300BF341F002062
:104D50002DE9FF474A4B4B4F18680390FBF77EFB4A
:104D6000FFF7E0FCDFF83C81002800F08280FFF7CD
:104D7000EDFC02F091FF064600287CD1DFF8289177
:104D8000B9F80000002844D13F4B188830B1C0006A
:104D9000F3F7CAFA3D4B1860002841D03C4BDFF8CE
:104DA0000CA100251D80D8F800303868AB4243DCE8
:104DB000F3F7BFFA00233B60C8F80030354B1A68A0
:104DC0000AB3354BB9F800100093344B91FBF2F164
:104DD0001B683348920089B20CF072FE044600282A
:104DE0004BD12F48DFF8C8900CF0E0FEC9F8000066
:104DF000B0B12546274628464FF6FF7203A902F0B8
:104E00002DF8054618BBFBF72BFB304604B0BDE878
:104E1000F0878000F3F788FA204B18600028B3D1A0
:104E20000624FFF793FC3868F3F783FA00233B600E
:104E3000C8F800302646E6E7DAE9001250F8250007
:104E4000FFF7DCFD04460028EBD10135ABE72B6909
:104E5000188AFFF733FD0028CDD0D9F800106B89F0
:104E600001EB8402013321F82430D07097700134B3
:104E7000C1E70F24D5E70446D3E70B24D1E700BFF1
:104E80009E1B0300601F0020BE1A0020581F002038
:104E9000541F00202C1F00204EDD0200501F002058
:104EA000341F00205C1F0020BC1A002034000020AA
:104EB000301F0020054B1B682BB1054BD8880038EC
:104EC00018BF012070470120704700BF2C1F002031
:104ED000341F002038B50C4D2B68002B04460EDD26
:104EE0000A480CF063FE206060B1094B2A6819681B
:104EF000920016F0CDFE2B686360002038BD0023C1
:104F00000360F9E70620F9E72C1F0020341F00207A
:104F1000301F0020F8B50546FBF7A0FA284601F03F
:104F2000E5FC0446F0B1066D00239E4201DC00263C
:104F30000CE0E06C00EB830292F902709178002F94
:104F40000EDA30F8236001F07F039370FBF788FAE4
:104F500054B15EB131462846BDE8F84001F0E8B9E9
:104F60000133E2E70646F1E70720F8BD0520FCE73C
:104F70002DE9FF412A4B1C6880462046FFF7F4FAD2
:104F8000421C0E4604D10524204604B0BDE8F08141
:104F900004EB80048700E3789B07F4D5FBF75EFA07
:104FA000404601F0A3FCB0F85480B045034632D12E
:104FB00090F85820002412F00402A0F854402CD09D
:104FC000C56C3D4495F90220A24227DBB3F80B10D3
:104FD0005A7BD0F80700ADF804108DF80620009039
:104FE000D87903F094FDADF80880AB78ADF80A30BD
:104FF0009DF80C308DF8000064F300038DF80C3040
:105000000125FBF72DFA002CBDD1002DBCD0684640
:1050100002F03CFFB8E70524F3E714462546F0E725
:10502000301F00202DE9F74FDFF87CA0DFF87CB0BF
:105030000027DAF80030BB4202DC03B0BDE8F08F95
:10504000DBF8000030F827904946FFF78DFA431C43
:1050500027D085004FF00008FBF700FA404601F02A
:105060005FFC044688B1C16C2944FFF78FFA0646FD
:10507000A0880190FBF7F4F99CB11B2E019808D091
:105080001D2E0AD008F10108E6E706464FF6FF702C
:10509000EFE7494601F003F9F4E7494601F048F922
:1050A000F0E70137C5E700BF2C1F0020301F0020AC
:1050B0007FB50646FBF7D2F9304601F017FC0446EF
:1050C000D0F80700B4F80B20637BADF804208DF80E
:1050D00006300090E07903F01AFD00258DF80000FD
:1050E000236DAB4203DCFBF7BBF904B070BDE26C8F
:1050F00002EB85039978B1B132F82520ADF808208C
:105100009B78ADF80A309DF80C3023F001038DF840
:105110000C30FBF7A5F9684602F0B8FEFBF79EF9E4
:10512000304601F0E3FB0135DAE770B504468AB09A
:10513000FBF794F9204601F0D9FB0346D0F80700AD
:10514000B3F80B105A7BADF810108DF812200390B5
:10515000D87903F0DCFC00238DF80C00ADF8143096
:105160008DF81630FBF77CF906A903A802F089FE3A
:1051700000284DD1FBF772F9204601F0B7FBC56C52
:10518000BDF8201006462846FFF7EEF9411C16D15F
:105190000025FBF765F99DF822300093BDF820103B
:1051A000002303222046FFF731FB1B2D19D01D2DB4
:1051B00028D09DF8163001338DF81630D4E715EB62
:1051C0008001E5D09DF822308B709DF82420D20715
:1051D000DED563F07F038B703046FFF7D7F90546C5
:1051E000D7E7BDF82010204601F059F80028E0D19B
:1051F0009DF8243060F3000306A88DF8243002F0F7
:1052000045FED6E7BDF82010204601F091F8D0E722
:105210000AB070BD37B515461C46002201ABFFF73A
:10522000C7FA40B91DB1019B5B89013B2B8014B1CA
:10523000019B5B89238003B030BD000070B505463B
:10524000FBF70CF9FFF76EFA98B10C4C0C4E216885
:10525000306801318900F3F76EF860B1236830607F
:1052600040F82350013323600024FBF7F9F820466F
:1052700070BD0F24F9E70624F7E700BF5C1F00208C
:10528000601F00200023F0B501461D461C4608782B
:1052900068B9214A11880C441480204A11880B44B3
:1052A00013801F4A138803EB4503138033E0013852
:1052B00001282FD84A686AB38A6801339BB242B189
:1052C000043A184652F8046F0346013080B2002EAB
:1052D000F8D1CA680AB1106818B90134A4B2103103
:1052E000D5E75068B0B1108A00F0300040B9023301
:1052F000D0689BB210B1066807462EB91832EAE7AB
:105300000135ADB20333F3E7BE6801339BB2103011
:10531000002EF0D10320F0BDBE1A0020C01A0020DC
:10532000BC1A0020024B00201860024B1860704726
:105330002C1F0020301F002043680A689B1A002B96
:1053400006DD4A689A4201DC002070474B60FBE7AB
:1053500001207047C07A00F001007047034630B169
:105360000E2808BF00210348038041807047014692
:10537000F9E700BF641F002070B5044608462569A0
:1053800011461A464DB12689FFF7E8FF63690146C9
:10539000AC463046BDE870406047284670BD0023EB
:1053A0001A460D21FFF7E8BFB1F5857F08BF0E2132
:1053B000002389B2FFF7E0BF70B504460846656A6E
:1053C00011461A464DB12689FFF7C8FFA36A014668
:1053D000AC463046BDE870406047284670BD0023AB
:1053E0001A460D21FFF7E8BFB1F5857F4FF00003A6
:1053F00008BF0E21FFF7E0BF70B504460846656997
:1054000011461A464DB12689FFF7A8FFA369014648
:10541000AC463046BDE870406047284670BD00236A
:105420001A460D21FFF7E8BF038A1BB9B1F5857F46
:1054300008BF0E210023FFF7DFBF70B50446084602
:10544000256911461A464DB12689FFF787FF636922
:105450000146AC463046BDE870406047284670BD06
:1054600000231A460D21FFF7E8BFB1F5857F4FF005
:10547000000308BF0E21FFF7E0BFFFF7B0BFFFF743
:10548000B3BFF7B505461E466C69084611465CB1C8
:105490002F89FFF763FFAB6900930146AA89334662
:1054A0003846A04703B0F0BD2046FBE700231A466C
:1054B0000D21FFF7E6BFB1F5857F4FF0000308BF70
:1054C0000E21FFF7DEBFFFF7CBBF0023FFF7B5BF0D
:1054D00013B514468389ADF8003023680193002288
:1054E0006B46ADF80220FFF7A8FF019B23600E205A
:1054F00002B010BDFFF773BF0023FFF75DBFFFF7DA
:10550000AFBFFFF7E2BF0000034610B5084641B148
:10551000062907D1DA7A084C42F00102DA722368D0
:105520000BB1002010BD10F073FC10F580600ABFB5
:10553000012320602360F4E7681F00202DE9F74F66
:105540000024184FC3E900438046894692461E4610
:10555000FAF784FF3D68A346A5B12A68019249463F
:105560002846C047019AC8B18CB93B681B683B60AC
:1055700003B97F60C5F800B07368BAF1010F1D6010
:1055800075600CD103B0BDE8F04FFAF769BF23682E
:105590001B682360002BEDD17C60EBE72C461546A1
:1055A000DAE700BF6C1F00208289018901230D20EA
:1055B000FEF77BBE70B50446E0B1837A0C2B07D0B2
:1055C0000D2B13D021460C48BDE870400CF028BBD1
:1055D00000690BF024FFF5E756F835000BF01FFFCC
:1055E000013594F82C30AB42F6DCEBE7002500F1F6
:1055F0001006F6E770BD00BF741F00202DE9F843C8
:10560000054690F82D6095F82C300089B3420AD8F1
:10561000012103F08EFD0546002420460BF0FFFE1D
:105620002846BDE8F88303F0FCFA441FA4B2FCB19D
:1056300005F10C070FFA86F807EBC6067368728847
:105640001B8A9B1AA342A8BF2346EB85FBF7CDFD1F
:10565000044678B1EB8D728871680BF047FF48B94A
:10566000728837F838102889234603F016FDD2E7F0
:105670000725D2E70625D0E770B50446008903F078
:10568000D0FA431F002B25DD2269108AE289801A97
:105690009842A8BF184600280ADC2089012103F09F
:1056A00048FD0446002528460BF0B9FE204670BD93
:1056B000A082FBF79AFD054670B1A38AE2892169B1
:1056C0000BF014FF40B9E289A18920892B4603F031
:1056D000E4FCE6E70724E5E70624E4E70346C2899D
:1056E000998900890AB903F013BC03F02DBC38B5C1
:1056F0000546FFF7F3FF01462846FFF705FF04467E
:1057000028B1002301461A462846FFF796FE204698
:1057100038BDF7B517461368C2681E8ACDE9002365
:105720006B4600220D460446FFF787FE019B3B6057
:10573000054302D00E2003B0F0BD208903F071FABA
:105740000028F7D00138864206DA2B462A460E2179
:105750002046FFF772FEEDE7E3893344E3812046FC
:10576000FFF7C5FF0028E6D0E4E738B5C189028A13
:105770000131044689B2008903F0C5FA014620468A
:10578000FFF7C2FE054628B1002301461A4620460F
:10579000FFF777FE284638BD13B50446064B218C2B
:1057A000186801900131628C208901AB89B203F045
:1057B00055FB02B010BD00BFD01C030038B5054634
:1057C000FFF7EAFF01462846FFF79EFE044628B190
:1057D000002301461A462846FFF7EEFD204638BD55
:1057E00008B50B4629B100231A46FFF7E5FD0E2048
:1057F00008BD018C428C914202D11A460E21F4E779
:10580000FFF7DCFF0028F3D0F1E7000013B50446F2
:10581000064BA189186801900131E289208901AB0A
:1058200089B203F01BFB02B010BD00BFD01C030007
:1058300038B50546FFF7EAFF01462846FFF764FE44
:10584000044628B1002301461A462846FFF7F5FD15
:10585000204638BD08B50B4629B100231A46FFF78C
:10586000ECFD0E2008BD8189C289914202D11A4601
:105870000E21F4E7FFF7DCFF0028F3D0F1E700008A
:1058800007B50246094B118A58680190108949B939
:105890009189D289013101AB89B203F0DFFA03B0FB
:1058A0005DF804FB03F034FBF9E700BFD01C0300F4
:1058B00038B50546FFF7E4FF01462846FFF724FE0A
:1058C000044628B1002301461A462846FFF794FDF6
:1058D000204638BD08B50B4629B100231A46FFF70C
:1058E0008BFD0E2008BD81894FF6FF72914202D1D7
:1058F0001A460E21F3E7FFF7DBFF0028F2D0F0E7AE
:10590000F0B587B0044600F10C0602AD29463046DA
:1059100002F0A4FF2789248C304602F0D5FF013421
:10592000A4B2CDE900504FF420534FF6FF72214648
:10593000384603F04BFA07B0F0BD38B50546FFF71F
:10594000DFFF01462846FFF7DFFD044628B10023AC
:1059500001461A462846FFF72FFD204638BD0000B5
:1059600010B505480CF022F9044618B13822002180
:1059700015F030FA204610BD741F002037B50B46D5
:1059800000250A888988ADF8002004469868ADF89B
:105990000250FBF72DFCA8420CBF062129460190BE
:1059A0006B462A462046FFF707FD044601980BF098
:1059B00036FDAC420CBF20460E2003B030BD38B5DA
:1059C00004460D46072D0089A1890AD12846A289DF
:1059D00021890123FEF769FC2089BDE83840FFF7E3
:1059E00099BAFFF7C5FA0028F0D038BD70B50D465A
:1059F00088B01C220646002101A815F0EBF96A6860
:105A00002B88ADF80430052A0DD0132A0BD00A24B8
:105A100001AB002221463046FFF70FFD204318BF9F
:105A20000E2008B070BDA968033A033103A802F044
:105A3000D3FE04460028EAD1A86810F8013B8DF88F
:105A400008300CF033FB2B88B289ADF806009A427F
:105A5000DDD2B381DCE730B5038A87B005460C465A
:105A600013B1002007B030BD0B8882899A4205D25D
:105A700083814B68042B0BD0062B13D000226B467E
:105A800011462846FFF7B8FC0028EAD00E20E9E7C7
:105A900088680CF00BFB2882A06802300CF006FB33
:105AA0006882DEE788680CF001FBADF80000A068B2
:105AB00002300CF0FBFAA168ADF8020002220431BA
:105AC00001A802F089FED9E770B50E4688B01C2205
:105AD0000546002101A815F07DF972683388ADF8FC
:105AE0000430052A01D0132A25D1B168033A0331C5
:105AF00003A802F071FE0446E8B9B06810F8013B53
:105B00008DF808300CF0D2FA33882A8CADF80600F4
:105B10009A4210D22B8405F10C0103A802F0F9FD82
:105B200030B901AB224621462846FFF745FC40B973
:105B3000204608B070BD00231A460A212846FFF708
:105B40003BFC0E24F4E7F0B5154687B01023002285
:105B500007460C4601A8296802F055FE064628684B
:105B60000BF05DFC00232B60DEB93B8ACBB174B92E
:105B70003B69009322466B4621463846FFF73CFCC2
:105B800058B93C613846FFF793FE044630B1002314
:105B90001A4621463846FFF72FFC0E24204607B050
:105BA000F0BD0A24F3E708B50B4629B100231A46D5
:105BB000FFF702FC0E2008BD0A460E21F8E70000A0
:105BC00010B5064C236833B110F022F92368181A77
:105BD00020EAE07010BD6FF00040FBE7681F002076
:105BE00010B50446A9B9C37ADB0704D410F010F944
:105BF00000F5F0406060FAF731FC00232360074BAA
:105C00005A6814605C60FAF72BFCBDE81040FAF7A4
:105C100065BCBDE81040FFF7CDBC00BF6C1F002085
:105C20007FB502ADADF804008DF806100D480E4E9C
:105C30002B46002201A9FFF781FC029C0CB904B09D
:105C400070BDA37A002256F82330072120469847DA
:105C5000029B1B68029303B903952046FFF7AAFC39
:105C6000EBE700BFD95C0100941C030010B586B0BF
:105C70001C460023CDE90312ADF808000593054842
:105C80006B46012202A9FFF759FC059B009823608F
:105C900006B010BD995C01000B884FF6FF7293426D
:105CA00030B502D002899A4214D1847AD1E9010236
:105CB00000239A4201DC002005E010F83350A54291
:105CC00006D100EBC300C860003818BF012030BD0A
:105CD0000133EEE70020FAE70A8803899A4207D1E8
:105CE0008B78827A9A4205D0FF3B584258417047E0
:105CF000002070470120704773B504460846256BA5
:105D000011465DB12689FFF729FB636B00930146BD
:105D100094F82C3004F10C023046A84702B070BD54
:105D200038B50546FFF76AFC01462846FFF7ECFB4D
:105D3000044620B1014600222846FFF7DDFF204639
:105D400038BD10B50446FFF7D7FF94F82D2094F81E
:105D50002C309A4205D220890021BDE8104003F082
:105D6000E8B910BDF7B51646089A04461268084609
:105D700031B994F82D1094F82C508D4207D80A2090
:105D8000014600222046FFF7DCFF0E2026E004F14A
:105D90000C0707EBC10537F83110B142EFD1698824
:105DA0009942ECD1E38D0093034668680BF073FCD5
:105DB0000028E4D16B88E28D13449BB26A686B8043
:105DC000128A9A429FBF688094F82D30013384F87C
:105DD0002D302046FFF7A4FF0028D1D103B0F0BD3D
:105DE00008B50022FFF788FF0E2008BD00220D2114
:105DF000FFF782BF70B504460846A56911465DB13C
:105E00002689FFF7ABFA04F10C02E3690146AC46C0
:105E10003046BDE87040604770BD38B50546FFF7B5
:105E20002BFC01462846FFF76FFB044620B10146D4
:105E300000222846FFF7DEFF204638BDF7B517469B
:105E4000089A04461568084631B92269E089B2F813
:105E500010C0604507D30A20014600222046FFF704
:105E6000C9FF0E201BE0B4F80CE0BE45F3D1984208
:105E7000F1D12E8A30446045EDDCA08A8642EAD119
:105E8000009628460BF007FC0028E4D1E3892A8A13
:105E90001344E3812046FFF7C0FF0028DCD103B0A4
:105EA000F0BD70B5C38904460D4616463BB1026984
:105EB000128A9A4203D90089002103F03AF9324646
:105EC00029462046BDE87040FFF794BF10B504692D
:105ED000C289238A9A4204D30022FFF78BFF0E2047
:105EE00010BD0A20FCE700220D21FFF783BF2DE93A
:105EF000F341036904460D4616469BB10822002172
:105F0000684614F067FFA389B4F80880ADF8003044
:105F1000314628462769FFF721FA6A460146636938
:105F20004046B84702B0BDE8F081FFF7E0BF00226D
:105F30000D21FFF7DCBFF7B50546084611460022E4
:105F400000921C4603B11B682E6A01933EB12F8953
:105F5000FFF704FA6A4601466B6A3846B0470CB14F
:105F6000019B236003B0F0BD0023FFF7E4BF0023D3
:105F70001A460D21FFF7DFBF70B504460846E568F5
:105F800011461A464DB12689FFF7E8F92369014603
:105F9000AC463046BDE87040604770BD0023FFF757
:105FA000EBBF00231A460D21FFF7E6BF1FB5012204
:105FB000ADF804008DF80610044802AB01A9FFF704
:105FC000BDFA029805B05DF804FB00BFD95C010082
:105FD00037B50E4B8189044601319868019001ABB9
:105FE0004FF6FF7289B2208902F0D3FF01462046A6
:105FF000FFF78AFA054628B1002381B21A462046E7
:10600000FFF7BAF9284603B030BD00BFD01C03002B
:106010007FB50FF0FDFE6FF0004302900393002266
:10602000214800926B4602A9CDF804D01F4EFFF71D
:1060300085FA039D009CA4B9FFF7C2FD60B91C4B13
:106040001C4E18600246014602AB1B48FFF776FA69
:10605000029CD4B9FFF7B4FDA842A8BF284604B0FB
:1060600070BDA37A56F823300BB12046984720899B
:106070001321FDF7B7FD009B1B6800930BB9CDF80A
:1060800004D02046FFF796FAD4E7A37A56F82320E7
:10609000E37A23F00103E37220469047014620464D
:1060A000FFF79EFD2468D4E7395301001C1C030050
:1060B000681F0020581C0300555301002DE9F041D2
:1060C0008AB080460F4616461D46FFF749FC044637
:1060D000E8B10223A0F8088000F10C088372414661
:1060E000384602F0A2FB0023C4E90965238469460F
:1060F000404602F029FB2046FFF702FC05462046F9
:106100002946FFF76DFD28460AB0BDE8F081062557
:10611000F5E72DE9F04180460D4617461E46FFF78C
:106120001FFC044698B104238372013D069B8581C0
:10613000A0F80880C78106614361FFF767FB054649
:1061400020462946FFF74CFD2846BDE8F08106258C
:10615000F6E72DE9F84307460E4690469946FFF7C5
:10616000FFFB0625044680B1089B8572711C0781E0
:106170008681C681A0F81080C0F8149083614246E1
:1061800089B2384602F0BFFD054620462946FFF792
:1061900027FD2846BDE8F8832DE9F04105460E4667
:1061A00090461F46FFF7DCFB044688B107230581B4
:1061B000C0E90487837286813146284602F0A8FE32
:1061C000054620462946FFF70BFD2846BDE8F0812D
:1061D0000625F6E72DE9F04105460F461646984696
:1061E000FFF7BEFB0446C0B10B238372069B0581FB
:1061F0008781C0F81080436132462846394602F054
:106200002DFF0026054630460BF009F920462946A9
:10621000FFF7E6FC2846BDE8F0810625F3E72DE907
:10622000F04104460D4610461946DDE90667FAF7C7
:10623000DFFF024638B10697334629462046BDE8BF
:10624000F041FFF7C7BF0620BDE8F081F7B507466C
:106250000E46144662B9FAF7C8FF0446D8B10022C8
:106260000346009231464FF6FF7000F01DFEA0B9C4
:1062700022463146384602F074FF002405460023CA
:10628000324639462846FEF710F820460BF0C7F88C
:10629000284603B0F0BD0625F1E70925EFE7002207
:1062A000FFF7D4BF0E21FFF7BBBC2DE9F3418046B9
:1062B0000F461446FFF754FB064628B30E2383729D
:1062C000A0F80880878164B9FAF78FFF0446D8B137
:1062D00000220346009239464FF6FF7000F0E4FDBD
:1062E00020BB22463946404602F05AFF054648B9CF
:1062F000FAF7B4F8404600F0F9FA08B1A0F8547083
:10630000FAF7AEF8002400E0062501233A4641469C
:106310002846FDF7CAFF29463046FFF761FC2046B4
:106320000BF07DF8284602B0BDE8F0810925ECE7C6
:106330000022FFF7BABF000070B50E46FF211546D8
:10634000FFF734FE044668B1827A074B53F82230D7
:106350001BB1324605F5807198472046BDE8704074
:10636000FFF728B970BD00BF941C030070B50D463F
:1063700000211646FFF71AFE044648B13346294667
:106380000022FFF7F9FD2046BDE87040FFF712B983
:1063900070BDF0B50C4687B00621FFF707FE054635
:1063A00008B3C28923889A4238BFC38134F8043BBA
:1063B000ADF800300FCC01AE0FC638BF0027236800
:1063C000336028BF0A2739466B4600222846FFF76C
:1063D00058F857EA000118BF0E21284607B0BDE85B
:1063E000F040FFF7FDBB07B0F0BD38B50D46062104
:1063F000FFF7DCFD0446C8B155B100231A46294613
:10640000FFF73FF80E212046BDE83840FFF7E8BB14
:10641000C289038A9A4203D12B462A460E21EFE70E
:10642000FFF7A3F901460028EDD0EBE738BD70B5C2
:106430000D4686B00221FFF7B9FD044618B36B88FC
:10644000028C9A421DD203842A88ADF8002000F104
:106450000C06ADF802300FCE01AD0FC533682B60CE
:10646000002529466B4600222046FEF7A5FF55EA87
:10647000000118BF0E21204606B0BDE87040FFF7AE
:10648000AFBB0A25EDE706B070BD38B50D46022159
:10649000FFF78CFD0446D0B155B100231A462946BA
:1064A000FEF78AFF0E212046BDE83840FFF798BB73
:1064B000028C4FF6FF739A4203D12B462A460E21D7
:1064C000EEE7FFF73AFA01460028ECD0EAE738BDDC
:1064D00037B50D4601AB09490422FFF7C7FB044657
:1064E00050B1019B29465B6898470146204603B09E
:1064F000BDE83040FFF774BB03B030BDFC1B0300A8
:1065000037B50D4601AB09490422FFF7AFFB04463E
:1065100050B1019B29465B6898470146204603B06D
:10652000BDE83040FFF75CBB03B030BDDC1B0300AF
:1065300070B50E4686B00121FFF738FD054638B329
:106540007268022A12D0102A10D00A24A1B26B4617
:1065500000222846FEF710FF54EA000118BF0E2162
:10656000284606B0BDE87040FFF73ABBB16801A805
:1065700002F032F904460028E7D17388AA899A42CA
:10658000E3D2AB813288ADF80020ADF80230DDE710
:1065900006B070BD38B50D460121FFF707FD044672
:1065A000D0B155B100231A46A9B2FEF7E5FE0E217F
:1065B0002046BDE83840FFF713BB82894FF6FF73D2
:1065C0009A4203D12B462A460E21EEE7FFF700FD43
:1065D00001460028ECD0EAE738BD000073B50D464F
:1065E00016460A4901AB0322FFF740FB044658B1A7
:1065F000019B29465B68324698470146204602B017
:10660000BDE87040FFF7ECBA02B070BDC41B0300D8
:1066100070B50D4609211646FFF7C8FC044648B17F
:1066200029463246FFF775F801462046BDE870401E
:10663000FFF7D6BA70BD70B50D460A211646FFF7B2
:10664000B5FC044648B1334629460022FFF773FCE7
:106650002046BDE87040FEF7ADBF70BD10B50B2100
:10666000FFF7A4FC044640B100221146FFF73FFCAF
:106670002046BDE81040FEF79DBF10BD2DE9FF414B
:106680000D4616460E49DDF828801F46022203AB50
:10669000FFF7ECFA044678B1039BCDF80080D3F8FD
:1066A000048029463B463246C0470146204604B096
:1066B000BDE8F041FFF794BA04B0BDE8F08100BF37
:1066C000B41B030037B50D4601AB09490222FFF7A1
:1066D000CDFA044650B1019B29465B6898470146B4
:1066E000204603B0BDE83040FFF77ABA03B030BDB2
:1066F000A41B030010B50E21FFF758FC044690B10F
:1067000081890089FEF734FC40B90E20A2892189D5
:106710000123FDF7CAFD2089FEF7FCFB2046BDE8FA
:106720001040FEF747BF10BDFF21FFF779BA000008
:1067300007B5074B07480022C3E90023064B009327
:106740003822064B04210BF0BBF903B05DF804FBC3
:106750006C1F0020741F002065DD0200901F0020C8
:1067600010B403780A780446981A06D1601C0622F1
:106770005DF8044B013114F003BB5DF8044B704726
:1067800008B5074BD88840B1064BDB88022B05D9EA
:10679000FEF790FB003818BF012008BD0020FCE781
:1067A000D42000209C1C0020C06A00B970470389D7
:1067B0008B4203D001D80068F7E70020704770B51E
:1067C000C46A0022234623B11E890D89AE420CD033
:1067D00004D932B90C60C162002070BD1A461B6832
:1067E000F1E713680B601160F6E70220F5E7036B31
:1067F0008B4204BF00230363C36A0A688B4210B450
:1068000004D1C2625DF8044BFAF7CEBB1C461B688C
:106810008B42FBD12260F5E738B50446D0B1443055
:1068200001F087F8E16A49B904F13C05E06B48B929
:1068300021460948BDE838400BF0F2B92046FFF781
:10684000D6FFEFE74368E36303B9256410380AF025
:10685000E6FDEBE738BD00BFD420002038B5054683
:106860001B480BF0A3F9044660B30021642214F026
:10687000B1FA0023A580E362284602F0E7F9014659
:1068800000B32046FFF79BFFE0B92846FAF706FB66
:106890000146B8B12046FFF792FF98B92846FCF7A9
:1068A0005BF8014670B12046FFF789FF50B904F14B
:1068B0004C00FEF70FFB28B9234643F83C0F236436
:1068C000204638BD2046FFF7A7FF0024F8E700BFA9
:1068D000D4200020044902680B68834201D10A6079
:1068E000704719461B68F8E7F0200020044A034669
:1068F000106800B9704782889A42FBD00068F8E7B8
:10690000F020002008B501468088FFF7EFFF024B1A
:106910001A6819600A6008BDF0200020FFF7E6BF82
:10692000054B02461868002300B970479342FCD01B
:1069300000680133F8E700BFF020002008B5FFF73A
:10694000D5FF003818BF012008BD0000014B1868B2
:10695000704700BFF020002073B5044680790D46D3
:1069600002F0CFF82E46002206F8010B01A901F033
:10697000F7FF01990622304615F08AF921490622CF
:1069800004F10F0014F0FCF905F10E0318BB2A689E
:10699000C5F80E20AA889A80AA799A71D4F807308F
:1069A000C5F80730B4F80B30A5F80B30637B6B7378
:1069B000D4F80720C5F81520B4F80B20A5F8192045
:1069C00005F11503627B9A71E279022A0BD0032A42
:1069D00015D002B070BDD4F80E20C5F80E20628A22
:1069E0009A80227DD9E70022EA71D4F81520C5F8F3
:1069F0001520B4F819209A80E27E9A71E9E7012205
:106A0000F2E700BFDC1C030030B5054689B018B9B9
:106A10000024204609B030BD124B1C68002CF7D072
:106A20002B78012B29460CD1AB7903F0C003402B06
:106A300007D104F11500FFF793FE0028E9D0246880
:106A4000ECE7E01DFFF78CFE0028E2D0E379012B94
:106A5000F5D901A92046FFF77FFF29460DF10B006C
:106A6000E9E700BFF02000202DE9F0411A4F4FF672
:106A7000FF780FF0CDF90646F9F7F0FC3C686FF0AF
:106A8000004514B94FF6FF740AE094F828309B07CC
:106A90001CD4236B83B1636B9B1B002B09DCA48884
:106AA000F9F7DEFC444513D013212046FDF79AF890
:106AB000DFE79D42A8BF1D46314604F1440000F0C7
:106AC000E9F90028EBDD8542A8BF05462468D8E730
:106AD0002846BDE8F08100BFF020002007B5084B34
:106AE00000930848084B642201210AF0E9FF20B90D
:106AF000064B186003B05DF804FB0B20FAE700BFFB
:106B000079DD0200D420002070200020F020002039
:106B10002DE9F0470646147AA4B017461D46A1B1E8
:106B2000E10705D402232B70102024B0BDE8F087C4
:106B300004F0040904F0080804F0100444EA08040E
:106B400054EA09040CD10020EFE7A20701D4032383
:106B5000E9E704F0200904F0400804F08004EDE7C0
:106B6000F9F77CFC3046FFF7D9FE90F858A0846D09
:106B7000F9F776FC58EA09094FEADA0A3BD0E3B2A2
:106B800014F001042DD1F9F769FC3046FFF7AEFE91
:106B900098B101A9FFF7E0FE20220DEB020021468B
:106BA00014F018F9DDF80B00BDF80F209DF8113036
:106BB0000890ADF824208DF82630F9F751FC10A983
:106BC00008A801F032F950B99DF8683013F0010FB0
:106BD00014BF0F200520287000F58070A5E7052060
:106BE000F9E7B8F1000F06D09B0704D405232B70FA
:106BF00040F2051099E77B7A5345A4D90C232B70FA
:106C00004FF4867091E72DE9F04186B00546039375
:106C100000238DF817304FF6FF7398420C9F0C46F7
:106C200016460FD12369019303AB0093D4F80C806F
:106C30006189334601222846C04778B18DF8170094
:106C4000092007E00A460DF117030121FFF760FF55
:106C50000028E7D017B19DF817303B7006B0BDE8AB
:106C6000F08110B51446FAF7D6FA062814BF0023AF
:106C7000112304B1237010BDF8B5069F1D463B7863
:106C8000102B038A164614BF1422062213448B428B
:106C900011DC11460AF002FE044670B131460BF0D9
:106CA000EAF92946A01C0BF0E6F9211D384601F04F
:106CB000D5FD0020F8BD0420FCE70620FAE773B5F7
:106CC00004460DF1060015461E460BF0D4F90222CB
:106CD0000DF1060120460AF0ACFB20B11123337000
:106CE000062002B070BD29460DF106000BF0C3F975
:106CF00002220DF1060120460AF09BFB0028EDD18F
:106D00000120EEE710B5044640B180680AF087FB29
:106D100021460348BDE810400AF082BF10BD00BF05
:106D2000F4200020F0B51D4685B04FF6FF730C46E9
:106D300098424FF00001064617468DF80F100DD10E
:106D40002369CDE900730222E76861890023304698
:106D5000B84750B18DF80F00092006E00DF10F0380
:106D60002246FFF7D5FE0028EAD015B19DF80F3076
:106D70002B7005B0F0BD2DE9F743DDF82C900446EB
:106D80000E4690461F46FAF72DFA054600B3034615
:106D9000CDF80090204600223146FFF734FF04462C
:106DA00030B92E8A46450AD90E2389F800300424CA
:106DB00028460AF034FB204603B0BDE8F0833B468A
:106DC0000146324628460AF0B8FB0A9B1E80EFE7D0
:106DD0000624EDE72DE9F041804614480F4616469B
:106DE0001D460AF0E3FE0446F0B11422002113F020
:106DF000F1FF0F4BC4F804801A882772013292B257
:106E00001A80069BE360079B236100232360094BE4
:106E100062815A68667214605C6015B90020BDE832
:106E2000F08163892B80F9E70620F8E71024002021
:106E3000302400203C240020014B1888704700BFFC
:106E400030240020044A0346106800B97047428984
:106E50009A42FBD00068F8E73C24002070B50D464C
:106E6000164640B90A4B1C681CB16389B34204D969
:106E70000024204670BD0468F6E7002DF9D0606854
:106E8000294601F046FC0028F3D02468ECE700BF57
:106E90003C240020036823B14068401A20EAE070D7
:106EA00070476FF0004070472DE9F04104460846F6
:106EB00015461E46FFF7C6FF069F014628B90FB1CB
:106EC00001233B700520BDE8F08133462A46204669
:106ED000BDE8F041FFF797BE2DE9F04105460C46AD
:106EE000174601200A4604219DF818801E4602F02C
:106EF0007BF950B10770A0F8016080F8038021464B
:106F00002846BDE8F04102F092B90620BDE8F081C4
:106F10002DE9F04385B007469DF830801446994628
:106F20000E4611B1B8F1000F3BD0F9F797FA02AA5B
:106F300003A9384601F04EFE054690B90EBB236802
:106F4000187801F04CFE2146029801F05CFE2246C2
:106F5000DDE90210FAF7F3F8051E344618BF4FF0CA
:106F60000E08F9F77DFA2DB16CB9FAF73BF9044632
:106F700068B9002420460AF052FA284605B0BDE858
:106F8000F0833546EDE7218A20460AF002FBBDF882
:106F90003430CDF800804A4621463846FFF79CFF42
:106FA000E7E70D46E6E72DE9F043884687B0064659
:106FB0000DF10F0202214046FFF753FE4FF000098A
:106FC000044600285AD1D8F800308DF80F001B680D
:106FD0001F88F9F743FA214605AA304601F0FAFD69
:106FE000044610B9059BB3F80A90F9F739FA002C5A
:106FF00042D1D8F80050C8F80040298A28460AF043
:10700000C8FA2A460221032002F0EEF888BB1123B9
:107010008DF80F300624002301939DF80F30009364
:10702000214602232A463046FFF772FF0446E0B9A4
:10703000F9F714FA04AA05A9304601F0CBFD04467D
:1070400058B93946049801F0CBFD0498837B43F08E
:107050000103837301F0C9FD0746F9F701FA24B96A
:107060003A4604213046FDF77FF9204607B0BDE8D7
:10707000F083A0F80090CEE70025CCE74D464F46C0
:10708000C9E700002DE9F04F0E4687B08146002485
:107090000DF11702042130468DF81740FFF7E1FD8E
:1070A0000546002872D134682368B3F80080B3F82D
:1070B00002A0D04502D8B8F1000F12D101238DF8FB
:1070C000173000240A259DF817300093CDF804806E
:1070D0000423224629464846FFF71AFF07B0BDE8B9
:1070E000F08F3060218A20460AF053FA22460121AF
:1070F000052002F079F8074620B911238DF81730E2
:107100000625E0E7484601F08CFD214B3D701E68E6
:107110000290AB4616B173899A4505D2BBF1000FB8
:1071200016D04FF00008CEE798452DD871683B780F
:107130000978102914D183B901233B700421238AD3
:10714000029A0B449342E9DC20460AF0A7FB80B97F
:107150000A238DF817300525B5E7012BEED0DDE7C2
:1071600023B94FF002033B701221E8E7022BFBD05A
:10717000D4E7718903900AF07EFF039B7068991C25
:1071800001F06CFB0BF1010B3668C3E7A0469AE7F0
:107190003C2400202DE9F04F0F468DB0814600249D
:1071A0000DF11902062138468DF81940FFF759FDF7
:1071B0000546002840F0D1803B681B68B3F800808A
:1071C000B3F802B09E88D84502D8B8F1000F12D1AA
:1071D00001238DF8193000240A259DF819300093F9
:1071E000CDF804800623224629464846FFF790FE44
:1071F0000DB0BDE8F08FF9F7F5FF044650B1024637
:107200002946072001F0F0FF38B911238DF8193015
:107210000625E2E73C683D60F7E7484601F001FDDE
:107220003B68049310238DF81C304D4BADF81E6065
:107230001E6803902F46AA463EB17389984528D808
:10724000BAF1000F1CD19B4545D2238ABAF1000F39
:107250000DD003991A1D914209DB0DF119033A462D
:1072600051462046FFF72BFD012871D1238A012BBF
:107270009DBF0A238DF8193005254FF00008ACE7B3
:107280009DF81C307268102B12D11378102B02D08D
:1072900077893668D0E707A8059201F097FA034688
:1072A00042F601008342059A32D8B3F5205F40D2FE
:1072B000238A039A04339A4249DB0DF119033A46B3
:1072C00051462046FFF7FBFC012841D173895B45FD
:1072D0004FF0000739D8706807A901F01AFAA0B971
:1072E0000DF1190301930DF11A030093102208AB5D
:1072F00031464846FFF73FFD50BBBDF81A300498B1
:1073000008AA06210AF093F9E0B14FF0000AC0E79D
:1073100042F603008342CBD11046059301F056FAA2
:10732000A0F5205292B2012AC2D9059B9842AFD152
:10733000BEE7104601F04AFAA0F5205080B20128BD
:10734000A6D8B5E77789BA46A3E7BA467DE7002015
:10735000238A00288BD005463FE7A0463DE700BFC3
:107360003C2400202DE9F04F0B681E8A93B00025C5
:10737000062E04900F468DF81D5001D0142E12D108
:107380000DF11D0231463846FFF76BFC044618BB71
:1073900039680B681D885B8805939D4200D88DB9BC
:1073A00001238DF81D3000260A249DF81D3000931E
:1073B00004980195082332462146FFF7A9FD13B032
:1073C000BDE8F08F331F04220DA801F01CFA04461B
:1073D00028B104248DF81D4000252E46E5E73E68BF
:1073E0003860318A8DF81D0030460AF0D2F83246F6
:1073F0000121092001F0F8FE814630B911238DF8F2
:107400001D3006204D460446CFE7049801F009FCE4
:10741000A0468246039427463846059A0DA9FFF7F1
:107420001DFD0746002851D04389AB42F4D30DF12E
:107430001D0301930DF11E030093014608AB049850
:107440001322FFF798FC50B17D89039B63BB9DF825
:107450001D30002B3ED00028D5D10524A5E7BDF86E
:107460001E20AAF103039342DCBFAAF10403ADF886
:107470001E30BDF81EB0B8F1000F01D0C345E4D1F5
:10748000338A02335B449A4522DB0BF1020189B255
:1074900030460AF003FA7B8970B91D46039B11211F
:1074A0008DF81D10D3B1D846002308F102088DF8DD
:1074B0001D3089F8008078E720F8023B5A4608A979
:1074C00014F0E6FB0123D8460393A5E70520BCE7AB
:1074D000D846BAE70A238DF81D30BCE7062092E7AC
:1074E0002DE9F04385B00D460DF10F0780464FF0B2
:1074F00000093A46022128468DF80F90FFF7B1FBAC
:10750000044648BB2E683368B3F800902860318A7F
:1075100030460AF03EF8324621460B2001F064FE68
:1075200088B911238DF80F3006249DF80F30009391
:10753000CDF804900A23324621464046FFF7E8FC86
:1075400005B0BDE8F08322460097334649464046E1
:10755000FFF7AAFC0446E8E74E46E6E72DE9FF47B9
:107560000F460DF10F09804600264A460421384691
:107570008DF80F60FFF775FB044650BB3D682B6824
:107580001E88B3F802A03860298A28460AF001F85C
:107590002A4621460D2001F027FE80B911238DF8DF
:1075A0000F3006249DF80F30009301960C232A46D5
:1075B00021464046FFF7ACFC04B0BDE8F087CDF8AB
:1075C00000902B46524631464046FFF76DFC04467C
:1075D000E8E73546E6E72DE9FF4700240E46074673
:1075E0008DF80F4001F01DFB8046F9F7FBFD0546C5
:1075F00090B1024621460F2001F0F6FD044668B125
:107600000DF10F0A33681B8A012B02D92B8A4345DF
:1076100016D30024A14606E03568346011238DF8A6
:107620000F304FF006099DF80F30009301940E23A0
:107630002A4649463846FFF76BFC04B0BDE8F087A0
:10764000524602213046FFF70CFB8146A0B9336851
:1076500018680AF02BFD02210446306809F099FFF2
:107660004A46CDF800A02B4621463846FFF71CFCC1
:1076700081460028C6D0D6E70024D4E72DE9F04F94
:107680000B680F46198A95B00025062902908DF8DF
:10769000155001D0142913D10DF115023846FFF70A
:1076A000E0FA0446002840F0D28039680B681D8853
:1076B000B3F802B05D4500D88DB901238DF81530BF
:1076C00000260A249DF81530009302980195102396
:1076D00032462146FFF71CFC15B0BDE8F08F0B8A3F
:1076E0000422043B0AA801F08EF8814608B1042365
:1076F000E4E70AA801F06AF8A0F5205080B201285A
:1077000005D9102326468DF815301C46DAE7029875
:107710008DF8154001F085FA3E683C60318A82465A
:10772000304609F036FF32460121112001F05CFDA0
:10773000804620B911238DF815300624C2E7474A48
:1077400080F8009017684C464A46C7B9002A71D0A5
:107750004FF6FF740FAB0093514623463046FFF7B8
:107760008BFA0628044602D111238DF81530338A8E
:10777000022B68D80A238DF815300524A2E77B89EF
:107780009D420DD89B4565D378680392D2B101F034
:107790001DF8A0F5205080B20128039A02D97C89F7
:1077A0003F68D2E70FAB0093514623463046FFF7C0
:1077B00063FA044630B106287D8921D111238DF862
:1077C00015307FE778680AA900F0A3FF002838D1B8
:1077D0000DF1150301930DF116030093102206AB72
:1077E00039464FF6FF70FFF7C6FA044638B9BDF8C0
:1077F000162006A90FA800F06DFF044620B17D8970
:10780000042C08BF00245DE798F80030062B0DD04B
:10781000142B11D073B99DF83C30102B0CBF0623EC
:10782000142388F800307A891446B9E79DF83C3073
:10783000102BF8D000249AE79DF83C30102BF2D1A1
:10784000F8E70022ACE7002C3FF43CAFD8E7002576
:107850002E4637E7002A7FF47DAFEBE73C2400207B
:107860002DE9FF410F46064600250DF10F020221CA
:1078700038468DF80F50FFF7F4F90446C0BB3B685B
:107880001B68B3F80080F9F7ADFC0546B8B10246B5
:107890002146132001F0A8FCA0B911238DF80F3068
:1078A00006249DF80F300093CDF8048012232A4659
:1078B00021463046FFF72CFB04B0BDE8F0813D685F
:1078C0003C60EAE73868022109F063FE4046FFF7B2
:1078D000B9FA014620B901238DF80F300524E0E7FD
:1078E0000DF10F033A463046FFF71CFA0446D8E77D
:1078F000A846D6E773B50C4605460DF107020221EE
:107900002046FFF7AEF980B9206803681E8802217F
:1079100009F03FFE3046FFF795FA014638B10DF108
:10792000070322462846FFF7FDF902B070BD052087
:10793000FBE710B50446206800B910BD036823605A
:10794000FFF7E0F9F7E700002DE9F04F0E4689B0A8
:1079500007464FF0000A0DF11F02042130468DF852
:107960001FA0FFF77EF90446002840F09680336898
:10797000D3F80080B8F800904846FFF763FA054650
:1079800088B901238DF81F3005249DF81F3000931E
:10799000CDF8049016232A4621463846FFF7B8FA58
:1079A00009B0BDE8F08F024621460DF11F033846AD
:1079B000FFF7AEF80446002872D1F8F74FFDB8F88B
:1079C00000B01FFA8BF30493B8F802A01FFA8AF3F1
:1079D0000593384633680393FEF7A0FF804631488D
:1079E0000AF0E4F8054690B909238DF81F30062403
:1079F000F8F736FD002335683360002CC5D101212E
:107A0000284609F0A6FE2B6817221A70BDE70C2243
:107A1000214613F0DFF9F9F7E5FBA86020B9284605
:107A2000FFF770F91123E0E7039BA5F804B0A5F870
:107A300006A01B8A0399043B9BB2042209F056FD61
:107A4000044630B12846FFF75DF909238DF81F3051
:107A5000CEE7D8F844C0024663461BB19888049923
:107A600081420ED2AAB9C5F800C0C8F844500EF041
:107A7000CFF900F5EA403030C8F84800F8F72EFD9D
:107A8000B6E703D1D88805998842EBD81A461B6817
:107A9000E3E713682B601560E9E7D146554674E7C4
:107AA000554672E7F42000202DE9F0470D4686B0D8
:107AB00081460DF10E0201212846FFF7D2F8044657
:107AC00000287CD1D5F80080D8F800301E782860D6
:107AD000B8F81010404609F05CFD424621461920D6
:107AE00001F082FB00286DD111238DF80E300624A1
:107AF000002540E0049E2246EEB9049D002D32D0C0
:107B0000AD884FF0000A049F002F44D12846CDF8DD
:107B100014A0FFF797F90DF10F03014605AA484697
:107B2000FFF700F90746059809F079FC002FE4D02B
:107B30009DF80F4017E0F1881AB1B5889088A842E7
:107B400003D041B1B58807240DE09068D288008A3F
:107B500002448A42F7D1B268128A0A44B2F5007F21
:107B600016DDB5880D24002C8DF80E4018BF0924B1
:107B700004A8FFF7DEFE9DF80E3000930195182350
:107B8000424621464846FFF7C3F906B0BDE8F087F4
:107B900032463668B0E7BB88AB42B7D1BAF1000FC6
:107BA00008D1D7F808A03B68BE6038460493FFF7B9
:107BB000A9F8A8E7B968504609F052FEF3E74FF07C
:107BC000000895E7F8F74AFC4846FEF7A7FE436C25
:107BD00044640493F8F744FC002E8BD12546C7E794
:107BE000F8B50D460646002202212846FFF739F86F
:107BF000044678B9286803681F886FB1022109F02C
:107C0000C8FC2A68234639463046FCF729FB2C601D
:107C10002046F8BD0624FBE70A24F9E72DE9F341E5
:107C20000D468046002202212846FFF71AF8044636
:107C300060B92B681B681F8867B1F9F7D3FA06464D
:107C400060B92E682C60112306241AE000231E461A
:107C50001F4616E03B463E460A2412E002462146F5
:107C60001E2001F0C1FA0028EDD02868022109F099
:107C700090FC01232A6839464046FCF7F1FA2C6053
:107C80002346CDE9003732461D2321464046FFF703
:107C90003FF902B0BDE8F08173B5134C134D206875
:107CA000F0F747FB28880023236018B900252846F1
:107CB00002B070BD14267043F0F736FB0346206017
:107CC00078B10B4A009229880A48324609F0F8FE3A
:107CD0000028EBD00B252068F0F72BFB0023236056
:107CE000E5E70625F7E700BF2C240020C01A002096
:107CF0008ADD02001024002007B50B4B00930B48CF
:107D00000B4B0C22402109F0DBFE50B9094BC3E9B3
:107D10000003094BC3E90003084B188003B05DF86A
:107D200004FB0B20FAE700BFA1DD0200F4200020D5
:107D3000102100203C240020342400203024002086
:107D4000034A136A0BB1516A18470820704700BFF5
:107D50003400002070B504460D461646F8F77EFB49
:107D6000064B5B6943B12046324629469847044694
:107D7000F8F776FB204670BD0824F9E734000020B0
:107D800038B504460D46F8F769FB064BDB693BB195
:107D90002046294698470446F8F762FB204638BD3E
:107DA0000824F9E7340000201FB50123CDE9013094
:107DB00001A80391FFF7C4FF05B05DF804FB0000C4
:107DC000F8B50E4FBB6905460E46A3B1F8F746FB62
:107DD000BB693146284698470446F8F741FB44B151
:107DE0001B2C06D131462846FFF7DEFF044600284B
:107DF000ECD02046F8BD0824FBE700BF340000208B
:107E00001FB50223CDE9013001A8ADF80C10FFF732
:107E100097FF05B05DF804FB0A4601460120FFF715
:107E200099BF01460120FFF7CBBF0A460146022059
:107E3000FFF790BF37B5014604460220FFF7C0FFA9
:107E40000546D8B923780090CDF8030073B194F8B3
:107E50003930DB0712D5204604F1290210F8011B46
:107E600000F06CF9002818BF054607E006220DF166
:107E70000101601C12F084FF0028E8D1284603B0FD
:107E800030BD0A4601460320FFF764BF01460320C8
:107E9000FFF796BF01460320FFF772BF034608684D
:107EA00018608A79888898809A710A891A810022D4
:107EB0009A72704703460A46D1E900019980090C7D
:107EC0001860997111891981D2E904011A8B02F0A5
:107ED000FE0242F00102C3E904011A8370472DE952
:107EE000F0419CB004460D4616460021202268460B
:107EF00012F070FF022C05DC002C0CDC03201CB0FF
:107F0000BDE8F081032CF9D1002300930DF10A089C
:107F1000CDF8033005E0002300930DF11908CDF8EA
:107F20000330002788F8007008AA69462046FFF74A
:107F300011FF18B10528E2D10020E0E70DB90137A3
:107F4000F0E7324608A92046A8470028F7D0F3E713
:107F500013680133136000207047F8B50D461446CE
:107F600000264F1C6368B34206DCA268934216DB0E
:107F70000623E3600120F8BDC6EBC6032268D018D3
:107F8000D25C2B789A4201D00136EBE706223946C3
:107F9000013012F0F5FE0028F6D10020EBE7216851
:107FA0002868C3EBC303CA18C850AB79A98891806D
:107FB0009371636801336360EFE700001FB500232E
:107FC000CDE901320C460090064903936A46012030
:107FD000FFF785FF18B9039808B9019B236004B027
:107FE00010BD00BF5B7F010038B504460D46294631
:107FF0002046FFF7C5FE0028F9D0052808BF00205D
:1080000038BD10B5044688B020220021684612F021
:10801000E1FE2068A288A379009069460120ADF8AE
:1080200004208DF80630FFF7DFFFA8B9694602206B
:10803000FFF7DAFF80B901462022684612F0CAFE37
:108040002068A288A379009069460320ADF8042037
:108050008DF80630FFF7C8FF08B010BD00230A46B0
:108060000B600149FFF73BBF517F01000368012B03
:1080700004D0022B14BF1120002070474368022B4C
:1080800003DC002B06DC11207047032BFBD180683A
:10809000FCF74EB8FCF73BB81FB5012888BF00F0CD
:1080A00001008DF8080006220DF1090013F0F0FD23
:1080B00000230093072202A942F2280000F0FEF8F4
:1080C00005B05DF804FB00001FB50A4C23787BB9AE
:1080D0004FF49672ADF80C200093022203A942F2ED
:1080E0002E0000F0EBF808B90123237004B010BD96
:1080F0000020FBE754240020014B03600020704760
:10810000442400201FB50378012B15D88DF80F10DB
:108110000622411C0DF109008DF8083013F0B8FD5E
:108120000023082200930DEB020142F24E0000F002
:10813000C5F805B05DF804FB1220FAE770B50D46EE
:108140008EB006461446FCF755F9012D2FD80622AD
:1081500031460DF111008DF8105013F099FD1549BD
:1081600010220DF1270013F093FD214610220DF18E
:10817000170013F08DFD00230093272204A942F27B
:10818000270000F09BF8044660B9062231460DF145
:1081900009008DF8085013F07BFD012102A8FFF7BC
:1081A000B1FF0446FCF732F920460EB070BD122430
:1081B000F8E700BF4424002010B5014688B0102223
:1081C000002848D00DEB020013F062FD1022234876
:1081D0000DEB020112F0D4FD0446002838D0102225
:1081E0000DEB02011D4813F053FD00230093012203
:1081F00002A942F22D008DF8083000F05FF8044625
:1082000030BB009003460246014642F2290000F0CE
:1082100055F80446E0B901220090034602A942F253
:108220002D008DF8082000F049F8044680B9014679
:10823000062202A812F0CEFD102221460DEB02000C
:1082400012F0C8FD214604AA02A8FFF777FF0446F2
:10825000204608B010BD0249B4E700BF4424002006
:10826000E21C030008B50648002109F0ACF818B973
:10827000BDE80840F8F7B3BF02680432026008BDE9
:108280007424002030B129B1034B1880034B002027
:108290001980704703207047A42500205624002031
:1082A000054A13881844B0F5803F02DB0C20F8F72C
:1082B00039B91080704700BF562400202DE9FF41D6
:1082C0000C46174606464FF0FF3142489DF828807D
:1082D0001D46F7F7AAFE3A462146304600F0D0F98F
:1082E0003D4F0446002839D13C484FF40061F7F770
:1082F000CBFE38B106280CBF13240B242046F8F718
:1083000011F92BE010222146684612F063FD3A680D
:1083100013780E2B03D00F2B40D01124EEE75178A9
:10832000032928D801D00C24E8E7B2F80330002B49
:10833000F9D1CDE90044029415B1019900293DD14C
:1083400000230293BDF80C300195B342EBD1002C11
:10835000E9D1009C14B9029B4345CFD1386818B1CC
:1083600001F0BCFD00233B601A48F7F770FE204681
:1083700004B0BDE8F081B2F80330ADF80C305379A9
:1083800043B103F5007304390093029121B1063221
:108390000192D1E72346F6E70191CDE75378042B0C
:1083A000C1D19388ADF80C30CDE9014493781BB16D
:1083B00003F500730093BFE72346FBE7029B4345A9
:1083C000C8BFCDF80880029A2846C8BF0C2413F015
:1083D0005FFCB7E7B0250020A8250020AC250020D1
:1083E00038B503780E2B044606D00F2B12D020464A
:1083F000F8F778F8002038BDB0F80330002BF6D03D
:10840000084D28680DF03FFB80B228B1204601F0EE
:1084100065FDEFE78388F1E7034B28461C60F7F71B
:1084200057FEE7E7AC250020A82500202DE9F347FB
:108430000B68009300230B6090F828A0354FDFF8FD
:10844000D880DFF8D89005460E46CAF3800A009C13
:10845000002C57D03B884BB1B8F8001000234A4697
:10846000684609F0E4FD044630B9009C34600124FC
:10847000204602B0BDE8F08700225146A88800F0EF
:108480009BF8014601A809F0F6FD218A0DF10600CE
:1084900009F0F1FD0421204609F05BF950B90624EA
:1084A00095F82830009823F0040385F8283008F068
:1084B000B6FFDDE7042109F01DFA04460028EED0DE
:1084C00004220DEB0201006813F0E2FB0DF106003F
:1084D00009F0ECFD204600F05DF82046F8F76EF854
:1084E00004460028DCD195F8283043F0040385F8D1
:1084F00028302B8F01332B873B88013B3B804FF08B
:10850000010AA4E795F8283023F0040385F8283001
:10851000AEE700BF56240020A4250020658201009C
:10852000C36B0BB9FFF782BF01207047014B186086
:10853000704700BFA0250020014B1870704700BF96
:108540009C250020014B1878704700BF9C25002017
:1085500007B500210948F7F78BFD0948F7F75AFDE1
:10856000084B01934FF48E730093074A074908485C
:10857000012309F043FD03B05DF804FBAC250020A6
:10858000B0250020BDDD0200742400205824002006
:108590008024002037B5054600242B8AA34201DC45
:1085A00003B030BD21460DF107030122284608F033
:1085B000C4FF0134F1E7704740EA823040EA0130FD
:1085C00080B270471FB50123002204460093114674
:1085D00003AB42F20700FFF771FE10B99DF80C30B3
:1085E000237004B010BDF0B5054685B00C460827D1
:1085F000002C02DC002005B0F0BD0022009702AB89
:10860000114642F21800FFF759FE0028F3D1082C5A
:10861000264628BF08262846324602A913F038FB12
:10862000A41B3544E4E71FB50146062202A813F057
:108630002FFB00230093062202A942F20500FFF758
:108640003DFE05B05DF804FB70B50B460C460422F8
:108650000021064608F071FF054678B9042130462E
:1086600008F097FF204609F021FD234623F8020B6E
:10867000184609F01BFD6080284670BD0C25FBE7FD
:10868000F8B5134B1B78012B07460E46154604D050
:10869000022B07D023B1112003E0F7F7C1FE08B980
:1086A0001620F8BD032001F0FDFB0446078085700D
:1086B00025B12A463146033013F0EAFA204601F08C
:1086C000C9FB0028EDD00728E5D11420E9E700BF59
:1086D000FD1A0020042A10B5044608460AD0102AC4
:1086E0000ED0022A13D11023237009F0DFFC608022
:1086F000002010BD2023237009F0DAFC6060F7E74A
:108700002046802300F8013B13F0C2FAF0E7032073
:10871000EFE703780A78934201D0981A7047202B2C
:1087200007D0802B08D0102B0BD140884B88C01A63
:10873000704740684B68FAE710220131013012F0AF
:108740001FBB4FF0FF30704710B50378202B8EB061
:108750000C460BD0802B0CD0102B2DD14288184901
:10876000204612F0FDF920460EB010BD42681549B2
:10877000F6E743780D9383780C93C3780B930379D2
:108780000A934379099383790893C3790793037A0A
:108790000693437A0593837A0493C37A0393037B06
:1087A0000293437B0193837B0093C37B027C064946
:1087B000204612F0D5F9D6E700230B70D3E700BFAF
:1087C000CDDD0200D5DD0200DDDD02000378102BD7
:1087D0000CBF408800207047022A10B504460846A6
:1087E00006D11023237009F061FC6080002010BDC9
:1087F000102A06D12046802300F8013B13F048FAE6
:10880000F4E70320F3E730B51C4685B005466B4618
:1088100008461146224608F090FE20B922466946D5
:108820002846FFF7D9FF05B030BD08B502780A70B9
:10883000202A0B4607D0802A08D0102A0CD1428863
:108840004A80002008BD42684A60FAE7411C1022B5
:10885000581C13F01DFAF4E70320F3E738B503784A
:10886000202B05460C4609D0802B12D0102B16D198
:108870004188204609F0FFFB002038BD094910223D
:10888000204613F005FA696804F10C0009F0F7FBC3
:10889000F2E7411C1022204613F0FAF9ECE703201E
:1088A000EBE700BF5C00002010B5044608462178C5
:1088B000C90808F0F3FF014620B12046FFF7CEFFBC
:1088C000002010BD0620FCE70078C00870470000BB
:1088D00010B50446F7F7C2FD21460448062213F0FE
:1088E000D7F9BDE81040F7F7BBBD00BFBA2500209F
:1088F000F8B50446F7F7B2FD2078677914F09CFFCD
:108900000546607814F098FF0544A07814F094FFB1
:108910000544E07814F090FF0544207914F08CFFB2
:10892000054407F03F0014F087FF07F0C006284415
:108930000EB1C02E10D178B12E280DD02046FFF7F1
:1089400072FE054620B905480622214613F0A0F91B
:10895000F7F786FD2846F8BD0325F9E7B425002082
:10896000F8B50F46164690B1012815D10C4D6C791B
:108970003F2C8CBF002401240A490622284612F00D
:10898000FFF958B107B13D6026B90020F8BD064D8A
:108990000446F1E73460F8E70320F7E71520F5E730
:1089A000B4250020F61C0300BA250020012807B5D5
:1089B00004D9831E012B08D9032011E0002211469F
:1089C00003B05DF804EBFFF7CBBF00F09AF801AA03
:1089D0000021FFF7C5FF18B90198002818BF15201E
:1089E00003B05DF804FB73B5044616460D46F7F771
:1089F00035FD2046324601A9FFF7B2FF044628B9EB
:108A000025B101990622284613F042F9F7F728FD0F
:108A1000204602B070BD10B50446FFF7C7FF30B95D
:108A2000023C012C03D8BDE81040FFF74DBB10BD40
:108A3000F8B504460F460D4EF7F710FD0C4B002C11
:108A400018BF1E4635782846FFF7B0FF044638B1F8
:108A5000152807D175782846FFF7A8FF044608B9FE
:108A60003D700024F7F7FCFC2046F8BDF21C030023
:108A7000F41C030008B506220021054812F0AAF9EB
:108A8000BDE8084003480622002112F0A3B900BF48
:108A9000BA250020B425002008B591F83930DB074D
:108AA000084605D501F1290210F8011BFFF746FB26
:108AB000002008BDF8B50F4616461D46FDF716FF07
:108AC000044658B13946FDF76FFE011E0CBF072062
:108AD000002006B1346005B12960F8BD01460720C9
:108AE000F7E737B515461C4601AA6B46FFF7E2FFCC
:108AF00028B90DB1019B2B600CB1009B236003B022
:108B000030BD00F0FD00431E584258417047FFF74A
:108B1000F8BF0000024900220220FFF7E0B900BFC1
:108B2000998A0100F7B510F0400705460E46144635
:108B30000CD11068018A08F02CFD062300932168EF
:108B40003B462A463046FEF7C7F9276003B0F0BD22
:108B5000F7B50446F8F76DFA4FF6FF7398420546ED
:108B60001CD00DF1070320690122002108F0E5FC6B
:108B700004F11007034698B99DF80700144E3278A7
:108B800090420FD004D301331B2B06F10806F6D117
:108B90003A462946FFF7C6FF082415E0072413E0EC
:108BA000042411E02069012108F0F3FC73683946C0
:108BB00028469847044638B1082C05D19DF807008F
:108BC0003A462946FFF7AEFF204603B0F0BD00BF8E
:108BD000FC1C030013460A460421FFF76BBF7047D5
:108BE000172938BF17218181704710B50446F8F75F
:108BF000EBF930B1A38923B16089984228BF1846A8
:108C000010BD1720FCE710B50C46FFF7EEFF218AD8
:108C1000814205DD411A2046BDE8104008F0B9BC8C
:108C200010BD13B50446F7F719FC6A4601A92046A2
:108C3000FFF7D0FF40B90098FFF7D7FF0446F7F7DA
:108C40000FFC204602B010BD0024F8E708B5F8F785
:108C50009BF938B104230381C380034B1B884381F4
:108C6000024B836108BD00BFC0250020518B01006D
:108C7000024B4FF480721A8000207047C0250020FC
:108C800070B50D46064604212846F8F7C4FA044696
:108C900038B92B681B683046DA78B3F80110FDF755
:108CA0004BFB204670BD73B50D4606460221284693
:108CB000F8F7B1FA044620BB2B681D68F7F7CEFB26
:108CC000214601AA3046FFF785FF0446B8B9298836
:108CD0000198FFF785FF0198FFF787FF0546F7F733
:108CE000BFFB24B92A4604213046FBF73DFB304642
:108CF0002A462146FDF73AFB204602B070BD00250A
:108D0000EDE70025F3E773B5064615460C4679B145
:108D100091420DD8042101AA084600F078FA48B122
:108D2000048045800199304600F081FA02B070BDA0
:108D30000320FBE70620F9E72DE9F0430C4687B056
:108D4000064601212046F8F766FA054688BB2068EA
:108D50000121D0F8009008F01CFC23681B8A43B363
:108D600099F80070012F20D0022F21D14FF0120866
:108D700041462046F8F74FFA30BB2368186809F0DF
:108D800095F9022FADF800001BD002231A46216886
:108D900001A8FFF738FD58B92068414608F0F9FBF3
:108DA00069463046FDF7F5FAD7E74FF00408DFE7EC
:108DB0000A2530462946FDF718FB284607B0BDE8CE
:108DC000F08310233A46E2E70546F2E72DE9F34146
:108DD000DDF82480064615461F460C46B9B191427F
:108DE00015D801AA08F10601062000F010FA80B19A
:108DF00008990480458087804246063012F048FF7B
:108E00000199304600F013FA02B0BDE8F08103206A
:108E1000FAE70620F8E737B505460C462368198AB5
:108E200029B92846FDF731FB002003B030BD0421ED
:108E30002046F8F7F0F978B9206803681A88ADF889
:108E400004205B88ADF80630042108F0A2FB01A9DC
:108E50002846FDF7ECFAE1E70A21E2E7F7B5074615
:108E600016461D460C46B1B1914214D81846FFF77C
:108E70002BFD01AA011D082000F0C9F968B1011DF0
:108E8000048046802846FFF7E9FC0199384600F047
:108E9000CEF903B0F0BD0320FBE70620F9E72DE98A
:108EA000FF410C46064601212046F8F7B4F9054675
:108EB00060B9206803681F78012108F06AFB012F60
:108EC00022D9A7F1020823681B8A3BB930462946FC
:108ED000FDF716FB284604B0BDE8F0813946204670
:108EE000F8F799F990B923681B6833F8022BADF8AD
:108EF000042001A93046CDE90283FDF7E9FA206894
:108F0000394608F046FBDEE70A25DFE70546DDE7E0
:108F100037B505460C4661B101AA02210A2000F0CE
:108F200076F940B104800199284600F080F903B039
:108F300030BD0320FBE70620F9E708B50A4600210B
:108F4000FDF74CFB002008BD73B5054616460C46E0
:108F500069B101AA04210C2000F059F948B104803C
:108F600046800199284600F062F902B070BD0320E6
:108F7000FBE70620F9E708B50A460021FDF748FBA4
:108F8000002008BD08B50A460021FDF754FB00206B
:108F900008BDF7B5074616461D460C46B1B19142CD
:108FA00014D81846FFF790FC01AA011D102000F00C
:108FB0002EF968B1011D048046802846FFF74EFC5B
:108FC0000199384600F033F903B0F0BD0320FBE708
:108FD0000620F9E72DE9FF410C460646012120460F
:108FE000F8F719F9054650B92068036801211F7880
:108FF00008F0CFFAA7F1040823681B8A3BB9304672
:109000002946FDF7C7FA284604B0BDE8F081042FD1
:1090100020DD39462046F8F7FEF8E8B923681868DD
:1090200009F044F82368ADF804001868023009F02C
:109030003DF82368ADF80600CDF808801B6801A94B
:10904000043330460393FDF773FA2068394608F07D
:10905000A0FAD1E70425D2E70546D0E773B5054667
:109060000E461446022101AA122000F0D0F828B9B9
:10907000204608F0D4F9062002B070BD06800198A1
:10908000214608F0EDFB0199284600F0D0F8F3E7FF
:1090900008B5FDF7E3FA002008BDF7B50746154609
:1090A0001C460E46F1B11B8A1344B3F5007F19DC50
:1090B000FFF7B7FD238A0438984213DD01AA042183
:1090C000162000F0A4F890B1458006800198214652
:1090D00008F0C6FB0199384600F0A9F80546284675
:1090E00003B0F0BD0325204608F099F9F7E70625FF
:1090F000F9E72DE9F3410D46064604212846F8F725
:109100008AF8044690B9286803680421B3F80080FF
:109110005F8808F03EFA304600953B4642462146BD
:10912000FDF7ACFA204602B0BDE8F0810027B84652
:10913000F1E737B504460D4601AA0121182000F0D9
:1091400066F830B105700199204600F070F803B060
:1091500030BD0620FBE708B50021FDF7B3FA00207B
:1091600008BD73B5064615460C4691B101AA022109
:109170001B2000F04CF888B104800198294608F0C3
:109180006FFB0199304600F052F80446204602B0C9
:1091900070BD0324284608F042F9F7E70624F9E7F2
:1091A00073B5064615460C4691B101AA02211D2051
:1091B00000F02DF888B104800198294608F050FB92
:1091C0000199304600F033F80446204602B070BDE5
:1091D0000324284608F023F9F7E70624F9E708B541
:1091E000FDF788FA002008BD013170B589B2064646
:1091F0001046154608F052FB044620B9284608F0F0
:109200000EF9204670BD2C6804F8016BF9E770B5C3
:10921000164604460D46F7F7E5FF0246306028B1D2
:1092200029462046BDE87040FFF7DEBF70BD37B568
:109230000B68044618780D46FFF7D1FCF7F70EF9D6
:1092400020466B4601AA0421FFF74BFC044638B1C7
:10925000284608F0E4F8F7F703F9204603B030BDDC
:1092600000982946FFF7CFFCDDE900102A46F7F702
:1092700066FF0446EFE710B50446F7F7EFF820461F
:10928000FDF734FB044618B9F7F7EAF8072010BDDC
:10929000FDF720FB2046FDF7BFFAF7F7E1F80020C5
:1092A000F5E738B505460C46F7F7D8F82846FDF738
:1092B0001DFB40B114B190F8283023700024F7F75B
:1092C000CFF8204638BD0724F9E710B5F7F7C6F800
:1092D000FDF73CFB20B18488F7F7C2F8204610BDAB
:1092E0004FF6FF74F8E742780B789A4206BF486061
:1092F00000200120704773B5DDE906548DF80700A2
:109300008CB101318DF8061001220DF106012046C5
:1093100008F08FF828B901220DF10701204608F066
:1093200088F802B070BD2E78B01C084490420BDC67
:10933000013199552A7813449DF807205A702B78EB
:1093400002332B702046ECE70420EAE72DE9F347CF
:109350000A9EDDF830A0CFB2CDE9006A0C469046F7
:1093600039469DF82C209946FFF7C5FF054698B968
:10937000BAF1000F07D0A2B24146504602B0BDE894
:10938000F04708F056B8307822464146484412F07B
:109390007FFC33781F443770284602B0BDE8F08761
:1093A0002DE9F04F89B0984600238DF81B300378E3
:1093B000129E049205460F46002B6AD1D5F8049000
:1093C000B9F1000F77D1D5F80C90B9F1000F40F04A
:1093D000A480D5F81490B9F1000F40F0D380EA6969
:1093E000002A40F0048195F82330D90700F1168156
:1093F0006A6A002A40F03381AA6A002A40F03E815E
:109400002A6B002A40F04D8195F83830DA070ED5E6
:109410000DF11B030093CDE901863B4605F13602B1
:1094200002211920FFF792FF044600283FD195F84A
:109430003C30DB0717D50DF11B03009301963B462B
:10944000424602211A20FFF756FF044678BB698F77
:10945000002E40F03C819DF81B403819023408F082
:109460000AFE8DF81B402A6C002A40F03C81AA6C51
:10947000002A40F04B812A6D002A40F05A81AA6DE3
:10948000002A40F06981049B002B40F07881002481
:109490000DE00DF11B0300930B4601210246CDE9BF
:1094A00001860846FFF752FF0446002886D0204672
:1094B00009B0BDE8F08F95F808B0BBF1000F82D07D
:1094C000687A01960DF11B034FEA4B0100F0010091
:1094D000009342463B4601F0FE010230FFF70BFFCE
:1094E00004460028E3D182466EB131464846FFF774
:1094F000DBF904460028DAD10AF1010AD34509F163
:109500000409F1DC5FE79DF81B4048463919023435
:10951000FFF7A4F98DF81B40EEE795F810B0BBF10A
:10952000000F3FF456AF687C01960DF11B034FEA24
:109530008B0100F00100009342463B4601F0FC0124
:109540000430FFF7D8FE04460028B0D109F1040921
:1095500059F8341046B10791042207A9304607F0A4
:1095600068FF58B10446A2E79DF81B300593F81830
:1095700008F085FD059B04338DF81B300134A345AD
:10958000E6DC26E795F818B0BBF1000F3FF427AFF3
:10959000687E01960DF11B034FEA0B1100F00100EC
:1095A000009342463B4601F0F0010630FFF7A3FE70
:1095B000044600287FF47BAF112313FB0B9B66B19D
:1095C00031464846FFF770F9044600287FF46FAF34
:1095D00009F11109D945F2D101E79DF81B40484630
:1095E00039191034FFF73AF98DF81B40F0E795F878
:1095F000201000293FF4F7AE95F821000DF11B0370
:1096000000F001000093CDE901863B460830FFF7EA
:109610009DFE044600283FF4E6AE48E795F9223067
:1096200013F1800F18D10DF11A00FEF7CBFF04469D
:1096300000287FF43CAF0DF11B030093CDE90186B8
:109640003B460DF11A0201210A20FFF77FFE044676
:1096500000283FF4CDAE2AE78DF81A30EBE70DF184
:109660001B030093CDE901863B4604211220FFF73E
:109670006DFE044600283FF4BFAE18E795F82C10A5
:1096800000293FF4BDAE0DF11B030093CDE9018627
:109690003B461620FFF75AFE044600283FF4B0AEC2
:1096A00005E795F8341000293FF4AEAE0DF11B0329
:1096B00001EB41010093CDE901863B4649001720AB
:1096C000FFF744FE044600283FF49EAEEFE6ADF8F7
:1096D0001C10022207A9304607F0ABFE0446002802
:1096E0003FF4C1AEE3E695F8441000293FF4BFAE65
:1096F0000DF11B030093CDE901863B462020FFF7C7
:1097000025FE044600283FF4B2AED0E695F84C1092
:1097100000293FF4B0AE0DF11B030093CDE90186A3
:109720003B462120FFF712FE044600283FF4A3AE7B
:10973000BDE695F8541000293FF4A1AE0DF11B03CE
:109740000093CDE901863B462420FFF7FFFD044648
:1097500000283FF494AEAAE695F85C1001297FF644
:1097600092AE0DF11B030093CDE901863B46FF202D
:10977000FFF7ECFD044600283FF485AE97E6049A17
:109780009DF81B30137082E613B500240094FFF798
:1097900007FE02B010BD2DE9F04106460C46174603
:1097A0009846012C06D93378A3420ED24146304662
:1097B000B84710B90020BDE8F0813578013C641B42
:1097C000013504F0FF042E44EBE70A20F3E7000024
:1097D00037B51C4600230546019308466B461146E3
:1097E000064A8DF80050FFF7D6FF10B9019B13B160
:1097F000236003B030BD0520FBE700BFE792010006
:109800007047704700207047F8B50025C0E9005048
:1098100004460F46164629460C22083011F0DAFAA3
:10982000C4E903762846F8BD70B50B4E336805468B
:1098300001333360EFF7B2F82C681CB163682B601A
:1098400003B96D603368013B3360EFF7ADF804B1E5
:10985000103C204670BD00BFB81A0020F8B55379FF
:10986000072B05460E4614461BD90F4F3B680133A4
:109870003B60EFF793F8002363616B6804F110021B
:109880001A603B681434013B6C603B60EFF78CF866
:109890000EB90020F8BD05F108013046F6F72CFBA3
:1098A000F7E70220F6E700BFB81A002013B54FF023
:1098B000FF330F48009300231A46032100680CF081
:1098C00047FEF6F7CBFD0B48FAF7EAFD0A4A0023FC
:1098D00014681360094A1370F6F7C2FD0CB902B0A0
:1098E00010BDD4E9003100209847A468F6E700BF16
:1098F000C4250020DC250020D8250020FC1A0020EB
:10990000FFF7D4BF10B5EFF753F8BDE8104001469C
:10991000024A03480023F6F7FFBB00BF019901008C
:10992000C42500200000000070B586B0002300931D
:109930001A46194640F60340FEF7C0FC04460028CC
:1099400040F09180082602460146009604AB41F2A1
:109950000100FEF7B3FC0446002840F084809DF827
:109960001000FEF7E9FDFEF7EDFD48A3D3E9002363
:109970000094CDE902230546234632460DEB06014D
:1099800040F60140FEF79AFC044600286BD1062DF4
:1099900059D8FEF7D7FD062868D81F220023CDE945
:1099A000042300230093082204A942F20100FEF7D9
:1099B00085FC0446002856D1032300930246014645
:1099C00004AB42F20200FEF779FC044600284AD1BB
:1099D000BDF810209DF8121072B9072300931146AC
:1099E00004AB41F20500FEF769FC044600283AD1B9
:1099F000BDF81020BDF813101046FEF743FC0446D6
:109A000088BB082300930246014604AB42F20300E0
:109A1000FEF754FC044630BB0498FEF787FD06238E
:109A200000932246214604AB41F20900FEF746FCB2
:109A30000446C0B904A8FEF74BFF2046FEF7BCFB66
:109A4000FFF7E0FE0FE04FF400020023CDE904230E
:109A500000900346324604A940F66340FEF72EFC10
:109A60000446002895D0204606B070BD072804D0D3
:109A7000082804D140F27F6290E73F228EE7024A35
:109A80008CE700BFAFF300807FFE0F0090800002E4
:109A90000080002010B403780A780446981A06D192
:109AA000601C06225DF8044B013111F069B95DF8C4
:109AB000044B70472DE9F7434FF000080446164663
:109AC0000D46C1464746B04505DB4FF0FF384046DE
:109AD00003B0BDE8F083694620460097CDF80370D7
:109AE000FFF7D8FF20B121462846FFF7D3FF98B9EA
:109AF000237EDB070BD52A8923899A420CD1D5E92D
:109B00000402D4E904139A4208BF884204D1637E58
:109B10004B45DCDD09F1010908F101085035D2E7B8
:109B200038B5154612680C46FFF7C4FF421C0346C1
:109B30000ED0296801398842296007DA502202FBD9
:109B40000040CA1A00F1500111F02AF9002038BD76
:109B50000520FCE72DE9F7430024154EDFF854906B
:109B600005462746A046D9F80030A34205DC4FF051
:109B7000FF34204603B0BDE8F08369462846CDF89F
:109B80000080CDF80380FFF785FF20B129463046DD
:109B9000FFF780FF40B92B8913B132899A4203D174
:109BA000AB7ABB42E5DD013701341036DBE700BF9D
:109BB000EC250020E825002013B50023694600931A
:109BC0000446CDF80330FFF765FF18B10621601C8D
:109BD000FEF7F1FC02B010BD022870B50D46144628
:109BE00005D003281FD0012817D0082070BD0846D3
:109BF000FFF7E2FF124E134B1A6831462846FFF773
:109C000059FF421C01D10520F0E7502202FB006100
:109C1000204612F03DF80020E8E70846FFF7CCFFA9
:109C2000094E0A4BE8E70846FFF794FF431CEAD0C9
:109C3000074B03EB00100FC884E80F00EBE700BFF1
:109C4000702600206C260020682700206027002056
:109C5000EC25002010B590F82830D907044603D52C
:109C600010211830FEF7A7FC94F83930DA0704D534
:109C7000102104F12900FEF79EFC94F84A30DB071E
:109C800006D504F13A001021BDE81040FEF793BC60
:109C900010BD000030B5022889B00C4606D003285C
:109CA00039D001281FD0082009B030BD0846264D04
:109CB000FFF7D0FF21466846FEF7FCF823492A68E3
:109CC0006846FFF7F7FE411C04D12868022838DCFB
:109CD000431C2B601D4B5022214602FB003011F02B
:109CE000D7FF0020E0E70846194DFFF7B3FF2146F4
:109CF0006846FEF7DFF82A6816496846FFF7DAFE7D
:109D0000421C04D1286802281BDC431C2B60114B29
:109D100050222146E1E76846FEF7C0F86846FFF7A3
:109D200019FF431C05D10C4B1868072809DC421C9D
:109D30001A600A4D05EB001594E80F0085E80F0046
:109D4000CFE71B20B0E700BF6C2600207026002064
:109D50006027002068270020E8250020EC2500204F
:109D600008B50346022B084605D0032B0CD0012B67
:109D700007D0082008BD104A1049BDE80840FFF789
:109D8000CFBE0F4A0F49F8E7FFF7E4FE431C024637
:109D90000FD00D490B68013B98420B6007DA0B4866
:109DA00000EB021000F110019A1A10F0F9FF0020E8
:109DB000E0E70520DEE700BF6C26002070260020CB
:109DC0006027002068270020E8250020EC250020DF
:109DD000074B084A5A61084A9A61084ADA61084AF8
:109DE00000231360074A1360074A1360704700BFDF
:109DF00034000020D99B0100959C0100619D010069
:109E0000602700206C260020E825002010B5044CB7
:109E100020600448016004490A60044A136010BDD0
:109E20004C2E0020482E00203C2E0020382E0020F2
:109E300010B5044C20600448016004490A60044ADB
:109E4000136010BD442E0020402E0020342E002030
:109E5000302E0020024B034A1B681168184700BFD0
:109E6000442E0020402E0020024B034A1B6811683C
:109E7000184700BF4C2E0020482E0020024B034AFA
:109E80001B681168184700BF342E0020302E0020B8
:109E9000024B034A1B681168184700BF3C2E002084
:109EA000382E0020022808B50AD0032803D0012844
:109EB0000BD0002008BD0648BDE8084007F076BE7C
:109EC000044807F073FE0028F4D10348F4E700BF0C
:109ED000142E0020F42C0020982A0020014610B5F2
:109EE0000446094807F049FE214620B10648BDE86E
:109EF000104007F095BE054807F03FFE214608B127
:109F00000248F4E70248F2E7F42C0020982A0020E7
:109F1000142E00200020704707B50E4B00934FF41D
:109F200082720D4B0D48012107F0CAFD0C4B0093C6
:109F300046220C4B0C48082107F0C2FD0B4B009346
:109F400046220B4B0B48082107F0BAFD03B05DF821
:109F500004FB00BF22DE0200102D0020142E002082
:109F600037DE0200B42A0020F42C00204FDE02006D
:109F700058280020982A002010B50446236803B909
:109F800010BDA3F110005B68236003B9646007F0A3
:109F900046FAF3E7024A136801331360EEF7FEBC9A
:109FA000B81A0020024A1368013B1360EEF7FCBCAC
:109FB000B81A0020002003F05BBD06F00DBD0000C4
:109FC0002DE9F843174D05F14C09EC6C0CB9BDE8CF
:109FD000F8836368EB64A4F110070BB9C5F85090DF
:109FE00054F8100C08F062F8064654F8100C0230D1
:109FF00008F05CF804218046384607F0CAFA228847
:10A00000424505D106F44053B3F5805F00D81AB934
:10A01000384607F004FAD8E73146384602F0BAF875
:10A02000D3E700BF602E0020F8B51A4D05F13807C0
:10A03000AC6B04B9F8BDFFF7ADFFAB6B5B68AB630E
:10A04000A4F1100603B9EF63FFF7ACFF54F8101C3E
:10A050002389087803F00703013B04F1080200F0AC
:10A060000F00032B0AD8DFE803F0070D1102114699
:10A07000304601F097FEDBE705F0A2FE304607F020
:10A08000CEF9D5E7314604F0EBFDF7E701F0B6FB7A
:10A09000F4E700BF602E002008B5012006F086FC22
:10A0A00028B1BDE8084002483321F6F75DB808BD85
:10A0B000CC2E0020F8B51021054607F09AF9044689
:10A0C00010B900242046F8BD836805821E88036805
:10A0D000043326F0030603604379B6B2F31A043B57
:10A0E000ED1A0746002DEDDD0021A8B207F060F95A
:10A0F00018B9204607F093F9E3E7F860AD1B07466F
:10A10000F0E70346084631B1587900F0C000A0F1ED
:10A11000400358425841704739B1407900F0C000BF
:10A12000A0F1C003584258417047012070470346D0
:10A13000084639B15879800903D0431E5842584126
:10A14000704702207047421E431D12F8010F10B9DC
:10A150009A42FAD1704701207047000010B50146BD
:10A16000421E0023043012F8014F234482429BB266
:10A17000F9D14A7902F03F04234498B298B140F2F1
:10A180003A5398421BD002F0C002C02A15D0402A90
:10A190000AD1CB780A799818201804D040F23D23D0
:10A1A000C01A18BF012010BD4AB90648062210F097
:10A1B000E7FD003818BF0120F5E70120F3E7002094
:10A1C000F1E700BF562E0020032809D8DFE800F091
:10A1D000020502050348FFF7B6BF0846FFF7BEBFFA
:10A1E00000207047562E0020052970B505461646FA
:10A1F00002D81224204670BD0D4B1B680BB10C24F5
:10A20000F8E704F06FFF04460028F8D156B128465D
:10A21000FFF7A4FF0028ECD006222946054811F0DC
:10A2200037FDE7E705F0B6FE0028F0D0E7E700BF0E
:10A23000AC300020502E002010B5074B0C460146D4
:10A2400006480622002C18BF184610F099FDB0FAF7
:10A2500080F0400910BD00BF502E0020562E002077
:10A26000034A044B002814BF10461846704700BF2D
:10A27000502E0020562E002038B508F0B7FD0F4BA9
:10A2800005461C7A08F0B8FDB5B9631E032B13D838
:10A29000DFE803F0020A0E06BDE8384005F05CBEB8
:10A2A000BDE8384001F058B8BDE8384004F0ACBC17
:10A2B000BDE8384001F057B838BD00BF602E00201F
:10A2C00000234361064BDA6B00F11001143011607A
:10A2D000D86303F12C0103F11000F5F70DBE00BFA8
:10A2E000602E002038B504460A4DFFF753FE0023C8
:10A2F00063612B6D04F110021A6014342C65FFF7B2
:10A3000051FE05F1400105F11000BDE83840F5F7B8
:10A31000F3BD00BF602E002010B5134B00781B7AF0
:10A32000013B144600F00F00032B19D8DFE803F0BF
:10A330000A130E0208F054FD01462046BDE8104005
:10A3400001F004BDBDE8104005F0B8BD2146BDE8F0
:10A35000104001F0DDBA2146BDE8104004F06CBAAF
:10A360004FF0FF3010BD00BF602E0020F8B50B8805
:10A37000077890F801C003F08004C3F3C01603F01F
:10A380000703042B05460A4607F00F0703D1BDE873
:10A39000F84001F081BD002C58D0082F4DD8DFE8DF
:10A3A00007F00A050A050A2D0A303000BCF10C043A
:10A3B00018BF012405E0ACF106041F2C94BF002453
:10A3C0000124022B21D0032B31D0012B3BD1D4B956
:10A3D0000CF10200FFF76EFE044618B10146284654
:10A3E00008F0F0F832462146384605F02FFC0546C5
:10A3F00014B12046FFF764FF2846F8BDBCF12204E3
:10A40000D6E70024DDE70024ECE774B90CF1020084
:10A41000FFF750FE044618B10146284608F0D2F86E
:10A420003146204604F046FAE1E70024F8E73146D9
:10A430002846BDE8F84001F079BA022BF5D0032B8D
:10A44000F5D0012BDFD04FF0FF35D5E7022BDDD063
:10A45000032BECD0012BBBD0F5E738B50C460346F7
:10A46000154620468A7E497E07F067F8E37E2B700A
:10A47000A07E38BD10B508F01DF9002008F01EFAC6
:10A480000023084A0848094C1946FFF7D1FC03F09D
:10A4900073F94FF0FF312046F5F708FD4368984700
:10A4A000F7E700BF5DD801003DD80100702E002005
:10A4B000014B1872704700BF602E0020014B187AC4
:10A4C000704700BF602E002001460148F5F714BD1B
:10A4D000702E00204FF0FF3040F2FF317047000037
:10A4E000014BD3E900017047602E002038B5FFF71B
:10A4F00051FD044608F024FA06F032F904F014FE87
:10A5000006F042FB2046124CFFF74CFD05F030FDF3
:10A510002046FFF731FD0025A4F11400FFF72CFDC4
:10A5200024F8405C01F03EFF03F09EF906F01EF9AE
:10A5300029460622074804F8445C10F04BFC04F05E
:10A5400059FE06F09FFEBDE8384008F0B3B800BFE2
:10A55000AC2E0020502E00200A30C00070470000B2
:10A560000F4B33F81130834217D8C01A032912D881
:10A57000DFE801F00E02080BC0F3CF001B2838BF44
:10A580001B207047C0F38F00F8E7C0F38F10F5E78A
:10A59000C0F30F10F2E70020F0E71B20704700BF68
:10A5A000D41D030030B585B0002340480293062235
:10A5B00002A9CDF80B3010F0E3FB0446A0B90290DD
:10A5C0000090ADF80400CDF80B00062202A9684601
:10A5D00010F0D6FB002860D00294ADF80C400622A3
:10A5E00002A9324811F054FB314C06F0ADFA1823A1
:10A5F00063720022FF230421202063810AF0CEFF32
:10A600002346002543F84C5F23652346206143F829
:10A61000385F29460C2204F12C00E36310F0DAFBCA
:10A62000244B29460C2204F14000C4E90C3510F0FB
:10A63000D1FB214B29460C2204F15400C4E9113509
:10A6400010F0C8FB1D4B29460C2204F16000C4E940
:10A65000163510F0BFFB1A4B1A4A04F1100104F131
:10A660006C00C4E919352B46F5F756FD03F0FCF8EC
:10A6700006F07CF805F096FC04F07AFD01F0EAFEA5
:10A6800006F0E6FD44F2DF020023C4E9002300F0F7
:10A69000BFF800F0B1F805B030BD02A807F068FDC2
:10A6A0000028A1D106220DF109019AE7562E0020BB
:10A6B000602E002029A00100C19F0100BB9F010066
:10A6C000B59F010099A0010070B5124D2B680133B0
:10A6D0002B600646EEF762F90F4B1A7A1F2A0446E2
:10A6E00014D81A7A0D490132D2B21A721A68167049
:10A6F0001A688A420CBF1F3A01321A602B68013B6C
:10A700002B602046BDE87040EEF74EB907F0CEFD55
:10A71000F4E700BFB81A0020082F0020052F002002
:10A72000F8B506460C46002934D01B4F1B4D3B683C
:10A7300001333B60EEF732F92B7A2A7ADFF860E0DA
:10A74000A34228BF2346D21AD2B2E41A2A72E4B234
:10A7500006F1FF3C1A467AB91E443B68013B3B6058
:10A76000EEF722F907F082FDA4B12B7AA342DED2E4
:10A770002B7A1F2BF9D9DAE7696809780CF8011FE1
:10A780006968714514BF0131AEF11F01013A69607A
:10A79000D2B2E0E70020F8BDB81A0020082F002050
:10A7A000052F002008B5074B1A782AB10022064869
:10A7B0001A700621FFF7B4FFBDE80840024811F007
:10A7C0007DBA00BF6C000020E02E002038B50446A2
:10A7D00040F2FD2503212046FFF7A2FF2278617891
:10A7E000A3780A449A18F5D0AA42F3D003F03F03A5
:10A7F00043F04003A37038BD08B5044B1B7A1F2BF0
:10A8000001D807F033FD002008BD00BF082F00204D
:10A8100008B5054A054B06480121C3E9002207F0A7
:10A8200003FD002008BD00BFE62E0020082F0020F9
:10A83000C9A6010008B508F083F80020FFF738FE2C
:10A84000014B00221A6008BDA830002010B5044654
:10A85000FFF7F0FF2CB104F19C00BDE81040FFF7BA
:10A8600033BE10BD827822F002028270FFF7EEBF85
:10A87000827842F002028270FFF7E8BFFFF7E6BF7E
:10A880000320FFF715BE0020FFF712BE07B583783F
:10A8900043F002038370C379013B18BF0123009387
:10A8A00000F58C7200F5A0730021D0F8080107F0C4
:10A8B00099FF03B05DF804FB837823F002038370F3
:10A8C00007F0BEBFC279D0F80801013A18BF0122D3
:10A8D000002107F0ADBF38B5058B0446012128469D
:10A8E000FFF73EFE022160772846FFF739FE03217D
:10A8F000A0772846FFF734FE0021E0772846FFF7CF
:10A900002FFE207738BD000013B5C36F446F90F859
:10A9100079201C440A4B1B78E41A90F878301344D1
:10A920001E2B01A8C8BF013405F008FF28B1019B08
:10A930001A1B34EA220428BF1C46204602B010BD70
:10A940005033002070B5B0F8684040F2E2435C43F9
:10A950000546204606F0B6FC064606F0B9FC231A6A
:10A96000DBB21F2B04BF0136002385F87930EE6778
:10A9700070BD0000024A136801331360EEF70EB891
:10A98000B81A0020024A1368013B1360EEF70CB8B6
:10A99000B81A0020F8B504460D46174604F0B8FB77
:10A9A00006220646411C204611F072F90622A01824
:10A9B000F11D11F06DF9696D04F10C0007F05FFBFA
:10A9C000AB6D2374AB6D1B0A6374B5F85A30A37476
:10A9D00095F83A30E374B5F8721004F1140007F0FA
:10A9E0004AFBB5F8681004F1160007F044FBB5F80F
:10A9F0006A1004F1180007F03EFBB5F86C1004F182
:10AA00001A0007F038FB052205F1200104F11C00B3
:10AA100011F03EF995F8392095F82E3043EA4213AB
:10AA200084F8213033783B702220F8BD10B583784C
:10AA3000DB0704460BD505F04FFF20B106220321AA
:10AA4000204602F0D5FBA37823F00103A3706378BE
:10AA500099070FD5B4F84830DA070CD50021204605
:10AA600002F0A7F80021204605F0DDFE637823F010
:10AA70000203637010BD5B06F4D50621204602F088
:10AA800098F894F83710EEE72DE9F04F077817F0B3
:10AA900004078FB004466DD0637843F020036370E1
:10AAA000002635464FF0010B37466278910608D5EF
:10AAB00000220EAB0493ADF828208DF82A200AAEB0
:10AAC00004AD94F832200AB14BF0080B784294F8A8
:10AAD000333000F010004BEA000013B140F00400E6
:10AAE000C0B2F07023785A0700F14781E379022B56
:10AAF00000F02F814FF000084FF00209F37803F0C7
:10AB00000303032B40F073812B681B78062B40F066
:10AB10003981A37843F00203A370012384F8013143
:10AB2000E37903F1FF3CDCF1000343EB0C030093FA
:10AB3000D4F8040104F5A07304F58C72002107F029
:10AB400051FE2146404607F091FEB4484A46294648
:10AB500008F0CEF858B9637867F3861399066370E6
:10AB600005D523785A0702D543F0080323700FB0A8
:10AB7000BDE8F08FD0E92A5A002D40F0A98090F866
:10AB800001B01BF02003029342D090F80031022B59
:10AB900000F2C7802E460295A946A8464FF0010B49
:10ABA000BAF1000F07D1029B03EB09024245BFF641
:10ABB0007CAF4FF0000A2046FFF7A6FE029B03EB96
:10ABC00009024245074680F2BD80A8EB0900C01A81
:10ABD000C0B20121B4F81AA0FFF7BEFC01218046E3
:10ABE0004846FFF7B9FCE279012A08BF628B0AF5F3
:10ABF000E17AC24408BF9632504408BF801806F07C
:10AC000061FB804606F05AFB4044C71BFF0F4CE730
:10AC1000BAF1000F3FF440AF90F80021DAF80430A9
:10AC20000393022AAAF1100517D9C379012B03D087
:10AC3000032A12D0022B10D1504601F041FE0646E5
:10AC400038B9637843F02003637007464FF0010B77
:10AC50002BE7039BFBB900230393D4F8AC305B686C
:10AC6000C4F8AC301BB904F1AC03C4F8B0309AF8A6
:10AC70000B30564603F00303032B36F8088B18D12C
:10AC80005FFA88F99AF80BB08AF80A90DDF80CA000
:10AC9000C4F8A85084E7039801F012FE0028DCD124
:10ACA000E379012BD7D0284601F017FE0028D2D037
:10ACB000D3E7208B0121FFF753FC94F80E90C14598
:10ACC00028BFC146814528BF81465FFA89F9D9E787
:10ACD0006B7EB5F8108095F81A90029305F118066E
:10ACE000E3B9EB7E03F0030B94F80021022A7FF610
:10ACF00057AFBAF1000F3FF456AF504601F0E0FDF8
:10AD000050B9E279012A3FF44EAFD4F8A80001F01F
:10AD1000E4FD00283FF447AF4F4611E04FF0010B30
:10AD2000E2E7BAF1000F3FF4BBAE504601F0C8FDB8
:10AD300000283FF4B5AE2E460295A8464FF0010B11
:10AD4000B94638E7BAF80020A07B824298BFD0B25B
:10AD50003FE7002F7FF4CEAE94F83430002B7FF421
:10AD6000C9AE94F83630DB063FF5C4AE2B681978CF
:10AD700001F09BFE00287FF4BDAEDFF8B8804FF0F5
:10AD80000009BBE6052B10D1A37823F00203A370C2
:10AD90000823A4F8003107F053FD214A214BB8F1F4
:10ADA000000F14BF90469846CBE60B2B1FD1E379DA
:10ADB000022BA37812D143F00203A37000210123D8
:10ADC00084F80131009104F5A07304F58C72D4F875
:10ADD000040107F007FD144A144BE0E723F00203D7
:10ADE000A3700623A4F8003107F02AFDA9E6A37892
:10ADF0009E077FF5A6AEE2790123D01A4242424176
:10AE000084F80131D4F80401002107F011FD084B4A
:10AE1000B8F1000F08BF984693E600BF5BA401009D
:10AE200071A801008DA8010065A80100B9A8010062
:10AE3000C5A801007DA801002DE9F341C4683B4E7F
:10AE4000A379346005463BB92046FFF7FFFC012596
:10AE5000284602B0BDE8F08104F02DFA0420FFF787
:10AE600027FBD4E9151294F82F00314F07F03AFD73
:10AE700007F0DCFF94F80780B8F1010F21D1387892
:10AE80006B68A978184407F01DFF014600283FD1E0
:10AE9000A3789A0712D5D4F80401CDF8008004F500
:10AEA000A07304F58C7207F09DFC2046FFF7ECFDC3
:10AEB00070BB002506F002FA6066C9E707F0C0FC27
:10AEC000F3E7A3789B0720D50123D4F8080100936A
:10AED00004F58C7204F5A073002107F083FC387828
:10AEE0006B68A978184407F0B5FE014680B923784D
:10AEF000D4F8842043F020032370D4F888303D3206
:10AF000002EB430207F09CFBD3E707F099FCE6E76E
:10AF100004F19C00FFF7D8FA07F012FD0020FFF7BC
:10AF2000C7FA002333600125C4E700BFA830002022
:10AF300050330020406E4B6EC01AC00F70470000A7
:10AF4000034B1B680BB906F0B9B9D86D704700BF49
:10AF5000A8300020012805D103488379002B08BFC1
:10AF60000020704700207047202F0020044B1868F5
:10AF700020B1D0F8B4201A6002B95B60704700BFFE
:10AF8000142F00202DE9F0418378DB0604460D469E
:10AF90000AD590F83120818D00F12003BDE8F04101
:10AFA000B0F84A0003F02EBA90F82F00012704F100
:10AFB00020060DB9BDE8F08194F8303094F82E20C9
:10AFC0001344D8B2252884BF2538C0B2C0F3C702C5
:10AFD000224484F8300092F8202000F0070307FA9A
:10AFE00003F3134209D194F83130B0FBF3F203FBC1
:10AFF00012003146C0B203F0CFF9013DADB2D8E73F
:10B00000F8B50446FFF712FD94F83C3033B194F9DB
:10B010000030002B02DB204601F051FD94F9003096
:10B020002278002B05DAE379022B04BF0023A4F871
:10B030006A30B4F86860216840F2E2435E4303F589
:10B04000800303F62E430B40102B40F0BB80D0074B
:10B0500040F1B880B4F86A500135ADB26E43B4F82F
:10B060004A30012D2B44A4F84A3040F0AD80636F84
:10B07000E26F94F878001344636794F879301844C9
:10B08000C0B21E2884F8780005D9636F1F380133D9
:10B09000636784F878006378D90762D5B4F84A20EA
:10B0A000B4F868319A425CD1E379012B17D0022BB6
:10B0B00003D1B4F848305A0611D4B4F86820B4F873
:10B0C00062319A420BD1B4F86A20B4F864319A42E2
:10B0D00005D1B4F86C20B4F866319A4203D0637895
:10B0E00043F002036370B4F86631A4F86C30B4F82E
:10B0F0006431A4F86A3094F85E3184F83A3040F252
:10B10000E2477B43C4F88430B4F86031A4F872306D
:10B11000B4F86231A4F868302046FFF713FCB4F8A5
:10B120006061BEB17E43304606F0CCF8636F0344E5
:10B13000636706F0CDF8361A94F878003044C0B250
:10B140001E2884F8780005D9636F1F3801336367C0
:10B1500084F87800636FC4F88C30637823F00103BF
:10B1600063706378DB061BD5638DB4F84A209B1AA5
:10B170001BB2002B14DC04F12506304603F029F93C
:10B18000314684F83100052204F1200010F080FDE2
:10B19000637823F0100363700121204601F009FD5C
:10B1A00029462046FFF7EEFE94F9003084F82F0080
:10B1B000002B606F15DA236E1B1A002B11DC4FF089
:10B1C000FF30F8BD01254AE7304606F07BF8636F93
:10B1D0000344636706F07CF8361A94F8780030442C
:10B1E0004EE7E379022B1ED194F83920D4F8801071
:10B1F00003F03CF9B4F8683040F271225343963BB7
:10B200009842DCD2D4F884301030C4F88800184456
:10B2100006F058F8A430054B1A78636F9B1A034464
:10B22000E3650020CDE7A420F5E700BF5033002000
:10B2300070B5012383710378044623F00103037082
:10B240000D4606F03BF8E3796066022BC4F88C00EB
:10B2500044D1AB68C4F88030E868B4F87230A9799A
:10B2600040F2E24202FB03062220FFF775F9AB78B9
:10B270003044242B00F2E24605D895F90530022B24
:10B280003CDC002B3FDC304606F01CF8AB68034486
:10B29000636706F01DF8361AF6B21F2E84F8786040
:10B2A00005D1636F01336367002384F8783094F825
:10B2B0003A00666F40F2E2435843C4F8840006F057
:10B2C00001F8A53606441023E665C4F88830204608
:10B2D00005F040F8D0B9E379022B1ED012490023C3
:10B2E0000A680B602046194602F00FFB204605F065
:10B2F00086FB0321204601F0FAFB12E0032BC2D1AA
:10B3000000F6A666BFE700F6C416BCE72046FFF7C6
:10B3100077FE0028DBD0002004E02946204604F018
:10B32000F5FD012070BD00BFC830002010B50446F7
:10B3300069B1837843F010038370436D83EA13434C
:10B3400083850021FFF71EFE84F82F0010BD80F8D2
:10B3500030100121F6E70000014B1868FFF776BABC
:10B36000A830002070477047B0F852300A2253438B
:10B3700093404FF47A71E830B3FBF1F1F4F7F4BE87
:10B3800010B58468204602F0E5FB2046072101F055
:10B39000AEFB2046BDE81040FFF7E6BF38B50123FD
:10B3A000C371022380F83A300023A0F872300423DE
:10B3B00080F8393004460D46FFF7F4F920490C2394
:10B3C000B0FBF3F202FB130005304B7984F8313007
:10B3D000052284F82E0004F1200010F059FC02F040
:10B3E0007DFF6065FFF7DEF9164BC4F8DC3020F016
:10B3F0007F40A0656B8AA4F86A30AB8AA4F86C30F1
:10B400002B7B84F891302B7943B90622A91804F1DB
:10B41000930010F03DFC6B7984F89230298AA4F8EF
:10B420006810EB8A4A00B3EB410FC8BF93B2A4F88F
:10B430006E302B8B9A42B8BF93B2A4F8703038BDEF
:10B44000B030002039AE010038B500252223044673
:10B4500080F83F300560A0F84A5085718587072243
:10B46000294640300FF0B6FC4FF67F732381FF234F
:10B47000294684F83B300C2284F83E50A4F84E5004
:10B48000A4F8505084F8375084F89050A4F84850ED
:10B49000A4F8505104F19C000FF09CFC214BC4E92E
:10B4A00028342346204643F8AC5FC4F8B0304FF44C
:10B4B0008073A3861C4BC4F8A8501A7AA272DA795A
:10B4C000E2729A8922829B8A6382184B6586C4E95C
:10B4D00005334FF01B33E360A4F84C50FFF7FBF942
:10B4E0005022294604F580700FF074FC012384F883
:10B4F000003140F6B833A4F85230A3780C4A0D4915
:10B5000043F00803A37004F1E8002346F4F704FEB7
:10B510002046FFF717FA084B1A68C4F8B4201C60DD
:10B5200038BD00BFB9B60100B03000204801480165
:10B5300081B30100702E00201C2F002010B5438A1B
:10B54000828AC18A934228BF1346428B9A42028A5A
:10B5500016BF4383002301238A4228BF0A46018B7A
:10B560009142044603D00283FFF7B5F90123E27A42
:10B57000217B8A4228BF0A46E17B914218BFE273D1
:10B58000617BA27A18BF01238A4228BF0A46A17BA9
:10B59000914205D0A2732046BDE8104005F0FAB8EC
:10B5A000002BF8D110BD0000F7B50446CC300D4695
:10B5B00005F090F8FFF7DEF93B4B1B68A342064607
:10B5C00001D1FFF737F930464FF0FF36FFF7DAF9D0
:10B5D000002300961A460321D4F8B8000AF0B8FFF9
:10B5E000002300961A46D4F8E80003210AF0B0FFC1
:10B5F0002E4A1368A3421AD1D4F8B4301360D4F899
:10B60000A80020B105F00BFF0023C4F8A83004F116
:10B61000AC07D4F8AC60A6B17368C4F8AC300BB911
:10B62000C4F8B070A6F1100005F0F9FEF1E71A4673
:10B63000D3F8B430A342FAD1D4F8B430C2F8B4305D
:10B64000DDE71B4804F19C01F4F790FCE378A67158
:10B6500003F01803182B07D13146204605F061F995
:10B66000E37866F30413E370E378DA0607D5294636
:10B67000204605F056F9E37823F01003E37045B156
:10B68000022D02D123785B0703D52946204602F01C
:10B6900076FA0023C4F8B430064B5A681460B43408
:10B6A0005C6003B0F0BD00BFA83000201C2F00205C
:10B6B000702E0020142F002038B5044605F0B2FA91
:10B6C000A468A07928B9FEF7F3FEBDE8384003F07E
:10B6D0005FBA03F05DFA237813F002051BD103F083
:10B6E0000C030C2B09D194F83D10002908BF13213D
:10B6F0002046BDE83840FFF757BF284804F19C01B9
:10B70000F4F734FC2378DB0748BFC4F884502046A4
:10B71000FFF776FC08B11621EAE7237884F83400B5
:10B7200060F300032370204601F010FA1C4BC4F8AC
:10B73000DC30204604F0CAFCC8B9A379012B0BBF4A
:10B74000B4F86800B4F86C0041F64C5342F2107340
:10B750000BBF584358433E25082505F0B3FD636FE2
:10B76000D4F88C209B1A834207D32946C0E7204691
:10B77000FFF746FC0028DCD0CDE7204602F078F940
:10B78000E37803F01803182B07D10021204605F0B9
:10B79000C8F8E37823F01003E37038BD702E002062
:10B7A00039AE010038B505460C4649B9064807F0E0
:10B7B0005DF8224629460548BDE8384007F098BAAA
:10B7C00003480021F3E700BF87A8010095A9010005
:10B7D00081A8010010B5084C0020FEF769FE23681F
:10B7E0004BB11A7822F001021A7020689C30FEF7E3
:10B7F0006BFE0023236010BDA83000202DE9F0412E
:10B80000414F88B03C684FF0FF330D461646079312
:10B81000002C5BD013881B0673D594F90130002BE4
:10B820006FDA07AB03930DF11303029306AB019399
:10B830000DF11203009305AB03F01EF8002860D150
:10B8400094F90920002A44DB362000FB02F32F493B
:10B85000CB5C0233DBB200FB021184F8923006228B
:10B86000243104F193008DF8123010F011FA05988C
:10B8700003F046FC94F90900A91C05F071FC9DF841
:10B8800013100698FEF73DFC20B1069994F90900C3
:10B8900005F07CFC4FF000084046C7F8008002F03D
:10B8A0008FFFB378242B25D8A37843F01003A3701F
:10B8B000636D83EA1343A38541462046FFF762FB8D
:10B8C00084F82F0000212046FFF7B2FC08B0BDE845
:10B8D000F081DDF8148003F01FFC0028DAD09DF819
:10B8E000123084F892300622414604F1930010F0A1
:10B8F000CFF9CFE729782046C1F34011FFF716FDB5
:10B90000E0E703F045F9E1E7AC300020AC3300207C
:10B91000054A0346106830B1012B03D9083B584251
:10B920005841704701207047AC3000202DE9F04F9E
:10B9300000238DB0CDE90933B04B04901C684FF063
:10B94000FF3517460B951CB90020FEF7B1FD35E019
:10B95000049B1D785B780593A9B10BAB03930DF1A4
:10B96000230302930AAB019305F00F050DF12203A7
:10B970000093049909AB284602F07EFF804610B977
:10B980007DB3012D1ED04FF0FF3505980230FEF734
:10B9900091FB0646002840F0A78194F90130002B66
:10B9A00009DA2368204623F0806323F4004340F83B
:10B9B000CC3B04F08FFE07F069F9002528460DB056
:10B9C000BDE8F08F9DF823100A98FEF79AFB10F05F
:10B9D000FF0607D19DF823100A98FEF72DFC0028DA
:10B9E000D1D00026DDF824909DF822B003F094FB1E
:10B9F0009DF8221082460998FEF783FB002860D04C
:10BA000005F020FC00285CD006F0A2FC051E2EDB11
:10BA10003B88DFF8EC810A9843F480633B8036234F
:10BA20006B4308EB03026572517818F803B003F119
:10BA300024093143C14406D110B19378002BA2D11F
:10BA40004FF001084FE00028FAD0002EF8D0191D61
:10BA50004144069305F0C7FB002894D0069B0A9842
:10BA600003F12A010622414410F012F9E8E7BAF185
:10BA7000000F88D10A9B0BB1002E84D15F4B9DF83B
:10BA80002290D3F80080DDF824A0B8F1000F3FF435
:10BA90007AAF98F89230022B00F0D88040F29E8066
:10BAA000032B7FF470AF002DFFF66DAF4FF0360A19
:10BAB000534B0AFB05FA13F80A20012A7FF463AFFF
:10BAC000D1E00A9B002B76D0002E59D19DF8221090
:10BAD000099805F0C5F90546002856D1002E7FF4D7
:10BAE00052AF4FF0FF35BAF1000FC7D0424659466A
:10BAF000484603F097FB00283FF445AF3B88059A82
:10BB000043F040033B803946204604F091FB002877
:10BB10007FF439AF03F0FCFABA789DF82210DDF813
:10BB200024909DF823B00A9B242A80468CBF2527A9
:10BB3000052709B147F0800708F1010A002B00F042
:10BB4000968006221946504610F0A2F8BBF1000F6D
:10BB500001D047F040070622494608F1070010F0DF
:10BB600097F888F8007000212046FFF71BFE054675
:10BB7000002800F0AE8004F1CC0004F0ABFD04E737
:10BB800005F060FB0028A1D1FDE636B94378002B13
:10BB9000A7D18378002BA4D0F5E6011D0A9805F003
:10BBA00022FB00283FF4EFAE0A98062205F12A0195
:10BBB00010F06EF895E79DF822100998FEF7A1FAAB
:10BBC00000288ED19DF82210099805F049F9002827
:10BBD00087D04378002B84D1C378DBE749465046B1
:10BBE000FEF79AFA70B9002D98F892201BDA914569
:10BBF0007FF4C9AEBAF1000F1ED1C4E6AC3000200C
:10BC0000AC33002005F01EFB0028ECD0494650461E
:10BC100005F026F90028E6D04378002BE3D1C3785D
:10BC2000002BE0D0AFE6362335496B43C85C904229
:10BC3000DDD1243303EB010A062208F193015046BB
:10BC40000FF09EF800287FF49EAE57E7002DFFF618
:10BC50009AAE4FF0360A2A4B0AFB05FA13F80A206F
:10BC6000002A7FF490AE0AF1240A9A44E4E7254BB7
:10BC7000D3F800B09BF89130DA074CBF224A234A30
:10BC8000069248BF47F04007012B19D94846079153
:10BC9000FEF737FA079970B1002D11DB18483623EB
:10BCA00003FB050083785BB15246012147F0400752
:10BCB00005F040FA4FE7484605F0D2F80028F1D1E8
:10BCC0000699062250460FF0E3FF01238BF89030CF
:10BCD00041E70A9B1BB116B9012384F890306378C1
:10BCE00043F08003637050E60146049806F06AFC56
:10BCF0003046FEF7E5FA002D3FF460AE24E600BFC3
:10BD0000AC330020AC300020502E0020562E0020F6
:10BD1000F8B504460D46FEF72DFE0B4B1B68A342FB
:10BD200006460ED1FEF786FD01273046FEF72AFEB5
:10BD30000FB102F02DFF29462046BDE8F840FFF77D
:10BD400033BC0027F1E700BFA830002038B5144D00
:10BD50002C680CB9012038BD636D8B420BD00020DC
:10BD6000FEF7A6FB04F19C00FEF7AEFB00232B6060
:10BD70004FF0FF30EFE7A388C3702378022243F02F
:10BD80000103A2719A062370E4D523F020032370E7
:10BD90008368C4F880306367C36884F87830D9E773
:10BDA000A83000202DE9F8430546C878FFF7D2F8FF
:10BDB0000F460446E8B1FEF739FE2B681E7893F86B
:10BDC000018016F0030914D0B8F1000F02D1B9F1C7
:10BDD000010F0ED194F80031052B0FD9E379012B17
:10BDE0000ED1284600F061FD98BB3D212046FFF7AB
:10BDF0008FFF2846BDE8F84305F011BB022B28D978
:10BE0000E379022BEDD097F904302372E379022B0A
:10BE100005D1720742BF237843F01003237094F8D2
:10BE2000353006F00806B342E3D0B9F1010F84F8CB
:10BE3000356002D1B8F1000FDBD03B889B06D4D42B
:10BE4000B9F1030F13D129462046BDE8F84300F0AD
:10BE5000D1BE94F80031022BD5D1A3781907D2D5E1
:10BE6000B8F1000FCFD02046FFF77EFACBE70221D2
:10BE7000284605F06EFC2E68A188304641EA09315B
:10BE800006F0F9F8B01C414606F0F5F82846BDE882
:10BE9000F843FDF7FDBF00002DE9F04F0D88984BEA
:10BEA00090F800801C6890F8019015F0800585B02E
:10BEB00007460E4604D009F10200FEF7FBF80546DE
:10BEC000F4B1B368D6F80CB0019301214846FEF7EF
:10BED00043FB0BEB0003029333881A0613D494F848
:10BEE00034300133DBB2012B84F8343008D8E379E5
:10BEF000012B40F0E580637813F0400F40F0E780BD
:10BF00004FF0FF3684E00026029884F8346005F094
:10BF1000D9F9019B18F0030B1844C4F88C00EFD03A
:10BF2000BBF1030F84F8368006BFBB780093009600
:10BF300094F833301DB118F0080F18D0CBB96278DF
:10BF400094F8323012F0200208F0040002D1D4F844
:10BF5000A81029B310B31BBB83F0010384F832305F
:10BF6000002A38D0637823F02003637018E0002B98
:10BF7000E5D183F0010384F83330A3789B07DED545
:10BF80003B7803F00303012B02D17B78002BD6D042
:10BF9000D4F808310133C4F80831D0E7002BDBD1E5
:10BFA000BBF1030F0CD1009B022B09D1B9F1020F99
:10BFB00006D1237843F004032370FB7884F83D30E6
:10BFC000E379012B7CD1637808F0100803F040037B
:10BFD00053EA080392E7D4F8A8A0BAF1000FDFD023
:10BFE00094F8012122B1D4F804210132C4F80421CB
:10BFF0009AF81B2002F00302032A19D10022C4F888
:10C00000A8202146504601F016F906460028C7D060
:10C010003DB13846294606F0D5FA2846FEF750F9D4
:10C0200016B12046FEF712FC304605B0BDE8F08F91
:10C030009AF819209AF81A10BAF810600A44D2B285
:10C04000B2428AF8192014D361B1B4F84C200132FD
:10C0500092B2022AA4F84C2004D92A49A1F1500036
:10C06000F3F74AFF504605F0DAF90023C4F8A83088
:10C0700096E7208B03920121FEF772FA039AB61A13
:10C08000A27BF6B2964228BF1646864228BF0646D5
:10C090008AF81A6084E702F1100026E00121FEF719
:10C0A0005BFA668B029B06F596761E44019B8146E1
:10C0B000A8EB030005F00CF94E44B0427FF620AF28
:10C0C0002046FEF7E1FC0646002DA2D1A8E7204657
:10C0D000FEF71AFCD4F8A8208046002ADBD1D4F859
:10C0E000AC000028DAD0A0F110020388527EA07BB9
:10C0F0009B1ADBB298424FF0010128BF1846CEE7E9
:10C10000A8300020C02E0020F8B5032A4FF000040C
:10C1100004BFCB800B820C83CA760D4690F80011C9
:10C120000229064617D902F00302032A13D12B680D
:10C130001B78112B0FD81648012404FA03F202428F
:10C1400009D112F0180418D10B2B04D1F479012C69
:10C1500014BF0024012405F11007FEF70BFC74B195
:10C16000D6F8AC306B6113B91435C6F8B050C6F8C8
:10C17000AC70BDE8F840FEF705BC0629E8E745F8D5
:10C18000144FD6F8B0301F60C6F8B050F1E700BFCA
:10C190006420020010B50446C1F30B00FEF7DAFE7E
:10C1A00058B111F4405FD3B2214618BF0122BDE857
:10C1B000104008BF0222FFF7A7BF2046BDE810408D
:10C1C00005F02DB970B50D4C0646052220460D46EA
:10C1D0000EF0D6FD40B120460522294666710FF0CB
:10C1E00057FD074B1C6804B970BDE179012902D1E4
:10C1F000204600F07CFCD4F8B440F4E7B0300020D6
:10C200001C2F00202DE9F84F634E346805468946FF
:10C210001746984600F1020B002C40F09C80FEF778
:10C22000A5FE0446002800F0A58005F10E0005F0EB
:10C230003FFF6065B5F81320AB7C43EA0223A3659A
:10C240006B7D84F83A3005F1160005F02FFFA4F855
:10C25000720005F1180005F029FFA4F8680005F147
:10C260001A0005F023FFA4F86A0005F11C0005F090
:10C270001DFF04F1200AA4F86C00052205F11E013F
:10C2800050460FF005FD95F82330B4F8722003F006
:10C290001F0384F82E3095F823305B0984F8393079
:10C2A000B4F868309A424DD89A1F92B240F67A415B
:10C2B0008A4247D894F83A10002943D0B4F86A204B
:10C2C000B2F5FA7F3ED2B4F86C0042F2107C0CFB5F
:10C2D00000F002FB033240F6C41C0CFB02F2904259
:10C2E00030D9013B082BA8BF082399422AD806223F
:10C2F000594604F193000FF0CBFC84F8929050461D
:10C3000002F067F8012884F831001BD90223E37199
:10C310002046FFF799F8B8F1000F33D12978C1F31F
:10C3200040112046FFF702F81C4BC4F8DC303946B8
:10C330002046FEF77DFFF0B93368D4F8B420A3425D
:10C3400022D132600023C4F8B430154B5A6814600F
:10C35000B4345C600EE00622594604F193000EF0FE
:10C360000FFD60B92A7894F89230520603F0010369
:10C3700003D523B10020BDE8F88F002BFAD0D4F804
:10C38000B44049E70121CCE71946D3F8B430A342C1
:10C39000FAD1C1F8B420D5E71C2F002039AE010036
:10C3A000142F002070B5264B186818B100211960B1
:10C3B000FFF7FAF8234C206818B1FDF78FFD002332
:10C3C0002360214B214C00221A60206818B1002103
:10C3D000FFF7EAF8F9E706F017FDFB2828BFFB2076
:10C3E000C5B22E1D1A4CF6B201213046E571FEF79A
:10C3F000B3F80121A0823046A571FEF7ADF8012106
:10C40000608230462572FEF7A7F80121A0813046F0
:10C41000FEF7A2F80321E0813046FEF79DF81B23CA
:10C4200063724FF4A4732082638104222523FF21C9
:10C43000204663710EF0CEFC1F23237170BD00BF38
:10C44000A8300020C8300020AC3000201C2F002075
:10C45000B030002070B50F4C0F4D104B0026314608
:10C4600020464FF4C4721E60C5E900650EF0B2FCB0
:10C470000123A3806B68C4F8B4601C6004F1B403AA
:10C480006B60032384F8CC30C4F8D840BDE870401A
:10C49000FFF788BF202F0020142F00201C2F002022
:10C4A000012808D003280AD1112A08D80548D0400D
:10C4B00000F001007047B1FA81F040097047002098
:10C4C000704700BF7C2C020080682221FFF720BC4F
:10C4D0002DE9F84305460C4601F1020901F1040873
:10C4E0008F1D1646002A3DD01188204605F0C3FD59
:10C4F0007188484605F0BFFDB188404605F0BBFD98
:10C50000F188384605F0B7FD00232372B5F84A10CC
:10C5100004F1090005F0AFFD04F10B004FF6FF71C7
:10C5200005F0A9FD04F10D004FF6FF7105F0A3FD24
:10C5300004F10F004FF6FF7105F09DFD04F11100AD
:10C540004FF6FF7105F097FD04F113004FF6FF71F0
:10C5500005F091FD04F115004FF6FF71BDE8F843B9
:10C5600005F089BDB0F85211204605F084FDB5F8FC
:10C570005411484605F07FFDB5F85611404605F0C8
:10C580007AFDB5F85811BCE7F8B5B0F84A70B0F8C4
:10C590006A301F44073704460E46BFB2002A5BD0FC
:10C5A00091894FF6FF73994254D05388B0F86800D0
:10C5B000558940F2E24C0CFB03F30CFB00F00CFB42
:10C5C00001F1A5EB070C1CF4004F3AD100FB0C1154
:10C5D000B1FBF3F003FB101340F2E241B3FBF1F3C4
:10C5E0009BB2A4F860315388A4F86231D388A4F8D0
:10C5F00066319388A4F864310123304684F85E31B3
:10C60000A4F8687100F8013BB4F8601105F033FD3F
:10C61000B4F86211F01C05F02EFDB4F86411701D21
:10C6200005F029FDB4F86611F01D05F024FD39462A
:10C6300006F1090005F01FFD637843F00103637004
:10C64000F8BD7D1B45436D1AB5FBF3F103FB115596
:10C650005B1BC1E70023C4E7B0F85431A0F8623196
:10C66000B0F85831A0F86631B0F85631A0F864310E
:10C67000A0F8602190F83A30BFE738B50C4605467F
:10C68000C17A601C05F0F7FC698AE01C05F0F3FC38
:10C69000A97A601D05F0EFFC298AE01DBDE838404D
:10C6A00005F0E9BC10B511F8013B80F83F300446B5
:10C6B000072240300FF0ECFAE3781A075EBF23F050
:10C6C000280343F02803E37010BD00002DE9F84370
:10C6D000044689461B20102104F08BFE00250746E6
:10C6E000E0B1066806F10108B9F1080F0CD8DFE8DF
:10C6F00009F0051864344152578D5E00002241460E
:10C700002046FFF741FF0025424B35705B5D01334A
:10C71000DBB2032239462046FFF7F6FC3846BDE877
:10C72000F8833D49052240460FF0B2FA0522414602
:10C7300004F125000FF0ACFAB4F86A30B4F84A10EE
:10C740001944073189B26185B01D05F094FC637806
:10C7500043F0100363700125D6E7E379012B14BF82
:10C760000E250825FDF7BCFE02460B46404605F0A7
:10C770008EFCC9E7637843F0040363700923737088
:10C780004FF6FF71B01C05F076FC0021301D05F05E
:10C7900072FC0C25B8E794F83C3073700225B3E7BF
:10C7A000002241462046FFF793FE0F25ACE73146B5
:10C7B0002046FFF762FF1425A6E794F80031022B0C
:10C7C00026D0D4E94423404605F061FC04F59C756D
:10C7D000B4F8021106F1090005F04DFC08212846C5
:10C7E000FDF79EFF0822294606F10B0004F58C7523
:10C7F00005F078FC04212846FDF792FF2946042223
:10C8000006F113000FF044FA03257DE712257BE7BC
:10C810000A2579E7DC1D0300B03000202DE9F04146
:10C82000044608460D4605F041FC0746A81C05F0E5
:10C830003DFC8046281D05F039FC0646A81D05F084
:10C8400035FC1A2F12D9B8F5A47F0FD31A2E0DD9A3
:10C85000B0F5A47F0AD3A082A4F81680204667739F
:10C860002673FEF76BFE0020BDE8F0810120FBE798
:10C8700010B500F1B8040649064A03462046F3F70E
:10C880004BFC20464FF42041BDE81040F3F76CBC50
:10C89000702E0020C9C4010010B500F59074204628
:10C8A00005F0AAFC0028FAD110BD03681878597861
:10C8B00000F0030003280CBF9A780022FFF7F0BDB8
:10C8C0000346C07A997A00F0030003280ABF53F8A0
:10C8D000103C00221A78FFF7E3BDC37E03F0030388
:10C8E000032B05D103681878831F584258417047BD
:10C8F0000020704710B5102104461B2004F079FD7C
:10C900000146A0B1036805221A70204601230322C4
:10C91000FFF7FAFB94F83B30FF2B01D0002010BD4D
:10C92000022384F83B302046FFF7A2FFF6E74FF0E2
:10C93000FF30F4E708B5C379022B01F1010103D1FF
:10C94000FFF7C6FD102008BDFFF71EFE0020FAE726
:10C95000F8B5044608460D4617461E4605F0A6FBE8
:10C96000A4F86A01A81C05F0A1FBA4F86C01281D1D
:10C9700005F09CFBA4F86E01A81D05F097FBA4F838
:10C9800070012B7A84F8723105F1090005F08EFBF5
:10C99000A4F8740105F10B0005F088FBA4F87601FA
:10C9A00005F10D0005F082FBA4F8780105F10F00F8
:10C9B00005F07CFBA4F87A0105F1110005F076FB87
:10C9C000A4F87C0105F1130005F070FBA4F87E01CA
:10C9D00005F1150005F06AFBB4F87031A4F8800188
:10C9E000B4F86E21B4F86C11B4F86A0100F06CFF71
:10C9F000002853D10F2E04F5B57515D1B4F8683061
:10CA0000B4F86A219A420FD8B4F86C219A420BD339
:10CA1000B4F86C20B4F870319A4205D1B4F86A20A9
:10CA2000B4F86E319A4233D0E379022B01D0102E44
:10CA30001ED1B4F85031DBB1B4F86A31B4F85211F8
:10CA40008B4215D3B4F85421934211D8B4F86C3109
:10CA500099420DD89A420BD3B4F86E21B4F85631EE
:10CA60009A4205D1B4F87021B4F858319A420FD0E7
:10CA7000062000F095FEB0B12046294603F0AEFE38
:10CA8000237884F8386043F040032370FF20F8BD1A
:10CA90002A4639462046FFF74DFFF8E71E237E70F1
:10CAA000BB701120F3E71A23F9E700F00300032815
:10CAB00003D18B1E5842584170470020704770B513
:10CAC00005210446FFF702FE80B12378B4F86C60BC
:10CAD00043F08003237042F210735E4304F0EEFBD8
:10CAE0000546304604F0EEFB0544256670BD38B5BA
:10CAF00090F83B30FF2B04460D4609D1FFF7E6FDC9
:10CB000030B1012D84F83B5002D02046FFF7B0FE33
:10CB1000B4F848200123AB401343A4F8483038BD93
:10CB200090F83F309B0610D5837A1B2B0AD8C37A26
:10CB30001B2B07D8038AB3F5A47F03D8438AB3F528
:10CB4000A47F02D90821FFF7D2BF704710B590F833
:10CB50003C10044639B190F90030002B28DBBDE8C9
:10CB60001040FFF7ACBF90F83B30FF2B20D1B0F85E
:10CB70004830EBB1B4F848300B41DA0715D5042939
:10CB80000ED163781B070BD50021204603F0EDFE84
:10CB9000B4F8483023F01003A4F848300521E9E741
:10CBA0002046BDE81040FFF7A2BF01310C29E1D1BA
:10CBB00010BD73B590F83B308B4204460D460BD147
:10CBC0004FF0FF3600960023D0F8B8001A46032134
:10CBD00009F0BEFC84F83B60B4F848300122AA405A
:10CBE00023EA02032046A4F8483002B0BDE87040B2
:10CBF000FFF7ACBF2DE9F74F0F68DFF8F0B57B7892
:10CC000097F80290013BB9F1220F04468A46DBB245
:10CC100000F2E5821BF809209A4240F0E082A9F177
:10CC20000303192B55D8DFE803F02254225454543F
:10CC300054225454542624245420540D541D545426
:10CC40001A5454282025FDF74BFC284041D1B9F156
:10CC5000030F15D000254FF00008072621E04FF400
:10CC60008035F0E74FF41065EDE71025EBE701257F
:10CC7000E9E70225E7E70825E5E74FF00075E2E779
:10CC800094F83F5015F004054FF01A0306D087F8CA
:10CC900001900025BB70A846112602E07B70A846D3
:10CCA0000D261BF806303E70072E03F1010308BF66
:10CCB00087F80190DBB2032251462046FFF724FAA1
:10CCC000B8F1000F00F0AF8002212046FFF7FEFC14
:10CCD000A9E07E1C07F10308B9F1150F52D8DFE86F
:10CCE00019F01600530051006801A501C301D301DA
:10CCF000AF0000011F01F501010231014C02650185
:10CD000012023B024C027A020D026F008A00E379A4
:10CD1000012B9FD0FB7884F85E31381D05F0C6F9F1
:10CD2000A4F86001B81D05F0C1F9A4F8620107F18B
:10CD3000080005F0BBF9A4F8640107F10A0005F04A
:10CD4000B5F9A4F8660107F10C0005F0AFF9B4F8E5
:10CD50004A30A4F86801C31A9BB247F6FE729342A8
:10CD600004D928212046FEF7D3FF0BE0627842F079
:10CD70000102627033B90130A4F8603184F85E3189
:10CD8000A4F8680100254BE0E379012B3FF462AF82
:10CD900007F1080005F08AF9B4F84A30C31A9BB2CB
:10CDA00047F6FE729342DCD860850522414604F1C5
:10CDB00025000EF06DFF637843F010036370E1E728
:10CDC00041462046FFF72AFD8046002840F00782B2
:10CDD00094F83B30082B07D0B4F84830DE0544BF48
:10CDE00023F48073A4F8483039462046FFF745FC09
:10CDF0000025152655E794F83B30082BC2D1414653
:10CE00002046FFF70BFD082100280546204616BFE7
:10CE10000726FF264FF0FF35FFF7CBFEFF2E7CD114
:10CE2000504604F0FCFAE3789A0605D523F0200377
:10CE3000E3702046FFF774FE284603B0BDE8F08F8C
:10CE4000FD7895B10E3DEBB2062B39D8062D37D8BB
:10CE5000DFE805F01A222C362E36040094F83F3015
:10CE600023F0200384F83F30082594F83B30AB4290
:10CE700088D129462046FFF79CFE062D22D11A2193
:10CE8000204603F0D0FC7DE794F83F3023F0080300
:10CE900084F83F300325E8E794F83F3023F002039D
:10CEA00084F83F30E379012B00F085810625DCE72B
:10CEB00094F83F3023F0100384F83F304D46D4E718
:10CEC0000C25D2E7032D7FF45DAFE378DD0603D5B3
:10CED0001A21204603F025FDE37823F01003E370C8
:10CEE00050E7E379022B40F0FB80FDF7F9FA0546A5
:10CEF000019120464146FFF7D5FB94F83F20019B66
:10CF00002A4084F83F2030462A4605F0C0F894F8BD
:10CF10003F307B700926F6B200254FF00008C0E6CE
:10CF200020464146FFF7BEFBB4F84830180703D54A
:10CF300003212046FFF73DFEE378D9067FF522AFB7
:10CF40000021C6E7FB7884F83E303D1D284605F0F9
:10CF5000ADF8A4F84E00B81D05F0A8F86378A4F861
:10CF6000500043F0080313F0040663701CD143F033
:10CF70000403637009237B704FF6FF71B81C05F042
:10CF80007AF83146284605F076F84E46B4F848302F
:10CF9000DA0607D50021204603F0E7FC04212046ED
:10CFA000FFF707FE002539E7FF26EFE7E379012BBE
:10CFB00099E7E379022B7FF44DAE03230025A4F813
:10CFC00000314046C4E9415505F074F8C4E9440114
:10CFD00007F10B0005F06AF80822A4F8020107F136
:10CFE0000D0104F59C7005F07DF804F59878042295
:10CFF00007F1150104F58C700EF04AFE0821404639
:10D00000FDF78EFB08224146304604F58E7605F08A
:10D0100069F804213046FDF783FB3146042207F10D
:10D0200009000EF035FEA84604263AE694F83B3097
:10D03000022B7FF4A7AE0023C4E9413384F8013109
:10D040000822414604F5987005F04CF8042207F1D7
:10D050000B0104F58E700EF01BFE2046FFF71CFC42
:10D06000072384F800318DE6E379012B7FF4F2ADDC
:10D0700094F80031072B7FF485AE0823002584F84F
:10D080000031A84606260CE694F80031082B7FF400
:10D0900079AEE379012B10D102212046FFF789FDFB
:10D0A000022384F800312046FEF75EF9FF260021B6
:10D0B000204603F0DAFBF6B274E794F83B1002293D
:10D0C00002D12046FFF775FD0626F0E7E379022B33
:10D0D00006D194F80031022B0CBF0B2607261AE765
:10D0E000072618E794F80780B8F1010F7AD094F872
:10D0F0000031052B7FF4AEAD0623B2E707212046B1
:10D10000FFF757FD3EE623785B063FF53BAEB4F8EC
:10D110004820E379560609D5022B11D10621204675
:10D12000FFF747FD2321204603F07DFBE379012B28
:10D130000AD16378DD0607D50F237B702A23A8E583
:10D140000F237B702323A4E50F233A464146204654
:10D15000FFF7FEFBC6B225E7E379022B3FF47AAD79
:10D160002378580644BF23F040032370B4F84830B6
:10D1700059067FF507AE1023E7E794F83B10B9F1A5
:10D180000D0F0CBFFD783D7906290DD00829B6D0CA
:10D1900002297FF4F7AD2046FFF70BFD2946204614
:10D1A00003F063FB01235CE7B9F1110F7FF4EAADF3
:10D1B000E379012B0AD10025314600222046FFF7F2
:10D1C000E3F9A84684F837502E466AE52046FFF773
:10D1D000F0FC294654E60025A846132661E54FF0E9
:10D1E000FF3538E54E4600255BE500BFDC1D03003A
:10D1F00070B504460E461B201021154604F0F9F8C0
:10D200000146B0B1032E03680DD194F83F205207B8
:10D2100009D40D221A705D70022320460322FEF706
:10D2200073FF002070BD11221A705E709D70032381
:10D23000F3E70120F6E738B504460846226813787C
:10D24000023B0F2B2BD8DFE803F0082C2E2A362ABE
:10D250002A2A2C412A272A2A2A13037843F0020378
:10D2600003704FF0FF35204604F0D9F8284638BD4A
:10D2700090F83B30062B0BD153780F2B08D19378C5
:10D28000232B1FBF80F83730437843F002034370ED
:10D2900090F80031022B02D9012380F800310025DB
:10D2A000E1E70423F9E7092380F80031837843F0AC
:10D2B00001038370F3E7C379022BF0D180F80031CA
:10D2C00083781B07EBD5FEF74FF8E8E7C379022B0D
:10D2D000E5D10523E1E700207047FCF7C5BD00005C
:10D2E000F0B585688FB000222E46019236F8067B95
:10D2F0008DF80320C7F38522013AC7F30903072AF3
:10D300000CD8DFE802F0040B1855A60B0BB1062B66
:10D31000A97805F1030003D01D2B09D001247EE17B
:10D32000032940F0208200F047FE00F5807410E0F1
:10D3300000F06CFEF9E7632BA9782ED015D8012BED
:10D340001FD0032BEAD1002940F01082FDF7CEF860
:10D350000446FF2C40F363810F232B7004236B7072
:10D360000123AC70EB70AF8064E17B2B05F103000F
:10D3700018D07C2BD2D10DF10303324600F05AFFB6
:10D38000E6E7082940F0F281AF4BD5F80310D5F855
:10D390000720C3E90012002441E1082940F0E6819A
:10D3A000AA4BF2E70DF10303324600F026FFCFE768
:10D3B000013BA978082BB1D801A252F823F000BF95
:10D3C000E5D3010005D4010025D401001DD30100DF
:10D3D0001DD301001DD301001DD301001DD3010089
:10D3E0003FD40100002940F0C1810923AB716B7269
:10D3F0004FF0FF33E9712972AB72EB7229736973D5
:10D4000008230CE0002940F0B181402230460DF0A5
:10D41000E1FC8F492D2230460EF03AFC40238DF876
:10D420000330B8E7002940F0A1816023A971717031
:10D43000B170F17033717171B171F171E0E7002970
:10D4400040F094818349062230460EF021FC0623E9
:10D45000E5E7052BA9787FF461AF0DF103033246B0
:10D46000E81C00F0F2FD73E7013BA978E81C4D2BA6
:10D4700071D8DFE813F04E005600600070006900BC
:10D48000730076007F008200850088008B008E008C
:10D4900091009800A100A700AA00AD00B000B30061
:10D4A000B900BC00F500FD00000106010C01700090
:10D4B00070007000110117017000700070007000A2
:10D4C00070001D01200123012801300136013C01BB
:10D4D0003F017000700070007000700070007000FC
:10D4E00070007000700070007000700070007000BC
:10D4F00070007000700070007000700070007000AC
:10D500007000700070007000700042014D01550104
:10D510007501082940F02A814F4BD5F80310426865
:10D5200037E7002940F022814C4B5A89EA805B7A28
:10D530002B72032373E7002940F01881FCF7D0FF1A
:10D54000C5F8060071605BE70022FCF74DFE01287C
:10D5500004467FF4FEAE40F20114FDE602F0DEF96F
:10D56000F5E7002940F002810DF10301304602F099
:10D570003FFAECE702F021FBE9E702F0E3FAE6E725
:10D5800002F03CFAE3E701F0D3FCE0E701F012FD22
:10D59000DDE700F00FFBC8E6002940F0E78001A8B6
:10D5A00000F0DCFCD3E7002940F0E0800DF103013E
:10D5B000304601F031FECAE7002940F0D78001F083
:10D5C00019FEC4E701F030FEC1E701F057FEBEE7E7
:10D5D00000F0BEFBA9E600F073FDB8E70DF1030310
:10D5E000324600F04AFDB2E700F088FB9DE60146B6
:10D5F000102202A804F076FD102205F1130106A8FE
:10D6000004F070FD02A804F0F7FD0446D0B9102222
:10D610000AA9304604F066FD10238DF803300E236E
:10D620002B709DF80330A5F8037004336B70012351
:10D63000AB706C712846FFF750FE019B03B1984711
:10D640000FB0F0BD3A24EAE7D8300020D0300020F7
:10D65000101E0300562E0020E0300020602E002017
:10D66000002940F0838008213046FDF759F8C7E6CD
:10D6700000F038FD59E60DF10303324600F060FD7D
:10D6800065E70DF10303324600F08BFD5FE70029EB
:10D690006CD1FCF71FFF53E70DF10303324600F096
:10D6A000BBFB54E70DF10303324600F029FC4EE7C3
:10D6B00003F0FAFB4BE703F07BFC48E7002955D168
:10D6C00003F0B2FB43E7002950D10DF103013046CE
:10D6D00003F0BCFB3BE70DF10303324603F0B4FC5F
:10D6E00035E70DF10303324603F0C9FC2FE703F0E1
:10D6F00097FC2CE703F0DEFC29E76FF07E0005F0D5
:10D70000BBF8A8717E2005F0B7F80223E87186E621
:10D71000174B1B882B81174B1B88EB8004237EE65D
:10D72000042923D1B5F90330194603F5A0639BB250
:10D73000B3F5206F1AD8B5F905301A4618B203F5BB
:10D74000A0639BB2B3F5206F10D80A4B1980084B29
:10D750001A800A2390FBF3F040B205F0BDF81AE6F8
:10D7600003F0C6FCF3E64FF48974F5E5122456E79E
:10D77000CE300020CC30002008B50220FCF792FB10
:10D7800060B10E22027003224270012282700022D8
:10D79000C2700271BDE80840FFF79FBD08BD0000E0
:10D7A0000E4B5A6802F00053920015D5411E01231A
:10D7B000A0F12102C0F1210023FA00F003FA02F2E5
:10D7C0008B4007490243D1E9000103400A4013435B
:10D7D00014BF01200020704718467047D830002041
:10D7E000E03000203F284FF0010315D9A0F140019F
:10D7F000A0F16002C0F1600003FA02F223FA00F027
:10D800008B400C490243D1E9000103400A40134315
:10D8100014BF012000207047411EA0F12102C0F179
:10D82000210003FA02F223FA00F002438B4002497E
:10D83000E9E700BFD0300020D830002010B50549FE
:10D840000C782CB988600448F2F756FB204610BDCE
:10D850000720FCE7E8300020702E002008B5FCF718
:10D8600041FD002008BD000010B5104C0C22002125
:10D8700020460DF0AFFA0E4A0E4B63601F200021C8
:10D88000C2E900010C4A4FF0FF3041F6FF71C2E9D6
:10D8900000010A4A00200021C2E90001084A0023D1
:10D8A0001380084AA360138010BD00BFE830002039
:10D8B000E0300020E1D20100D8300020D03000203C
:10D8C000CE300020CC300020884210B51BD805286F
:10D8D00019D9B1F5486F16D8B2F5FA7F13D2A3F172
:10D8E0000A0080B240F67644A0420CD842F2107092
:10D8F000584302FB011140F6C4135943884294BFB8
:10D900001220002010BD1220FCE72DE9F041054651
:10D910000A200E4614469846FFF742FF07460028A5
:10D9200061D03E231F22237062700021A01C0DF0E5
:10D9300051FA0A23A370E670002D47D0AB88A3806C
:10D94000EB79013BA37195F89230E371062205F162
:10D95000930104F108000EF09BF9EB79012B3AD109
:10D9600095F8903063B995F89130012B08D901F002
:10D97000C3FB014620B1062204F10E000EF088F927
:10D9800095F89230012B06D895F90930002BA2BFEB
:10D99000E3790233E371E379012B0AD9EB79012BA7
:10D9A0001DD101F0A5FB0146062204F114000EF082
:10D9B0006FF9B5F868306383B5F86A30A383B5F8BA
:10D9C0006C30E38395F8393084F820302046BDE888
:10D9D000F041FFF782BC404602F0A8FAC9E7404692
:10D9E00002F0B7FADFE70120FFF7DAFE60B33E236B
:10D9F0001322237062703946A01C0DF0EBF901234D
:10DA0000A370E670002DE1D0AB88A380EB79013BD9
:10DA1000A37195F89230012B84BF023BDBB2E37116
:10DA2000062205F1930104F108000EF031F9B5F872
:10DA30006830E381B5F86A302382B5F86C306382D0
:10DA400095F839302375C1E72046BDE8F041FCF771
:10DA500045BA000010B5054C002318462268022183
:10DA6000FFF753FF0023236010BD00BFC830002024
:10DA70002DE9F041044620B308F0CAF9334B1B6886
:10DA8000C01AB0F5006F1CD2B4F84C30002B38D05F
:10DA90000220FCF707FAA0B31322027001224270A1
:10DAA0008270A288A0F80320B4F84C20A0F80520CA
:10DAB000002305224270A4F84C30BDE8F041FFF786
:10DAC0000CBC234B00261C683046354637464FF0C9
:10DAD00001083CB998B1FFF700FC08F099F91B4B1D
:10DAE00018600EE0A3796BB3B4F84C3013B9D4F8D6
:10DAF000AC303BB368B90220FCF7D4F918B9002E5A
:10DB0000EBD1BDE8F0811323037080F80180851C00
:10DB100087702B78A28805EB8303A3F80120B4F863
:10DB20004C20A3F803204378043343702B7801334F
:10DB30002B70A4F84C702B78112B03D1FFF7CDFB81
:10DB400001260020D4F8B440C3E700BFF430002021
:10DB50001C2F002010B504465720FFF743FE68B184
:10DB60000220FCF79FF948B157220270022242704E
:10DB7000A2884280BDE81040FFF7AFBB10BD38B5AA
:10DB8000054605200C46FFF72DFE88B10220FCF764
:10DB900089F968B105220270042242700022827065
:10DBA000AA88A0F803204471BDE83840FFF795BB70
:10DBB00038BD000030B589B00D4604461A22002158
:10DBC00001A80DF007F9182D02D8122009B030BDB8
:10DBD000464D2B680BB10C20F8E701F083FA0028C2
:10DBE000F9D12388ADF8043099B26388ADF80630D6
:10DBF0009AB20B1F9BB243F6FC708342E5D8131F09
:10DC00009BB28342E1D89142DFD323798DF808306B
:10DC1000012BDAD853B963798DF80930032BD4D8A6
:10DC20000622A1180DF10A000EF032F8237B8DF8C0
:10DC30001030032BC9D8B4F80D00ADF81200B4F8B9
:10DC40000F10ADF81410B4F81120ADF81620B4F888
:10DC50001330ADF8183092B29BB289B280B2FFF7A0
:10DC600033FE0028B2D1B4F81530ADF81A3099B2AD
:10DC7000B4F81730ADF81C309AB29142A5D81C4CBC
:10DC8000236823B90220FCF70DF950B32060FDF79B
:10DC90006DF9044638B301A9FDF780FB2046FDF776
:10DCA000D3FB04F5C27101A801F0F0F9B8B1114934
:10DCB000D4F8B4200B68A34209D10A600023C4F849
:10DCC000B4300D4B5A681460B4345C607EE719467A
:10DCD000D3F8B430A342FAD1C1F8B420EEE72C60F7
:10DCE00074E7072072E7092070E700BFAC3000201E
:10DCF000C83000201C2F0020142F0020022938B526
:10DD00000C4621D10088FDF725F90546F0B1C3780E
:10DD1000D80601D50C2038BD19070AD4B5F848300B
:10DD20001A0706D4EB79022B09D003212846FEF707
:10DD3000DEFEEB7843F01003EB700020EBE7FCF71E
:10DD4000CFFB0307F1D4E5E71220E4E72046E2E742
:10DD5000F8B507880546B8B2FDF7FCF80446002878
:10DD600050D0B0F8483003F04103002B4CD190F86C
:10DD70003F6016F0020604D1C379022B02D11A25A6
:10DD80003EE0062623785A060BD5E279022A3DD0DA
:10DD900023F0400394F83810237023222046FFF725
:10DDA00027FA6378DB0602D5E379022B30D06B8843
:10DDB000A4F8523198B2AB88A4F8543199B2EB88E8
:10DDC000A4F85631B5F808C0A4F858C19AB21FFAA1
:10DDD0008CF3B5F80AC0A4F85AC1AD89A4F85C5117
:10DDE0001FFA8CFE1FFA85FCE64513D8FFF76CFD81
:10DDF000054628B9A4F8507131462046FEF777FE53
:10DE00002846F8BD0225FBE70C25F9E72325F7E7AF
:10DE10002A25F5E71225F3E70E292DE9F0470546F7
:10DE200090461F4667D1B0F80090FCF759FB820777
:10DE30001FFA89F45BD52046FDF78CF804460028CC
:10DE400057D08388A0F850316888A4F85201A98877
:10DE5000A4F85411EA88A4F856212B89A4F8583163
:10DE6000B5F80AC0A4F85AC1AD89A4F85C519BB2B8
:10DE700092B289B280B21FFA8CF6FFF725FD1FFA25
:10DE800085FA054650BB564588BF122523785B06A8
:10DE90001DD52DBB10211B2003F0ABFA064690B117
:10DEA000D0F800A004F5B57251462046FEF742FDB9
:10DEB000124B8AF800001B5C0133DBB203223146AF
:10DEC0002046FEF721F9237823F040032370022334
:10DED000A8F800903B702846BDE8F0871225D5E7EA
:10DEE00094F838103B222046FFF782F9EBE7012532
:10DEF000EDE70225EBE71225EDE700BFDC1D03008F
:10DF000003292DE9F041054617461E4623D1B0F8F6
:10DF10000080FCF7E5FA82071FFA88F417D520463F
:10DF2000FDF718F80446A0B103785B0608D5AA7877
:10DF300090F83810FFF75CF9237823F04003237042
:10DF400000200223A7F800803370BDE8F081012093
:10DF5000F7E70220F5E71220F7E700002DE9F0418E
:10DF6000124D2B6801332B600746EAF717FD104B63
:10DF7000D3F800800646B8F1000F15D098F8064097
:10DF800094B901201C6000F01BFC02214046FDF703
:10DF90000BFB084B3B602B683046013B2B60EAF7DC
:10DFA00003FD2046BDE8F0810C24F4E7B81A0020F8
:10DFB000AC30002055DA010038B505460088B0F5D0
:10DFC000706F09D2AB781A2B08D8042B04D90E4AEB
:10DFD00022FA03F3DB0705D412200FE0292B01D02E
:10DFE0003B2BF9D1FCF7B6FF48B190F83C4044B95F
:10DFF000AA7880F83C20FEF762FD204638BD02205A
:10E00000FCE70C20FAE700BF20003804022910B515
:10E010000C4614D10088FCF79DFF90B1B0F8482061
:10E02000D40610D44178490704D40421FEF75FFDDB
:10E03000002010BD42F01002A0F84820F8E712209E
:10E04000F7E72046F5E70C20F3E70229F8B50C4680
:10E0500015461F460FD1038813800088FCF77AFF0E
:10E0600030B190F908300020AB7003233B70F8BD4D
:10E070007F232046F8E71220F9E70229F8B50C467D
:10E0800015461E461AD10788B8B2FCF763FF014651
:10E09000A81C39B905220CF09DFE204607232F80CD
:10E0A0003370F8BD4B78DB064FF0050204D52531FF
:10E0B0000DF0EEFD0020F1E72031F9E71220F0E746
:10E0C000052910B5044601D0122010BD00F081F9D9
:10E0D0000128F9D923791F2BF6D82146FEF772F8CB
:10E0E0000020F2E71C2938B5054621D10088FCF74D
:10E0F00031FF0446F0B1C379022B1DD090F83B30BC
:10E10000022B1BD0D5F80220D5F80630C0E94423F5
:10E110006B89A0F80231102205F10C0100F5907016
:10E1200003F0E0FF20460221FEF7E1FC002038BDAD
:10E130001220FCE70220FAE71F20F8E70C20F6E7A0
:10E1400012292DE9F041054617461E4627D1B0F8A1
:10E1500000801FFA88F0FCF7FDFE0446C8B1C379C1
:10E16000012B18D090F80031092B16D11022A91CD0
:10E1700000F5907003F0B6FF2046FEF78DFB2046B9
:10E18000FEF7B8FB00200223A7F800803370BDE83B
:10E19000F0810220F7E71F20F5E70C20F3E71220BB
:10E1A000F5E702292DE9F0410C4617461E4622D11B
:10E1B000B0F800801FFA88F0FCF7CCFE0546A0B14D
:10E1C000C379012B13D090F80031092B11D106220D
:10E1D0000321FFF70DF80A2385F800310020022300
:10E1E000A7F800803370BDE8F0812046F7E71F20D4
:10E1F000F5E70C20F3E71220F5E702292DE9F041BD
:10E200000D4616461F4613D1B0F800801FFA88F05D
:10E21000FCF7A0FE48B1B0F85240002004237480FF
:10E22000A6F800803B70BDE8F08104462846F5E77B
:10E230001220F8E704292DE9F041804616461D46D4
:10E240002CD10788B8B2FCF785FE044610B3B0F8AD
:10E250006A00B8F80230B4F868109AB200FB0111F5
:10E2600040F2E240414342F21070B1FBF0F18A42C9
:10E2700012D3D4F8E800A4F8523008F091FA01283B
:10E2800002D12046FDF770F80020022337802B7062
:10E29000BDE8F0810220F8E71220F6E71220F7E748
:10E2A00010B500230146184641FA03F2C3F10704F2
:10E2B00002F00102A24001330243082B90B2F3D1D5
:10E2C00041FA03F2C3F1170402F00102A240013344
:10E2D0000243102B90B2F3D110BD0000F8B52D4CC5
:10E2E000FCF760FA0546FCF75DFAAAB283B29A42DF
:10E2F0000646F5D046F3C42340F3852058400FF07E
:10E300009BFA0128ECDDA8B240EA064080EA040549
:10E31000202200230121294203D00133DBB2012B4B
:10E3200035D8013A4FEA4101F5D1012BD8D9202641
:10E33000012311461D460FE005EA00076D00284243
:10E3400017D08FB90131C9B20123B5F5807F18D13B
:10E35000022AC5D9072BC3D0013EEDD1B5F1004F3C
:10E36000BED11829BCD8F8BD0133DBB20132D2B21C
:10E37000EBE717B90133DBB2E7E70131C9B201239B
:10E38000F4E7B5F5803FE5D10B29E3D9A8E72026CE
:10E390000022CDE7D6BE898E70B5002301391A461A
:10E3A00011F8016F7EB100250124264206D090426B
:10E3B00002D15819C0B270BD0132D2B20135640029
:10E3C000082DE4B2F1D10833DBB2282BE8D10020CC
:10E3D000F1E730B5411E031D002011F8015F1DB1AA
:10E3E000FF2D04D10830C0B29942F6D130BD0824C7
:10E3F000012215421CBF0130C0B25200013CD2B212
:10E40000F7D1F1E7F8B548400C461F461646FFF72E
:10E4100047FF00EB001014FA80F080B2FFF740FFD6
:10E4200000EB001014FA80F080B2FFF739FF00EB28
:10E43000001014FA80F080B244402523B4FBF3F5B9
:10E4400003FB1545C5F3CC02A8B2BA5C05F007057D
:10E450000123AB401A4207D104FB06F03946000CF9
:10E46000BDE8F840FFF798BFC0B2F8BD401A0028D9
:10E4700010B514460DDD02F02BFF074B33F81430B6
:10E480003C334FF47A72B0FBF2F05843B0FBF2F039
:10E4900010BD0020FCE700BF001E030030B5D0E92E
:10E4A0000342856822448A1A002A036909DAA542D0
:10E4B00012D0CA1A002AA3BF1B19C81AC00F002005
:10E4C00030BD42790132D2B2282A2B4408BF25221E
:10E4D00042710361E218E6E70120F1E7024A13689E
:10E4E00001331360EAF75ABAB81A0020024A1368D7
:10E4F000013B1360EAF758BAB81A002070B50C4611
:10E5000015461731062206460DF0C2FB062204F11D
:10E510001D01B0180DF0BCFBA37D2B700C2070BD4D
:10E520002C30FBF7D1BF0000F8B5174C17496078C5
:10E53000FBF74AFE30B3D4E9195601232370252393
:10E540006B7106B173714FF001136362104B114888
:10E5500000271F70E77003F0EDFA0F4BC3E900735B
:10E5600002F07AFB01462861012002F029FB1EB16E
:10E57000D5E90323134433612969084802F09AFE60
:10E580000020F8BD1220FCE7F0310020502E0020C2
:10E59000EC31002000310020F8300020283200202B
:10E5A00010B5134CB0B163790133DBB20022022BFA
:10E5B000227108D06371FCF7F5F8A38C013B03408E
:10E5C0000133E38410BDA38C6271012BF3D95B0886
:10E5D000A384F0E7237960710133DBB2022B01D011
:10E5E0002371E8E7A38C2071FF2BE4D85B00EFE7F1
:10E5F000F031002010B5184A18490446407904F05B
:10E6000071F90021084604F031F904F019F902F01B
:10E6100019FED0B104F0FAFB02F050FE104B1B784B
:10E620000021184404F016FB08B1062813D1A37882
:10E63000DB070DD500F03EFE2379022BBDE810402C
:10E640000CBF03200220FBF733BF04F0EFFBE3E72E
:10E6500000F031FEF0E710BD55555500D6BE898E4D
:10E66000503300202DE9F0418468D4F86480FFF72E
:10E6700035FF2578074675B904F1380002F01CFE15
:10E680002946284602F09CFA02F0CCFA3846BDE84A
:10E69000F041FFF72BBF236E0BB9E3781BB10123C9
:10E6A00084F85C30F2E702F009FE01464046FFF7CD
:10E6B000F5FED8F810100546012002F081FAD8F8CE
:10E6C000106015B1D8F80C301E44FBF7F7FE013886
:10E6D000052826D8DFE800F01A1D031A251A04F0D1
:10E6E0002FF975B1FCF73EFE606EFFF783FF3846E9
:10E6F000FFF7FCFE314604F13800BDE8F04102F0BE
:10E70000D9BD2846FBF7D4FEFCF72CFE02F08AFAAE
:10E71000EDE704F015F9002DE6D12846FBF7C8FE19
:10E72000F4E7002DE0D1F1E738B51B4C1B4D8022FA
:10E73000002120460CF04EFB1422002128460CF04C
:10E7400049FB0C22002104F12C000CF043FB144B7C
:10E7500042F21070C4E90C3402F0B4FDA86042F239
:10E76000107002F0AFFD012384F86C30E86007F010
:10E770004FFB0C49E060224604F1380002F094FDA2
:10E780000C22002104F150000CF024FB064B6365C1
:10E790000023A36538BD00BFF03100207032002097
:10E7A00065E6010021E50100E5EB0100034BDA78A5
:10E7B0001AB10020D870FFF7F3BE7047F031002087
:10E7C00038B504461A4802F077FD94B1FFF786FE8B
:10E7D0000546FBF773FE022803D0032806D1012C5F
:10E7E00004D104F0ADF80020FBF762FE2846FFF7E5
:10E7F0007DFEFFF773FE0F4BDA7804460020187099
:10E8000083F85C0012B1D870FFF7CAFE2046FFF70C
:10E810006DFEFFF763FE00210446084602F0D0F9C2
:10E8200002F000FA2046BDE83840FFF75FBE00BFA7
:10E8300028320020F031002010B50E4A0346506EF9
:10E840000479012C14D113B1981F44424441D0786B
:10E8500038B10020042BD07005D10B8843F0080399
:10E860000B80204610BD072BF7D0FFF799FEF8E785
:10E870000024F6E7F0310020F0B5C21F012ADDE9DF
:10E88000066514D90A46059F12F8024B0128C4F305
:10E8900080143C701A6003BF01F1080333600B78E9
:10E8A00000230CBFDB09336000202B70F0BD4FF05C
:10E8B000FF30FBE72DE9F04F044689B030B9A94895
:10E8C000FBF702FE002009B0BDE8F08F05682F7845
:10E8D00007F00F030293002900F0B680029A572335
:10E8E000D34013F00103049300F0AE80DFF880B250
:10E8F000DBF864300393012A07F0400305F10208B6
:10E900000593C7F3801640F091800835FF09FF2377
:10E91000E377314640460196FBF709FC8246002822
:10E9200000F0C280012806D103F012FD40B2002899
:10E93000E07780F2AA804FF0000AC1465646B5B192
:10E9400039462846FBF7F3FB002800F0C280012877
:10E950000DD1002E00F0B680311D284602F043FC98
:10E96000002800F0AF80228B42F400522283039BE8
:10E970009A78D50700F1C180228B049B42F04002B7
:10E980002283002B00F0B380039B1A79012A40F008
:10E99000AE80029B6FF041021A41D00700F1A780C0
:10E9A000714A724F1578002D40F0B080704DEA8C9E
:10E9B0002AB1013A92B2EA84002A40F09880059B7D
:10E9C0006A78002B14BF83270327D10740F1B38057
:10E9D000684947F0400793070ED5002E00F0AD8040
:10E9E000B278002A00F0A980012106AA304602F080
:10E9F000A1FB06A947F0400706225F488BF8167076
:10EA00000DF046F9062241465C480DF041F958499F
:10EA10005B48022204F06CF9002868D101238BF8CE
:10EA20000330238B43F4804323834BE7029B042B67
:10EA300028D1038B190707D59BF81630B6EBD31FE7
:10EA400008D00020FFF7ACFD238B6FEA43436FEA49
:10EA5000534315E006220BF11D0140460CF090F9DE
:10EA60000028EED103F074FC40B20028A8BF238B2D
:10EA7000E077A4BF43F480632383238B43F04003F8
:10EA8000238334E000252F4641E736233D4A10FB1F
:10EA900003F000F12409135C019386189144228B42
:10EAA00042F4806222834AE70199404602F0D8F995
:10EAB000064600283FF43FAF42780AB9C278B2B99F
:10EAC000C1463CE7039B9A78920710D50023049334
:10EAD0004DE7039B5A78930702D50EB1B27832B94D
:10EAE00039462846FBF7A8FB00287FF440AF0020FA
:10EAF000FBF7DEFC4FF0FF30E5E601995246484651
:10EB000000F090FB00287FF437AFF0E7062249467B
:10EB100038460CF035F938B937F8042C019B02F06F
:10EB200001022BB1002AE2D1013DEDB20A373AE7EA
:10EB3000002ADCD0F8E714494DE707F069F9EB68E3
:10EB4000C31A002B06460BDB06211048FBF7E8FD35
:10EB50006B7D03F03F036B7502F0E6FA0644EE604E
:10EB60000A4947E740320020EC310020A031002064
:10EB7000F0310020502E0020073200200D320020FE
:10EB8000FDE40100AC330020562E002000320020AE
:10EB900070B5134C237813B3FFF7A0FC94F85C30E6
:10EBA00005465BB1002304F12C0084F85C30FBF7D0
:10EBB0008BFC2846BDE87040FFF798BC02F07EFB56
:10EBC0000646FBF77BFC0028F3D1606E3146FFF769
:10EBD00065FC0028EDD0606EFFF70CFDE9E770BD25
:10EBE000F031002008B5074B1A784AB1DA781AB12B
:10EBF0000020D870FFF7D4FCBDE80840FFF7C8BF7D
:10EC000008BD00BFF031002010B5114CE3781BB1F6
:10EC10000020E070FFF7C4FC236EABB10D48FBF79A
:10EC200053FC03F08DFE02F049FB0146606EFFF7D6
:10EC300035FC18B9BDE81040FBF73ABC636E064AD4
:10EC40000649587903F04EFEBDE8104004F01EB8A6
:10EC5000F03100204032002055555500D6BE898E37
:10EC60002DE9F74F914612880C68019102F0C0031C
:10EC7000C02B054640F0A080160400F19D80A84BF3
:10EC80001B78002B00F09880012813BF002304F1AB
:10EC900008030093009318BF9846277899F9073026
:10ECA00008BF4FEAD718002B4DDA0234C7F380179C
:10ECB00090040AD59A4E707800F00100FBF7D0FA64
:10ECC00096F80180009008F00108954B9B7893B36B
:10ECD000DFF858A2DAF8006007F0010B002E3BD1F4
:10ECE000904802F063FF064658B9DAF804305B68D2
:10ECF0001E68D6E90223002A70D0D360D6E9022329
:10ED00001A601022002130460CF064F830460023CF
:10ED1000F371062200F801BB21460CF0B9FFDAF8C6
:10ED20000020334643F8082F002A5AD0D360CAF88F
:10ED30000060C6F80CA0062D56D8DFE805F0566234
:10ED4000B7555555B50036202424774910FB0344A8
:10ED500043430C44CF5CABE733785B4501D0B668E6
:10ED6000BCE706222146701C0CF00AF80028F6D1F8
:10ED7000012DF37925D103F00203DAF80020964241
:10ED800011D0D6E9021219B3CA60D6E90212116095
:10ED9000DAF80010324642F8081FE1B1CA60CAF83A
:10EDA0000060C6F80CA0002BC5D0B9F800301B07D6
:10EDB00002D50120FFF7F4FB03B0BDE8F04FFFF7E9
:10EDC000E7BE042D0CBF03F0040303F00103D4E7F6
:10EDD000CAF80420D9E7CAF80420E0E7CAF80430EA
:10EDE0008CE7CAF80430A2E70425019B01981B6850
:10EDF0005E780821063E02F0CCFBF6B24FF0020A24
:10EE00000AE000984146FBF77CF90026B04214BFA7
:10EE10004FF00B0A4FF0020AB9F8003099F904B02C
:10EE2000590544BF0237FFB29A0444BF08F10208F3
:10EE30005FFA88F8BAF10B0F3AD15046FEF7B0FCF2
:10EE40000028B2D00120FBF72DF806460028ACD0F0
:10EE50003E2303701223437006220123C370037103
:10EE600080F802A04771214610440CF011FF009970
:10EE700086F80C80062206F10D000CF009FF86F8DA
:10EE800013B03046FEF729FA00288ED1244B9B7828
:10EE9000002B8AD0254B1A68BAF10B0FD37937D1E2
:10EEA00043F00203D37180E702259EE703259CE728
:10EEB0000220FEF775FC00283FF477AF06F10C0343
:10EEC000442B00933FF671AF0120FAF7EBFF804629
:10EED00000283FF46AAF009B43703E220223027079
:10EEE000837006220123C3700571477121461044C7
:10EEF0000CF0CEFE88F80C6032464644019808F1CA
:10EF00000D03002102F019FB86F80DB04046B9E769
:10EF1000042D0CBF43F0040343F00103C2E700BF1C
:10EF2000F031002000310020AC330020F830002008
:10EF300007292DE9F041054635D11C4B1C7884BBCF
:10EF40000378012B2FD8B0F80100031F9BB243F6C2
:10EF5000FC72934227D8B5F803703B1F9BB29342D3
:10EF600021D8B8421FD36B79032B1CD8AB79032B64
:10EF700019D80F4E0123F37040F271282B783371AA
:10EF800008FB00F002F09EF9B06008FB07F002F009
:10EF900099F9F060AB79B3706B7973702046BDE876
:10EFA000F0810C20FBE71220F9E700BFF0310020D0
:10EFB00070320020022970B54FD10178427841EAC1
:10EFC0000203012B49D8274C237831B90BB9002013
:10EFD00070BD0120FFF7F4FBF9E743B194F86F101F
:10EFE00094F8703009B1022B39D0A270EFE7C4E970
:10EFF00019331D4BA270DA789AB103F1080207CADF
:10F0000004F174051E7984F8706085E807005A7869
:10F010005B88A4F86E3004F16C0384F86D2063669D
:10F020006270656EADB9114B636642F210700123D8
:10F0300084F86F30657084F8705002F043F96067AF
:10F0400042F2107002F03EF984F86E50A06784F826
:10F050006D50BDE87040FFF767BA1220B8E70C208A
:10F06000B6E700BFF0310020703200205C32002093
:10F07000054B1A782AB15B6E9878C04300F0010006
:10F0800070470120704700BFF03100202DE9F041AA
:10F09000134C037B6370002704F16C036366A7665F
:10F0A000037984F86E300546008840F2712808FB29
:10F0B00000F00E4602F006F96067688808FB00F071
:10F0C00002F000F90223A06784F87030FFF72CFAF1
:10F0D0001EB1B84218BF3C463460BDE8F08100BFA5
:10F0E000F0310020014B1878704700BFF03100204C
:10F0F00000487047F6310020004870470732002072
:10F100000146062201480CF0C3BD00BFF6310020C5
:10F110000048704706320020024B5B6E987800F082
:10F1200001007047F031002010B50C4B1B7813B173
:10F130000020FFF745FB0A4B0A48002421465022D5
:10F140001C700BF047FE084802F0F4FC074BC3E9C3
:10F150000043BDE81040FFF7E7BA00BFF0310020E0
:10F16000EC3100209C31002000310020F8300020DC
:10F1700007B5084B00931022074B0848082102F0FE
:10F180009FFC074B0022C3E9002303B05DF804EBAA
:10F19000FFF7CABA67DE02001C31002000310020F0
:10F1A000F830002008B500F0A5FE20B1FFF760FFA1
:10F1B000003818BF012008BDF8B50D4D06460F46B2
:10F1C000002315F8022C5C1C5AB115F8013CBB4217
:10F1D00007D10622314628460BF0D2FD08B9204659
:10F1E000F8BD082C234605F10805EAD10020F7E711
:10F1F0008632002008B5FFF7D5FF48B10023054A45
:10F20000194602F833100133082BFAD1002008BD4B
:10F210000C20FCE7843200200823037001230B70CC
:10F2200000207047FFF7C8BF072970B506461FD1F9
:10F23000FFF7B8FFF0B1354615F8011B2846FFF778
:10F24000BBFF08B1002070BD0B4C23784BB90622E0
:10F250002946A01C0CF01CFD337863700123237039
:10F26000F0E70130082804F10804EED10720EAE7AE
:10F270001220E8E70C20E6E784320020072910B5C9
:10F28000044610D1FFF78EFF78B1204610F8011B1D
:10F29000FFF792FF08B9002010BD054B013800228E
:10F2A00003F83020F7E71220F6E70C20F4E700BF60
:10F2B0008432002070477047024A1368013313609C
:10F2C000E9F76CBBB81A0020024A1368013B1360CF
:10F2D000E9F76ABBB81A002038B505460C46FFF7B7
:10F2E000EBFF6B891C436C81BDE83840FFF7ECBF36
:10F2F00038B504460D46FFF7DFFF638923EA0501B1
:10F300006181BDE83840FFF7DFBF38B500F1340553
:10F310004179044600F128020123284601F04CFF00
:10F32000A0B101212046FFF7D7FFA3895A071ED5B8
:10F330006179002304F13A02284601F03DFF68B1EB
:10F3400020460221BDE83840FFF7C6BF2379D90720
:10F35000E7D401212046FFF7CBFFE6E76379DB071F
:10F36000EED420460221BDE83840FFF7C1BF38BDCA
:10F3700010B50446FFF7A0FF638923F030036381D3
:10F38000BDE81040FFF7A0BF10B50446002003F011
:10F3900095FA04F154010648F0F7AEFD0020FBF7A2
:10F3A00087F82046FFF7E4FF024B00221A6010BDE9
:10F3B000702E0020C432002038B5074B1C7883899A
:10F3C0000C441B07C0E90644054604D5034801F078
:10F3D00079FF04442C6238BD5033002000881300AC
:10F3E00038B50121104B03670446C06680F86010F1
:10F3F000C079FBF7B1F8A3895A070FD500F5FB7068
:10F400000A4BE5691B78EB1A6366002384F86230C7
:10F410001E3001F057FF0544A56638BDDB0748BF25
:10F4200000F55570ECE700BF31F4010050330020C7
:10F4300038B52B4BC4681C600546FFF73DFF638958
:10F4400023F0300343F010036381FFF73DFF63892E
:10F4500003F4C063002B3ED194F9090003F02EFAA7
:10F460002049214AA07903F03DFA204BA978187869
:10F470006B68184403F026FC68BB03F0E1F9FF2336
:10F48000237201F0DFFED0B103F0C0FCA389DA06DD
:10F4900018D59B0716D00021084603F0E7F9022291
:10F4A0001348214603F024FC0546A0B9E3787BB15C
:10F4B000FFF700FF0120FAF7FBFF284638BD03F0F5
:10F4C000B5FCE3E70B48214603F0D0F90022E7E75B
:10F4D000FFF7F1FEEEE72046FFF756FF0125ECE7C8
:10F4E000C4320020D6BE898E5555550050330020B9
:10F4F000F9F4010089F30100F8B50D6C06460C46DD
:10F5000005B12D7CA3896189AF1D5807FFB228D5AD
:10F5100011F0020F14BFA12321230C27002541F372
:10F52000000101F040010B43B81CE07104F1280117
:10F530001370304606220CF0ABFBA3895B0706F183
:10F54000060605D5062204F13A0130460CF0A0FB70
:10F550002DB1206C33462A46002101F0EEFF3846DB
:10F56000F8BDD80705D413F0020F0CBF0223062301
:10F57000D5E72023D3E7F8B58C6C06460D4604B1D9
:10F58000247C6B8913F0010F14BF44230423A71DAF
:10F59000137005F1280106223046FFB20CF078FB0B
:10F5A0002CB1A86CB31D2246002101F0C6FF3846DD
:10F5B000F8BD38B5438913F4C06F04461DD013F469
:10F5C00000750FD0436C33B1006C01F028FF636C01
:10F5D0002364002363644FF400712046BDE8384083
:10F5E000FFF786BE5B0508D5806C01F018FFE36C61
:10F5F0004FF48061C4E91235EFE738BD38B50378C0
:10F60000044673B301F00EFB04F1600001F062F8F0
:10F61000FFF752FE0546FAF751FF012809D103F022
:10F620008FF90020FAF744FF0E4B00221A60FFF713
:10F63000AFFA2846FFF748FE0B4804F15401F0F7F3
:10F6400095FC206D18B1FAF749FC0023236520468C
:10F65000FFF78EFE002323702046BDE83840FFF7F9
:10F66000A8BF38BDC4320020702E0020F8B5064671
:10F6700000680F46154608B101F0D1FE002128466A
:10F6800001F0B7FE044628B1038A2B441F2B04DD8A
:10F6900001F0C5FE00243460F8BD2A46394601F069
:10F6A000C8FE0028F7D02046F2E7000008B5FDF7B5
:10F6B00012FE074B48B158895A7810F0800003D0E9
:10F6C000002A0CBF1846002008BD1846FCE700BF02
:10F6D000C832002010B50D4C8022002120460BF0CE
:10F6E00079FB4FF40063E38123820C22072300217E
:10F6F00004F15400A3700BF06DFB054BC4E9163404
:10F70000A38943F01203A38110BD00BFC8320020BB
:10F710009DF80100430705D410F0020F0CBF25200F
:10F72000262070472720704710B50379012B044627
:10F730000BD94389DB0508D5FFF7E7FD20464FF4D9
:10F740008071BDE81040FFF7D3BD10BD2DE9F34730
:10F75000044604F1600601F065FA2046FFF729FF30
:10F7600004F15407304600F0B5FF4A48DFF828811D
:10F770003946F0F7FBFBA5782846FFF7CBFFA279C7
:10F7800082423AD1FFF704FAA378D9072BD413F0B9
:10F79000020F0CBF27232623A371606901F092FD9D
:10F7A000A56998F800A00544C4E90655814601F012
:10F7B00085FD2D1AB5EB0A0517D40025A3891A0774
:10F7C0002ED5D4E907239A422AD32346226D3C2121
:10F7D0000020FEF79AF800232046236502B0BDE81A
:10F7E000F047FFF70BBF2523D6E7A369ED1A4B447B
:10F7F000DD42FCD4C4E90633DFE7531CDBB2A3F1DE
:10F800002500012181400D4204BF0232D3B2A37111
:10F8100001F054FD98F800300344E3610125CDE781
:10F820002046FFF781FF2046FFF7DAFD35BB94F84D
:10F830006130BBB9A3891B0717D442F2107001F0E5
:10F8400041FD024601A9304600F06AFE78B130461B
:10F8500000F040FFA078FFF75DFF3946A0710D482A
:10F86000F0F74AFB02B0BDE8F0872A46EAE798F8CD
:10F870000030019A1344C4E90633F3E7304600F040
:10F88000EDFE0028EED00348394602B0BDE8F0474F
:10F89000F0F732BB702E0020503300208068FFF755
:10F8A00055BF000010B5084C00232178227903B120
:10F8B00010BD0029FCD0012AFAD903484FF4807109
:10F8C000FFF70AFD0123F0E7C832002008B5014622
:10F8D0008078FFF71FFF8871BDE808400148543168
:10F8E000F0F70ABB702E002038B50A4C25687DB1B0
:10F8F000002002F0E3FF05F154010748F0F7FCFA9D
:10F900000020FAF7D5FD2068FFF732FD00232360C1
:10F9100038BD00BFC4320020702E00200F292DE911
:10F92000F843044644D1304D2B78002B59D103794C
:10F93000B0F80090B0F80280877B042B38D8DFE85D
:10F9400003F0033A4C4E4400132633070DD4C1454F
:10F950002ED8A9F120039BB243F6E072934227D838
:10F96000A8F120039BB2934222D86379032B1FD8BE
:10F97000A379012B1CD800236B726379012B04D966
:10F980001A480622E11D0CF083F9637B5A1E062AF1
:10F990000ED8032F0CD862792A71A2796A71EF70A0
:10F9A000AB70A5F80E90A5F81080AE81002000E0A5
:10F9B0001220BDE8F883C11D00270C4806220CF078
:10F9C00067F91D26B846B946BFE7C11D062207489C
:10F9D0000CF05EF900271526B7E71226B5E71026CA
:10F9E000B3E70C20E5E700BFC8320020FC3200205E
:10F9F00003460020187001230B7070470129F8B5E9
:10FA000001D01220F8BD0578FFF750FE044600280B
:10FA100000F08D80012D40F084800378002B7CD194
:10FA20000B21FFF765FC44492079FAF7CDFB00284C
:10FA3000E7D0A389DF0707D5236D2BB90220FAF79A
:10FA400031FA002875D020652379DE0745BF638928
:10FA500039493A4943F0010348BF6381062204F162
:10FA600028000CF015F9A3895D070DD5062204F1D5
:10FA7000340104F13A000CF00BF96379D80742BF66
:10FA8000638943F0020363812379012B02D9204665
:10FA9000FFF73BFC012323700023A4F87E30FEF720
:10FAA0001DFCA38919075DBF238A40F271225343CD
:10FAB00040F6A6636361A37880EA1040DA07A4F8F1
:10FAC0007C002CD413F0020F0CBF27232623A37134
:10FAD00001F0C2F80546FAF765FE074601F0EEFBB5
:10FAE00042F210730646B7FBF3F003FB107001F00F
:10FAF000E9FB0644E6612046FFF772FC626E531B89
:10FB0000002B04DAA36E65669B1A2B44A3660C498E
:10FB1000002204F1600000F0A7FC002072E725231A
:10FB2000D5E7002D7FF46DAFFFF768FDF5E74220C4
:10FB300068E7072066E700BF502E0020562E002001
:10FB4000B9F30100202970B501D0122070BD0678EC
:10FB50001F2EFAD8451CFFF7A9FD044658B3838928
:10FB600003F01203002BF0D00378DBB1C36C43B178
:10FB70004FF48061FFF7BCFBE06C01F050FC002308
:10FB8000E3643246294604F14C00FFF76FFDE36C55
:10FB90000BB90720DAE74FF480612046FFF79CFBA2
:10FBA0000020D3E7324629464830FFF75FFDA36CBB
:10FBB000002BF5D1EDE74220C8E7202970B501D030
:10FBC000122070BD06781F2EFAD8451CFFF76EFD77
:10FBD0000446002838D08389D90615D55A070ED493
:10FBE00040212046FFF784FB237883B9324629461B
:10FBF00004F14000FFF73AFD236C1BBB1BE0FDF74F
:10FC00006AFB0028ECD0DBE79B07E9D5D8E7636CFB
:10FC10004BB14FF400712046FFF76AFB606C01F0B6
:10FC2000FEFB002363643246294604F14400FFF7DB
:10FC30001DFD636C0BB90720C3E74FF4007120462C
:10FC4000FFF74AFB0020BCE74220BAE72DE9F84F56
:10FC5000DFF8689182460D4649B9D9F80000FFF7F0
:10FC600093FB4FF0FF340020FAF722FC44E012B976
:10FC7000C9F80020F5E7032801D0052861D1D9F89B
:10FC800000602C68062204F1080106F128000BF040
:10FC900077F88346002854D196F8038014F8027B45
:10FCA000BAF1030F0CBF08F0010808F00208C7F30F
:10FCB000801701F0C7FA10BBB8F1000F06D05A4602
:10FCC00039462046FFF7AEFA00283AD02B8BBAF11E
:10FCD000030F43F040032B8346D13448314602F0F2
:10FCE000C5FD33480022314603F002F8044650BBFC
:10FCF0002B8B43F010032B832046BDE8F88F394649
:10FD00002046FAF7FEF910B302F022FB40B20028B9
:10FD1000307213DB2B8B43F480632B8396F908300E
:10FD2000B8F1000FD2D036212424224A11FB03441B
:10FD30004B431444D75C4FF0010BC0E7B8F1000F00
:10FD4000C4D04FF0FF340023C9F800308BE73946A8
:10FD5000204601F085F80028AED04378002BABD1C7
:10FD6000C378002BA8D0ECE7134B1D684DB9B389BD
:10FD70005B07E6D50622214606F13A000BF000F8B3
:10FD8000DFE70622214605F193000AF0F9FF38B9B2
:10FD900095F89230012F03F0010304D1002BD0D14C
:10FDA000D5F8B450E2E7002BFAD1CAE789F3010095
:10FDB00077F50100AC3300201C2F0020C432002056
:10FDC0002DE9F843394C237888469146002B6BD0B7
:10FDD00013881D0607D43548FFF7CAFABDE8F84373
:10FDE0003248FFF7B3BC05285AD1A189628901F0D6
:10FDF000100002F008020243EDD05806EBD547464A
:10FE0000490717F8025B03F48066C5F3801514D523
:10FE1000002E43D094F90830254A3620242110FBC7
:10FE2000031143431144D55C6379AB42D3D12148DC
:10FE300006220AF0A5FF0028CDD1DEB10622394600
:10FE40001D481B4D0BF024FF94F90800394601F0C2
:10FE500087F994F908102423362616FB013129442A
:10FE6000062238460BF014FF94F908307343ED5C1A
:10FE70000235EDB2A38983F01003C3F300134A46A1
:10FE800029464046FCF7BEF90028A4D063891A072A
:10FE90000AD4BDE8F8430548FFF7B0BB3946C3E7CD
:10FEA000032898D1DB0696D5BDE8F883C832002038
:10FEB000AC330020FC320020F632002008B50C4A9A
:10FEC0000346032B106807D1838999070ED4FFF7E7
:10FED0005BFA4FF0FF3008E0052BF8D18389DA0791
:10FEE000F5D583F01000C0F3001008BD0120FCE739
:10FEF000C4320020044BD8781B781BB1B0FA80F0D4
:10FF00004009704701207047C832002010B5064BE9
:10FF100004461A6D00211965FDF7F7FC2046BDE87F
:10FF2000104000F06CBD00BFC832002010B503794E
:10FF3000012B02D80024204610BD4389DB07F9D5E8
:10FF400000F1280401212046FAF7DBF80028F2D15D
:10FF5000F0E72E307047000008B502F0F1FC034BCB
:10FF60001868BDE80840FFF70FBA00BFC432002090
:10FF700010B5074C2046FFF741FB206C01F04FFA0B
:10FF8000A06C01F04CFABDE81040FFF7A3BB00BF26
:10FF9000C8320020024B1878003818BF0120704783
:10FFA000C8320020FFF796BB10B54A6843689C1A18
:10FFB000002C06DA8068801A0028D4BF00200120B7
:10FFC00010BD8868181AC00FFAE70000024A1368CB
:10FFD00001331360E8F7E2BCB81A002010B50446FC
:10FFE000FAF76CFA042808D1FAF7AAFF6368C01A76
:10FFF0000028D4BF0020012010BD0020FCE7000035
:020000040002F8
:10000000024A1368013B1360E8F7CEBCB81A00201F
:10001000064A0346106838B9194641F8140F9A6128
:10002000C2E9003101225A70704700BF48330020F6
:10003000F8B5244E3468002C42D0D4E90523CAB167
:100040009361D4E9052300271A606770FAF736FA3E
:10005000054601F033F9C5B12378042B0CD1AB1E52
:10006000DBB2012B11D902F06BFC012D25D1FFF77A
:100070003BFC0AE07360E4E702F062FC022D12D15F
:100080003846FAF715FAFEF791FB236920469847A0
:1000900034681CB161680C4801F00CF92046BDE8D9
:1000A000F84000F0A3BD032DDFD13846FAF700FA7F
:1000B000FEF77CFBFBF756F9E7E7FBF78BFBE4E782
:1000C000F8BD00BF48330020543300202DE9F84F1D
:1000D000544B1A78436F9B1AC0F8D030C379022B67
:1000E000044600F1CC0926D1D0F8880001F0EAF8E6
:1000F000D4F8D030013B1B1AC4F8D030002384F868
:10010000CE30E36DC4F8D430D4F8D05001F0D6F836
:100110002D1A002D0ADBFFF759FF82464846FFF7EC
:100120005DFF074650B15046FFF76AFF4FF0FF37BB
:100130003846BDE8F88F90F87830E0E7DFF8EC80DB
:10014000394801F0B9F8D8F80050BB463E4665B9C9
:10015000D8F80430C4F8E430C4F8E050C3F8009094
:1001600004F1E003C8F8043027E029464846FFF7C9
:100170001BFF90B12B78032B04D0002E45D1AB464A
:100180002E4643E0E968D4F8D800FAF7D3FE0028F9
:10019000F3D106464FF0FF3712E0D4F8D4306A6846
:1001A0009B1A002B32DCAB69C4F8E430234643F8D9
:1001B000E05FAA69C2F80090AB61012384F8CD30FA
:1001C00000249EB133787569012B21D0032B03D114
:1001D000F0689C30FAF778F9D6E90523E2B193612B
:1001E000D6E90523B3451A60747018D1D8F80040D9
:1001F000A14502D1204600F0F9FC5046FFF700FF70
:100200006168094801F056F892E7AB466D699EE7D0
:10021000F068FFF75BFBDFE7C8F80430E0E72E4645
:10022000CFE700BF50330020543300204833002074
:100230002DE9F84F0E46044600F1CC0901F03EF8D6
:10024000B378242B26D900F13905D4F87CA03E4F91
:10025000FFF7BCFEC4F8D05080464846FFF7D8FEF2
:1002600005F1A4060346002846D0384801F024F8DA
:100270003968AB46F9B9ABEB0503534561D87B68E8
:10028000C4F8E430C4F8E010C3F8009004F1E003CF
:100290007B6024E096F90530012B02D100F1620564
:1002A000D3E7022B02D100F15D05CEE7032B08BF97
:1002B00000F1DF05C9E7C4E934B64B68F31A002B37
:1002C00035DCABEB050353453BD822468B69C4F8BC
:1002D000E43042F8E01F8B69C3F800908A61012383
:1002E00084F8CD30ABEB050000F0F2FF5D4640F244
:1002F000E243B0FBF3F39BB2A4F87230144BE66513
:100300001B782B4463670023C4E9345684F87830A3
:100310001C463D68284600F069FC4046FFF770FE29
:1003200069680A4800F0C6FF2046BDE8F88F4846D5
:10033000FFF73AFE18B1D1F808B00BF1A4064969ED
:1003400098E74FF0FF34E4E74833002054330020AF
:10035000503300202DE9F047404B456F1F7804468D
:1003600000F1CC06D0F8880000F0ACFFED1BE36D87
:10037000C4F8D430013D2D1A0023C4F8D05084F8BD
:10038000CE30FFF723FE07463046FFF727FE05462F
:1003900038B13846FFF734FE4FF0FF352846BDE848
:1003A000F0873046FFF734FE8246002853D02C48B1
:1003B000DFF8B09000F080FFA8465146D4F8D43062
:1003C0004A68DAF814A09B1A002B1ADC8B69C4F86F
:1003D000E430234643F8E01F8A6916608B610123ED
:1003E00084F8CD301F4B1C68A64202D1204600F095
:1003F000FDFB3846FFF704FE6168194800F05AFF1C
:10040000CCE73046FFF7D0FD88B10B78032B1FD126
:10041000C8688B6981F80180BAF1000F15D0CAF85D
:100420001830D1E905329C301360FAF74DF8BAF173
:10043000000FC2D10B4BC4F8E0A05A68C4F8E42006
:10044000166004F1E0025A60C9E7C9F80430E8E731
:100450004FF0FF35C6E73446C8E700BF50330020F1
:1004600054330020483300202DE9F8430446D0E9F6
:1004700001690D469046FFF7A9FD07462046FFF7A4
:10048000C7FD80B96168002D41D1204600F0AEFB68
:1004900026463846FFF7B4FD71681F4800F00AFF92
:1004A0000020BDE8F883A9EB0606DFF870901A4833
:1004B00000F002FFD9F8001049B9D9F80430A3615F
:1004C00061611C6004F11403C9F804300CE0A368F6
:1004D0004A689B1A002B10DC8B69C4E905138B69F1
:1004E0001C6004F114038B61012363706168D9F807
:1004F00000606DB9B442CCD1C7E72046FFF754FD88
:1005000018B18B6863603344A3604969D4E7264619
:10051000E0684246A847EDE7543300204833002006
:100520002DE9F84FD0E90173DF1B134483600446C3
:100530008B461646FFF74AFD82462046FFF768FDC8
:100540008046002841D0434800F0B6FE4FF0000935
:100550004D4641462046D8F81480FFF725FD70B17E
:10056000894645B3B8F1000FF3D175B93A4B6561CF
:100570005A68A261146004F114025A6025E0A3686D
:100580004A689B1A002BEDDCBDB16368FA18A260C3
:100590002A46A16850686D69A1EB000CBCF1000F00
:1005A00038DC9369C4E9052393691C6004F11403E2
:1005B000461A936109E00D46D4E78B69C4E9051337
:1005C0008B691C6004F114038B610123637046B1D5
:1005D000FAF7E8F8B0FBF6F303FB16006368034490
:1005E000636063681F44A760CBF800301A4B1B6838
:1005F000A34202D1204600F0F9FA00245046FFF74A
:10060000FFFC154B13481B68596800F053FE204649
:10061000BDE8F88F91686160C8194A45A060B7D1FC
:1006200033445B1A9E4211D304F114023DB90A49C6
:1006300065614868A06104604A601E46C5E7A96913
:10064000C4E90551A9690C60AA61F6E74FF0FF34CF
:10065000D4E700BF543300204833002070B504466F
:10066000FFF7B4FC0646F9F729FF062803D8522302
:10067000C340DB0723D42046FFF7CAFC054688B1F8
:1006800001462046FFF790FCC8B9104800F014FE60
:10069000AB69C4E90553AB691C6004F11403AB6199
:1006A000012363700A4B186800F0A0FA3046FFF788
:1006B000A7FC6168054800F0FDFD002070BD3046D4
:1006C000FFF79EFC4FF0FF30F8E700BF54330020E7
:1006D00048330020F8B5044650B3FFF777FC637841
:1006E00005461BB3134E3768BC4202D1124800F0D6
:1006F000E3FDD4E90523BAB19361D4E90523BC42F3
:100700001A604FF00003637008D134681CB161684F
:10071000094800F0CFFD204600F068FA0024284682
:10072000FFF76EFC2046F8BD7360E6E70124F6E7AC
:100730000124F7E7483300205433002010B5044665
:10074000FFF744FC054B1B6833B15B682360012451
:10075000FFF756FC204610BD1C46F9E74833002041
:10076000014800F0A9BD00BF5433002008B5DF20C8
:1007700000F0A8FD044B054918700022044800F061
:1007800093FD002008BD00BF50330020310002005F
:100790005433002010B504460720FDF701F8E0B1FE
:1007A0000220F9F77FFBC0B13E2202700B2242709B
:1007B00007228270A288A0F80320A27BA0F805205F
:1007C000228BA0F80720E27BA0F80920628BA0F81A
:1007D0000B20BDE81040FCF780BD10BD38B50546C4
:1007E00006200C46FCF7DCFFE0B10220F9F75AFBCB
:1007F000C0B13E2202700B22427006228270AA888B
:10080000A0F803202288A0F805206288A0F807201D
:10081000A288A0F80920E288A0F80B20BDE83840A3
:10082000FCF75BBD38BD38B5044603200D46FCF728
:10083000B7FFC8B10220F9F735FBA8B13E2202701C
:100840000A22427003228270C570A2888280B4F8A6
:100850006820C280B4F86A200281B4F86C2042811A
:10086000BDE83840FCF739BD38BD38B583785B0743
:1008700005460C461AD40820FCF7B4FF88B10220C4
:10088000F9F710FB68B108220270042284704270EC
:10089000B4FA84F4AA88A0F8032064094471FCF730
:1008A0001CFDAB7843F00403AB7038BD3020FCF77F
:1008B00099FF0028F9D00220F9F7F4FA0028F4D0C3
:1008C00030220270032242708470AA88A0F80320AC
:1008D000BDE83840FCF701BD10B504460520FCF723
:1008E0005FFFD8B10220F9F7DDFA08B9002010BD8A
:1008F0003E2202700D22427005228270A288A0F86A
:100900000320D4E94412C0F80510C0F80920B4F857
:100910000221A0F80D20FCF7E0FCE7E74FF0FF30E4
:10092000E5E770B5054604200E46FCF739FFD8B15F
:100930000220F9F7B7FA0446B0B13E2303700C2346
:1009400043700423C6708370AB88838095F83F3072
:100950008371072205F1400110440BF099F92046FC
:10096000BDE87040FCF7B9BC70BD38B504460C203A
:100970000D46FCF737FFC0B10220F9F793FAA0B19A
:100980000C220270082242708570A288A0F8032011
:1009900094F83E204271B4F84E20C280B4F8502042
:1009A0000281BDE83840FCF798BC38BD10B504465C
:1009B0001020FCF717FF50B10220F9F773FA40B18D
:1009C00010220270012242708470FCF786FC002025
:1009D00010BD4FF0FF30FBE708B51A20FCF702FF0F
:1009E00060B10220F9F75EFA40B11A2202700122CA
:1009F00042708270BDE80840FCF76FBC08BD10B5BE
:100A000004461420FCF7CCFEA0B10220F9F74AFA04
:100A100080B13E2202700422427014228270A288A9
:100A2000A0F80320A278C2F300124271BDE8104082
:100A3000FCF753BC10BD0000024A13680133136079
:100A4000E7F7ACBFB81A0020024A1368013B1360F5
:100A5000E7F7AABFB81A0020F8B5FFF7EDFF074681
:100A600000F02CFC0E4C0546F9F728FD94F82430D4
:100A700006461BB1A36AEB1A002B0CDA94F825305A
:100A80001BB1E36AED1A002D05DA26B9237813B1FC
:100A900002F0D5F926703846BDE8F840FFF7D4BF1C
:100AA0006C33002010B5064C237843B90123237022
:100AB00000F004FC2063BDE8104002F0BDB910BD99
:100AC0006C330020024B00221A77FFF7EBBF00BF08
:100AD0006C33002038B51A4C94F8242094F8253053
:100AE000D2B1A56A2BB1E36AEA1A15EA220538BF2A
:100AF0001D46237F3BB1236AAB421FD00023114820
:100B0000237700F0D9FB00F0D9FB281A00280CDC71
:100B1000BDE83840FFF7C6BF0BB1E56AE9E72377C8
:100B2000201DBDE8384000F0C7BB012323772562B4
:100B300029460448BDE8384000F0BCBB38BD00BFC2
:100B40006C3300207033002038B50C4C002540F287
:100B5000FA50257000F0B6FB094960802A46201D36
:100B6000257700F0A1FB0C22294604F134000AF09D
:100B700031F9044BC4E90E3538BD00BF6C33002099
:100B8000C50A0200590A020038B50B4C0025201D89
:100B90002577256200F090FB084804F13401EFF757
:100BA000E5F9237813B102F04AF92570C4E90B5531
:100BB000A562A58438BD00BF6C330020702E0020D4
:100BC00070B506460C46FFF737FF074B5A8883F887
:100BD00024600546A41A9C62FFF77CFF2846BDE806
:100BE0007040FFF731BF00BF6C33002038B50446BA
:100BF000FFF722FF002C0A4B14BF0122002283F8CA
:100C000025201CBF6268598805461CBF521ADA624B
:100C1000FFF760FF2846BDE83840FFF715BF00BF6B
:100C20006C33002038B5FFF707FF094D044629460D
:100C30000848EFF79BF915F8343C1BB105482946E5
:100C4000EFF75AF92046BDE83840FFF7FDBE00BF78
:100C5000A0330020702E002038B5FFF7EDFE0546CA
:100C6000FFF720FF084B1A78022A07D100F026FB75
:100C700004462846FFF7E8FE204638BD1C6B5B881B
:100C800001341C44F5E700BF6C330020421E00F124
:100C90000F0312F8010F10B99A42FAD170470120E0
:100CA0007047000008B5FFF775F940B9FEF71AFA6A
:100CB000044B1B68034314BF0120002008BD012022
:100CC000FCE700BFAC30002008B5054B1B782BB10A
:100CD000FFF7E8FFB0FA80F0400908BD0120FCE70B
:100CE000843400202DE9F0410E4DDFF83C800646AB
:100CF0000F46002398F803209A4201DC00200CE004
:100D000015F8242CBA4203F1010408D10622314619
:100D100028460AF035F810B92046BDE8F081234690
:100D20003635E7E7D03300208434002030B58DB06D
:100D300021B300F12A05041DE81CF9F747FD2146FF
:100D4000102268460AF0A4FF0D22002104A80AF030
:100D500041F86B798DF81D302B798DF81E3068467F
:100D6000EB788DF81F3001F047FABDF82E305BBAF2
:100D70002B809DF82D30AB700DB030BD00F13005EB
:100D800000F11404D8E70000024A1368013313602D
:100D9000E7F704BEB81A0020024A1368013B13604B
:100DA000E7F702BEB81A002007B54FF0FF33054839
:100DB000009300231A460321806805F0C9FB03B0A5
:100DC0005DF804FB84340020F8B5144C144F002562
:100DD000FB78AB4207DC79681248EFF7C5F9BDE84C
:100DE000F840FEF75FBDA3784BB1FFF7CDFF0121BF
:100DF00006462046FFF79AFF3046FFF7CDFFE3781F
:100E00004BB1FFF7C1FF002106462046FFF78EFFDA
:100E10003046FFF7C1FF36340135D9E7AC33002047
:100E2000843400208C34002010B5FFF74DFF40B112
:100E3000054B00245C8001F053FAFFF7B5FF204614
:100E400010BD0C20FCE700BF84340020034B5B780E
:100E5000037001230B700020704700BF8434002012
:100E60002DE9F0410E4CDFF83C8006460F46002588
:100E700098F80330AB4201DC00240DE02378BB423C
:100E800002D036340135F3E70622314604F124005E
:100E900009F076FF0028F4D12046BDE8F08100BFBC
:100EA000AC3300208434002027292DE9F047804608
:100EB00003D012252846BDE8F087FFF705FF00287C
:100EC0006CD0384EF27873789A4269D2C14619F8DC
:100ED000011B4846FFF706FF05460028E9D108F147
:100EE000070A5046FFF7D2FE2F4CF278362700282B
:100EF00051D0B37803FB0770D21AA0F13601214418
:100F000020447A4309F04CFFB37803FB07443622B0
:100F10000021204609F05EFF204698F8003000F8D6
:100F2000243B062249460AF0B3FE5046FFF7AEFEC8
:100F300058B1514604F11400102201F0D3F80123F6
:100F4000E37000212046FFF7F1FE08F11701084683
:100F5000FFF79CFE40B1201D102201F0C3F80121D3
:100F6000A1702046FFF7E2FE00236370E3783BB1F7
:100F700004F1140001F0BAF9B37801330546B370F7
:100F8000F3780133DBB2012BF37093D1716807481A
:100F9000EFF7EAF88EE702FB0744B8E70C2589E78C
:100FA000072587E784340020AC3300208C340020F0
:100FB0000729F8B5044629D1FFF786FE40B320463D
:100FC00010F8011BFFF78EFE054618B3124C134FA5
:100FD000E3783622461E02FB06F05B1B811839447B
:100FE0005A43384409F0DCFEE378013BE370A37810
:100FF000AB4205DB304601F091F9A378013BA370C9
:10100000E3780BB9FFF7D0FE0020F8BD1220FCE713
:101010000C20FAE70220F8E784340020AC330020EB
:10102000012910B5044601D0122010BDFFF73AFE89
:1010300028B92378012BF7D8024A1370F5E70C2062
:10104000F3E700BF84340020072938B514461D4655
:1010500013D110F8011BFFF703FF0622014638B138
:10106000303120460AF014FE002006232B7038BDD4
:10107000204609F0AFFE0220F7E71220F7E7072924
:1010800038B514461D4613D110F8011BFFF7E8FED2
:101090000622014638B12A3120460AF0F9FD002027
:1010A00006232B7038BD204609F094FE0220F7E796
:1010B0001220F7E7022908B515D101884B1E9BB213
:1010C0004AF2B71293420ED84FF47A730748594345
:1010D0008902B1FBF3F1C378416013B10830EFF737
:1010E00043F8002008BD1220FCE700BF8434002034
:1010F00070B505460E46FFF7D5FD044678B9082EB3
:1011000002D01224204670BD284610F8011BFFF7BC
:10111000A7FE30B1EB79012BF3D84370F2E70C2432
:10112000F0E70224EEE70000014B5868704700BF6B
:1011300084340020F8B5144605460F46FFF724FE18
:10114000062206464FB105F12A0120460AF0A0FD0D
:101150003046BDE8F840FFF71FBE05F13001F4E767
:1011600070B505460E46FFF70FFE074B04463620C6
:10117000314600FB053006220AF08AFD2046BDE814
:101180007040FFF709BE00BFDC33002070B5054694
:101190000E46FFF7F9FD074B04463620314600FBAB
:1011A000053006220AF074FD2046BDE87040FFF7C6
:1011B000F3BD00BFD633002038B515461C46FFF7F7
:1011C0004FFE70B124B183782BB91C46204638BD40
:1011D000C378002BFAD021462A46FFF7ABFF012443
:1011E000F4E70446F2E730B58DB00B6800934B6826
:1011F00001938B680293CB6803930024C378CDE9F5
:10120000064405468DF81F3003798DF81E3043796A
:101210008DF81D306846CDE9044400F0EDFF9DF8DF
:101220002F202B789A420AD19DF82E206B789A4273
:1012300005D19DF82D40AB78E31A5C425C41204615
:101240000DB030BD014B1878704700BF84340020CA
:1012500010B5094C4FF46123636001F077F804285E
:1012600028BF04206070054A054904F108000023E6
:10127000BDE81040EEF750BF84340020C90D0200D5
:10128000702E002008B5054B00221A70FFF78CFD68
:10129000FFF7CAFDBDE80840FFF7DABF843400203D
:1012A0000146052000F0DABD13460A460146052036
:1012B00000F020BE00F030BE00F06EBE052000F051
:1012C00005BE0000014BA3FB00307047D07B6308D4
:1012D00043F60952C0F30803400A5343504300EB5E
:1012E000532070474379072B00F1100298BF002369
:1012F00000681344C01A80B270478268C18812889F
:1013000000F11003134402680A44981A80B270472F
:1013100010B5074A11680346084618B909B1506864
:10132000083810BD04889C42FBD28068F5E700BFF6
:101330007000002010B50C4A13682BB98360536805
:101340001860083050600CE0198804888C42996855
:1013500001D80B46F1E7816011B900F10801516035
:101360009860002010BD00BF70000020024B0022DA
:10137000C3E90023704700BF70000020103A0280CC
:1013800041600020704738B503888B4204460D4603
:101390000CD3406800F00AFC38B10023C3604360FE
:1013A00000F110032B440360846038BD0020FCE78B
:1013B00010B50C46FFF7ACFF20B12146BDE8104048
:1013C000FFF7E1BF10BD38B5038801F10805AB4256
:1013D0000DD3FF2D0BD80021FFF7D5FF30B10368E7
:1013E00045712B4403600023C0E9043338BD00205D
:1013F000FCE70830084410B580B20C46FFF788FFC0
:1014000020B1E1B2BDE81040FFF7DDBF10BD08B567
:101410000146806810B1406800F002FC08BD10B5BC
:1014200000B910BDC468FFF7F2FF0028F9D12046CB
:10143000F6E72DE9F0470F4615460646002846D048
:10144000D0F808A003469946DB68002BFBD148463C
:101450002C46FFF752FF98B1A842A8BF2846044681
:10146000D9F80030B9F806002246394618440AF087
:101470000FFCB9F8063023442744A9F806302C1B8A
:10148000002C05DD00215046FFF77DFF804638B96E
:101490007379072B16D8201E18BF0120BDE8F087EE
:1014A000BAF80020A242A8BF2246C280394600688E
:1014B0000AF0EEFBB8F80630C9F80C801F44E41AB5
:1014C000C146DDE7338A1D442D1B3582E3E7022048
:1014D000E4E710B530B1C488C3688C4201DC02D1A6
:1014E0000BB9118010BD091B1846F3E7F7B5054687
:1014F000084611460DF106021F46FFF7EAFF0646B1
:1015000017B9384603B0F0BDAEB1BDF80630F48867
:101510003168E41ABC42A8BF3C46A4B22246194432
:101520002846FFF786FF0028ECD13C1BF668ADF893
:101530000600A7B2E4E70220E4E7F8B505461F4637
:1015400014463AB92046F8BD05B3EB888B4203DC5C
:10155000ED68C91A0029F7DC002C05DC002CD4BF8B
:10156000002401246442EDE7002DF7D0EE882B68BB
:10157000761AA642A8BF26461944384632460AF0D3
:1015800087FBA41BED6837440021E5E74FF0FF34EB
:10159000D8E770B550B100291DDB08D1002342798E
:1015A000072A03D9028A521A1344038270BD0246E5
:1015B0000B460025D4889C4207DCD580D2681B1BD3
:1015C000002AECD0002BF5D1E8E7E41AD4801468A7
:1015D0001C441460E2E74B4204460025E28826469C
:1015E000E4681544002CF9D19A4208DB9BB2D21A68
:1015F000F2804279072AD9D9028AD31AD5E74379EA
:10160000294421EAE171072B88BF0182C3888B42FC
:101610000446C06807DBE1800028C7D0FFF7FFFE63
:101620000023E360C2E7C91A0028EFD1BEE72DE925
:10163000F7431E1E17461DDD0DF10602FFF749FF99
:10164000044620B96FF0004003B0BDE8F0830025E8
:10165000A946BDF80600E288731B121A9A42A8BF79
:101660001A461FFA82F8B8F1000F05D14544ADB211
:10167000B5420AD10020E7E7236892B279191844ED
:1016800009F07EFB0028F1D0DEE7E468ADF80690B3
:10169000002CDED1D6E72DE9F7431E461446002381
:1016A00001AAADF80430ADF80630BDF82870FFF798
:1016B00010FF314605460DF106022046FFF709FFEF
:1016C0000646002F43D0BDF8043000227DBB0AB18E
:1016D000ADF80430BDF8062000219EB3F388934294
:1016E0002CD909B1ADF8062065B3BDF80490EC889B
:1016F000BDF8068031682868A4EB0904A4B2BC4296
:10170000A3EB080328BF3C469BB29C4228BF1C4663
:1017100022464144484409F033FBA8B9A144A044FF
:101720003C1BADF80490ADF80680A7B2C9E7E98884
:101730009942CCD8ED6801220023C7E7F668012161
:101740000022CAE76FF0004003B0BDE8F0833846DE
:10175000FAE72DE9F0410E4604464FF00008204616
:10176000FFF7C0FDE28861792368B042A8BF304628
:1017700012FA80F20729A3EB0003E28088BF228AD5
:10178000236083B284BF9B182382361A0CD00729AA
:10179000A0680CD90839C9B2FFF715FE054650B943
:1017A0002046FFF73CFE2C462046BDE8F081002194
:1017B000FFF7E9FDF2E76279072A0CD900F110077B
:1017C000384604F110010AF063FA63796B711F4423
:1017D0002F6084F805802846FFF78FFD2B68EC60AA
:1017E00003442B602C46BAE72DE9F34791460DF1EF
:1017F0000602074688461C46FFF76BFE054660B3A7
:101800004FF0000ABDF80600EE88361AA642A8BFBF
:101810002646002E07DD2B684946324618440AF05A
:1018200037FAB144A41BA4B1EB681BB1ADF806A014
:101830001D46E7E7A2B249462846FFF7FAFD48B938
:101840007B79072B05D93B8A44449C42B8BF1C4690
:101850003C82002002B0BDE8F0874FF0FF30F9E78E
:1018600010B503461A46DB68002BFBD1D1604379E3
:10187000072B06D94B79072B0ED9038A0A8A134402
:10188000038200234B7110BDDC88028A224402824D
:10189000DB68002BF8D1F4E70B46FAE72DE9F041BD
:1018A000D0F80880B8F800308B4205460C4602D2CA
:1018B0000020BDE8F08107463E46FF68002FFBD1BF
:1018C0003046FFF71AFDA04207D239464046FFF7DF
:1018D0005AFD0028ECD0F0600646F38830681A19EB
:1018E000F2806A79072A01D81844E2E72A8A144468
:1018F0002C82F9E72DE9F041C5888D4204460E4659
:1019000032D2D0F80880FFF7F8FC2844B0422EDB32
:10191000E76867B3751BAEB225462846FFF7EDFCB6
:101920008046FC88E888396846453346A8BF434668
:101930009C42A8BF1C462B68224618440AF0A8F90E
:10194000EB88A2B21344EB80FB889B1AB61A9BB2B9
:10195000B6B2FB80A8EB04082BB33B6823443B6082
:101960003C467EBBEC602C462046BDE8F081B8F8D2
:10197000003062799B1A9E421FDC00214046FFF72F
:1019800002FD0546C8B16279072A0AD900F110079D
:10199000384604F110010AF07BF963796B711F443A
:1019A0002F602746B9E73846FC68FFF730FD002E68
:1019B000D8D03CB92846FFF72AFD2046FFF72FFD77
:1019C0000024D1E72746ACE710B50C46FFF7C1FE6F
:1019D00020B12146BDE81040FFF78CBF10BD70B5A7
:1019E000C388054613B12C46204670BDC468002C40
:1019F000F9D0E38883B12046FFF774FC6A799042FE
:101A0000F1D3627105F1100104F110000AF040F900
:101A10002846FFF7FCFCE7E7E668EE602046FFF7A4
:101A2000F6FC3446E3E72DE9F8438046F0B109B10E
:101A3000FFF716FF44462046FFF754FC58B1637980
:101A4000E288216804F11005072B88BFED182846AD
:101A500009F0A6F92560E3882268E568204602EBD4
:101A60000309FFF74AFC07462FB315B94046BDE806
:101A7000F883EE882968BE4228BF3E46B6B2484683
:101A800032460AF005F9E3883344E3802B68334497
:101A90002B60EB88BF1B9B1BB144BFB2EB80EB8874
:101AA000002BE1D1EB68E3602846FFF7B0FCE56866
:101AB000002DF4D1D8E7002DD8D02C46BBE700008C
:101AC00070B5044610B10AB113B919B1032026E06C
:101AD0009D072AD1900714BF22F003001046226010
:101AE0004FF00002A272049AE18018BF0430C4E9EA
:101AF00005322181A180E3601D460A464642012A43
:101B00000ED84A1E002992B208BF0022424300208C
:101B10009850074B20615A68146010345C6070BDA7
:101B20000544013AAD5192B2E9E70420F7E700BF5E
:101B30007800002030B5F0B103688188C468C180A6
:101B40009A0718BF23F003030181446118BF0433CF
:101B50000A462046012A08D84A1E002992B208BF28
:101B600000225A430020A05030BDC518013A05603C
:101B700092B22846EEE70320F6E703689A07C268A8
:101B80001CBF23F0030304338A420DD8808803FB73
:101B90000020814208D2891AB1FBF3F203FB121133
:101BA000B1FA81F0400970470020704770B50446D3
:101BB000B8B10E4D2B6801332B60E6F7EFFEE388DA
:101BC0008BB1666932686261013B22899BB29A429D
:101BD000E38000D923812B68013B2B60E6F7E4FE0C
:101BE0003446204670BD1E46F5E700BFB81A0020F7
:101BF00070B50A4D2B6804460E4601332B60E6F79C
:101C0000CDFE63693360E38866610133E3802B684E
:101C1000013B2B60E6F7C8FE002070BDB81A00201B
:101C200010B40A46034680B179B1847AE40706D538
:101C3000C46924B12346026A5DF8044B18475DF875
:101C4000044B11461846FFF7D3BF03205DF8044B41
:101C5000704700004309044900F01F00012240338F
:101C6000824041F82320704700E100E0024A1368F7
:101C700001331360E6F792BEB81A0020024A1368D7
:101C8000013B1360E6F790BEB81A00202DE9F04141
:101C900007690446FFF7EAFFD7F80455D7F804317F
:101CA000666880465BB106F1807666600023D7F8EF
:101CB0000455C7F8043194F90100FFF7CBFF404603
:101CC0003543FFF7DBFF2846BDE8F08130B4847868
:101CD000036944B34FF48022C3F80823D3F80445C2
:101CE000D3F8045142681DB1D3F8044502F1807263
:101CF00022438A1A022A04DC30BC90F90100FFF763
:101D0000A9BFB2F1807F34BF21F07F4104F5000408
:101D10004FF4802234BFC3F84815C3F84845C3F8D0
:101D2000042330BC70474FF40022C3F80823C3F8E3
:101D30004C15C3F84C41C3F8042301229A64D3F82C
:101D400048355B1A002BECDBD6E700002DE9F047A5
:101D50002B4C2669D6F8483113B10023C6F8483118
:101D6000D6F8043133B10023C6F80431636803F1B7
:101D700080736360A368DFF888A00133A360FFF776
:101D800075FF4FF0010807464FF00009656955B12E
:101D9000A27892B15046FFF779FF6FF00202EB682C
:101DA000C01A90420FDA6369E3B9A278236922B3BB
:101DB0004FF48022C3F8082318E02369C3F8488051
:101DC000D3F84805EBE7D5E904234AB15361D5E9D7
:101DD00004231A60D5E90130C5F814909847D5E777
:101DE000A361F4E7D9680648FFF770FF3846FFF7AC
:101DF00045FFD6F84831BDE8F0874FF40022D9E717
:101E0000A0340020052810B51BDC0F4B53F8203000
:101E1000BBB11C78ACB9052813D10C4B0C4901227D
:101E20009A700B200B4A1A6158700B4B4FF40062EA
:101E3000C3F88020E02283F80B23E6F79BFD2046C1
:101E400010BD1620FCE700BF401E0300A034002098
:101E50004D1D020000B0004000E100E0052870B513
:101E60002BDC174B53F820303BB3052801D0002062
:101E700070BD144C267806BBB1F5004F1DD1236907
:101E8000DBB101252570E160FFF7F0FE2369022236
:101E90005D60C3F80865C3F80461C3F804231D60DE
:101EA000627894F9013002F01F0295405B09064AFE
:101EB00042F82350FFF7E2FED9E71620D8E700BF2B
:101EC000401E0300A034002000E100E005280DDCE6
:101ED000074B53F8200050B183780BB1FFF7D6BE03
:101EE000036901229A64D3F84805704700207047BF
:101EF000401E0300052810B509DC064C54F82040AC
:101F00002CB1C1E90123002048610C6010BD1620EE
:101F1000FCE700BF401E030070B50446002839D01E
:101F20004369002B36D14368002B33D00568C1606C
:101F3000FFF79CFE6B6906466BB1E168DA688A1AA6
:101F4000002A1CDA5A69C4E904325A69146004F19F
:101F500010025A6107E0224642F8103F2B46AA6160
:101F600043F8144F63616B699C4203D1E1682846D2
:101F7000FFF7ACFE3046FFF781FE002070BD1B6905
:101F8000002BDBD12361AB6963611C6004F110039A
:101F9000AB61E8E71620F1E770B5044660B3056869
:101FA000FFF764FE62690646A2B16B692169A3422C
:101FB0000BBF012000200B46002381B14A61D4E908
:101FC000041211600022626120B153B1D96818680F
:101FD000FFF77CFE3046FFF751FE002070BDAA617E
:101FE000EDE7AA782B6922B14FF48022C3F80823C9
:101FF000F0E74FF40022F9E71620EFE7F7B5089F66
:102000000C469DB2099B0093164603463A46294664
:102010002046FFF755FD40B92B46BAB2214630465F
:1020200003B0BDE8F040FFF7A9B903B0F0BD70B54B
:1020300004680E461946238AB342054603D8002396
:102040000360204670BD30469047044670B1296851
:1020500033460022FFF74AFA40B928683146FFF7B5
:1020600098FA2868FFF7BBFC2860EAE72046FFF7EC
:10207000D6F90024E5E70170090A417070470B0AA0
:10208000017043700B0C090E8370C1707047110A08
:1020900002704170110C120EC2701A0A0371427163
:1020A0001A0C1B0E81708271C371704700887047D3
:1020B000006870470346006859687047006800BAB6
:1020C000704730B5421E002308440139CC1AA342A0
:1020D00000DB30BD12F8014F10F8015D15700133BF
:1020E0000470F3E710B510440023934200DB10BDE9
:1020F000CC5C00F8014D0133F7E7000013B5FFF7A2
:1021000035F9094C094B01934FF492730093084938
:1021100008480C232246FFF771FF204602B0BDE8B5
:102120001040FFF707B900BFD83400207CDE020062
:10213000BC340020E43400200B4B1A680B4B3AB936
:102140000121C3F80813C3F80021D3F80032704707
:10215000D3F8001131B10021C3F80011D3F80805FC
:10216000C0B21047704700BFD842002000D00040E6
:1021700037B54FF080530546D3F8A04014F0010462
:1021800014D1D3F8A42001920422D3F8A8300093EC
:102190000DEB0201013009F07BFD02226946681D4A
:1021A00009F076FD2C70204603B030BD4FF0FF30B3
:1021B000FAE7000010B54FF080530446D3F8A03082
:1021C000DB0711D50A490422013009F061FD0949F4
:1021D0000222601D09F05CFDA37963F03F03A37147
:1021E00001232370002010BD4FF0FF30FBE700BF3C
:1021F000A4000010A80000100A4B012200215A6020
:10220000C3F80011C3F80411C3F804051A60D3F829
:102210000021D3F804010243F9D0003818BF01208F
:102220004042704700E0004038B50C4B044691B185
:102230000122C3F8042564B1094D0A49E02385F859
:102240000D330D20E6F796FB4FF400532B60064B41
:102250001C60002038BDC3F80415ECE700D0004036
:1022600000E100E039210200D842002010B50C4CFA
:10227000236801332360E6F791FB0A4B0022C3F881
:102280000021094A1168012209B1C3F804231A6028
:102290002368013B2360E6F787FB002010BD00BFE9
:1022A000B81A002000D00040D842002038B50A4CAF
:1022B000236801332360E6F771FB084B01220025F8
:1022C000C3F808235A60C3F800512368013B236018
:1022D000E6F76AFB284638BDB81A002000D0004057
:1022E000014B00221A7070479442002010B5094C2F
:1022F0002378042B01460AD00748102200EB031074
:1023000009F0C6FC237801332370002010BD07209C
:10231000FCE700BF944200209842002009490A7857
:10232000824203460DDD013AD2B282420A7008DDD4
:102330000548D21A00EB8300120100F1100108F0E9
:102340002FBD704794420020984200201020704713
:10235000064BD3F800212AB1D3F8042112B1D3F8E7
:10236000000470474FF0FF30704700BF00F000409E
:10237000064AD2F850353BB123F00801042903D1B5
:10238000D2F850159942FAE7704700BF001000409C
:1023900070B5002A3ED0224B224A9B7AD35CC3F10F
:1023A00015030B44DBB2204C1E2B94BF821E00F1A0
:1023B000FF32D4F84015D4F80405A1EB000121F058
:1023C0007F4188BF1E3B01F1FF3188BFDBB202298C
:1023D00022F07F4521D9281A20F07F4110F4000017
:1023E0001BD1022919D911490126CE60C1F8403507
:1023F0004FF48033C1F84001C4F84001C4F840559F
:10240000C4F844330A4B4FF00041C3F80415044BA1
:102410001A6370BD01F11503C4E74FF0FF30F8E710
:1024200018470020641E030000B0004000800040F8
:1024300000F001402F49304AC879304BF0B13048A4
:10244000C3F8040503F56043C3F80C05C3F8102571
:102450002C4AC3F814252C4AC3F804252B4AC3F888
:1024600008250022C3F80022C3F80821C3F804217C
:1024700001221A6003F580334FF00072C3F804257F
:102480000B7A83B3224B0322C3F80025214AC3F8F9
:102490000825214AC3F814250022C3F80021C3F8F7
:1024A0000421C3F808211D4B4FF41002C3F808257E
:1024B0000123CB700022114B8A714A730821C3F8A3
:1024C0006015C3F80421C3F81421C3F82821C3F808
:1024D0001C21C3F8302140F25312C3F8002202221B
:1024E000C3F804237047CB79002BDCD1084AC2F82B
:1024F0000035D8E7184700201345002000100040A1
:102500000C4400200043002001000001DC420020B8
:1025100000F00040984200202847002000F00140D1
:102520000A4B43F2FF42C3F8082301210022C3F8FB
:102530000022196103F5F0330549C3F80815054B6E
:102540000221C3F88011044BDA707047001000407C
:102550003000B08200E100E01847002070B5154C53
:10256000236801332360E6F719FA134B0122002692
:10257000DA60C3F84025C3F840610546FEF79EFEC9
:102580000E4A03304FF48031C2F84061C2F8400572
:10259000C2F8441302F5A0324FF00041C2F804150E
:1025A0002368074A013B106323602846BDE870405A
:1025B000E6F7FAB9B81A00200080004000B00040E9
:1025C000184700202DE9F0418B684D79B3F800E001
:1025D0000A8AAEEB05050E46043D0F46AA42944614
:1025E00028BFAC462CF0030C3968A7F806C0A2EB54
:1025F0000C02E046444603E050F8083041F8083049
:10260000B8F10408F8D500190919032A03D8A5EB75
:102610000C05AA4202D9FF687546DFE7FB88134420
:10262000FB8001E0835C8B54013AFBD5034906F142
:1026300018001022BDE8F04109F02ABB3047002005
:1026400030B5164B01289C7A154B05BF154AD3F8B7
:102650004835D3F84035525C13480CBF99332833C2
:102660001A44124B1B5D28331A440D4BC3F84C25FA
:102670000022C3F84C210E4A30241021C0F8044532
:10268000C2F8041301215964D3F84455D3F84C35EA
:102690009D4284BFC0F80845116130BD1847002035
:1026A00000800040601E030000F001405C1E03003B
:1026B000001000402DE9F0473F4F404DDFF82081EA
:1026C0003F4840F201137B812823BB703D4B00241F
:1026D000012643F2FF423E73BC734FF00309C3F877
:1026E000FC4FC3F8FC6FC3F80823374AC3F81095B2
:1026F000C3F81425354AC3F81825D3F850263243B9
:10270000C3F8502640F20312C3F82C45C3F83065D5
:10271000C3F8342540F25B62C3F838259622C3F82B
:1027200044254FF0FF3A4FF04063C8F804354FF4AA
:102730008672C5F808A32146C5F80062C5F80841AD
:1027400008F048FB224B3C61C5F80835214BC5F821
:1027500008A30422C5F80041C5F80441C5F80841A2
:10276000C5F804455E601E61C3F80895C3F80445CA
:10277000C3F81025A3F5DD437C3BC8F8303503F5DD
:10278000DE434833C8F8343503F58073C8F838356C
:10279000114D1249A3F5E2433C3BC8F83C353046A5
:1027A00085F80143E6F7E6F802232B603B7803B98E
:1027B0003E700020BDE8F0871847002000F0004080
:1027C000004300200010004008011000FF00030239
:1027D000984200200080004000E100E05D290200F6
:1027E00000F00140F8B50F4C07460E461546194655
:1027F0001022204609F04CFA0822294604F119005B
:102800002761666109F044FA9DF818302376064B7B
:102810000122DA71054B0022C3F800250222C3F819
:102820000025F8BDDC4200201847002000F00040E1
:10283000024B186159611A76704700BFDC420020D4
:10284000074B4FF00072C3F80825064A0123936036
:102850000023C2F80831C2F80035034AD37170472B
:1028600000F0014000F0004018470020014BC3E990
:102870000A10704718470020032812DC1DD00028DA
:1028800011DA031D11DA10F1080F11DA10F10C0F33
:1028900011DA10F1150FCCBF6FF013006FF02700A5
:1028A000704704207047002070476FF003007047A6
:1028B0006FF0070070476FF00B00704708B5FFF727
:1028C000DBFF034BC3F80C05024B5870002008BD1A
:1028D0000010004018470020014B9873704700BF5C
:1028E00018470020272810B522D8124B0C02C3F835
:1028F0001C45D3F8244524F0FF0444EA1164C3F8CE
:1029000024450D4C6161D3F8741721F0807121F0DA
:10291000010141F08071C3F87417C3F83C25074AE0
:10292000A070125CC3F80825C3F85405002010BD40
:102930000320FCE70010004018470020681E030039
:10294000054B01225A601A6103F540534FF480325F
:10295000C3F84823FFF7E4BD00800040F8B59F4B63
:102960009F4CD3F8085315F0020F03D0D3F804217D
:10297000002A6ED1EF0600F1E3802B0763D5974B59
:10298000D3F80C21002A5ED00022C3F80C210822C3
:10299000C3F80823934A4FF40011C2F80815D3F87E
:1029A0004815A27B521A2277D3F830318E49DBB218
:1029B0000879E3B1238B43F080022283E279B2B13C
:1029C0008A4A28B1D2F8005415B943F0A0032383F2
:1029D000D2F808311BB1238B23F080032383834B70
:1029E000D3F804311BB9238B23F080032383804A5F
:1029F000A57F804ED2F84835755D7F4E6E335B1BE8
:102A0000A57A755D5B1BC2F84035764D0023C2F890
:102A100040314FF480160123C5F80465D364D2F821
:102A20004C75D2F84025974284BFC5F8086563719C
:102A3000CB7848710B7171487149F7F797FC002802
:102A400001DAFFF77DFF00236371644BD3F8003296
:102A5000F8BD00261222C3F80461C3F80823614BB5
:102A60003022C3F80825F7F729FDA378A27A20833E
:102A7000A3766448216B2162012363775C4BA277C4
:102A8000E676825CD3F844652832964238BF1E361B
:102A9000A6EB020638BF01F1FF31304638BF216393
:102AA000FEF710FC0746FEF713FC301A226A1F28B7
:102AB00008BF01373A4408BF0020C4E90820474A4C
:102AC000D2F85035D2F8281141B9002BF8D143F291
:102AD000FF41C2F80813C2F800324BE7237AE3B192
:102AE0004148C3785E0618D503F00F03D91F4B4247
:102AF0004B415B00D91C01443C48C0F81015002133
:102B0000C2F8281137494FF40000C1F80405617B71
:102B1000083301EBC303C2F86035394AA1783A485B
:102B2000F7F7FAFB002808DB0123A3712B4B0822DF
:102B3000C3F8042325F010051FE7FFF701FFF9E7AD
:102B4000264BD3F81021002A3FF417AFE278012A70
:102B500005D10020C3F81001F7F78EFB0DE7002A1E
:102B60003FF40BAFE179A77A00221020C3F81021BF
:102B7000C3F80803C3F80C21D3F8003229B11B4B6A
:102B8000D3F8081109B1C3F80821E36A0BB1A06AB0
:102B900098472379164E022B17D1FFF74BFC0022E2
:102BA00039460120FFF74CFD184BD6F84825DB5D70
:102BB0006C321344C6F840350023C6F84031094B47
:102BC0004FF40012C3F80425D7E601237360336184
:102BD000044B0F4AC3F80825CFE600BF00100040A1
:102BE0001847002000F001401045002000F0004090
:102BF00000800040581E0300641E0300144500209E
:102C0000304700205C1E030013450020601E0300B7
:102C10003000108010B5FFF7ABFB0D4BD3F85025FB
:102C20004AB1D3F8502502F00702022A03D0FFF779
:102C300087FE012010BD002443F2FF42C3F80823A1
:102C4000C3F80C41C3F81041FFF7F4FB2046F1E74D
:102C50000010004038B50C4D4FF48013C5F808350E
:102C60000022FFF795FB044610B1FFF777FC012423
:102C70004FF40013C5F80435FFF7CCFF10B9002C52
:102C800018BF062038BD00BF00F0014008B50B4B4F
:102C900001225A601A6103F540534FF48032C3F8A1
:102CA0004823FFF73DFCFFF759FC054B4FF400129A
:102CB000C3F80425BDE80840FFF7ACBF0080004022
:102CC00000F0014010B5094C4FF40013C4F808356A
:102CD0000122FFF75DFB18B1FFF732FE052010BDA2
:102CE0004FF48013C4F80435F9E700BF00F0014049
:102CF0002DE9F743304D95F8059080461646084675
:102D0000B9F1000F05D0FFF71BFE052003B0BDE8A9
:102D1000F083FFF72DFB294B294AC3F80825EA79F0
:102D2000284FA3F58033002A3DD00122C3F80022AA
:102D3000254C264AC3F80C45C3F81075C3F8142572
:102D40004FF08072C3F80891C3F80425204AC3F8F5
:102D5000082501460DF10702E01CC0479DF8073029
:102D600023700023A370EB79607013B1194B01221B
:102D70001A60194900230322C1F80475C1F8003113
:102D8000C1F80C31C1F81031C1F800221022C1F88D
:102D900004232E716872D1F850250B2A08D0022224
:102DA000EA701846B2E70D4AC3F808253C46D0E75A
:102DB000FFF7C6FD0120A9E71847002000F00140F9
:102DC00030008002144600200C4400200043002004
:102DD000DC42002000F0004000100040984200203B
:102DE000014B5869704700BF18470020014B987984
:102DF000704700BF18470020024BD3F85005C0B2FF
:102E0000704700BF00100040FB207047044B1A7849
:102E1000044BC3F80425044B01221A72704700BF0B
:102E20009442002000F0004018470020014B00228F
:102E30001A72704718470020002001F065BD01F0AC
:102E40008DBD000013B5936818681446F5F7BEFCF5
:102E5000B0F5285F05D042F60123984210D00E202D
:102E60000CE02378E3B91148646808F02FFF0F499C
:102E700082B22046FEF7DDFAA8B9002002B010BDEC
:102E800023786BB90A4B60681B88ADF806300222C4
:102E90000DF10601FEF7CDFA002818BF1120EDE76D
:102EA000012BDCD1E9E71120E8E700BFD4000020C6
:102EB0004C47002070B5054608F008FF1F2804465F
:102EC00008DC054E02462946304608F0E1FE0020A7
:102ED000305570BD0320FCE7D4000020014B188062
:102EE000002070474C47002010B5044C2046F2F7F4
:102EF000C9F92046BDE81040F2F7A0B9901E0300C2
:102F000010B504215068FEF7C9FC044650B1064BC9
:102F10001988FFF7B0F8054BA01C1988FFF7ABF82C
:102F2000002010BD0620FCE7504700204E4700203F
:102F300010B5044C2046F2F7A5F92046BDE8104034
:102F4000F2F77CB9B01E030007B50022114601203C
:102F5000F5F749FD38B16846FFF72CF930B90DF1A6
:102F60000100F5F7C5FC03B05DF804FB1520FAE796
:102F700008B5024650B1FFF7E7FF15280FD1002230
:102F8000BDE8084011461046F5F72DBD0146F5F79E
:102F90002AFD152803D1BDE80840FFF7D5BF08BDBD
:102FA00070B5C2B00D461646014616AA68461C46C4
:102FB00000F0BBFB10B9112042B070BD324629466B
:102FC000684600F0DDFB0028F5D06946204600F099
:102FD00041FC0028EFD00020EEE708B5F5F703FB31
:102FE000B0FA80F0400908BD2DE9F04196B00D46D9
:102FF00020211F46144680461C9EF5F7DCFA20214E
:103000002846F5F7D8FA20461021F5F7D4FA202201
:10301000414605A8FFF766F8202229460DA8FFF7CC
:1030200061F82146102201A88DF85470FFF75AF874
:103030003346412205A901A8FFF7B2FF044658B95B
:1030400010213046FFF73DF810213046F5F7B3FA6E
:10305000204616B0BDE8F0811124F9E72DE9F04FC4
:103060009BB03D4CDDE927989A460CAB07460E46CF
:10307000154604F1300C9B46206861681A4603C26D
:10308000083464451346F7D12068106022791A711C
:1030900020213846F5F78FFA10213046F5F78BFAE4
:1030A00010212846F5F787FA2022394604A8FFF7B1
:1030B00019F82A486B46202204A9FFF771FF20B1B6
:1030C000112420461BB0BDE8F08F10216846F5F7AB
:1030D00072FA102231460DF13500FFF703F8102285
:1030E00029460DF14500FEF7FDFF24998DF855A006
:1030F00006220DF15600FEF7F5FF9DF89430269953
:103100008DF85C3006220DF15D00FEF7EBFF4B46BB
:10311000352259466846FFF743FF0028D0D11021D9
:103120004846F5F748FA10214846FEF7CAFF012342
:103130008DF830303522434659466846FFF730FF58
:1031400004460028BCD140461021F5F734FA10217E
:103150004046FEF7B6FFB4E7B01F0300D01E0300E1
:103160002DE9F04F97B00E4610211C461546DDE9BB
:103170002497DDF888A0DDF880B08046F5F71BFACB
:1031800010213046F5F717FA10212846F5F713FA03
:1031900020461021F5F70FFA03215846F5F70BFAF0
:1031A000012121A8F5F707FA06215046F5F703FAA1
:1031B000012123A8F5F7FFF906214846F5F7FBF9A9
:1031C0001022314605A8FEF78DFF1022294609A8D6
:1031D000FEF788FF214610220DA8FEF783FF032289
:1031E000594611A8FEF77EFF9DF884308DF84730D0
:1031F0000622514612A808F04BFD0622514612A89D
:10320000FEF770FF9DF88C308DF84E30062249464F
:103210000DF14F0008F03CFD062249460DF14F002C
:10322000FEF760FF1022414601A8FEF75BFF3B4618
:10323000412205A901A8FFF7B3FE044658B91021A1
:103240003846F5F7B8F910213846FEF73AFF204620
:1032500017B0BDE8F08F1124F9E70000F0B50E4675
:1032600099B020211D4614460746F5F7A4F9202100
:103270003046F5F7A0F920461021F5F79CF910210A
:103280002846F5F798F92022394604A8FEF72AFFC8
:10329000202231460CA8FEF725FF1022294614A84B
:1032A000FEF720FF214610226846FEF71BFF6B4603
:1032B000502204A96846FFF773FE044680B9102126
:1032C0006846F5F778F903A8FEF7F8FE054BB0FB62
:1032D000F3F202FB13001E9B1860204619B0F0BDEC
:1032E0001124FAE740420F0070B5A0B00E46154613
:1032F0000146202210A81C46FEF7F4FE202231468B
:1033000018A8FEF7EFFE20220DEB02002946FEF77B
:10331000E9FE0C4910A801F0A9F9002802DA1120F1
:1033200020B070BD074B6A4608A910A801F00FFA3B
:103330000028F4D0204620226946FEF7D3FE002064
:10334000EEE700BF001F0300F0B5134F134E91B01E
:1033500005460C463A462146684601F0AAF901287E
:1033600018D120223146204607F00AFD0028F1D06E
:10337000202269462846FEF7B5FE20220DEB020109
:10338000A818FEF7AFFE20462021FEF79AFE002087
:1033900011B0F0BD1120FBE7001F0300E01E030089
:1033A000014800F039BB00BFDB2F0200CB78027868
:1033B000534003704B884278534043700A688378C7
:1033C00083EA122383700A68C3785340C370CB79B1
:1033D000027953400371CB884279534043714A6864
:1033E000837983EA122383714A68C3795340C37196
:1033F000CB7A027A53400372427A4B89534043722C
:103400008A68837A83EA122383728A68C37A534074
:10341000C372CB7B027B53400373CB89427B534007
:103420004373CA68837B83EA12238373CA68C37BAE
:103430005340C373704700000449431E0F3013F814
:10344000012F8A5C1A708342F9D17047E51F03008F
:103450001FB502788DF8002042798DF80120827A1C
:103460008DF80220C27B8DF8032002798DF80420AC
:10347000427A8DF80520827B8DF80620C2788DF87F
:103480000720027A8DF80820427B8DF80920827887
:103490008DF80A20C2798DF80B20027B8DF80C2064
:1034A0004278C37A8DF80D2082798DF80E208DF840
:1034B0000F3010236A46194600F0ECF805B05DF8AD
:1034C00004FBF8B5064608780C4600F0F2F805460D
:1034D000607800F0EEF8A27863785340E2785340C9
:1034E0005D40684030706078277800F0E2F805466B
:1034F000A07800F0DEF8A3785F40E3785F407D407D
:103500006840707063782778A0785F4000F0D1F849
:103510000546E07800F0CDF8E3785F407D406840F4
:10352000B070207800F0C5F8627823785340A27814
:10353000534080EA0305E07800F0BBF8EDB2454067
:10354000F570F8BDF0B5264E07460C460FCE8DB08F
:1035500001AD0FC50FCE0FC596E8070085E807003F
:103560003846002F38D0002C38D0381F214602466C
:1035700010344B780D781B0443EA0563CD782B4358
:103580008D78043143EA05238C4242F8043FF0D1A0
:10359000144C04218A07036916D1C3F30742A55CC2
:1035A0001A0EA25C42EA0562C3F30725DBB2655D31
:1035B000E35C42EA054242EA032221F0030330338E
:1035C0006B4453F82C3C534050F8042F01315340C6
:1035D0002C290361DED101200DB0F0BD2046FBE7B0
:1035E000E8200300E51F030070B5144688B00546C7
:1035F000002849D0002949D0002A49D010230A4682
:103600006846194600F046F821466846FFF7CEFEA8
:10361000103401F1A0066846FFF70EFF6846FFF779
:1036200017FF694604A8FFF74CFF01A905A8FFF79B
:1036300048FF02A906A8FFF744FF03A907A8FFF760
:1036400040FF102319460DEB0302684600F022F8F4
:10365000214668461034FFF7A9FEB442DBD1FFF7DC
:10366000EBFE6846FFF7F4FE21466846FFF79EFE34
:10367000102319466A46284600F00CF868461022C6
:10368000002100F014F8012008B070BD0846FBE7E7
:103690001046F9E738B50D46AB4211461C4604D832
:1036A0001A4608F0F5FA204638BD0024FBE707F07B
:1036B00091BBC30903EB430303EBC30383EA40005D
:1036C000C0B2704710B50A460F3012F9103B002BFC
:1036D000ACBF0023872312F8014D83EA44038A42DA
:1036E00000F8013902D01378DB09F4E710BD08B502
:1036F00020B158220021FFF7DAFF012008BD10B5E4
:10370000044688B110220021FFF7D1FF102204F1F6
:1037100030000021FFF7CBFF0023636400224FF449
:103720008033C4E91423012010BD70B504460D4652
:10373000164610B311B358220021FFF7B8FF2946EF
:10374000A6643046FFF7FEFE102200212046FFF758
:10375000AEFF04F11005A26C21462046FFF744FF9E
:1037600021462846FFF7AEFF294604F12000FFF767
:10377000A9FF2046FFF7C3FF012070BD0846FCE704
:103780002DE9F0410E4615460446002860D0FAB1F6
:1037900000295DD0D0E9143253EA020158D0013B30
:1037A000D0F8448042F1FF32C0E91432B8F1000F82
:1037B0002CD0C8F1100708F13000BD4220440AD2D5
:1037C0002B4632462946FFF765FF636C2B44636442
:1037D0000120BDE8F0813B4632463946FFF75AFFEB
:1037E000103D0023636445443E44631E04F10F0111
:1037F00013F8012F93F830008B4282EA00021A700E
:10380000F6D1A26C21462046FFF7EEFE04F10F0729
:10381000102D0AD8002DDBD02B463246294604F164
:103820003000FFF737FF6564D2E7631E711E13F89F
:10383000012F11F8010FBB4282EA00021A70F6D183
:10384000A26C21462046FFF7CFFE1036103DDFE781
:103850000020BEE770B50C460546E8B169B34A6C76
:10386000102A1AD11031631E013904F10F0013F828
:10387000012F93F83060724011F8016F984282EA8C
:1038800006021A70F3D1A26C21462846FFF7ACFE5F
:103890002046FFF72CFF012070BD02F1300000210F
:1038A000C2F110022044FFF702FF636C2344802220
:1038B00083F8302004F12001D5E70846ECE7F0B5A5
:1038C00000240646204665B2AB4200DCF0BD51F84C
:1038D000247052F824503D440544AF4218BF0020E4
:1038E00046F8245088BF40F001000134EBE700EBBC
:1038F00081010023884200D3704751F8042D43EA28
:1039000052030B60D307F5E770B5036813F00106A7
:103910000546144605D013460A460146FFF7CFFF79
:10392000064621462846FFF7E2FF46B104F18042F1
:10393000013A55F8223043F0004345F8223070BD7B
:103940002DE9F74F4FF0000C0092654664464FFAA0
:103950008CF94B4516DC4FF0FF3606EB430601961B
:103960004FF00008019A53FA88FE4FFA8EFE9645F2
:103970005FFA88F629DB00EBC30040F8044C03B083
:10398000BDE8F08F009A4FF0000E02EB8C0AF04673
:1039900051F82E705AF80469A6FB076736190EF124
:1039A000010E6F4134464FFA8EF64FF0000B28BFE0
:1039B0004FF0010B4E45D8443D46E9DD40F82C4020
:1039C00045460CF1010C3C46C1E7009A0136A94678
:1039D00076B202EB8E0A002577B2BB4205DC40F8D6
:1039E0002E4008F101084C46BCE76FF0030202FBD1
:1039F00006F751F826205AF80770A7FB027C3F19FA
:103A00005CEB090C4FF0000B28BF4FF0010B5D443D
:103A1000E1463C460136DFE7014B1860704700BFC6
:103A200054470020014B1868704700BF54470020DE
:103A3000002310B51C465AB2914200DC10BD40F87C
:103A400023400133F7E710B500231A465CB2A142C8
:103A500003DCB2FA82F0400910BD50F82340013374
:103A60002243F3E74A11012350F8220001F01F011D
:103A70008B40184070474B1E10B55BB2041D1A06F0
:103A800003D45A1E54F8221061B101335BB25BB10A
:103A900003F18042013A50F82220B2FA82F2C2EBDE
:103AA000431010BD1346EAE71846FAE710B50023A5
:103AB0005CB2A24200DC10BD51F8234040F8234024
:103AC0000133F5E710B5013A52B2130601D50020D3
:103AD00010BD50F8224051F822309C4205D802F126
:103AE000FF32F2D24FF0FF30F2E70120F0E730B5BD
:103AF000013A52B20023140603D5181E18BF012044
:103B000030BD50F8224051F822506C402343013A16
:103B1000F1E7F0B5002406469C46204665B26545AF
:103B200000DBF0BD51F8247052F824303D1AED1A34
:103B3000AF4218BF002046F8245038BF40F00100C3
:103B40000134EBE7F0B5082289B0FFF7AFFFCB6A8D
:103B500003930B6B04934B6B05938B6B0693CB6BAF
:103B6000079313466A460C46064600271146104640
:103B7000CDE901770097FFF7A2FE314605463046B2
:103B8000FFF79DFE216B0391616B0491A16B059181
:103B9000E16B0544CDE9061710461146FFF78FFE8D
:103BA000314605443046FFF78AFE0544206A0090FE
:103BB000606A0190A06A0290A06B0690E06B07908B
:103BC0003046CDE904770397FFF779FE0544606A34
:103BD0000090A06A0190E06A0290A06BD4F834C013
:103BE0000490E06BCDF80CC0CDE9050C206A07907D
:103BF0003046FFF764FE0544E06A0090206B0190B8
:103C0000606B0290206A0690A06A07903046CDE96A
:103C100004770397FFF77DFF236B0093636B01939A
:103C2000A36B0293E36B0393636A0693E36A0793C0
:103C30002D1A08233046FFF76CFF636B0093A36BCC
:103C40000193E36B0293236A0393636A0493A36A69
:103C5000CDE90537236B07932D1A08233046FFF76C
:103C600058FFA36B0093E36BCDE90137636A0393BD
:103C7000A36A0493E36A0593636B07932D1A0823E1
:103C80003046FFF746FF2D1A10D40D4C35B90822E7
:103C900031462046FFF716FF01280FD008232246A1
:103CA00031463046FFF735FF2D1AEFE7044A082367
:103CB00031463046FFF703FE2D18F8D409B0F0BDA9
:103CC0001821030070B59DF910601D463346044667
:103CD000FFF7F5FD30B9324621462846FFF7F2FEE0
:103CE000012807D033462A4621462046BDE87040C9
:103CF000FFF70FBF70BD70B59DF910601D463346CC
:103D00000446FFF706FF38B133462A4621462046CF
:103D1000BDE87040FFF7D3BD70BD2DE9F04FA5B0F1
:103D20001D4614ABCDE902310190294610461746D5
:103D3000FFF7A1FEC0EB851424B2002C2146B8BFCA
:103D400004F11F01634203F01F0341F3471104F024
:103D50001F0604A858BF5E42FFF76AFE002E4FEA16
:103D600081002DDD04AB00221844C6F1200E13465D
:103D70009D421AD804AB03EB850300936F1E24AB5E
:103D80004FEA45084FEA8509012603EB8707002C17
:103D900053DA24AB03EB8606019856F8881C2A46B2
:103DA000FFF784FE25B0BDE8F08F57F823C00CFA6A
:103DB00006F10A4340F8042B01332CFA0EF2D7E740
:103DC00004AB2A4639461844FFF770FED2E75AF88A
:103DD000883C53F8202024AB03EB80030CF1010C4A
:103DE00053F8803C0B44D31A34BF4FF0010B4FF013
:103DF000000B9A425EF8882C42F8203018BF5946D2
:103E00004FFA8CF04045E2DB731A5E42294604A863
:103E10005E41FFF76CFD09F190036B44009853F885
:103E2000802C57F8803C294643EAC273013C47F88E
:103E3000803C24B2FFF75BFDA9E724AB4FF0000CF8
:103E400086F0010E614603EB860A03EB8E0ED7E780
:103E500030B51C4691B0054693F900306846FFF72F
:103E60006FFDD4F8AC3069462846984711B030BD94
:103E700013460A46FFF7ECBF2DE9F04793F90060BF
:103E800092B0044689461046314615461F46FFF754
:103E9000DAFD002840F091803A46494602A8FFF733
:103EA000E7FF3B4602AA21460AA8FFF7D1FF02A975
:103EB00008463A46FFF7DCFF3B462A464946484655
:103EC000FFF7C6FF07F104083A4629462846FFF7E0
:103ED000CFFF43462A46214620460096FFF7F2FED2
:103EE00043462A46294628460096FFF7EBFE4346FE
:103EF0002A46214628460096FFF7FDFE3B462A4605
:103F000021462046FFF7A4FF434622462146284685
:103F10000096FFF7D7FE434600962A4621462046E4
:103F2000FFF7D0FE2368DB074AD5334642462146D9
:103F30002046FFF7C4FC314682462046FFF7D7FCF7
:103F400006F18043013B54F8232042EACA7244F848
:103F500023203A4621462846FFF78AFF43460AAA0D
:103F6000294628460096FFF7C6FE43460AAA294678
:103F700028460096FFF7BFFE0AA9084643462A4690
:103F80000096FFF7B8FE3B460AAA21462046FFF7F7
:103F90005FFF02AA4346104621460096FFF7ABFE9C
:103FA000324629462046FFF781FD49462846FFF75D
:103FB0007DFD02A94846FFF779FD12B0BDE8F08704
:103FC00031462046FFF793FCC3E72DE9F041154643
:103FD0008AB004460E461C22002103A806F0FAFE11
:103FE0002F1D95F9008003232A463146204602936F
:103FF000FFF73EFF3B4602AA21462046CDF800804F
:10400000FFF779FE2B46324621462046FFF720FF78
:10401000CDF800803B4605F1840221462046FFF79B
:1040200051FE0AB0BDE8F0812DE9F0479AB016467E
:10403000DDF888804446994614F9045B00950746EC
:104040008A4623460246314602A8FFF754FE02A9DB
:1040500042460846FFF70CFF434602AA3946384657
:10406000FFF7F6FE434602AA31463046FFF7F0FE60
:1040700023465246494602A80095FFF723FE2346F1
:104080005246494648460095FFF735FE23463A46D4
:1040900031460AA80095FFF72EFE43460AAA51466C
:1040A0005046FFF7D5FE2346324639460AA800950A
:1040B000FFF708FE424649463046FFF7D9FE234641
:1040C0000AAA314630460095FFF715FE23463246D0
:1040D000394612A80095FFF70EFE434612AA49463C
:1040E0004846FFF7B5FE23465246494648460095E6
:1040F000FFF701FE424602A912A8FFF7B9FE12A976
:1041000023460AAA08460095FFF7F5FD23463A46DE
:1041100012A90AA80095FFF7EEFD0AA9434602AAD4
:104120000846FFF795FE234652460AA950460095D9
:10413000FFF7E1FD2A4612A93846FFF7B7FC1AB08F
:10414000BDE8F087F0B50F46A1B0064619463846DF
:1041500015461C46FFF777FC28B1304621B0BDE874
:10416000F040FFF765BC224639466846FFF79EFCE3
:10417000294608A8FFF79AFC10A82146FFF758FC2B
:10418000012318A81093FFF753FC224608A968469C
:10419000FFF798FC30B9224610A93046FFF786FC9D
:1041A00021B0F0BD009BDA0709D421466846FFF72D
:1041B0009EFB2246294610A8FFF7A6FBE5E7089BD1
:1041C000DB0707D4214608A8FFF791FB22462946C2
:1041D00018A8F1E7002823461CDD08AA69466846AE
:1041E000FFF797FC21466846FFF781FB224618A996
:1041F00010A8FFF767FC002805DA10A923462A4615
:104200000846FFF75CFB10A9234618AA0846FFF7EB
:1042100080FCCEE76A4608A8FFF77BFC214608A889
:10422000FFF765FB224610A918A8FFF74BFC0028F2
:1042300005DA18A923462A460846FFF740FB18A9C5
:10424000234610AA0846FFF764FCBFE70978490037
:1042500049B2FFF7F8BBF0B5154689B01C460746D2
:104260000E461A4629466846FFF702FE23466A466E
:1042700039463846FFF7ECFD23462A46694668462C
:10428000FFF7E6FD23466A4631463046FFF7E0FD7C
:1042900009B0F0BD2DE9F0478AB01446DDF848A01A
:1042A00055461F4615F9046B0096804689462B46F5
:1042B0000246214602A8FFF71EFD02A95246084603
:1042C000FFF7D6FD534602AA41464046FFF7C0FD20
:1042D000534602AA21462046FFF7BAFD2B464A461E
:1042E000394638460096FFF706FD5246394602A881
:1042F000FFF7BEFD02A92B46424608460096FFF78F
:10430000FAFC02A92B46224608460096FFF7F3FC6A
:104310002B464246214620460096FFF7ECFC5346CA
:10432000224649464846FFF793FD2B4602AA4146DE
:1043300020460096FFF7DFFC5346224639463846B2
:10434000FFF786FD2B464A46394638460096FFF76A
:10435000D2FC324602A92046FFF7A8FB0AB0BDE80E
:10436000F0872DE9F04FAFB09146399C039094F956
:10437000006016A832461D46FFF798FBB300049371
:1043800001EB86030F4626A819460293FFF78EFB22
:10439000002D7FD0294606A8FFF788FB324616A9D4
:1043A0000EA8FFF783FB26A91EA8FFF77FFB234675
:1043B00006AA16A8FFF74FFFD4F8A450234606AA72
:1043C00026A916A8A847234606AA1EA90EA8FFF7E5
:1043D00042FFBDF9E050023D2DB2002D61DCD9F85D
:1043E0000050009405F001050EAB03EB45181EAB21
:1043F00003EB45190EAB85F0010503EB451A1EAB27
:1044000003EB45152B4652464946404604F1040B42
:10441000FFF70AFE5B460EAA16A906A80096FFF74C
:104420006AFC06A923464A460846FFF711FD06A97D
:1044300023463A460846FFF70BFD06A933465A467F
:104440000846FFF77FFE06A9029A23460846FFF7B3
:10445000FFFC06A9234642460846FFF7F9FC4B46F7
:104460004246294650460094FFF714FF234606AA09
:104470001EA90EA8FFF7EFFE039832460EA9FFF71C
:1044800015FBDDE903031EA91844FFF70FFB2FB04E
:10449000BDE8F08F314606A8FFF7CAFA012306935C
:1044A0007CE729464846FFF7DDFA002814BF0121C2
:1044B00000210EAB03EB411B1EAB03EB41110CBF04
:1044C0004FF001084FF000080EAB03EB481A1EAB8B
:1044D00003EB481843465246584600940591FFF7AF
:1044E000A3FD059900940B465A4641465046FFF7F6
:1044F000D1FE013D70E72DE9F843B3F9029019F1BF
:104500001F0648BF09F13E060F4603F1240546F396
:1045100047160146904633462A463846FFF7CFF9FC
:10452000044690B9B9EB461F06DA49463846FFF70C
:1045300099FA041E18BF012433462A4639464046DC
:10454000FFF7BDF92046BDE8F8830124F4E730B554
:10455000144695B005460CAA2346084604A90291C4
:104560000392FFF7C8FFB0FA80F301945B0914AA25
:1045700002EB8302638801331BB2009352F8482C8C
:10458000002304F144012846FFF7EBFE21462846AC
:10459000FFF75CFEB0FA80F0400915B030BDF0B511
:1045A00000254F1E6CB28C4205F1010500DBF0BD09
:1045B0003B1B23F0030603F003039659DB0026FAA6
:1045C00003F30355EEE7F8B50E46D11C48BF911D25
:1045D00041F387011446FFF72BFA0025671E6AB2E4
:1045E000A24205F1010500DBF8BDBB1A23F003016F
:1045F000B25C03F00303DB009A404358134343507B
:10460000EDE7F0B591B091F9006005460C46FFF773
:104610001DFE28BB271D324629463846FFF752FAB1
:10462000012820D1324605EB86013846FFF74AFAC9
:10463000012818D122466846FFF71AFCD4F8A830A2
:104640002246294608A89847324608A96846FFF737
:104650004EFA002814BF6FF00200002011B0F0BD28
:104660004FF0FF30FAE76FF00100F7E7F0B50C46C6
:1046700091F9017091B02646014605463A466846D2
:10468000FFF7A1FF16F9440B3A46E9190DEB80003C
:10469000FFF799FF102231466846FFF713FA28B159
:1046A00021466846FFF7ADFF11B0F0BD6FF0030083
:1046B000FAE72DE9F0410546A8B00F46144640261A
:1046C00002F12408FFF7AEF9034600283DD040214F
:1046D00008A89847C8B3B4F9022012F11F0348BFD5
:1046E00002F13E0308A94246684643F34713FFF729
:1046F00014FB2246694618A8FFF729FF18B3B4F93E
:104700000230D91D48BF03F10E016A46C910384670
:10471000FFF745FF94F9011018AA2846FFF73FFF5D
:1047200094F9011094F9002018AB03EB8202681889
:10473000FFF735FF20220021684606F04BFB0120E1
:1047400028B0BDE8F081013EBCD10020F8E72DE99A
:10475000F0471C4693F9017093F900A0B3F90230B9
:10476000A4B09046DA1D48BF03F10E0204AD8146A5
:104770000CAE2846D21002950396FFF724FF3A4666
:10478000494614A8FFF71FFF14AB09EB070103EB21
:104790008A003A46FFF717FF234632462946284645
:1047A000FFF7A9FEB0FA80F3019424AA5B0902EB9B
:1047B0008301638801331BB2009351F8882C14A93C
:1047C00000230846FFF7CDFD14AA39464046FFF7FF
:1047D000E6FE214614A8FFF739FD02AF0446082281
:1047E0000021384606F0F6FA20220021304606F075
:1047F000F1FA20220021284606F0ECFAB4FA84F0FF
:10480000400924B0BDE8F0870649074A074B9B1AC8
:1048100003DD043BC858D050FBDC02F041F8E3F75D
:1048200049FD00003C280300000000200002002099
:10483000FEE7FEE7FEE7FEE7FEE7FEE7FEE7FEE750
:10484000FEE7FEE738B5074C051EA4F1080308BFD4
:104850001C4623682BB11A6822605B68284698477B
:10486000F7E738BD6847002020B9054B01225A7090
:10487000FFF7E8BF012802D1014A9070F8E77047BE
:104880005847002038B5094C23786BB90848636055
:10489000A3602361E36000F075F8054600F07EF840
:1048A00001232370284638BD8525FBE758470020A3
:1048B0006948020038B5134CA378054603F0FF00A1
:1048C00073B115B16B6801209847002001F0B4FF67
:1048D000E3680133E360BDE83840002001F0AEBF7B
:1048E00001F0AAFF25B1226913463BB92A60256170
:1048F000E368002BECD100F063F8E9E79D42F7D0C4
:104900001B68F2E75847002038B5134C637805461A
:1049100003F0FF0073B115B16B68002098470020C9
:1049200001F08AFF636801336360BDE8384000200E
:1049300001F084BF01F080FF25B1A26813463BB9A6
:104940002A60A5606368002BECD100F065F8E9E708
:104950009D42F7D01B68F2E75847002038B5084C55
:10496000002001F069FF6368013B6360656815B969
:1049700000F062F86570BDE83840002001F05EBFCD
:1049800058470020044B0246187918B91A600122D2
:104990009A807047852070476C470020074B1A6843
:1049A000D2075FBFC02283F8002301221A604FF0B4
:1049B00080430122C3F81825704700BF00E100E0E2
:1049C00037B54FF080430022C3F80421D3F8042107
:1049D0000192019A0222C3F804230D4AD2F8FC0086
:1049E00040F08073C2F8FC300A4B1C6844F00101AF
:1049F00019605D685968491BB1F50A5FFAD31C60FC
:104A00004FF08043C2F8FC0001229A6003B030BD31
:104A100000ED00E0001000E04FF080430022C3F8FA
:104A2000002182B0D3F800210192019A0122C3F83B
:104A300004231A6002B070474FF080420123536094
:104A4000D2F80C3403F00113B3F1011FF8D0024B7C
:104A500000225A71704700BF6C47002007B54FF025
:104A60008043D3F800217AB10022C3F80021D3F8A3
:104A700000210092009A0122C3F808230F4B5879B5
:104A800010B95A711B6898474FF08043D3F804213E
:104A900082B10022C3F80421D3F804210192019AC3
:104AA0000222C3F80823054B1B68012003B05DF800
:104AB00004EB184703B05DF804FB00BF6C4700200F
:104AC00000F1804000F5C040002382B0036003681D
:104AD0000193019B02B07047800000F1A040D0F824
:104AE000003723F44033C0F80037D0F8003743EAEA
:104AF0000143C0F800377047C208012300F00700E7
:104B00008340885C03438B5470470000054B4FF093
:104B1000FF32072843F8202084BF1B1883F8482061
:104B2000704700BF7447002010B5174C94F85830F8
:104B300043BB04F12F032021FF22013911F0FF01B3
:104B400003F8012FF9D1C8B20131FFF7DFFF0C29BB
:104B5000F9D104220D48002106F03CF90C4BC0228B
:104B600083F8062340221A604FF4BE70FFF7A8FFB7
:104B7000084B4FF00042C3F80423012384F8583057
:104B8000002010BD0820FCE774470020C847002023
:104B900000E100E000600040034B93F8580000384B
:104BA00018BF0120704700BF744700202DE9F04175
:104BB000DFF8E08008EB0003044693F93030002B67
:104BC0000F4663DA8978C1F3400100290BBF08233F
:104BD00000230C260826B34202D10420BDE8F08150
:104BE00058F8230001304FEA83053AD108EB04005E
:104BF0005EB248F8232080F8306011B9434483F84E
:104C00004840BB7859070ED4DA072CD5A30003F12E
:104C1000A043D3F8002722F00202C3F800271C4962
:104C20002046FFF769FFBB783A789B0724D505F14A
:104C3000804303F5C0432402D3F8101521F4473113
:104C400021F44071C3F810151204D3F8101504F4C0
:104C5000F85402F4403214430C43C3F810450020CA
:104C6000BCE70133B7E77A7804F5E0734FF0A04171
:104C7000920041F82320D2E7083E48FA86F696F8DB
:104C8000503043EA821386F85030E8E70820A5E761
:104C9000C84700207447002038B51E4C251895F9E8
:104CA0003020072A16DD144494F848309B09032B62
:104CB0000BD14FF0A043D3F81015C14001F0010112
:104CC0000231BDE83840FFF707BF012B0CBF0221BE
:104CD0000321F6E7D3B2072B1BD8930003F18043DF
:104CE00003F5C043D3F8100540F00100C3F81005E8
:104CF00002F14000800080B2FFF7E2FE49B195F971
:104D0000303054F8233023B101239340024AC2F8D3
:104D1000043338BD74470020006000400E4B03444C
:104D200093F93020072A02DD0021FFF7D5BED3B268
:104D3000072B0FD8930003F1804303F5C043D3F84A
:104D4000101521F00101C3F8101501239340034A07
:104D5000C2F80833704700BF74470020006000406D
:104D6000F8B50446FFF7DAFF15490A1992F9303011
:104D700092F83020072A9FBF124A03F5A273002041
:104D800042F8230004F00702012393400E48E20892
:104D9000855C1D420AD004F5E0754FF0A04602275D
:104DA00046F82570855C25EA03038354214491F875
:104DB0003000FFF7ABFEFF2381F83030F8BD00BFB5
:104DC0007447002000600040C8470020084B03449F
:104DD00093F9300093F83030072B9DBF40308000AE
:104DE00080B24FF4BE7000F1804000F5C0407047C3
:104DF000744700202DE9F04F87B00024584D0394EC
:104E00004FF48072012102F1804303F5C0431B6817
:104E1000012B07D1D5F80433194203D090B2FFF724
:104E20004FFE0C430432B2F5907F4FEA4101EAD1C4
:104E30004B4BD3F87C31012B0AD14FF4BE70FFF7F6
:104E40003FFE4FF0A04344F00044D3F810350393E5
:104E5000E3B2D3B1434F01260025344210D0AB005A
:104E600003F1804303F5C043D3F81005D3F81015C0
:104E700057F8253023B1C1F30141C0F3042098470E
:104E80000135082D4FEA4606E7D1002C64DA0022EE
:104E90004FF0FF33CDE90423DFF8C890DFF8C88076
:104EA0000026374618F9014F631C46D0C4F3C203ED
:104EB00018336B440122E5B204F03F0A04F0070402
:104EC00002FA04F413F8042C224236D009EB0A0249
:104ED000AD0992F9302059F822B0BBF1000F08D18A
:104EE000032D2AD104A950460193FFF705FE019B2B
:104EF00001E0032DF6D00AF5E0714FF0A04213F85F
:104F00000C3C52F821102342C1F3014105D0022983
:104F100013D1032D0BD1294604E003290DD1032D14
:104F200005D102215046FFF7D7FD0136F6B2BBF19D
:104F3000000F02D029465046D8470137042FB1D17F
:104F400056B14FF0A043039AD3F810359A4203D0DC
:104F50000393049B0593A1E707B0BDE8F08F00BF62
:104F60000060004074470020C347002000F18040EB
:104F700000F5E040002382B0036003680193019BC9
:104F800002B07047F0B5544B544CD3F8043194F848
:104F90002E2085B0002B3BD04FF48270FFF7E6FF48
:104FA0002AB394F82F3013BB4B4AD2F80031002BB0
:104FB00032D04FF48070FFF7D9FF638B94F82D0047
:104FC000834250D921891B1A9BB289B26383CB1AC1
:104FD000616801EB4301C2F82C16C2F830064FF4A9
:104FE0008270FFF7C3FF3C4B01225A6014E06368F4
:104FF00002932389ADF80C30E36800218DF804108A
:1050000033BB2374236801A89847002384F82F300A
:1050100094F82E30002BC7D12F4BD3F810315BB151
:105020004FF48870FFF7A2FF0023237402238DF84A
:10503000043001A823689847274BD3F814310BB3E9
:105040004FF48A70FFF792FF0023237405B0F0BD80
:10505000208B608363602081E160002AD2D11E4BE7
:1050600001221A60CEE7BAD1E168012084F82F004E
:1050700031B100206083C2F82C16C2F83036AEE79A
:105080006183ACE766694FF000470125002EDDD053
:10509000B6FA86F227FA02F34632920026EA0306AF
:1050A00002F1804303F5E0431B68002BEED010466D
:1050B000A2F58C72FFF75AFFD30882F00402C2F304
:1050C00080028DF808308DF8045023688DF809208F
:1050D00001A89847DAE700BF00700040D0470020E1
:1050E00038B5204A92F82C300446002B37D1116095
:1050F0001D490078C1F8F0056078C1F8F405E07842
:10510000137482F82D30536182F82F3001256FF02F
:10511000004382F82E0082F82C504FF48270C1F8C0
:105120000833FFF723FF4FF48070FFF71FFF4FF4A2
:105130008A70FFF71BFFA3780C485B01DBB280F895
:105140000733802303600223C1F8043392F82E3022
:105150000BB1C1F80453C1F80055002038BD082038
:10516000FCE700BFD04700200070004000E100E0F5
:1051700010B52C4B1A7C02F0FF04002A4FD10A799B
:10518000012A9CBF284AC2F8004500F10C0403EB39
:105190004402127922B993F82D20013283F82D2090
:1051A00003EB4403CA791A710A7A5A714B788A78E8
:1051B0001B01120202F4E06203F0300313430A7889
:1051C00002F003021343CA78120302F4805213431D
:1051D0000A79120402F4E02213434A79120502F418
:1051E000801213438A79120602F0807213430E4A2A
:1051F00002EB0014000100F18040C4F8183500F5FE
:10520000E040CB790C7AC0F81445C0F810350B7922
:10521000012B9CBF0123C2F80035002010BD1120D6
:10522000FCE700BFD04700200070004038B5254A99
:10523000254B04461220C2F808031D7C022D03D121
:10524000C2F80403112038BD187C01281CD1D8688D
:1052500018B10223C2F80433F4E7DC60198393F831
:105260002E305BB9D2F80031002BFBD04FF48070A8
:10527000FFF77CFEC2F82C46C2F83016114B022212
:10528000C3F804230020DEE70220C2F80403002054
:10529000D86093F82E005C6001251D74198138B127
:1052A000598393F82D30C2F82C46C2F83036E9E71E
:1052B000C2F82C464FF48070C2F83016FFF756FE45
:1052C0001560DFE700700040D0470020074B197CD5
:1052D0000129CAB208D193F82E10054B11B11A60FA
:1052E000002070475A60FBE708207047D047002035
:1052F00000700040F0B51B4F8BB207EB001443EA7F
:105300000243C4F81C35184B40005C6900F1010CE5
:105310004FF0004611F5006F26FA0CF64FF08005AD
:1053200005FA00F50BBFB44334435C615C610CBF0C
:10533000C7F80853C7F8045340244FF00045596993
:10534000844025FA00F040F2FF75AA42054A0BBFDF
:1053500081430143596159610CBFC2F80843C2F847
:105360000443F0BD00700040D047002010B5124B40
:105370001A7CF2B900F10C0103EB4102127922B15F
:1053800093F82D20013A83F82D2003EB41030024EC
:105390009C80030103F1804303F5E0430749C3F810
:1053A000144540F2FF72C3F81045FFF7A3FF2046F3
:1053B00010BD1120FCE700BFD047002000F8FFFF20
:1053C000134B6FF0004270B5C3F80823114A8021D7
:1053D000C2F8801001229A6042F21072D3F81411C0
:1053E00009B9013AFAD10C4D0024C3F8004505F182
:1053F0001C062C7416F8143013B1E0B2FFF7B6FF98
:105400000134082CF6D1002385F82C3070BD00BF84
:105410000070004000E100E0D047002010B50446D5
:10542000E9F7E4F9A46BE9F7E9F9B4FA84F0400983
:1054300010BD70B51646026C856B044642B906680D
:105440009EB9406800F080FF66600135A56370BDBD
:105450006EB9806806F01CFCA368226C1344626875
:10546000A360934224BF2368A3600020EDE7C068D7
:1054700006F00EFC226CE36851429B1A2268E3603E
:1054800093423EBF63685B18E360022EEDD10DB11D
:10549000013DEAE72846D8E7034610B41A6C0846EF
:1054A0006AB1DC68596814448C4228BF1968DC6012
:1054B00028BFD960D9685DF8044B06F0E9BB5DF8F8
:1054C000044B704770B50446E9F790F994F84550DD
:1054D00004F124066DB2002D01DD636AB3B9FF2328
:1054E00084F84530E9F78AF9E9F780F994F84450EF
:1054F00004F110066DB2002D01DD23697BB9FF2395
:1055000084F84430BDE87040E9F778B9304600F0DF
:1055100027FE08B100F092FE013D6DB2DBE7304698
:1055200000F01EFE08B100F089FE013D6DB2E2E719
:1055300038B504460D46E9F759F9D4E90F31226828
:10554000A2604B43D0185B1A1A446060FF2300200E
:10555000A063E26084F8443084F845309DB9236943
:105560006BB104F1100000F0FBFD40B10A4B4FF0AD
:1055700080525A6040BFBFF34F8FBFF36F8FE9F780
:105580003DF9012038BD04F1100001F0B7FA04F133
:10559000240001F0B3FAF2E700ED00E0F8B50646AA
:1055A000484350300D461746E2F7EEFE044658B128
:1055B00065B100F15003C4E90F6523600121204665
:1055C000FFF7B6FF84F84C702046F8BD0346F2E7BB
:1055D00010B502220C460021FFF7E0FF00B1846302
:1055E00010BD00002DE9F04385B00027DFF8F090F2
:1055F000019204460E461D46B846E9F7F7F8A26B3D
:10560000E36B9A421AD22A4631462046FFF711FF31
:10561000636A1BB104F1240000F0A2FD40B1304BDD
:105620004FF080525A6040BFBFF34F8FBFF36F8F70
:10563000E9F7E4F8012005B0BDE8F083022DE2D0DF
:10564000019B1BB9E9F7DAF80020F4E717B902A8C3
:1056500000F0C0FDE9F7D2F800F0CCFBE9F7C6F89E
:1056600094F84430FF2B08BF84F8448094F8453008
:10567000FF2B08BF84F84580E9F7C0F801A902A80C
:1056800000F0B4FD30BBE9F7B1F8A26BE36B9A42CE
:105690000ED1E9F7B3F8019904F1100000F03CFDD8
:1056A0002046FFF70FFF00F037FC48B10127A4E7C1
:1056B000E9F7A4F82046FFF705FF00F02DFCF5E719
:1056C0004FF08053C9F8043040BFBFF34F8FBFF392
:1056D0006F8FEBE72046FFF7F5FE00F01DFCB3E708
:1056E00000ED00E010B5024600210120FFF756FF53
:1056F000044638B10023C0E90033C3601A46194696
:10570000FFF770FF204610BD38B50446456800F02D
:10571000B5FD85420BD1E368013BE3600BB101208D
:1057200038BD1A4619462046FFF75CFFF7E7002010
:10573000F6E72DE9F843044616461F468946E9F781
:1057400067F8A26BE36B9A42804601D3022F1FD108
:1057500094F845503A466DB249462046FFF769FE37
:105760006B1C10D1636A3BB104F1240000F0F8FC1B
:1057700010B10EB10123336001244046E9F74CF823
:105780002046BDE8F88301356DB284F84550F3E753
:105790000024F2E770B504460D46E9F739F8A26B2C
:1057A000E36B934206461BD994F845100132FF295A
:1057B0004BB2A2630FD1636A3BB104F1240000F045
:1057C000CFFC10B10DB101232B6001243046E9F765
:1057D00023F8204670BD01335BB284F84530F4E70E
:1057E0000024F3E72DE9F04385B00027DFF8E490CB
:1057F000019204460E46B846E8F7F8FFA56BDDB106
:1058000031462046013DFFF747FEA56323696BB192
:1058100004F1100000F0A4FC40B12E4B4FF0805278
:105820005A6040BFBFF34F8FBFF36F8FE8F7E6FFBB
:10583000012005B0BDE8F083019B1BB9E8F7DEFF4E
:105840000020F6E717B902A800F0C4FCE8F7D6FF7D
:1058500000F0D0FAE8F7CAFF94F84430FF2B08BFF5
:1058600084F8448094F84530FF2B08BF84F84580C5
:10587000E8F7C4FF01A902A800F0B8FCF8B9204677
:10588000FFF7CCFDA8B1019904F1240000F044FC1D
:105890002046FFF717FE00F03FFB40B94FF0805362
:1058A000C9F8043040BFBFF34F8FBFF36F8F01279C
:1058B000A2E72046FFF706FE00F02EFBF7E72046A2
:1058C000FFF700FE00F028FB2046FFF7A7FD0028A9
:1058D000EDD0B5E700ED00E02DE9FF410025DFF850
:1058E0001881019104462F462E46E8F77FFFA36BEF
:1058F000E3B1013BA363236813B900F09DFD606031
:1059000023696BB104F1100000F02AFC40B13A4B5E
:105910004FF080525A6040BFBFF34F8FBFF36F8F7D
:10592000E8F76CFF012004B0BDE8F081019B1BB9D2
:10593000E8F764FF0020F6E717B902A800F04AFC78
:10594000E8F75CFF00F056FAE8F750FF94F84430AF
:10595000FF2B08BF84F8446094F84530FF2B08BF44
:1059600084F84560E8F74AFF01A902A800F03EFC70
:1059700048BB2046FFF752FDF8B123683BB9E8F772
:1059800035FF606800F090FC0546E8F737FF0199A5
:1059900004F1240000F0C0FB2046FFF793FD00F067
:1059A000BBFA40B94FF08053C8F8043040BFBFF392
:1059B0004F8FBFF36F8F012797E72046FFF782FDD8
:1059C00000F0AAFAF7E72046FFF77CFD00F0A4FA02
:1059D0002046FFF723FD0028EDD0002DAAD0E8F7E0
:1059E00005FF616A19B1236B1968C1F10301606891
:1059F00000F0E2FC9CE700BF00ED00E070B504465B
:105A000046680D4600F03AFC864204D1E368013353
:105A1000E360012070BD29462046FFF75DFF0028A6
:105A2000F8D0E3680133E360F4E72DE9F843044676
:105A300089469046E8F7ECFEA56B0746C5B194F899
:105A40004460494676B22046FFF726FD013D731CAF
:105A5000A56313D1236953B104F1100000F080FB5A
:105A600028B1B8F1000F02D00123C8F80030012599
:105A70003846E8F7D1FE2846BDE8F883013676B20D
:105A800084F84460F3E710B50446E8F7AFFEA46B72
:105A9000E8F7B4FE204610BD806B7047054B1A68CE
:105AA00012B19A682AB9012243F8321003EBC203FB
:105AB000586070470048002070B504460D461646F1
:105AC000E8F794FE94F84430FF2B04BF002384F8D9
:105AD000443094F84530FF2B04BF002384F8453050
:105AE000E8F78CFEA36B2BB93246294604F124005B
:105AF00000F022FB2046BDE87040FFF7E3BC000049
:105B0000F8B51A4B1A4D1C680646286804300F4633
:105B100001F024F840B92A681649D06A0B680122BE
:105B2000824023EA02030B60731C07D137B1296856
:105B30001148BDE8F840043100F0EEBF2B68A4190D
:105B40005C6007D30D4B18682968BDE8F840043144
:105B500000F0EDBF0A4B18682968043100F0E7FF38
:105B6000084B1A68A24288BF1C60F8BD3448002068
:105B7000E8480020304800203C4800207C480020B5
:105B80008048002018480020094B0A4A1B68126808
:105B9000D06A50B9084A12681343012B06D8074B44
:105BA0001868074B1B68C01A70470020704700BF79
:105BB00030480020E8480020AC4800201848002069
:105BC00034480020064A13681968064B19B94FF08B
:105BD000FF321A6070471268D268D2685268F8E7DC
:105BE00080480020184800202DE9F047950006461F
:105BF0002846DDF824808A461F46E2F7C5FB814629
:105C000018B94FF0FF30BDE8F0874820E2F7BCFB41
:105C10000446002800F09C80C0F830902A46484690
:105C2000A52105F0D7F8236B043D2B4423F0070989
:105C300004F133020AF1FF330AF1030A13F8011FDA
:105C400002F8011F09B15345F8D1089D022D28BF64
:105C50000225002304F1040AC4E9105384F8373004
:105C6000E562504600F055FFC5F1030504F1180048
:105C700000F04FFF2461A56164623A463146484610
:105C8000E8F77EFD2060B8F1000F01D0C8F80040B1
:105C9000E8F7ACFD304B314D1A68314E01321A60D5
:105CA0002A68002A4AD12C601B68012B1FD12D487D
:105CB000DFF8E0802C4F00F021FF2C4800F01EFFA1
:105CC0002B4800F01BFF404600F018FF384600F05C
:105CD00015FF284800F012FF274800F00FFF274863
:105CE00000F00CFF264BC3F80080264B1F60264AAD
:105CF00026491368086801331360E26AA36301232D
:105D0000934003430B60174B142000FB02305146B5
:105D100000F002FFE8F772FD33686BB12B68DA6AB6
:105D2000E36A9A4208D21A4B4FF080525A6040BF41
:105D3000BFF34F8FBFF36F8F012064E73268E36AD0
:105D4000002AD4D12A68D26A9A4298BF2C60CEE742
:105D50004846E2F79BFB54E738480020E84800201B
:105D60002C480020AC48002084480020C048002077
:105D7000D448002068480020544800203C480020B7
:105D8000804800207C4800201C480020304800202B
:105D900000ED00E09848002013B5104B019300245B
:105DA0000F491048009423467822FFF71DFF012871
:105DB00011D100F097FB01280DD172B60A4B4FF0BC
:105DC000FF321A60094B1860094B1C6002B0BDE835
:105DD0001040E8F7E7BC02B010BD00BF1448002037
:105DE00083DE020021600200184800202C480020B9
:105DF00034480020024A136801331360704700BF23
:105E000010480020014B1868704700BF344800203C
:105E1000014B1868704700BF34480020024A1368DD
:105E200003441360704700BF344800202DE9F84F49
:105E30002E4B1B68002B54D12D4B1D6801351D6066
:105E40005DB92C4A2C4B1168186810602B4A1960F8
:105E5000136801331360FFF7B5FE294F3B68AB426F
:105E600008D90026274B1B68002B0CBF30460120A9
:105E7000BDE8F88FDFF87CA0DFF89490DFF894B0ED
:105E80000026DAF800301B681BB94FF0FF333B6087
:105E9000E8E7DAF80030DB68DC6863689D42F6D337
:105EA00004F10408404600F059FEA36A1BB104F156
:105EB000180000F053FEE26AD9F800100123934065
:105EC00014200B4300FB02B04146C9F8003000F03B
:105ED00023FE0D4BE26A1B68DB6A9A4228BF01264B
:105EE000CFE70A4A136801331360BAE7104800206D
:105EF00034480020804800207C48002020480020B2
:105F00001848002024480020E848002028480020A5
:105F100030480020AC4800202DE9F843E8F766FC43
:105F20002A4B1A68013A1A601C682CB10024E8F761
:105F300065FC2046BDE8F883254B1B68002BF5D097
:105F4000244D254EDFF8A4801FE0EB68DC6804F1E7
:105F5000040904F1180000F001FE484600F0FEFDBF
:105F6000E26A3168012707FA02F314200B4300FBB1
:105F700002804946336000F0CFFD184BE26A1B688F
:105F8000DB6A9A4201D3164B1F602B68002BDCD1D1
:105F90000CB1FFF717FE134D2C6844B1104E0127CA
:105FA000FFF744FF00B13760013CF9D12C600C4B86
:105FB0001B68002BBAD00C4B4FF080525A6040BF88
:105FC000BFF34F8FBFF36F8F0124B0E7104800205D
:105FD000384800206848002030480020E848002069
:105FE000244800202848002000ED00E0AC480020B4
:105FF00008B548B9094B4FF080525A6040BFBFF313
:106000004F8FBFF36F8F08BD0021FFF7F3FEFFF73F
:1060100077FDFFF781FF0028ECD0F4E700ED00E00A
:10602000F8B51B4C1B4F1C4E2368DBB91B4B1B6880
:10603000012B08D91A4B4FF080525A6040BFBFF372
:106040004F8FBFF36F8FFFF79FFD0128EBD9FFF74D
:10605000D1FEFFF799FD012801D9E8F72DFBFFF7E5
:106060005BFFE0E7E8F7C2FBFB68DD68281D00F096
:1060700075FD3368013B33602368013B2360E8F71B
:10608000BDFB286BE2F702FA2846E2F7FFF9CBE7FF
:10609000504800205448002038480020AC480020D8
:1060A00000ED00E070B5174B1A68174B12B10122D2
:1060B0001A6070BD154C1A602268236812681B6B49
:1060C0009A4204D8206821683431E2F7C5FB104BAE
:1060D00010491B68B3FA83F3C3F11F03142606FBB0
:1060E00003F28818083245686D6845600A44954295
:1060F00004BF6A68426006FB03114B68DB682360DB
:10610000D7E700BF1048002024480020E8480020BE
:1061100030480020AC48002010B5064B0C461968EA
:10612000183100F004FD20460121BDE81040FFF7C2
:10613000E7BC00BFE848002038B5084B0D46196899
:106140001446183100F0E8FC002C21460CBF28460C
:106150004FF0FF30BDE83840FFF7D2BCE8480020E0
:1061600038B5C368DC6804F11805284600F0F6FC71
:10617000124B1B68F3B9251D284600F0EFFC1049AF
:10618000E26A08680123934003430B600D4B14201F
:10619000294600FB023000F0BFFC0B4BE26A1B6893
:1061A000DB6A9A4285BF094B012000201860FFF787
:1061B00009FD38BD06482946EDE700BF104800201C
:1061C00030480020AC480020E84800202448002047
:1061D00068480020034B1B680360034B1B68436047
:1061E000704700BF204800203448002070B50C469E
:1061F0000546E8F7FBFA0F4B196823685A1C10D0C4
:106200000D482E6800686A68864201D08A420FD91C
:10621000881A83420AD95B1A134423602846FFF781
:10622000D9FF0024E8F7EAFA204670BD0023236076
:106230000124F7E73448002020480020014B0122C8
:106240001A60704724480020084B186860B9084B52
:106250001B6853B9074B1868074B1B68013B9842F2
:106260000CBF0220012070470020704768480020C2
:10627000244800203C48002038480020014B186882
:10628000704700BFE8480020054B1B6833B1054B41
:106290001868B0FA80F0400940007047012070474C
:1062A0002C480020104800202DE9F0410446002829
:1062B0002ED0224DC36A2A68D26A934236D28269AE
:1062C0001F4F002AA1BF2A68D26AC2F1030282616D
:1062D0001426426906FB03739A4215D100F10408A3
:1062E000404600F03BFC174AA0B12B681168D86A01
:1062F000E062012383400B4313601423414603FBF8
:10630000007000F009FC02E02B68DB6AC362012028
:10631000BDE8F081E06A4643BB59002BE5D1136824
:106320000121814023EA01031360DEE72B68006C42
:10633000DB6A98422CBF00200120E9E7E8480020F2
:10634000AC48002030480020F8B5044608B90020C9
:10635000F8BD436CC16A026C013B91424364F6D0C4
:10636000002BF4D1061D304600F0F8FB104F114A07
:1063700050B9E16A14234B43FB582BB9136801252C
:106380008D4023EA05031360236CE362C3F103012C
:10639000A1611168012404FA03F514200D4300FBE8
:1063A00003703146156000F0B7FB2046D0E700BF10
:1063B000AC48002030480020F8B50446002836D00C
:1063C000036C994238BF1946C36A8B422FD0426C86
:1063D000012A2CD18269164EC162002A4FF01405A1
:1063E0004269A8BFC1F1030105FB0363A8BF816136
:1063F0009A421CD1071D384600F0B0FBE26A0D4CF2
:1064000040B9554373592BB923680121914023EAC0
:10641000010323602168012393400B432360142070
:10642000394600FB0260BDE8F84000F075BBF8BDDE
:10643000AC48002030480020044B1A681AB1196893
:106440004A6C01324A641868704700BFE84800206F
:10645000914208B5416000610AD8D21A83699A4214
:106460000DD2084B011D186800F061FB002008BD2B
:106470009A4201D2994202D2034B011DF3E7012057
:10648000F5E700BFF8480020FC480020F8B50F4CA5
:10649000E8F7ACF92568ADB90D4F0E4E384600F05F
:1064A0002DFB304600F02AFB0B4B1F600B4B2A469E
:1064B000102120201E60FFF771F8206010B10849FC
:1064C000FFF7ECFABDE8F840E8F798B9F448002087
:1064D0001449002000490020FC480020F848002012
:1064E00088DE020007B5FFF7D1FF084B186850B1EE
:1064F000074B0193012300930649074800234FF4FB
:106500009672FFF771FB03B05DF804FBF4480020BE
:10651000F04800208DDE0200216602002DE9F041E6
:1065200080462C200F4616461D46E1F72DFF0446F7
:1065300058B1FFF7ABFF069BC4F80080C4E90676AC
:1065400025626362201D00F0E4FA2046BDE8F08178
:106550007FB50F4C0546206816461A4680B10529BE
:10656000CDE9001602950DDCFFF78EFE0023022810
:1065700008BF089A206818BF1A466946FFF732F824
:1065800004B070BD00236946FFF7D3F8F8E700BFF9
:10659000F44800202DE9F347DFF880800646FFF736
:1065A00031FCD8F800308342054609D9194F3B68C1
:1065B0001A686AB9184A116839601360012300E04B
:1065C000002328463360C8F8005002B0BDE8F087C9
:1065D000DB68DC68D3F8009004F1040A504600F050
:1065E000BDFA636A20469847E369012BDFD1A369AE
:1065F0004B44994506D2386863602461514600F0E7
:1066000096FAD4E7002300934A4619462046FFF73E
:106610009FFFCCE7FC480020F8480020EC48002011
:106620002DE9F047594E88B04FF0000833681D68D7
:10663000002D5BD0DB68D3F80090554FFFF7DAFBF5
:1066400004A8FFF7A7FF049C8246002C6AD1002D06
:106650004ED0484552D3FFF75FFC3368DB68DD68F6
:10666000281D00F07BFAEB69012B0ED1A9694B467E
:10667000524649442846FFF7EBFE30B100942346CA
:106680004A4621462846FFF763FF6B6A284698472B
:106690003868002204A9FFF7A5F80028C6D0049B9B
:1066A0000698002B41DB069C6369002B44D103A8AC
:1066B000FFF770FF049B0246092BE9D801A151F8AE
:1066C00023F000BF416702004167020041670200FA
:1066D000916602007367020083670200416702004F
:1066E000416702009166020073670200A946A4E7B1
:1066F000284B1B681C68B4FA84F464093868224685
:10670000A9EB0A01FFF7D8F9FFF706FC0028BFD173
:10671000214B4FF080525A6040BFBFF34F8FBFF301
:106720006F8FB5E7FFF7F8FBB2E7059B079998472E
:10673000049B002BACDBB6E7201D00F00FFAB6E798
:10674000A169059B20461944FFF782FE00289FD0CF
:10675000636A20469847E369012B99D1A26905999C
:10676000CDF8008000230A4420461946FFF7F0FECA
:106770008EE70599A161034601442046FFF768FEB4
:1067800086E72046E1F782FE82E700BFFC48002052
:10679000F4480020F848002000ED00E04068704711
:1067A00010B50446E8F722F86469003C18BF0124DC
:1067B000E8F724F8204610BD10B50446E8F716F8AF
:1067C000246AE8F71BF8204610BD1FB5002103908E
:1067D00001AA44F20100CDE9011100F003F805B06F
:1067E0005DF804FB72B6094BD3F8F020D20700D550
:1067F00000BEBFF34F8FD968054A01F4E0610A4338
:10680000DA60BFF34F8F00BFFDE700BF00ED00E08F
:106810000400FA0572B6024A136801331360704728
:1068200028490020034A1368013B136003B962B68C
:10683000704700BF28490020FFF7ECBFFFF7F2BF09
:106840004FF0704393F8E02F062A10D1D3F8E42FCD
:1068500012070CD1D3F8E80F00F0F003302B08D06A
:1068600000F0E000A0F1400358425841704700207A
:106870007047012070474FF0704393F8E02F062ACD
:106880000CD1D3F8E42F120708D1D3F8E80F00F0A9
:10689000F000A0F130035842584170470020704783
:1068A00008B5FFF7CDFF40B14FF08053884AD3F8C9
:1068B0002433C3F30423C2F84035FFF7DCFF10B1E3
:1068C000844B854A5A67FFF7BBFF48B14FF08053AE
:1068D0004FF08042D3F84432C3F34233C2F83C3520
:1068E000FFF7C9FF30B17D4AD2F8FC3023F0807346
:1068F000C2F8FC30FFF7A4FF40B14FF08043002204
:10690000C3F80C21C3F81021C3F83825FFF7B3FFF3
:1069100020B14FF080430322C3F8A025FFF7ABFF5F
:1069200060B16F4B0522C3F810260122C3F88826F8
:106930000022C3F818263F22C3F814264FF07043F4
:1069400093F8E02F062A50D1D3F8E42F11074CD149
:10695000D3F8E83F03F0F003502B46D14FF08052BC
:10696000604BD2F80414C3F82015D2F80814C3F809
:106970002415D2F80C14C3F82815D2F81014C3F853
:106980002C15D2F81414C3F83015D2F81814C3F823
:106990003415D2F81C14C3F84015D2F82014C3F8EB
:1069A0004415D2F82414C3F84815D2F82814C3F8B3
:1069B0004C15D2F82C14C3F85015D2F83014C3F883
:1069C0005415D2F83414C3F86015D2F83814C3F84B
:1069D0006415D2F83C14C3F86815D2F84014C3F813
:1069E0006C15D2F84424C3F87025FFF729FF48B18D
:1069F0004FF080534FF08042D3F8583203F04F03EA
:106A0000C2F8E43EFFF71CFF48B14FF08043D3F8D3
:106A10000024D20744BF6FF00102C3F800244FF0F6
:106A20008053D3F83021062A0AD1D3F83431062B0B
:106A300001BF2D4AD2F83C3743F48063C2F83C379B
:106A4000264AD2F8883043F47003C2F88830BFF386
:106A50004F8FBFF36F8F4FF01023D3F80022002A1F
:106A600003DBD3F80432002B2EDA204B0122C3F8CB
:106A70000425D3F80024002AFBD04FF01022152162
:106A8000C2F80012D3F80024002AFBD04FF01023E4
:106A90001522C3F80422154BD3F80024002AFBD09A
:106AA0000022C3F80425D3F80024002AFBD0BFF34A
:106AB0004F8F0A490E4BCA6802F4E0621343CB6061
:106AC000BFF34F8F00BFFDE70A4B0B4A1A6008BDAA
:106AD0000030014000C007400DF0ADBA00ED00E00D
:106AE0000050004000C000400010004000E00140A5
:106AF0000400FA052C0100200090D00300F10803E7
:106B00004FF0FF32C0E902234360036100230360BA
:106B1000704700230361704743684B609A688A603E
:106B2000516099600861036801330360704730B5B4
:106B30000C68631C0AD103695A684A6091608B60D3
:106B40005960086103680133036030BD00F1080239
:106B5000134652681568A542FAD9EDE7D0E901124B
:106B600003698A60416851605A68824204BF826842
:106B70005A60002202611A68013A1A601868704768
:106B80000368013304D04068431C584258417047A1
:106B90000120704710B504680B689C4209D040681A
:106BA0004968884205D08C4203D0181A18BF0120CA
:106BB00010BD0020FCE740F30903B3F1FF3F08BF1D
:106BC0000130C0F309000430704710B5031F0439C9
:106BD000083053F8042F51F8044F834282EA04022C
:106BE0001A60F6D110BD08B503681B0D024613F4F8
:106BF000E06005D0101DFFF7CDFFB0FA80F040092E
:106C000008BD10B5836E1A6A436DD31A1944B1FBDF
:106C1000F2F302FB1311836D8B420AD94C09406ECB
:106C200001F01F0150F8243001228A40134340F83C
:106C30002430002010BD000030B5164A0368164C01
:106C400011F0805F18BF144683EA010525421FD06A
:106C500043F3090401341BD001EA02040F4A1A402D
:106C600042F09F4242F4E002944211D00A0D02F435
:106C7000E064B4F5806F09D1C3F38924C1F389219D
:106C80008C4222BF52B203EB82230360002030BD4E
:106C90000120FCE700FCFF7F00FC0F7000FC0F00F0
:106CA000024608B50846FFF786FF136803441360E1
:106CB000002008BD036B1944C1F30903003B18BF52
:106CC000012321F0004141EAC371016300207047B4
:106CD0000368013303600020704710B5836E1B6B9F
:106CE000044613B9C068E1F724FBA36E5B6B13B9CC
:106CF000E069E1F71EFBA36E9B6B13B9606EE1F7D1
:106D000018FB002010BD2DE9F04F87B08A46029293
:106D1000826E10990493136A139E8B42DDE9114829
:106D2000814640F2AB80D269A319934200F2A6805B
:106D3000049B013B05930EB930469CE0BAF1000F6D
:106D40003FD0DAF80030109A9A423AD1DAE901538A
:106D500005EB030BA34534D9A54211D8ABEB040BCB
:106D6000B345DAF80C1028BFB346651B40465A46B7
:106D7000294404F08DFFD8445C44A6EB0B06DAE707
:106D80002D1BB54228BF3546029B109A1B689A42BC
:106D90001DD1029BD3E901130B449C4217D28C42B4
:106DA00011D31B1B9D4228BF1D46029BDB68611A45
:106DB00040462A46194404F06BFFA8442C44761B35
:106DC000B9E73546E0E7091B8D4228BF0D46049B15
:106DD000B34220D8D9F868004369B4FBF3F203FB4F
:106DE0001242C2B99E4216D3B5FBF3F203FB125313
:106DF000A5EB030BCDF800B00393436810991F4631
:106E000022464346B847002835D1039B5B1BD84434
:106E10005C441E448FE7029A109B1360D9F86830D7
:106E200002995A69B4FBF2F302FB1343E21A4A6077
:106E3000D9F868500599D5F814C001EB0C0020442E
:106E4000B0FBFCF10CFB1101401AE9691B1B8842E5
:106E500094BF1B185B18A96A8B4228BF0B46029986
:106E60008B60D9F868000093CB6845681099A847F3
:106E700000283FF460AF07B0BDE8F08F6FF053001B
:106E8000F9E700002DE9F04F9A46D1E9038387B076
:106E900006463C3091460F460593FFF7A4FEC9F322
:106EA000892B044658B1BBF1000F78D0F36B3D4CF1
:106EB000C3F38922CAF389239A4288BF0024059D1F
:106EC0002846FFF778FE031D434534D80423A8EB7A
:106ED0000008039305ABCDE901833B68009332467C
:106EE000042300213046FFF70EFF30BB059B1BBA81
:106EF0006B4023F000430593BBF1000F23D02A0D14
:106F000002F4E063B3F5806F1DD1AAEB0403C3F371
:106F10008920C5F38921884215D323F07F4323F4C8
:106F2000700323F47F7323F0030343F0804343F49F
:106F30008013AB4204D16FF0010007B0BDE8F08FC1
:106F400052B204EB8224AAEB0401694011EA090160
:106F5000B5D145F309030133EDD0129BC5F30909FF
:106F6000994528BF9946119B0293109BCDF80C9030
:106F70000433434401933B68009332464B4630460A
:106F8000FFF7C1FE0028D8D1129BA3EB0902119B89
:106F9000014603EB090003F01DFF6019CDE75C46D5
:106FA0008DE700BF00FCFFFF1FB5C3F30904029487
:106FB000069C019400240094FFF764FF04B010BD08
:106FC00030B587B003AD094B00951446084AFFF76A
:106FD000EBFF002804DA831C00D1002007B030BD8D
:106FE00029462046FFF7F1FDF7E700BF0C00F07FD0
:106FF0000000F07FF0B51C4640F2FF339A4285B0A6
:1070000005460E4604F1080C08D11B49604604F001
:10701000B1FE02232370002005B0F0BDC36ECDF891
:1070200000C0013343EA82239702144AFFF7BCFFF2
:107030000028F1DB000D02AB2070009347F00053F5
:107040000F4A43F0080331462846FFF7ADFF0028FA
:10705000E2DB40F20223B3EB105F4FEA105202D1A1
:10706000039B6360D7E740F201239A42D3D1C0F378
:1070700009006060CFE700BF95DE020000FC0F78DA
:1070800000FC0F702DE9F04F93B01E46BDF8803024
:107090000C93BDF884300D931E9BBDF988B0DDF8CC
:1070A00070A0C3F38F230B934FEA8B2307468846C8
:1070B00091460A933046FFF77EFDD8F80C3000EB7E
:1070C00009049C4252D2042303930FABCDE9014340
:1070D000D8F8003000933A46042300213846FFF7E1
:1070E00012FE00283FD10F9B1BBA734043F00046AD
:1070F000D8F800301093231D0F961193A14610ADC0
:107100001F9B0F9C5C401E9B1C40424B1C40D1D1DE
:107110000B9B002B38D10F99C1F30A53002BC9D018
:1071200040F2011293424FD1249A0892C1F309030D
:10713000239A0792C1F389215A1CCDE90432C91A56
:10714000354B4FF000525944CDE9023209B20022CA
:107150000691CDE900224FF0FF3329463846FFF76C
:1071600091FF0028A6D013B0BDE8F08F1D9B002B27
:107170004EDDDAF800300F931D9BDAF80450013B26
:107180000AF1080A1D93BBE70FAB0893234BCDE927
:1071900006431D9BCDE90444CDE900A3CDE902449B
:1071A00033464A4641463846FFF76CFF0028DADB93
:1071B00080D10F9B0C9AC3F389239A423FF67AAF92
:1071C0000D9A9A42A7D875E7B3F5817F19D10F9B25
:1071D000C3F309029442BFF46DAFA9686A68C3F3B0
:1071E00089235B4441EA83212B7803F5407341EA0C
:1071F0000351DDE9233098470C350028B3D1013421
:10720000E5E70A9B2A461944DDE923309847A8E7B9
:107210000020A8E70000F07F00FC0F60396C02003E
:1072200030B5134687B00268044604AD0820916E5D
:1072300003900295586801901B680093CB69104633
:1072400002F11001FFF75FFD30B9211D2846FFF75D
:10725000A1FC003818BF012007B030BD2DE9F04F68
:1072600093B0164609931368826E126A93420746DA
:107270000C4605D36FF05305284613B0BDE8F08FD8
:1072800071688A42F6D900214FF004080CAACDE9B2
:1072900001120093CDF80C8043460246CDE90C1153
:1072A000FFF731FD054610B110F1540FE4D1CDF8D0
:1072B0000C800DAB4FF000080293CDF8048073688A
:1072C00000933A46042341463846FFF71CFD0D9BC8
:1072D0000546002849D010F1540FCDD1414656F84B
:1072E0002130236081F00103079356F82330636057
:1072F00012AB03EB81014FF0FF3551F8183CA3604E
:107300000023E36002230893B14A92E803000EAB26
:1073100083E80300042204F108014FF0FF3002F07B
:10732000B7FC0023CDE905330A90A8464FF0FF3A99
:1073300099465046FFF73FFC0DF12C0B8144BB6E84
:10734000CDE9019B0422039222680092DB693A4650
:1073500000213846FFF7D7FC064668B110F1540FFC
:1073600040F034810023A37529E00C9A9B1A002B6E
:10737000D4BF00210121B2E759460A98042202F045
:1073800087FC0B9B0A901BBA8AEA030BBBF1000F28
:10739000CDF82CB02EDA4FEA1A5A0AF4E06ABAF5A0
:1073A000A06FE36808D1BA6E9269B3FBF2F102FBF9
:1073B0001133B3FA83F6760906F00106A675E36881
:1073C000002B00F02881214607F13C00FFF70BFC61
:1073D000002800F00A81FB6BC5F38922C3F38923DF
:1073E0009A4240F0FB8045F000451D9B002B40F089
:1073F000FE8007E15846FFF7DEFBBB6EDB694844C1
:107400009842AFD84FEA1B5202F4E062B2F5A06F87
:10741000216840F086800422039210AA029209F1AA
:107420000402CDE90012384631463A46FFF76BFCBC
:10743000064630B110F1540F40F0C8804FF0000301
:1074400091E7109A0A9B9A42F8D10B9BF86A1B0DA0
:1074500004220AA98BEAC37B02F01AFCF8620B989B
:10746000FFF7A9FB059BA3820E9BA36148440F9BDA
:10747000E361C4E9030B069BE3754FF0FF330A9306
:1074800043464546DA46984653E70A98012210A932
:1074900002F0FEFB0AF1010A0A900B98FFF78BFB42
:1074A0005045236817D90121BA6E039110A90291A2
:1074B0000AEB0901CDE900313846D36900213A468B
:1074C000FFF721FC06460028DFD010F1540F7DD1D4
:1074D0004FF00003A3750B9B20681A0D12F4E061B6
:1074E00022D1059AC3F389239A4201D80133059327
:1074F0001C9A0B99236881EA020A099A1AEA020A7D
:107500004ED1109309F10403119310AADDE91E3046
:107510009847061E41DA16F1540F57D184F816A089
:107520004DE74FF0040AB8E7B1F5806F1DD105981B
:1075300051B240FA82F292B20592264A08EA020259
:1075400042F09F4242F4E002934202D148F00048E8
:10755000CEE7B8F1FF3FCBD0C3F38923C8F389222C
:107560009342C5D808EB8128C2E7B1F5C06FBFD1FF
:1075700002F0010308220693BB6E03920EAA029248
:1075800009F10402CDE900020021DB693A463846E0
:10759000FFF7B9FB5430ABD1E4E60B9B03D198461F
:1075A0004346A8466DE70C4A88EA03010A4052B1F7
:1075B000022EF5D1C8F38922C3F389218A42EFD381
:1075C00043F00048ECE74FF0FF38E9E7354653E673
:1075D000D021030000FC0F0000FCFF7F691C3FF47A
:1075E00004AF9A4288BFA5F580651D9B3BB1A28A76
:1075F000C5F38923934228BF13461D9A1380002D9B
:10760000BFF63AAEA38AC5F38925AB4294BF0025E5
:107610006FF0010530E6D4E90032C4E90023079B8E
:1076200012AA02EB830353F8183CA360089B012BBA
:107630003FF420AE0123089366E600BF2DE9F04732
:1076400001230024C2E90643184FDFF86480DFF805
:10765000649088B005460E4692460AF1180210461C
:10766000FFF78EFA10B16FF0010018E0AB6E1B6AE5
:10767000B4EB530F16D2336806937368079305ABC8
:10768000CDE90273CDE900804B46514628460134CE
:107690000595FFF7E3FD0028DFD0831CDDD008B09F
:1076A000BDE8F0876FF05300F9E700BF21720200D8
:1076B00008000020FF03F07F1FB50023CDE902334F
:1076C00001934FF0FF330093FFF7C8FD05B05DF85D
:1076D00004FB2DE9F04101230024C2E906430646DC
:1076E0008846154602F118073846FFF749FA10B1E7
:1076F0006FF0010011E0B36E1B6AB4EB530F0ED2B2
:10770000414638460134FFF745FA30B13A4629463A
:107710003046FFF7D1FF0028E6D0BDE8F0816FF0DA
:107720005300FAE72DE9F04F8DB0166806928146B6
:10773000884605931BB1059A40F2FF331380D9F8B0
:107740002030C8F81830D9F82430434CC8F81C3021
:107750004249304603F004FB35184049284603F0FF
:10776000EEFA0128074605EB000623D13C49024604
:10777000284603F005FB0028EAD0B2464FF0010B83
:107780003649504603F0ECFA82443449504603F03F
:10779000D6FA0246B8B1022811D1079031495046B5
:1077A00003F0EEFA079A50B9BBF1010B09D10AF1C7
:1077B0000206CDE70228E0D12A490246D8E70BF1BC
:1077C000010B9244DCE72B78002B3DD0069B1D601B
:1077D000C4F30A53022B3BD1C4F3892440F2FF3394
:1077E0009C4208F1180A23D10DF1240B2F212846C1
:1077F00003F098FA059B1C4ACDF80CB0002818BF7E
:107800000023CDE9013200974FF0F0435246414644
:107810004846CDE909950B97FFF720FD041E13DBC1
:1078200096D198F81730002BE0D16FF001040BE0EF
:107830000E4B0F4ACDF800A043EA84234146484648
:10784000FFF7B2FB041ECFDA20460DB0BDE8F08F83
:107850006FF01304F8E700BF00FC2F0095DE020074
:1078600098DE020097DE02009D79020008000020E9
:1078700000FC0F702DE9F04F87B01546826E119C09
:10788000139ED2698946A119914207464FD8DFF865
:10789000A4B06FF0010A03F1FF380EB9304643E09F
:1078A0002B68E868023318D1D5E901120A449442E2
:1078B00013D28C4211D3121BB242A4EB010128BF98
:1078C000324601441298059204F0E2F9059A129B9F
:1078D000134412931444B61ADFE7C5F800A0BB6E38
:1078E0005B69B4FBF3F203FB1242A21A6A60D7F899
:1078F00068C0DCF814E008EB0E032344B3FBFEF190
:107900000EFB11315B1ADCF828108B4228BF0B46A6
:10791000AB604946CDE901030092109B5A463846B8
:10792000FFF7B0FA0028B8DA07B0BDE8F08F6FF0C3
:107930005300F9E700FCF7FF2DE9F04F87B0074649
:10794000129E884691469A4600240DF1100BA642DD
:1079500001D800201BE0351B109B082D28BF0825EF
:10796000E318CDE900A3CDE902B5A9EB0403424633
:1079700000213846FFF7C7F948B9119B2A46191963
:10798000584603F0FDF9002804D005DA012007B0BD
:10799000BDE8F08F2C44DAE70220F8E730B5134653
:1079A0008268C1F3090585B0AA4228BF2A4602921F
:1079B000416801915968009101681B6804460846B6
:1079C000FFF7BAFF28B9A368AB4202D034BF012049
:1079D000022005B030BDF8B5C6690D68083EB54255
:1079E0000F4613D3B5FBF6F0013805F025FF841CD4
:1079F000A5EB8404B4FBF6F4204605F01DFFA5EBCF
:107A0000800504FB16553D602046F8BD0020FCE7CC
:107A10002DE9F04F89B00646DDF84C8005920F46FF
:107A20004BB94FF0FF32C8F80020149A00201360C1
:107A300009B0BDE8F08F846E013B07A9204607938B
:107A4000FFF7C9FF12A905462046FFF7C4FF4FF014
:107A5000040A81460DF1140BA945059A03D3129B24
:107A6000C8F80020E1E7A5EB0904B4FA84F495FA1C
:107A7000A5F3B3FA83F3C4F11F049C4228BF1C464C
:107A8000A300CDE90023CDE902BA04233A46002140
:107A90003046FFF738F90028CAD10123A340ED1A78
:107AA000DAE72DE9F04F89B00646DDE9120A0F4604
:107AB00090461D4688B30138059005A9B06EFFF7C2
:107AC0008AFF0DF1180B044614982946D04720BBB5
:107AD0001CB304F00109C9F102039B00CDE9005079
:107AE000CDE902B3424639463046FFF70CF9A0B95A
:107AF000E54305F00105A84207DB08AB03EB85056C
:107B0000023C55F8085C4C44DEE706991498D047CF
:107B100003460120002BEED0184609B0BDE8F08FD7
:107B20002DE9F04F91B004460D46164600211C2267
:107B300008A8059303F04EF901230F934FF00008B6
:107B400040F202290EA8FFF71BF820B1A76A002F08
:107B500055D1384641E0A36E1B6AB8EB530F7BD278
:107B60000E99304608F10108A847002835D10F9931
:107B70003046A84788BB0EAA08A92046FFF79CFDFF
:107B800058BBDFF8E0A0DFF8E0B00746BDF83420CE
:107B9000BBB29A42D6D906AA0AEA8723009243EAE0
:107BA0000B032F4A08A92046FFF7FEF9002803DA45
:107BB000831C12D10137E9E7B9EB105F4FEA10538C
:107BC0000ED1079B0093CDE90156069B224600216A
:107BD0002046FFF766FF0028ECD011B0BDE8F08F1B
:107BE000059A002AE6D0B3F5007FE3D10699304626
:107BF000A8470028F1D107993046A847EBE7BB79A1
:107C0000012B01D03F68A2E73B6B03F48813B3F567
:107C1000803F13D03B6B03F49013B3F5003FF1D1D9
:107C2000CDE901567B6B0093BB6B224607F1400107
:107C30002046FFF736FF0028E4D0CEE7CDE9015615
:107C4000FB6A0093BB6A224607F140012046FFF71A
:107C500028FF0028DED0C0E76FF05300BDE700BF6B
:107C600000FC0F7000FCFF0308000020F8B504467C
:107C70000D460126A36DD4E91712994225D1002A99
:107C800052D0A16E606D0344086AB3FBF0F700FBAD
:107C900017336365CB6A606EDB000027934294BFA5
:107CA000A365A265E765CA6A394603F093F82049DF
:107CB000012322462046FFF733FF0028DAD0C4E92B
:107CC0001677A36E1B6A236625E0481CE065013A1F
:107CD000606E22664F0901F01F0250F8270006FA75
:107CE00002F20242C7D1A26E636D126A0B44B3FB6B
:107CF000F2F102FB11332B60A66D0125E36DB34257
:107D000010D0616E5A0903F01F0051F8222005FAC5
:107D100000F0104000D1F8BD0133E365236E013B54
:107D20002366EBE70020F6E76FF01B00F3E700BFE8
:107D3000036C02007FB50C4604310646FFF796FF40
:107D4000054680BB21463046FFF790FF054650BBF5
:107D50002246042342F8080FCDE90223019022684D
:107D60000092014632463046FEF7CDFF10B110F1C9
:107D7000540F1BD1B36E5A6A002A0BDDA36801327F
:107D800042F00102013B1344B3FBF2F102FB11325A
:107D90009B1AA3604FF0FF330422C4E9032300229F
:107DA000C4E90523E361284604B070BD0546FAE73F
:107DB00007B500230449019301AAFFF7B1FE00B9FA
:107DC000019803B05DF804FBD16C0200C36818474A
:107DD00010B50C46826AE068FF2102F0FBFF4FF00D
:107DE000FF33236010BD10B581660B6B0446002B7A
:107DF00037D0C360A36E5A6B002A3ED0E261A06EFA
:107E00002146FFF7E5FFA06E04F11001FFF7E0FF48
:107E1000A36E9A6B002A37D06266A26ED36B002BDA
:107E200008BFFF23E366136C002B08BF6FF000430D
:107E30002367536C40F2FE32002B08BF134600202C
:107E400063674FF0FF33C4E90833C4E90A00C4E9AB
:107E50000F00C4E90C00C4E912006064A06320654F
:107E600010BD886AE0F760FAE0600028C2D12046C1
:107E7000FEF733FF6FF00B00F2E7986AE0F754FA71
:107E8000E0610028BBD1F2E7D86AE0F74DFA6066FE
:107E90000028C2D1EBE72DE9F0430D46096898466A
:107EA000CB1C85B00646174603D9002005B0BDE8B7
:107EB000F083806EAC6882691444013CB4FBF2F339
:107EC00002FB1343E41A0094D0F80890EB686A6848
:107ED000C8470028EAD1B8F1000F04D1B06E294696
:107EE000FFF776FFE1E74FF0FF333B600294EB686A
:107EF00001936B6800932B68224639463046FFF7A2
:107F00001BFD0028D2DBE9D06FF05300CEE72DE94E
:107F1000F84F0B9EDDF8348007460C469246994692
:107F20004FF0000BB8F1000F01D1404630E023685C
:107F30000A9A93422ED16068B0422BD8BB6E9D6ADC
:107F40000544B54226D9AD1BE3680C99454528BFC9
:107F50004546301A2A46184403F09AFE6368A26820
:107F60002E44F31A934238BF1346A360BA6E926A46
:107F70009A4205D00C9B2B440C93A8EB0508D1E743
:107F80004B46524621463846FFF785FF0028F1D080
:107F9000BDE8F88F0A9B2360BB6E9A69B6FBF2F3CB
:107FA00002FB1363F31AC4E9013BBBE7F0B585B0EC
:107FB000CDE902231D464B6801930B6800930C46E4
:107FC00017460023024600F11001FFF7A0FF064606
:107FD00040B9E0682A46394601F05AFE6368E0601D
:107FE0002B446360304605B0F0BD2DE9F04F0646E6
:107FF00087B010469946FEF7DEFD4B6893464A6906
:10800000034493420C46804641D88B682BF0004ACB
:108010008AEA03031BBA059305AA04233046FFF737
:10802000C5FF054678BBBBF1000FA8F1040720DAB5
:108030000DF1130B2FB30123CDE902B3D9F80430AE
:10804000043B4344DB1B0193D9F8003000933246D4
:108050003B4600213046FEF756FE40B901235A4602
:1080600021463046FFF7A2FF013F0028E2D0054637
:1080700009E03B464A4621463046FFF797FF002875
:10808000F5D1C4F808A0284607B0BDE8F08F6FF01E
:108090001B05F8E713460A46D0E90001FFF7A5BF24
:1080A0002DE9F04F044687B00D4605A92046FFF79D
:1080B000DDFD064658B9DDF81480A06E4146FFF795
:1080C00085FE0646002853D010F1540F56D0304696
:1080D00007B0BDE8F08F2A6BCDF80C900DF1130AB4
:1080E00012F4801FCDE9017AA3EB07031CD0AA8804
:1080F000244941EA8222009205F108015A462046AD
:10810000FFF7B8FB70B9CDE902A9CDE900870123DB
:10811000224604F110012046FFF7F9FE60B110F18C
:10812000540F2BD00646D2E7AA6B0092594622463E
:108130002046FEF7E8FDE5E70137EB6BBB42CAD806
:10814000A36EE1699A6AE86C03F0A2FD23692B64CF
:1081500063696B64A369AB64A06E04F11001FFF75F
:1081600037FE2B6BC5F8388043F400332B63AEE742
:10817000074605F1400B4FF00109DEE74FF0FF33F2
:10818000236192E700001020F0B50B6B0C465903F9
:1081900097B0054608D5DA0258BF4FF0FF3223F4F6
:1081A000802358BF22642363216B8B0302D40020F9
:1081B00017B0F0BD11F48011666BE76A3FD154220D
:1081C00001A802F007FEA36ACDE90B370123CDE930
:1081D0000D3695E80F0011AF87E80F004FF0FF371D
:1081E0002F60626BE36A9A4212D304F140070123C5
:1081F0002A4639462846FFF74EFE20B310F1540FA9
:10820000D6D121462846FFF74BFF0028EFD0CFE715
:1082100001230DF1030201A9284600F095F9002879
:10822000C6DB01230DF103022146284600F017F8B2
:108230000028BDDB2B680133D3D01197D0E7B742BC
:108240002CBF67636663A36BA362636BE362236BFC
:1082500023F4003343F48033C4E90C36A7E72DE957
:10826000F04F93B0064606930B6B09925D030C46E4
:108270001FD4276B390525D4D4F83480069B326F80
:1082800008EB0301914200F25B8117F400371FD025
:10829000236BDA022ED4069B059304F140030D9361
:1082A000059A236B002A51D123F40023069D2363F2
:1082B00004E0FFF769FF05460028DAD0284613B02E
:1082C000BDE8F08FE26A616B8A4288BF6263D3E7E0
:1082D000E36A9845DCD96363636B9845D8D9012379
:1082E00011AA214630468DF84470FFF7B8FF051EED
:1082F000F2DAE3E7069B606BB26EC118E36A956A37
:10830000994238BF1946936CD3B140F2FE32AA426B
:108310004FEAD30328BF2A46934228BF13468B4215
:10832000B9D2E063B36E1B6A336621463046FFF76D
:10833000B7FE236B054628B143F400232363BDE752
:10834000D369E2E723F480132363A4E713F4003234
:1083500005D0B16EE06BC969884240F0A480DB02B1
:1083600000F1D98004F140030793BAB9636BABB154
:1083700004F13C020292013B04F1380201920093A5
:10838000D4E90A2307993046FFF742FB054608B1B6
:10839000236BD1E70799B06EFFF71AFDB36E1B6A26
:1083A0003366A36B0B93636B0893013B0C930FA98C
:1083B0003046FFF75BFC05460028E9D1DDF83C902C
:1083C000B06E4946FFF702FD054630B115F1540F76
:1083D000DED14FF0FF332364E9E7089B1BB9C4F8F3
:1083E0003890E3635BE0B76E0C9B109310A938469E
:1083F000FFF7F1FA109B03F1010AFB69CDF840A0E9
:108400009A4573D100F1010898FAA8F80B9B1193D3
:10841000B8FA88F808F1010BAA4611AF4FEA8A03AF
:108420000A930423CDE902730A9B0799CDE90093CF
:10843000324601233046FFF76AFD119B05460028AE
:10844000C4D1C24557D10AF1010AD345E6D8C4F8D0
:1084500038904FEA8B03C4E70B9B0093CDE9027B76
:10846000CDF80480AAEB0803324600213046FEF71F
:108470004AFC054600288BD1CDE9027BCDE9009866
:108480000799012332463046FFF741FD0546002893
:108490009CD108F10108C245DED8C4E90E9A236BCD
:1084A00043F400332363B36EDF69E36BFF1A059B6C
:1084B0009F4228BF1F46099B03970293E36B0193DA
:1084C000A36B00930D99012332463046FFF71FFD41
:1084D000054628B310F1540F7FF45AAF21463046B9
:1084E000FFF7DEFD05460028E5D051E7A8464FF02E
:1084F000010B11AFCFE70422CDE902720A9A0146BF
:10850000CDE90032304604233246FEF7FCFB054637
:10851000002898D03CE76FF00103A363636B60E72A
:10852000636B3B446363E36B3B44E363099B3B4402
:108530000993059BDB1B0593B36E1B6A3366AFE69D
:108540006FF01A05BAE600002DE9F04F1D460B6BDF
:108550009E0385B007460C46904605D4636BE66AD9
:10856000B34208D3002003E0FFF70EFE0028F5D049
:1085700005B0BDE8F08FF61AAE4228BF2E46DFF8F0
:10858000B0B0B14604F1400AB9F1000F01D1304654
:10859000EEE7226B510304D5BB6EE16BDB699942B8
:1085A00015D1D202636B36D404F13C02029204F17D
:1085B0003802CDE900325146D4E90A233846FFF7A4
:1085C00027FA0028D4D1236B43F480232363BB6EA6
:1085D000E26BDB69216B01929D1A4D4528BF4D4628
:1085E00011F48011CDE902851AD0A2884BEA8222CB
:1085F000009204F1080152463846FFF73BF9002883
:10860000B6D1636B2B446363E36B2B44E363A844F1
:10861000A9EB0509B8E76FF00102C4E90E23D2E720
:10862000A26B009238465246FEF76DFBE7E700BFAB
:10863000000010202DE9F04F836E4E689A691644B1
:1086400007368BB0B6FBF2F302FB1363F61A002376
:1086500004939B46A6F1080380460D4605936B687C
:10866000B34220D341464FF0FF3341F8103B42461E
:1086700000234046FFF70FFC0446002840F0B68078
:10868000D8F86800036998470446002840F0AE8097
:108690002F69DA46B74280F0A9800AF104034FF04F
:1086A000FF39059385E003F1040AA6EB0A0340F2C3
:1086B000FE32934294BF0AEB03070AEB0207B7426C
:1086C00003D2059B9F4228BF1F4607AACDE901722E
:1086D0004FF0FF330793042303932A68009200218D
:1086E00042464046FEF70FFB044610B110F1540F0E
:1086F0007CD1079BE8681BBA6FEA03094FEAD9737C
:1087000003F5A063A7EB0A0747EA035747F47F275F
:10871000AB6847F4406708AC07975F4021460422E6
:108720003FBA089701F0B4FA0823E860CDE90243A4
:108730006B6801932B68099000934246002308F16F
:1087400010014046FFF7E3FB044600284ED169685C
:10875000BBF1000F03D1EB68049301F1040B079AFE
:10876000C2F3090304330B4409F000496B6089EA42
:1087700002024FF0FF33AA60EB6070E7BB4502D105
:10878000049B4B452FD10123039308ABCDE9017323
:108790002B680093059B4246DB1B00214046FEF7F9
:1087A000B2FA10BB4846012208A901F071FA01375C
:1087B0008146059BBB42E1D8B9F1000F1AD1A6EB67
:1087C0000A0240F2FE339A4294BF0AEB02070AEB18
:1087D0000307B74204D2A6F108039F4228BF1F46F1
:1087E00007F1040A56E76FF05300044620460BB029
:1087F000BDE8F08F6FF05304F8E738B514460D4626
:108800004A6B13B1012B07D11444036FA34217D352
:1088100094420ED1204638BD022B08D1D1E90B314C
:10882000890302D5934238BF13461C44EDE7144632
:10883000EBE72946FFF7A8FC0028ECD16C63E9E7D9
:108840006FF01500E7E700002DE9F04F9DB09A4664
:108850000B680C93BDF89C704B68BDF8A0900B9210
:1088600004460D460D934FF00008A9EB0706012EB4
:1088700060DCAB680133AB60A26E526A002A2DDD6A
:10888000013242F00102B3FBF2F102FB11332BBBC8
:10889000012614A9284614931596FEF77BF90028A3
:1088A00036D12046FFF784FAB0F1000BC0F28D807C
:1088B000A36E1B6ABBEB530F10D2269B0093CDE92E
:1088C00001790B9A53462946204600F097FD8346CE
:1088D000002800F0828010F11C0F76D100260023C2
:1088E0004FF0FF32CDE91532CDE917236968A06E4C
:1088F0001491836C002B74D0083B1993FFF766FA30
:10890000024600286FD012F1540F40F0AD810026CE
:108910004FF0FF3323614FF00108002314A92846CC
:10892000CDE91438FEF736F9002840F09F816FF04A
:108930001B0B4AE014AB0893AA4B07937B421BB274
:10894000CDE90593A84B2699CDF85080CDE901A338
:108950000B9B0093CDE903874FF0FF3300222046A5
:10896000FEF790FB834680BBFE2E15DCA36EDA6912
:10897000986CA2F1240160B342089869431E134425
:10898000B3FBF0F200FB12329B1A8B42149A28BF01
:108990000B469A427FF66DAF07EB6606269B009367
:1089A000B6B2CDE901690B9A53462946204600F03C
:1089B00025FD834678B110F11C0F06D1A36E1499E2
:1089C000DB69243B8B42BFF454AF58461DB0BDE871
:1089D000F08F5208D1E7B14647E7B9467EE74646F1
:1089E0007DE7C36988E70DF1500805F1080204230B
:1089F00041462046FFF7DAFA0246002883D10EAB43
:108A000008937A4B07937B421BB2CDE90593764BD3
:108A10002699CDE901A30B9B0093CDE903074FF005
:108A2000FF332046CDE90E48FEF72CFB0246002816
:108A30007FF469AF05F118010846FEF7A1F870B997
:108A4000EA7D0B466A4902F5C06241EA02522046BD
:108A50004146FFF7CAFA024600287FF454AF0023CC
:108A6000CDE9103312934EB904F13C0110A8FEF782
:108A7000ACF804F1300110A8FEF7A7F804F1480B98
:108A8000594610A8FEF7A1F8109B10AA6FF309032E
:108A9000294620461093FEF793FA0246002840F03C
:108AA000E380DDE910321343129A134309D0514A8F
:108AB00010AB41462046FFF798FA024600287FF4A3
:108AC00022AF41462046FFF7B5FD024600287FF45D
:108AD0001AAFD5E90031C5E90013159BEB60A9EB8E
:108AE0000707169BAF822B61A064CBE90100002E23
:108AF00000F0B28004F120010CA8FEF74BF818B981
:108B00002B6823626B686362A66AD6B942460CA9D9
:108B10002046FEF793FDB0F1000B2BDA1BF1020F9C
:108B20007FF453AF42460CA92046FEF7D2FD8346A0
:108B3000002863D010F1020F7FF447AF4FF0000B15
:108B400043E706F108010CA8FEF724F818B92B68D2
:108B5000B3606B68F360B379022B09D106F12C0185
:108B60000CA8FEF717F818B92B68F3626B6833632B
:108B70003668CAE701212046FEF79CF8C8B941468D
:108B800004F13000FEF72FF8A8B90023109300235A
:108B9000CDE9113B10AA022341462046139500F06F
:108BA00079F830B94FF0FF312046FEF783F80028FE
:108BB000B8D0834609E7236BA663C3F389216FF31B
:108BC0009E23C4E90C36CBF38923994205D2ABF539
:108BD000806B094B43EA8123D8E740F2FF33994287
:108BE000D3D0F6E7A16C020000FC0F409580020094
:108BF00008FC0F000CFCFF7F0000F04F414604F121
:108C00003000FDF7F0FFB0B900239DF86720109306
:108C1000002311931D4B02F5C06243EA0253CDE9D4
:108C2000123510AA02234146204600F033F883464D
:108C3000002883D0C9E6236BC4F838B0C3F3892178
:108C40006FF39E23C4E90C3B40F2FF339942DBD023
:108C50000F4B43EA8123D8E704F13C03303494E816
:108C6000070083E8070069E79346AEE6291D204622
:108C7000FEF7FCFF834600283FF4B1AE10F11C0F55
:108C80007FF4A3AE002E3FF452AE28E608FC0F009E
:108C90000000F04F2DE9F04F866AA1B005460C4662
:108CA00090469946002E6BD1A446BCE80F0010AF49
:108CB0000FC79CE80F0087E80F00434608EBC90187
:108CC00040F2014040F2FF47994240F0898076B17E
:108CD000A38A63B918AA21462846FEF7FAFC8446FF
:108CE000002800F0A08010F1020F40F0AA80A37DC0
:108CF00013B9A38AFE2B30D9E268236818934FF08A
:108D0000FF31CDE91B122369A86E19921A93816C69
:108D1000002900F09E8008391D910BA90891A449F3
:108D200007910021CDE90511CDE90311CDE90191AC
:108D30000DF1600BCDF80080214628460B95CDF84B
:108D400030B0FEF79FF98446002800F084801CF1C3
:108D50001C0F02D01CF1540F73D14FF0FF332B6165
:108D6000A38A02930023CDE9004342464B462146A5
:108D70002846FFF769FD8446002800F0B08060E0D7
:108D800006F10800A04201D136688BE72146FDF7C5
:108D900001FF0028F8D1B379012BF5D1336BDB0249
:108DA000F2D5AB6EF26A9B6A9A42EDD9736BF363AC
:108DB000AB6E1B6A2B6631462846FFF771F9844675
:108DC00050B9336B23F48013336331462846FFF7E1
:108DD000DBF984460028D7D0604621B0BDE8F08F8B
:108DE0001A684FEA125CC2F30A52824204D1A28A84
:108DF0000132A282083367E7BA4204D1A28A013A5B
:108E0000A2820126F6E70CF4E062B2F5C06FF1D160
:108E10005A681268A2615A685268E2611A68C2F31D
:108E20000052E275E6E79DF87730002B3FF45FAF24
:108E3000224618A9284600F0BFF8844600283FF4CF
:108E400056AF10AD0FCD0FC495E80F0084E80F00AA
:108E5000C2E7C1695FE705F13007CDE90D000F906A
:108E600039460DA805F13C06FDF7AFFE05F1480AAD
:108E700031460DA8FDF7A9FE51460DA8FDF7A5FE48
:108E8000DDE90E210D9B0A436FF309031A430D938D
:108E900011D00DAA21462846FEF792F884460028F4
:108EA000CFD1444A0DAB59462846FFF79EF8844679
:108EB00000287FF44CAF59462846FFF7BBFB844699
:108EC00000287FF444AF199BE3601A9B236197E865
:108ED000070086E80700C5F848C0CAE901CCAE6AB9
:108EE00040F2014B4FF0FF3A26B9AC6A002C43D157
:108EF000A44671E706F10807A74201D13668F3E7F7
:108F000010A93846FDF746FE86460028F6D1A4464D
:108F1000BCE80F000FC79CE80F0087E80F00CE45A4
:108F2000ECD058F83E3040F2FF41C3F30A528A4277
:108F300013D1B288C3F389239A4204D1C6E902AAA5
:108F40000EF1010EEBE7FBD9B379013A022BB280A7
:108F5000F6D1B36A013BB362F2E75A45F0D1B28869
:108F6000C3F389239A42EBD3B3790132022BB28047
:108F7000E6D1B36A0133EEE704F1080610A93046E2
:108F8000FDF708FE38B904F12007A388A18B8B42B6
:108F900001D3E07F08B92468A8E75B1AA3803A46AA
:108FA00031462846FEF788FB84460028EDD013E7BB
:108FB000958002000CFCFF7F73B514460E4600F14D
:108FC000480221460546FDF7FBFF70B9E27D084BDC
:108FD00002F5C06243EA02530093183401236A4643
:108FE000314628460194FFF755FE02B070BD00BF20
:108FF00008FC0F0070B50B6B1E0386B005460C46CF
:109000003FD4FFF7C1F8226B20B142F40022226363
:1090100006B070BDD10334D504F108063046FDF723
:10902000AFFD00282DD1D3025DBFD4E90A016B4604
:10903000C3E90001E26AA1884BBFE36C082240F259
:10904000012040F2022042EA812242EA0052CDE9A8
:109050000223226D936843EA812343F081530493F2
:109060005368059302AA022331462846FFF712FEF1
:10907000236B18B143F400232363C9E723F480333F
:1090800023630020C4E770B505460C46FFF7B2FF26
:10909000AB6A064605F128021BB19C42196808D14B
:1090A0001160236D1B6813B9E06CDFF742F930469D
:1090B00070BD1A460B46EFE770B5C36B1B0D13F47A
:1090C000E06F9EB0044605D1206BC0F30900F8B9EB
:1090D0001EB070BD00F1400216A9FEF7EDFA00289F
:1090E000F6D1E36BA063C3F38922236B6FF39E2356
:1090F000C4E90C30344B43EA8223CDE90E300EAA8A
:10910000012316A92046FFF7C5FD0028DCD0DFE7C4
:109110001C22002106A801F05DFE01238DF82F30EE
:109120000D930CA8FDF72CFD40B1216B494249B2CB
:1091300020461EB0BDE87040FDF7BCBD0CAA0EA9CC
:109140002046FEF7B9FA0028C2D19DF82F30002B37
:1091500031D116AA0CA92046FEF770FA002809DAC8
:10916000831CB5D10EAA06A92046FFF725FF0028CB
:10917000AED1D6E702AD0346144A009516A92046A3
:10918000FDF712FF0028A3DBDDE90C31029A9A42B9
:109190000CD1039B99420ED00D4B04AACDE90435A6
:1091A00006A901232046FFF775FDE0E79142F3D1C0
:1091B000039A9342EFE70EAE0FCE06AD0FC596E8C9
:1091C0000F0085E80F00ACE70000F04F00FCFF7FC8
:1091D00008FC0F602DE9F0478AB013F0020F064635
:1091E0000D460392984634D1129B2B6505F1080772
:1091F00000236B63EB63EB64C5F830802B1D03AA7F
:1092000039463046FEF78EFA041E06DAA21C17D144
:10921000AA8840F2FF339A4212D00123AB71B36A9D
:109220002B60A31CB56251D118F4807F08D0039C39
:10923000204602F04BFDF36E834213D26FF02304FD
:109240002B6B43F400232B6329463046FFF71BFFAB
:1092500004E0FFF731FF04460028C5D020460AB0DD
:10926000BDE8F087AB88614A40EA832040F4801073
:10927000CDE906045E4C42EA8322049244EA832349
:109280000022CDE908320592032304AA394630466C
:10929000FFF700FD0028D1D1DFF85CA14FF00008F6
:1092A0004FF00C092B6D9A68424535D81B68002B8E
:1092B00062D0EB64B06E05F14001FEF789FD40F22B
:1092C0000123B3EB145F61D00024C7E718F4007FDB
:1092D00040F08380240D012C40F08280AB8818F48C
:1092E000806F4FEA832308D043F000542B6B43F484
:1092F000803344F480142B63CEE705F1280243F059
:109300000053009243F008033A4A39463046FDF7CD
:109310004BFE041EC0DA93E72A6BD00706D42B6BF2
:109320002A6D99071DD408F10108BBE75868B5F804
:1093300004C009FB08F28118825C8B6849680091BF
:1093400043EA8C2302F5407243EA025339465246FF
:109350003046FDF729FE0028E1DA831CDFD0044601
:109360006EE7526809FB08229168726F91423AD801
:1093700043F480332B63D6E7B36E986ADEF7D4FFED
:10938000E864002896D16FF00B0459E72B6B43F487
:1093900080136FF001022B63C4F309040023AA6257
:1093A000EC622A646B64B36E9A6AAA64002C8BD058
:1093B00040F2FE339342A98828BF134643EA812333
:1093C000EA6C009243F000530A4A39463046FDF7F2
:1093D000EBFD041EBFF678AF32E76FF010042FE705
:1093E0006FF014042CE76FF01B0429E70000104015
:1093F0000000102000FC0F7000FCFF7F2DE9F043FF
:109400009846836E8DB01B6A03660C4604A9BDF8AE
:10941000549006461746FEF78DFC054628BBE37DB3
:109420008DF82730A3690A93E3690B93BDF8583090
:10943000CDE90193149B00933A46434604A9304674
:10944000FFF702FA054680B9049F059AA761012338
:10945000E261E37506F120012046FDF79BFB20B990
:10946000B9F1000F01D1C6E9087228460DB0BDE878
:10947000F083000030B597B00546FEF7B4FC044613
:1094800000284FD1AB6E0146DA6A686E01F0A2FC8B
:10949000AB6E6C65DA6A196AEC65D2008A4294BFD9
:1094A000AA65A9651B6A2B660EA92846FEF742FC31
:1094B0000446002833D14FF400330293AB6EDA69CF
:1094C0001B6A0493EB6E05932B6F06936B6F0793E8
:1094D000164B0392CDE90830154B0A93154B0B93AD
:1094E000154B0C9302AB0D9308AA03230EA9284633
:1094F000FFF7D0FB044690B98DF84E0003460246B4
:109500000EA92846FFF7C6FB044640B90090012388
:109510006A460EA928460193FEF7CEF8044628466F
:10952000FDF7DBFB204617B030BD00BF0000104048
:109530000800F00F9ADE020018001020FDF7CDBBE6
:109540002DE9F04397B00446FEF74DFC054670BB8D
:1095500001461C220EA801F03DFC444FDFF81881A3
:10956000DFF81891012315932E4614A8FDF708FB88
:1095700008B304F12000FDF703FB0346002872D175
:10958000226B02EBD272226304F1300207CA04F1AB
:109590003C0686E80700A16EE26A086AB2FBF0F6B4
:1095A00000FB1622C4E91523E3650B6A23662846EF
:1095B00017B0BDE8F083A36E1B6AB6EB530F4FD212
:1095C0000823079305ABCDE90283294B0190009353
:1095D00014AA284B0EA92046CDE90547FDF73EFE0B
:1095E000002806F1010619DB31D040F309000130F3
:1095F0002DD00E9B23620F9B636208AB00931D4A24
:109600004B460EA92046FDF7CFFC002806DB089B41
:109610009AB21B0C022B06D06FF0150005462046AF
:10962000FFF78CFFC3E7002AF6D10B9B1BB1E26E5C
:109630009342F1D8E3660C9B1BB1226F9342EBD8A7
:1096400023670D9B1BB1626F9342E5D8636704F1FA
:1096500030020EA92046FDF7B3FC002885D0DDE7D7
:109660006FF05300DAE76FF01505D8E79ADE0200D5
:109670000800F00F00FCFF7F9D7902001800102009
:10968000F0B599B004460391FFF716FD00285DD1AF
:10969000034603AA06A92046FEF744F8002855DB36
:1096A000C0F3892340F2FF32934251D0050DA26AE4
:1096B0000E92022D4FEA832704AE21D147F00053CA
:1096C000254A009643F0080306A92046FDF76CFCE6
:1096D00000283BDB324610A92046FDF7EDFF0028AD
:1096E00034D1159B33F47F032ED101212046FDF7A1
:1096F000E1FA58BB0EAB8DF83E00ADF83C00A3621A
:10970000002347F09F47059347F4E00701233246C3
:1097100006A920460497FFF7BDFA0E9BA362A8B9DD
:10972000022D13D14FF0FF312046FDF7C3FA68B97F
:1097300006AA10A92046FDF7CCFF38B910AA06A941
:109740002046FFF739FC01E06FF0260019B0F0BDAC
:109750006FF01500FAE700BF00FC0F702DE9F04F25
:10976000AFB0CDE906120546FFF7A6FC0346002878
:1097700040F00F810DF1280906AA49462846FDF759
:10978000D1FF061EC0F2078140F2FF38C6F38927D9
:10979000474505D16FF0150420462FB0BDE8F08F86
:1097A0000DF1160307AA12A92846FDF7BBFF041EF8
:1097B0002ADBC4F389234345ECD012A94846FDF7C0
:1097C000E9F9AB6A1A93A11C804629D1079802F0E7
:1097D0007DFAEB6E984200F2E080BDF81630B8F1E9
:1097E000000F18D02B6B6FF39E2343EA872343F0BF
:1097F0009F4343F4E0032B630A9B6B63A21C0B9B08
:10980000AB6347D13A4609E0A01CC5D1BDF816307C
:109810004345D2D1C0E79F42F4D37A1C00233FE0F6
:10982000330DB3EB145F4FEA145240F0B980BDF82A
:109830001630002840F0B7809F4201D10024ABE7EA
:10984000022A27D15A4A0DF1900A42EA8323CDF821
:1098500000A0584A12A92846FDF7A6FB002859DBAC
:1098600052461CA92846FDF727FF002852D1219B0C
:1098700033F47F034CD101212846FDF71BFA002861
:1098800048D11AAB8DF86E00ADF86C00AB62B8F140
:10989000000FA7D1BDF81620474B43EA82233A4672
:1098A00024934649BDF8163003926FF3130641EA3C
:1098B00083214FEA832B46EA8326079B02934FF0CE
:1098C000000A1846CDE9261ACDF894A002F0FEF958
:1098D000029B29934BEA070343F08053064343F46A
:1098E0008013CDE92A392896B8F1000F14D1324BF4
:1098F000039A43EA82232C9300232D9324AA052361
:1099000012A92846FFF7C6F940B11A9BAB6201E0E5
:109910006FF0260004463FE75346ECE7B8F1000F2E
:1099200016D02B6B1A0D12F4E06F11D06FF39E233B
:10993000C5E90C30204BA86343EA8723CDE9083002
:1099400008AA012349462846FFF7A4F90028DCD1DC
:109950001A9BAB62A31C3FF471AF240D022C7FF461
:109960006DAF4FF0FF312846FDF7A4F904460028FB
:109970007FF412AF12AA1CA92846FDF7AAFE0446DE
:1099800000287FF409AF1CAA12A92846FFF714FB90
:10999000C0E7044600E73446FEE66FF02304FBE62A
:1099A0006FF01404F8E6022A3FF44CAF1AE700BF48
:1099B0000800002000FC0F700000F04F0000104075
:1099C00030B58BB015460191002301AA02A90446C7
:1099D000FDF7A8FE002806DBC0F389222B4602A96A
:1099E0002046FDF707FB0BB030BD000013B5034C5C
:1099F0000094FFF7EFFB02B010BD00BFC4210300CD
:109A0000FFF741BBFEF7A0BDFEF729BCFEF7F5BE90
:109A10002DE9F047A6B005460191FFF74DFB80B94F
:109A2000AB6A1C9301AA0DF102031EA92846FDF79B
:109A300079FE831C08D1BDF8027040F2FF339F42CB
:109A400007D126B0BDE8F0870028A8BF6FF010004E
:109A5000F7E7DDF80480404602F038F9EB6E9842F3
:109A6000064671D8AB6E04AC1B6A2B6621462846AD
:109A7000FEF760F90028E4D10DF1780EBEE80F0082
:109A80000DF1300CACE80F009EE80F008CE80F00E1
:109A90000DF1480A9DF84730002B4DD1DFF8B89002
:109AA000012302AA21462846CDE9029AFFF7F2F8DF
:109AB0000028C6D19DF88F30F3B101212846FDF76B
:109AC000F9F80028BDD11CAB8DF87600ADF8740014
:109AD000AB6214AA01230CA92846CDE91494FFF720
:109AE000D9F81C9BAB620028ABD14FF0FF31284660
:109AF000FDF7E0F80028A4D1154B43EA872314931F
:109B000000231593134B43EA8723CDE918349DF8BE
:109B10008F30002B104B46EA872618BF0023CDE973
:109B20001A3446F40016042314AA1EA92846CDE9C7
:109B30001668FFF7AFF884E752460CA92846FDF7F0
:109B4000BBFD0028A6D07CE76FF0230079E700BFBB
:109B5000000010400800002008FC0F60F0B587B03E
:109B600001F1080603920C46002303AA314605467C
:109B7000FDF7D8FD00282ADB030D022B29D1C0F305
:109B8000892040F2FF33984204AF15D12B6A049329
:109B90006B6A05933A4631462846FDF78DFDB0B90C
:109BA000A368E362E36823630223A080A062A37139
:109BB000AB6A2360AC620AE0074B084A009743EAAD
:109BC000802331462846FDF7EFF90028E2DA07B096
:109BD000F0BD6FF01300FAE70800002000FC0F70E2
:109BE0002DE9F0410C46154606464FF484720021DB
:109BF000284601F0EFF8A36A63B92846022300F86B
:109C0000083B1A4902F0B6F8A36A0133A3620120A7
:109C1000BDE8F081012B22D004F1200804F10807EF
:109C2000A288A38B9A420AD1E07F0028F0D0424656
:109C300039463046FDF740FD0028E9D1A080A288D2
:109C40002B4639463046FDF7D5F908B1831CDFD1E4
:109C5000A388023003F10103A380E1D0D4E72846B2
:109C6000022300F8083B0249CCE700BF98DE02005F
:109C700097DE020010B501F12C020C460831FDF709
:109C80001BFD08B9A080A06210BDFEF791B80000CE
:109C900030B50C4D0A44914200D130BD11F8013B62
:109CA00083EA000404F00F0455F8244084EA1010FD
:109CB00080EA131303F00F0355F8233083EA1010E2
:109CC000E9E700BFD82103000B460146184601F022
:109CD0007DBF00F074B80268D207034605D442780D
:109CE00002B1FFDE01205870704700207047012349
:109CF00003607047012838BF012010B50446204694
:109D0000DEF712FB00B110BD00F05CF808B900F0FE
:109D1000D5FE8047F3E708B500F0D0FE08B500F0A7
:109D2000CDFE08B500F0CAFE012A30B403D10B788D
:109D3000037030BC7047002AFBD030BC01F030B853
:109D40002DE9F041DDE906680D4617461C4636B19F
:109D5000964230D8324619462846FFF7E5FFB8F15B
:109D6000000F11D0BE420FD04246E919A819FFF7E3
:109D7000DBFFBE4208D9EB19A219934206D3324643
:109D800021462846FFF7D0FFBDE8F081A34208D85E
:109D9000641BE41B3444324629192846E2F783FF4A
:109DA000F2E71F1B3A4621462846FFF7BDFFF21B8C
:109DB000A919E819F2E7B8F1000FD5D1DBE7DEF712
:109DC000B8BA0000024B1868BFF35B8F704700BF42
:109DD0002C49002008B52DED028BB0EE408A00F032
:109DE00057F9B4EE488AF1EE10FA06D6DFED098A8B
:109DF000B4EEE88AF1EE10FA02D4BDEC028B08BD95
:109E000001F0B4FE88EEA80ABDEC028B21230360AA
:109E100008BD00BF0000000010EE103A184923F002
:109E200000428A421AD9B2F1FF4F02D330EE400A03
:109E3000704700B583B0684600F02EF900F00300CB
:109E40000128DDED010A9DED000A10D0022809D09D
:109E500090B900F053F803B05DF804FBDFED090A98
:109E600000F04CB800F04AF8B1EE400AF3E700F019
:109E7000C7F8B1EE400AEEE7012000F0C1F8EAE7CA
:109E8000D80F493F0000000010EE103A194923F0A6
:109E900000428A421BD9B2F1FF4F02D330EE400A92
:109EA000704700B583B0684600F0F6F800F0030094
:109EB0000128DDED010A9DED000A13D002280BD028
:109EC00098B9012000F09CF803B05DF804FBDFEDC9
:109ED0000A0A002000F094B8012000F091F8B1EED9
:109EE000400AF1E700F00AF8EEE700F007F8B1EEFB
:109EF000400AE9E7D80F493F0000000010EE103A91
:109F000023F00043B3F1485F2CD2FDEEC07A17EE88
:109F1000903A002B60D060EE007A9FED317A9FED91
:109F2000315ADFED315A9FED316ADFED316AA7EE2C
:109F3000875A9FED307AE7EE855AA7EEA56AA7EE1D
:109F4000867AE7EE876A67EEA66A60EEC00AB6EE2A
:109F5000007AE7EEA60AB7EE000AD7EE870A30EEDF
:109F6000600A704760EE007A9FED1D7A9FED1D5AE2
:109F7000DFED1D5A9FED1D6ADFED1D6A1E4AA7EE3B
:109F8000875A93429FED1B7AE5EE275AA5EEA76A02
:109F9000A6EE277AE7EE276A66EEA76AD5D9174AB2
:109FA000934214D803F17F4307EE103AB7EE006AEC
:109FB00036EE476A60EEC00AF6EE005A97EEA57AD2
:109FC000E7EEA60A37EE607A36EE470A7047B6EE3D
:109FD000076AB5EE027AEDE7B7EE000A704700BFF8
:109FE0004ED747ADF6740F317CF293B4010DD037E4
:109FF000ABAA2A3D610BB6BA9999993E0000483F39
:10A0000010EE103A23F00043B3F1485F04D2FDEEA6
:10A01000C07A17EE903A5BB360EE007A9FED157A46
:10A02000DFED155A9FED156ADFED156AE7EE875AE9
:10A030009FED147AA5EEA76A20EE275AE6EE276A6E
:10A04000A6EEA77A30B9DFED106AE7EE876AA6EED2
:10A05000850A704727EE457AF6EE006AA0EEA67AEA
:10A06000DFED0A6AD7EE270AE5EE260A30EE600A2F
:10A07000704700BFD3C92E2F342FD7B21BEF38360D
:10A08000010D50B98988083CABAA2ABEABAA2A3E6A
:10A09000B1EEC00A704700BF70B510EE103A884AA2
:10A0A00023F00044944286B0054671D9854A944213
:10A0B0001E4624D823F00042002BDFED837A83492B
:10A0C00022F00F02B0EE407A40F3E0808A4270EE58
:10A0D000677A09BF9FED7E7ADFED7E6ADFED7E6AEB
:10A0E00077EEC77A37EEE67A77EEC77A80ED007AB8
:10A0F00077EEE67AC0ED017A012006B070BD774AAE
:10A10000944252D9B4F1FF4F48D2E215863AA4EBFB
:10A11000C25307EE903ABDEEE77ADFED716AB8EE12
:10A12000C77A77EEC77A8DED037A67EEA67ABDEE31
:10A13000E77AB8EEC77A77EEC77A8DED047A67EEE4
:10A14000A67AF5EE407AF1EE10FACDED057A40F000
:10A150009880B5EE407AF1EE10FA0CBF012302238D
:10A16000604901910221009103A8294600F0CCF832
:10A17000002EC2DA95ED007AD5ED017AB1EE477A7C
:10A18000F1EE677A85ED007AC5ED017A4042B4E7D9
:10A19000002285ED000A42600020AEE770EE407AB2
:10A1A000C0ED017AC0ED007AF6E700F0A5F89FED6A
:10A1B0004E7A9FED456AF6EE007AE0EE077A9FED63
:10A1C000457AFDEEE77A17EE900AF8EEE76A1F2867
:10A1D000A6EEC60A66EE877AB1EE666A20DC434ACE
:10A1E000411E26F0004352F8212023F0FF03934242
:10A1F00016D030EE677A30EE470A002E30EE670A4E
:10A2000085ED007A85ED010ABFF677AFB1EE477AAA
:10A21000B1EE400A85ED007A85ED010A40426CE717
:10A2200030EE677AE21517EE103AC3F3C753C3EB6B
:10A23000D453082BDFDD9FED267A9FED275AF0EEF1
:10A24000405AE6EE075A70EE657AE6EE077AD6EEE9
:10A25000857A35EEE77A17EE103AC3F3C753D21A70
:10A26000192A10DD9FED227A9FED225AB0EE650A81
:10A27000A6EE070A75EEC07AE6EE077AD6EE857A84
:10A28000B7E703236CE7B0EE650AB4E78A4270EEE5
:10A29000277A09BF9FED0E7ADFED0E6ADFED0E6AB9
:10A2A00077EE877A37EEA67A77EEC77A80ED007A76
:10A2B00077EEA67AC0ED017A4FF0FF301DE700BFC0
:10A2C000D80F493FE3CB1640800FC93FD00FC93F9D
:10A2D000004435374344353708A3852E800F494362
:10A2E000000080439822030084F9223F18220300D3
:10A2F00000A3852E32318D2410EE103A23F0004356
:10A3000000EE103A704700BF2DE9F04F2DED048BA1
:10A31000DBB01C46944603930A46CD4B68991CF16A
:10A32000040F53F82160824604F1FF38C0F24982DD
:10A33000BCF1030348BF0CF10403DB1002930133AB
:10A340004FEAC30EACEB0E030593029B16EB08001D
:10A35000A3EB080316D401309FEDBE7A699C184424
:10A360001EA9002BA4BF54F8235007EE905A03F106
:10A370000103ACBFF8EEE77AF0EE477A8342E1ECF6
:10A38000017AEED1002EC0F2B182039B1EA901EB2F
:10A39000830446AD4FEA83094046F7180AEB830170
:10A3A000B8F1000FDFEDAB7A09DBA3465346F3ECBF
:10A3B000016A3BED017A8B42E6EE877AF7D10130F4
:10A3C000B842E5EC017A04F10404E9D10DF1280B5F
:10A3D0000BEB8603CDE9062E043B9FEDA09ADFED43
:10A3E0009E8A059804930AEB090446AF0BEB860995
:10A3F0000096CDF820C05AAB03EB8603002E13ED78
:10A40000140A4FEA860515DD7B195A4660EE097A73
:10A41000B0EE407AFDEEE77A73ED016AF8EEE77A86
:10A42000BB42A7EEE87A37EEA60ABDEEC77AA2ECE9
:10A43000017AEBD1019000F0CFFAF4EE007AB0EEA1
:10A44000408A20EE270A00F07DFAF2EE007AA0EEB4
:10A45000678A01980028FDEEC89AF8EEE97A38EE8E
:10A46000678A6CDD06F1FF3EC0F108035BF82E2021
:10A4700042FA03FC0CFA03F3D21AC0F1070119EEF9
:10A48000903A4BF82E200A416344002A09EE903A94
:10A4900000F3F080B5EE408AF1EE10FA40F09D80B6
:10A4A000009B9E420ADD5D44002355F8041D4D4586
:10A4B00043EA0103F9D1002B40F0F280009B013BFD
:10A4C0005BF82330002B40F0E780049B012153F818
:10A4D000042D0131002AFAD0731C31449C46029DA0
:10A4E000039A05EB030E0EF1804E699D32440EF186
:10A4F000FF3E07EB83061EAB05EB8E0E03EB8205DA
:10A50000DEED017AF8EEE77AB8F1000F0EF1040EF5
:10A51000E5EC017ADFED4F7A09DB2A465346F3EC8E
:10A52000016A32ED017AA342E6EE877AF7D10CF1A7
:10A53000010C6145E6EC017AE2DA0E465BE740F099
:10A540008F80731E5BF82320D211002AA2DD19EE42
:10A55000903A002E03F1010309EE903A40F3D481C2
:10A5600059464FF0000E51F8043B002B6AD0C3F55A
:10A57000807341F8043C04E00B68C3F1FF0341F829
:10A58000043B0EF1010E7645F6DC01239E460028C1
:10A590000ADD012878D0022806D1711E5BF821302F
:10A5A00003F03F0C4BF821C0022A7FF473AFB7EEE3
:10A5B000000A734630EE488A002B3FF46BAF0992D5
:10A5C000019000F009FA38EE408A0198099AB5EE38
:10A5D000408AF1EE10FA3FF463AF9246DDE9062EB1
:10A5E000DDF820C00196AEEB0C00B0EE480A009EEC
:10A5F000009200F0F1F9DFED186AB4EEE60AF1EE30
:10A6000010FADDE90023F0EE407AC0F250819FEDB0
:10A61000137A059920EE077A0831BDEEC77A0591C5
:10A62000B8EEC77A5C1CE7EE667ABDEEC77AFDEE3F
:10A63000E77A17EE901A4BF8231017EE103A4BF802
:10A64000243046E00EF1010EB6458CDB9E469EE7B7
:10A65000DC25030000000000000080430000803B78
:10A66000F6EE007AB4EEE78AF1EE10FA80F2988006
:10A6700000220FE70133002E09EE903A3FF770AF4A
:10A68000002301289E4686D1711E5BF8213003F01D
:10A690007F0C4BF821C087E7731C9C4619461EE7C8
:10A6A00033469246DDE905125C1EA1F108005BF815
:10A6B0002410009E059061B903F18043013B0BEB30
:10A6C0008303014653F8040D013C08390028F9D0F2
:10A6D000059105980092B7EE000A00F07DF9002C74
:10A6E000009AB0EE407AC0F20581601C46AD5FED85
:10A6F000256A81000BEB800305EB800073ED017A86
:10A70000F8EEE77A5B4567EE877A27EE267A60ED0A
:10A71000017AF3D10DF1C8080B1F46A8C718C64629
:10A72000A44600259146002E73DB844ADFED847A2F
:10A730003846002301E0AB4208DCF2EC016AB0ECE1
:10A74000017A01339E42E6EE877AF4DA0CF1FF3C9F
:10A75000BCF1FF3FEEEC017A05F10105A7F104071A
:10A76000E1D1689B022B4A4656DC002B2EDC0ED131
:10A77000DFED737A414431ED017A414577EE877A16
:10A78000F9D15346002B40F0AE80C2ED007A19EEAD
:10A79000903A03F007005BB0BDEC048BBDE8F08F8E
:10A7A00019EE903A002E03F1010309EE903AC8BF6A
:10A7B00002223FF7D5AEF7EE007A37EEC88A0222C2
:10A7C00068E600234FF0080E0293BBE59FED5C7A2C
:10A7D000414471ED017A414537EE277AF9D1DDED3B
:10A7E000327A534677EEC77A002B75D182ED007A24
:10A7F00064B133A90123B1EC017A01339C4277EEB5
:10A80000877AF8DA53460BB1F1EE677AC2ED017A36
:10A81000BDE7DFED4B7A99E7689B032BB7D1002C9E
:10A820007ED008EB840595ED007AA0002B462946E2
:10A8300071ED017AF0EE476A37EE277A414577EEFF
:10A84000C77A81ED007A77EEA67AC1ED017AEFD171
:10A85000012C65D095ED007A08F1040173ED017AC1
:10A86000F0EE476A37EE277A994277EEC77A83EDA2
:10A87000007A77EEA67AC3ED017AEFD1031DDFED02
:10A88000307A434408F1080833ED017A984577EEB1
:10A89000877AF9D15346DDED326A9DED337A73B98B
:10A8A000C2ED006A82ED017AC2ED027A6FE7FDEE39
:10A8B000C07A1C4617EE901A4BF8231009E7F1EE08
:10A8C000666AB1EE477AF1EE677AC2ED006A82ED10
:10A8D000017AC2ED027A5AE7B1EE477A82ED007A48
:10A8E000002C86D190E7F1EE677A4EE7039B4FEAA2
:10A8F00083096BE5689B022B0EDC002B13DC7FF4D5
:10A9000046AFDFED0F7A3CE7022A7FF4C3ADF7EEE6
:10A91000007A37EEC88ABDE5689B032B7FF437AF1A
:10A92000DFED077AB6E75346DDED327A13B900233F
:10A9300013606BE74FF00043136065E7B025030039
:10A940000000000010EE102AC2F3C7537F3B162B05
:10A9500022F0004129DC002B104618DB1A4919416E
:10A960000A4221D0DFED197A70EE277AF5EEC07A2F
:10A97000F1EE10FA18DD002A04DA4FF4000242FA70
:10A9800003F3184420EA010300EE103A7047DFEDAC
:10A990000F7A70EE277AF5EEC07AF1EE10FA03DD49
:10A9A000002A08DB9FED0A0A7047B1F1FF4FFBD385
:10A9B00030EE000A7047DFED077A0029BFEE000A8B
:10A9C00008BFB0EE670A7047FFFF7F00CAF2497107
:10A9D000000000000000008010EE103A33F000414B
:10A9E0001A4627D0B1F1FF4F21D213F0FF4F22D1E9
:10A9F000DFED2B7A2B4A60EE277A904217EE903AE1
:10AA000033DB4CF2503CC3F3C75160451A46A1F109
:10AA1000190116DDDFED247ADFED246A002BB0EE9C
:10AA2000677AB8BFF0EE667A27EE870A704730EE95
:10AA3000000A704770474CF2503C60454FEAD151D4
:10AA4000E8DC0144FE29E5DC002915DC11F1160FD4
:10AA500019DB193122F0FF4242EAC15207EE902A77
:10AA60009FED130A27EE800A7047DFED127A07EE9A
:10AA7000103A27EE270A704722F0FF4242EAC153FC
:10AA800000EE103A7047DFED0B7ADFED0B6A002B1A
:10AA9000B0EE677AB8BFF0EE667A27EE870A7047A5
:10AAA0000000004CB03CFFFFCAF24971CAF249F104
:10AAB000000000336042A20D6042A28D08B506205E
:10AAC00001F034F8012003F06BF80028B8BF4042D1
:10AAD0007047000008B5064B044613B10021AFF3E0
:10AAE0000080044B1B6803B19847204603F058F8D8
:10AAF00000000000684A00200CB430B5174B0C1E53
:10AB00001D689DB008DA8B232B604FF0FF301DB01D
:10AB1000BDE8304002B070474FF40273ADF8143016
:10AB200014BF04F1FF332346049307934FF6FF73DA
:10AB300002900690ADF81630209A21AB02A9284663
:10AB4000019301F0E3F9431CBCBF8B232B60002C65
:10AB5000DDD0029B00221A70D9E700BF440100201B
:10AB60000EB400B59CB01DAB029006906FF0004192
:10AB7000094807910491094953F8042B059100688D
:10AB8000019302A901F0C2F9029B00221A701CB0C5
:10AB90005DF804EB03B07047440100200802FFFF9A
:10ABA000002310B50446C0E90033C0E904338360D4
:10ABB00081814366C2818361194608225C3000F0BE
:10ABC00009F90D4B63620D4BA3620D4BE3620D4B14
:10ABD00023630D4B24629C4206D003F16802944229
:10ABE00002D0D0339C4205D104F15800BDE810409A
:10ABF00000F0E6BF10BD00BFC9C50200EFC50200EE
:10AC000027C602004BC6020030490020024A034911
:10AC1000034800F069B800BF3001002025C50200DC
:10AC20004801002041680C4B994210B5044601D000
:10AC300001F078FCA168094B994202D0204601F04E
:10AC400071FCE168064B994204D02046BDE81040F3
:10AC500001F068BC10BD00BF3049002098490020B9
:10AC6000004A002010B50B4B0B4C0C4A1A602046D2
:10AC700000220421FFF794FF04F16800012209215A
:10AC8000FFF78EFF04F1D0000222BDE81040122130
:10AC9000FFF786BF684A0020304900200DAC020053
:10ACA000014800F08FBF00BF934A0020014800F028
:10ACB0008BBF00BF934A002010B50446FFF7F0FF9A
:10ACC000236A1BB1BDE81040FFF7F0BF044B2362BD
:10ACD000044B1B68002BF5D1FFF7C4FFF2E700BF60
:10ACE00025AC0200684A00202DE9F8430746884653
:10ACF00014460026D4E90195B9F1010905D5246867
:10AD0000002CF7D13046BDE8F883AB89012B07D979
:10AD1000B5F90E30013303D029463846C047064303
:10AD20006835E9E7C9B20346184613F8012B12B19A
:10AD30008A42F9D17047002918BF0020704770B5CA
:10AD400003461E4613F8014B44B14A1E01E0A542DA
:10AD500004D012F8015F002DF9D1F2E7301A70BD6E
:10AD600070B503461E4613F8014B3CB14A1E01E084
:10AD7000A542F7D012F8015F002DF9D1301A70BD4D
:10AD800010B501390244904201D1002005E003785A
:10AD900011F8014FA34201D0181B10BD0130F2E79A
:10ADA000884210B501EB020402D98442234607D839
:10ADB000431EA14208D011F8012B03F8012FF8E738
:10ADC000024401468A4200D110BD13F8014D02F839
:10ADD000014DF7E702440346934200D1704703F860
:10ADE000011BF9E738B50B4B1D686B6B044653B973
:10ADF0002420DDF799FA0246686320B9064B07481C
:10AE0000322100F0BFFF696B2046BDE8384000F0FA
:10AE100007B800BF44010020A3DE0200BADE020032
:10AE20002DE9F0410C46074600F09CFE2146054600
:10AE3000384601F0DBFC43699907044603F26C785D
:10AE400006D1642298FBF2F302FB1383002B71D12D
:10AE50004FF4C87298FBF2F302FB1383B3FA83F347
:10AE60005B095E42644B06F030061E4400F002FCB3
:10AE700000F00CFC614B1B68002B6AD06B684345EB
:10AE80005AD1D7E900232F68D5E90801002F5BD1FB
:10AE9000824273EB01015EDB012323622B6D61684B
:10AEA0004FF4616293FBF2F002FB10333C2293FB00
:10AEB000F2F502FB153223689B1AA2682360491B36
:10AEC000121A3B2B6160A26051DD013161603C3B95
:10AED000236063683B2B50DD0132A2603C3B636022
:10AEE000A368172B4FDDE2690132E261A2690132EA
:10AEF000072AA8BF0022A261E268183B0132A360C2
:10AF00002369E26056F823108A420EDD0B2BA2EB78
:10AF10000102E26003F1010209BF636922610022BC
:10AF2000013302BF22616361E26100F0A9FB2046A8
:10AF3000BDE8F081012394E7404600F0E7FA0028DD
:10AF40009FD14FF0FF3304E0824273EB010102DA3C
:10AF50000023236209E0D5E9120182428B41B4BF8C
:10AF6000012300232362002B98D1AB6A97E7002BC3
:10AF7000AFDA013961603C33AAE7002BB0DA013A5D
:10AF8000A2603C33ABE7002BCFDAE269013AE26121
:10AF9000A269013A48BF0622A261E2681833013A69
:10AFA000E260A360002AC0D12369013B05D423617C
:10AFB000236956F82330E360B7E70B232361636905
:10AFC0005A1E6261920703F26B7305D1642193FBF1
:10AFD000F1F201FB123262B94FF4C87293FBF2F145
:10AFE00002FB1133B3FA83F35B0903F5B673E36134
:10AFF000DEE70123F9E700BF482603008C4A002062
:10B00000F7B501683B29044611D93C22684600F097
:10B01000D7FE019A63680099002A0B446360BBBFA6
:10B020003C3203F1FF3322602260B8BF6360616885
:10B030003B2911D93C22684600F0C2FE019AA36860
:10B040000099002A0B44A360BBBF3C3203F1FF33DD
:10B0500062606260B8BFA360A168172911D9182285
:10B06000684600F0ADFE019AE3680099002A0B449F
:10B07000E360BBBF183203F1FF33A260A260B8BF28
:10B08000E36021690B2911D90C22684600F098FE73
:10B09000019A63690099002A0B446361BBBF0C32BB
:10B0A00003F1FF3322612261B8BF636163699A07CC
:10B0B0001CD1642193FBF1F201FB1232C2B903F2FD
:10B0C0006C734FF4C87293FBF2F102FB1133002B47
:10B0D0000CBF1D231C23E268002A0BDC314D0B2022
:10B0E0006421E668002E30DD03B0F0BD1C23F2E7DA
:10B0F0001D23F0E72B4DD4E90312012A14BF55F8A4
:10B10000220018468142EFDD0132091A0C2AE16063
:10B110002261F0D1636900215A1C216191076261AB
:10B120003CD1642192FBF1F001FB1022002A37D1BF
:10B1300003F26D734FF4C87293FBF2F102FB11330B
:10B14000002B0CBF1D231C23D5E72269013A226185
:10B15000013216D163695A1E9707C4E9040219D156
:10B1600092FBF1F701FB1722B2B903F26B734FF4B4
:10B17000C87293FBF2F702FB1733002B0CBF1D23A1
:10B180001C232269012A14BF55F822201A46324492
:10B19000E260A6E71C23F4E71D23F2E71C23AAE7DD
:10B1A0001D23A8E7182603002DE9F04F85B00746B8
:10B1B00000F0D8FC81463846FFF722FFD7E900436C
:10B1C0003C2202FB0344BB687D694FF4616202FBD1
:10B1D0000344D7E90363C04A52F82320013E012B00
:10B1E000164411DDA9070FD1642295FBF2F302FB8F
:10B1F000135343B905F26C734FF4C87293FBF2F129
:10B2000002FB113303B9013605F51C53103344F624
:10B2100020629342FE6100F26A81462D40F38E80E7
:10B22000462340F26D1C64214FF4C8709A077FD109
:10B2300093FBF1F201FB1232002A7CD103F26C7213
:10B2400092FBF0FE00FB1E22002A0CBF4FF4B772E7
:10B25000624601339D421644E8D1A04B4FEAE478A0
:10B26000C6FB034800F006FA00F010FA9C4B1B687E
:10B27000002B00F04381D7F820A078695346012BBA
:10B28000A8BF01230193D9F8043000F26C70834207
:10B2900040F09680D9E90821D9F85000D9F84CC07F
:10B2A000131A0393D9F848300293029AD9F8283038
:10B2B00061EBE07BB2EB030E6CEBE371744578EB72
:10B2C000010280F28580D9F80020002A00F08D80EC
:10B2D000039A944278EB0B02C0F20D81744578EB2F
:10B2E0000101B4BF4FF0010B4FF0000BBAF1000F9A
:10B2F00080F28780BBF1010F40F00281D9F8503015
:10B300001C1948EBE3784FF0010B00F0B9F9043653
:10B31000072396FBF3F3C3EBC303F61A00F1E580B2
:10B32000C7F820B0BE612046414605B0BDE8F08FA9
:10B3300040F26D128DE74FF4B7728AE78DD0452346
:10B3400040F26D1C64214FF4C87012E062BB93FBA5
:10B35000F1F201FB123252BB03F26C7292FBF0FE6F
:10B3600000FB1E22002A0CBF4FF4B7726246B61AC9
:10B37000013B9D4203F00302E8DBDAB9642295FB4E
:10B38000F2F302FB1353C3B905F26C734FF4C872A6
:10B3900093FBF2F102FB1133002B40F26D1308BF57
:10B3A0004FF4B773F61A58E740F26D12DFE74FF427
:10B3B000B772DCE740F26D13F4E74FF4B773F1E7CF
:10B3C00000F0A4F800287FF465AFDDF804B091E741
:10B3D000029A121A02924FEAE0726CEB020C029A85
:10B3E000944278EB0C0CF0DB6DE7039A944278EB17
:10B3F0000B02FFF673AFBAF1000FFFF67FAF4FF00D
:10B40000010B019A82EA0B0ABAF1010F7FF472AFC5
:10B41000BBF1000F37D01B1A3A681A441C193A6066
:10B420003846FA68019248EBE378FFF7E9FDFB68DC
:10B43000019A9B1A3FF45EAF012B26DCB3F1FF3F6C
:10B44000A8BF9A46FB691AEB0303564426D56B1E28
:10B4500099071DD1642293FBF2F102FB1133D3B99A
:10B460004FF4C87305F26B7595FBF3F203FB1255AD
:10B47000002D40F26D1318BF4FF4B673FB6139E72E
:10B480004FF0000BBDE7C31AC6E74FF0FF3AD9E70C
:10B490004FF4B673F2E740F26D13EFE7AA0717D146
:10B4A000642195FBF1F201FB1252DAB94FF4C87234
:10B4B00005F26C7595FBF2F102FB1155002D40F27F
:10B4C0006D1208BF4FF4B7729342A8BF9B1AD5E71D
:10B4D00040F26D12F8E700BFE8250300805101003B
:10B4E0008C4A00204FF4B772EEE7073618E74FF0AA
:10B4F000FF34A04617E7BAF1000FC1DA4FF0000B96
:10B50000D9F828301C1948EBE378FEE62DE9F8431A
:10B51000044600F027FB40F2B1739C4240F3A38045
:10B520006FF4F6616518A4F2B27340F26D12AD10BB
:10B5300002FB03556FF4C8666FF06302A4F26D73EB
:10B5400093FBF2F31D44A319484E44604FF4C872B4
:10B550000146B3FBF2F300F150071D440B7AD1F81A
:10B5600014C04A2B38D1A20705EB0C0306D14FF0CB
:10B57000640E94FBFEF20EFB124232B94FF4C87E09
:10B5800094FBFEF20EFB12421ABBBCF13B0FD4BF80
:10B590004FF0000C4FF0010C6344013B8A694FEA05
:10B5A000E27CC3FB062C8B6AD2184CEBE373C1E937
:10B5B000082328318F42D1D1D0E90843D0E91212B3
:10B5C0008C429341B4BF0123002303600120BDE8F6
:10B5D000F8834FF0000CDFE7442B02D105EB0C039E
:10B5E000DCE7A30705D1642294FBF2F302FB1343CB
:10B5F00093BB4FF4C87294FBF2F302FB1343B3FA0C
:10B6000083F35B09DFF868E0D1F80C905B4203F04C
:10B6100030032A464FF00008734408F10108C14581
:10B6200053F828E01ADC02F10408072398FBF3F32F
:10B63000C3EBC303A8EB0303BCEB030C0B6903F1DF
:10B64000FF3348BF0CF1070CC3EBC3039C44F44524
:10B6500006DA02EB0C03A1E70123D3E77244DCE72F
:10B66000ACF1070CF3E70020B1E700BF8051010007
:10B6700044260300014800F0A4BA00BF904A00200D
:10B68000014800F0A0BA00BF904A0020014B1868A2
:10B6900000F002B8440100202DE9F04F8DB00746BC
:10B6A00000F060FABC49BD4D0446384600F0CCFBC2
:10B6B000064610BBBA4BBB4A1860BB4BA062186071
:10B6C000BA4B2065C3E900224A2100220023C4E9C5
:10B6D0000300C4E90500C4E90D00C4E90F00C4E992
:10B6E0000823C4E912232868217284F83010DCF79B
:10B6F00020FE2E600DB0BDE8F08F2968002940F0D3
:10B700008E802868DCF715FE304600F0DFFA411C19
:10B710003846DCF70BFE2860002840F08680A24AFD
:10B72000DFF88882DFF878A200231360A04ACAF805
:10B73000003000200021C8E90022C4E90333C4E935
:10B740000533C4E90801C4E90D33C4E90F33C4E982
:10B7500012014A222272A36284F8302023653378D2
:10B760003A2B08BF013633783C2B62D1751C914AC5
:10B7700091490AAB284600F0FDFE0028BADD0A9B7D
:10B78000DA1E072AB6D8EB5C3E2BB3D102360A9BF1
:10B79000F518F35C2D2B5AD101354FF0FF390023FA
:10B7A000ADF81E30ADF8203008AF0AABCDE9013757
:10B7B00003930DF11E03009380490AAB07AA2846A4
:10B7C00000F0D8FE002895DDBDF81E30BDF82060E1
:10B7D0003C2202FB0366BDF81C304FF4616202FBA1
:10B7E00003660A9B09FB06F605EB0309EB5C3C2BA1
:10B7F00040F0EE8009F10105714A6F490AAB284615
:10B8000000F0B8FE002828DC99F801303E2B24D146
:10B81000684BA662C8E90033CAF800606AE700F026
:10B820009FFA00287FF46DAF64E7314600F0A2FA7A
:10B8300075E7604A63490AAB304600F09BFE00287A
:10B840007FF758AF0A9B033B072BA0D952E72B2B5E
:10B8500008BF01354FF00109A1E70A9BDA1E072A4C
:10B860003FF648AFEB5C3E2B7FF444AF09F1020991
:10B870000A9B09EB030519F803302D2B40F0B78024
:10B8800001354FF0FF390023ADF81C30ADF81E3004
:10B89000ADF820300A930AABCDE9027301930DF1A4
:10B8A0001E03009345490AAB07AA284600F062FE32
:10B8B000002800F3A280A6F5616304930A9B274643
:10B8C0001D444FF0000B2B782C2B08BF013595F849
:10B8D0000090B9F14D0F40F0A3800AAB0DF12602A4
:10B8E000CDE9013209AA0092374903930DF12202F2
:10B8F000284600F03FFE03287FF4FCAEBDF822107E
:10B900004B1E0B2B3FF6F6AEBDF82420531E042B26
:10B910003FF6F0AEBDF82630062B3FF6EBAEC7E99A
:10B92000031287F808907B610A9B05EB0309002549
:10B930004FF00203ADF81C30ADF81E50ADF82050AA
:10B940000A9599F800302F2B40F096800AAB08AA90
:10B95000CDE901320DF11E0200921C49039307AAA2
:10B96000484600F007FEA84200F386804A210022E4
:10B970000023C4E90355C4E90555C4E90823C4E913
:10B980000D55C4E90F55C4E912232172A56284F84C
:10B9900030102565AEE600BF1CDF02006C4A0020B7
:10B9A000884A00201FDF02008C4A00203C01002052
:10B9B00044DC02007C4A002023DF020058DF020042
:10B9C000704A002036DF020044DF020057DF020029
:10B9D0003E4A3F490AAB484600F0CCFD00287FF7BD
:10B9E00017AF0A9B033B072B7FF642AF82E62B2B58
:10B9F00008BF01354FF0010945E7BDF81E20BDF82D
:10BA000020303C2101FB0233BDF81C204FF4616162
:10BA100001FB023309FB03F34FE74FF0010B52E741
:10BA2000B9F14A0F06BF01354B4644230A220BA940
:10BA30002846059300F0BEFEDDF82C90059BADF87E
:10BA40002600A94514D14D23BBF1000F07D1237265
:10BA500003210223C4E90313C4F814B067E784F890
:10BA600030300B220123C4E90D230023E3635EE79A
:10BA700080B23B7278615AE7BDF81E20BDF82030D5
:10BA80003C2101FB0233BDF81C204FF4616101FB36
:10BA90000233BB610A9D28374D44BBF1000FBCD077
:10BAA000049B23650B4BC8F800306068074BA66207
:10BAB000C8F80430FFF72AFDA26A236DCAF80020F7
:10BAC0009B1A054A18BF0123136013E6704A002031
:10BAD00036DF02007C4A00208C4A00201F2938B53E
:10BAE00005460C4604D9162303604FF0FF3038BDDD
:10BAF000C26B12B152F821304BB9284600F030F831
:10BB0000224601462846BDE8384000F017B8012B10
:10BB10000AD0591C03D1162303600120E7E7002156
:10BB200042F82410204698470020E0E7024B0146E7
:10BB30001868FFF7D3BF00BF4401002038B5074D98
:10BB400000230446084611462B6002F009F8431C06
:10BB500002D12B6803B1236038BD00BF944A002096
:10BB600001F0EEBF0048704798010020014B1868B3
:10BB7000704700BF4401002070B50D4D0D4C641B93
:10BB8000A4100026A64209D10B4D0C4C02F00AF875
:10BB9000641BA4100026A64205D170BD55F8043BD5
:10BBA00098470136EEE755F8043B98470136F2E72F
:10BBB000F4010020F4010020F4010020FC01002029
:10BBC00070477047704770477047000010B50446D3
:10BBD0000448134620B10A4602202146AFF30080F4
:10BBE00010BD00BF000000000000000000000000C9
:10BBF00001F0FF01102A2BDB10F0070F08D010F81E
:10BC0000013B013A8B422DD010F0070F42B3F6D121
:10BC1000F0B441EA012141EA014122F007047FF03A
:10BC200000070023F0E80256083C85EA010586EA91
:10BC3000010685FA47F5A3FA87F586FA47F6A5FACD
:10BC400087F68EB9EED1F0BC01F0FF0102F00702D9
:10BC500032B110F8013B013A83EA010313B1F8D184
:10BC60000020704701387047002D06BF3546033865
:10BC7000073815F0010F07D1013015F4807F02BF9E
:10BC8000013015F4C03F0130F0BC0138704700BFEF
:10BC90000A44914200F1FF3300D1704710B511F80A
:10BCA000014B03F8014F9142F9D110BD10B50C467C
:10BCB00000F014F8D4F8020010BD0000024B014659
:10BCC0001868FFF7F3BF00BF44010020034613F8D4
:10BCD000012B002AFBD1181A01387047F8B5036B05
:10BCE00005460C46B3B91820DCF71EFB0246286354
:10BCF00020B9164B16488B2100F044F81549164B15
:10BD0000C0E90013154B83600B23838100210120C0
:10BD1000C2E90401286B678803892588C688818960
:10BD2000B4F804C0408905FB03F27B4305FB061110
:10BD300006FB072206FB0C3302EB114205FB003326
:10BD400003EB124321806280A380F8BDA3DE0200D2
:10BD50006ADF02000E33CDAB34126DE6ECDE050077
:10BD600010F8012B11F8013B012A28BF9A42F7D0A5
:10BD7000D01A7047034611F8012B03F8012B002A53
:10BD8000F9D170471FB514461A46094B1B68054682
:10BD9000D8684CB1074B0091CDE9013406492B46D8
:10BDA00000F058FCFEF78AFE044B1C46F3E700BF88
:10BDB00044010020CDDF0200DADF020044DC020093
:10BDC00010B591FBF2F402FB14110460416010BD48
:10BDD0002DE9F84FDFF86CA006468946174600F0BB
:10BDE000F1FDDAF8004034B14B46984613F8012BC8
:10BDF0003AB13D2AF9D1304600F0EAFD0020BDE815
:10BE0000F88FA8EB0908A34654F8040B0028F2D0D9
:10BE10004246494600F0D8FC0028F4D154F8043CCE
:10BE200003EB080513F808303D2BECD1DAF80030AD
:10BE3000ABEB03039B1030463B6000F0C9FD681C70
:10BE4000DDE700BFF001002007B501AAFFF7C0FF42
:10BE500003B05DF804FB2DE9F0478E681F46BE4233
:10BE60000B6882460C4690462DD8B1F90C2012F48E
:10BE7000906F26D06569096905EB4505A3EB0109BB
:10BE800005EBD5757B1C4B446D109D4238BF1D469C
:10BE9000530527D52946DCF749FA064660B32169E0
:10BEA0004A46FFF7F5FEA38923F4906343F080032D
:10BEB000A381266165614E44A5EB09052660A56056
:10BEC0003E46BE4200D93E46206832464146FEF715
:10BED00067FFA3689B1BA360236833442360002093
:10BEE000BDE8F0872A4600F0C7FB06460028E0D1EF
:10BEF0002169504600F072FD0C23CAF80030A38976
:10BF000043F04003A3814FF0FF30E9E72DE9F04F04
:10BF100098468B891B069DB007460D46144610D5E2
:10BF20000B6973B94021DCF701FA2860286130B948
:10BF30000C233B604FF0FF301DB0BDE8F08F402375
:10BF40006B610023099320238DF82930CDF80C80F4
:10BF50003023DFF89C818DF82A304FF00109234609
:10BF60009A4613F8012B0AB1252AF9D1BAEB040B32
:10BF70000BD05B46224629463846FFF76CFF01305E
:10BF800000F0A780099A5A4409929AF80030002BD1
:10BF900000F09F8000234FF0FF32CDE905230AF126
:10BFA000010A049307938DF853301A9354460522DF
:10BFB00014F8011B4E48FFF71BFE049AD8B9D006AF
:10BFC00044BF20238DF85330110744BF2B238DF835
:10BFD00053309AF800302A2B15D0079A5446002087
:10BFE0004FF00A0C214611F8013B303B092B4BD98D
:10BFF000B0B1079214E0A0EB080309FA03F313436E
:10C000000493A246D2E7039B191D1B680391002BE2
:10C01000BBBF5B4242F0020207930793B8BF049292
:10C0200023782E2B0AD163782A2B32D1039B1A1D39
:10C030001B68039243EAE37302340593DFF8C0A060
:10C04000217803225046FFF7D3FD38B1049BA0EBC3
:10C050000A004022824013430134049314F8011B68
:10C0600024488DF828100622FFF7C2FD002836D09C
:10C07000214B1BBB039B073323F0070308330393B8
:10C08000099B334409936AE70CFB02320C460120FA
:10C09000A8E700230134059319464FF00A0C204607
:10C0A00010F8012B303A092A03D9002BC6D005918C
:10C0B000C4E70CFB012104460123F0E703AB009326
:10C0C0002A460E4B04A93846AFF30080421C0646B0
:10C0D000D6D1AB895B063FF52DAF09982CE703ABB2
:10C0E00000932A46054B04A9384600F079F8EDE79D
:10C0F00009E0020013E002000000000057BE020049
:10C100000FE002002DE9F047164698468A680B6951
:10C11000DDF820909342B8BF1346336091F8432076
:10C1200007460C460AB1013333602368990642BFC3
:10C13000336802333360256815F0060506D104F133
:10C14000190AE36832689B1AAB4226DC94F8433044
:10C150002268003B18BF012392062BD404F143024E
:10C1600041463846C84701301ED02368226903F093
:10C170000603042B02BFE5683368ED1AA3680CBF01
:10C1800025EAE57500259342C4BF9B1AED180026E9
:10C190001A34B5421AD1002008E001235246414624
:10C1A0003846C847013003D14FF0FF30BDE8F08773
:10C1B0000135C6E7E1185A1C302081F843002244BB
:10C1C00094F8451082F843100233C7E70123224652
:10C1D00041463846C8470130E6D00136D9E700006D
:10C1E0002DE9FF470F7E0C9E782F914680460C4626
:10C1F0009A4601F1430207D8622F0AD8002F00F0B7
:10C20000D180582F00F0B88004F1420684F84270C3
:10C210003AE0A7F16303152BF6D801A151F823F0FA
:10C2200079C202008DC2020009C2020009C20200E6
:10C2300009C2020009C202008DC2020009C2020046
:10C2400009C2020009C2020009C202008BC3020037
:10C25000B7C2020045C3020009C2020009C20200BF
:10C26000ADC3020009C20200B7C2020009C2020047
:10C2700009C202004DC3020033681A1D1B683260F8
:10C2800004F1420684F8423001239CE033682068C0
:10C29000191D3160060601D51D6803E04506FBD572
:10C2A000B3F90050002D03DA2D236D4284F843309A
:10C2B00058480A2311E021683368080653F8045BE4
:10C2C00002D4490648BFADB26F2F5248336014BF45
:10C2D0000A230823002184F843106668A660002E14
:10C2E00005DB21682E4321F0040121604BD0164666
:10C2F000B5FBF3F103FB1157C75D06F8017D2F462F
:10C30000BB420D46F4D9082B0BD12368DF0708D5B3
:10C31000236961689942DEBF302306F8013C06F1CB
:10C32000FF36921B2261CDF800A04B4603AA21469E
:10C330004046FFF7E7FE01304AD14FF0FF3004B02E
:10C34000BDE8F087236843F0200323603248782754
:10C3500084F84570236831681F0651F8045B02D4E5
:10C360005F0648BFADB23160D90744BF43F0200338
:10C3700023601DB11023ADE72648E9E7236823F0C9
:10C3800020032360F6E71646BDE733682568616938
:10C39000181D30602E061B6801D5196002E0680682
:10C3A000FBD51980002323611646BCE733681A1DAC
:10C3B00032601E68626800213046FFF719FC08B140
:10C3C000801B606063682361002384F84330AAE720
:10C3D0002369324649464046D0470130ADD02368F4
:10C3E0009B0713D4E068039B9842B8BF1846A6E7A2
:10C3F0000123324649464046D04701309DD00135A1
:10C40000E36803995B1AAB42F2DCEBE7002504F129
:10C410001906F5E71AE002002BE00200B1F90C2042
:10C420002DE9F041160705460C4654D44B68002B05
:10C4300002DC0B6C002B48DDE66A002E45D00023A1
:10C4400012F480522F68216A2B6030D0626DA3896C
:10C45000590705D56368D21A636B0BB1236CD21AE6
:10C460000023E66A216A2846B047431CA38906D107
:10C4700029681D292BD82A4ACA40D60727D5002269
:10C480006260D9042269226004D5421C01D12B6864
:10C4900003B96065616B2F60B9B104F1440399423F
:10C4A00002D0284600F09AFA002363630DE00123CE
:10C4B0002846B0470246501CC9D12B68002BC6D075
:10C4C0001D2B01D0162B1ED12F60002022E043F03F
:10C4D00040031BB21BE00F69002FF6D093070E68D4
:10C4E00008BF4B690F6018BF0023A6EB07088B60DD
:10C4F000B8F1000FE9DD216AA66A43463A462846AC
:10C50000B047002808DCB4F90C3043F04003A381A5
:10C510004FF0FF30BDE8F0810744A8EB0008E7E7E3
:10C520000100402038B50B6905460C4613B90025BB
:10C53000284638BD18B1036A0BB9FEF7BDFBB4F944
:10C540000C30002BF3D0626ED00704D4990502D4CE
:10C55000A06DFFF737FB28462146FFF75FFF636EAC
:10C56000DA070546E4D4A3899B05E1D4A06DFFF763
:10C570002BFBDDE70EB430B59CB01FAC4FF401725D
:10C5800054F8045BADF8142002900690FFF79EFB70
:10C590000B4B039007900B930A48019400230F93D1
:10C5A00014934FF6FF73ADF816302A46234602A9BE
:10C5B000006800F0B7FA1CB0BDE8304003B0704727
:10C5C000EBC502004401002010B50C46B1F90E1075
:10C5D00000F0D4F90028ABBF636DA3891B1823F4C6
:10C5E0008053ACBF6365A38110BD002070472DE967
:10C5F000F0411F468B89DB0505460C46164605D5DE
:10C60000B1F90E100223002200F0A6F9A389B4F9B3
:10C610000E1023F48053A38132463B462846BDE8E2
:10C62000F04100F0BDB910B50C46B1F90E1000F0A4
:10C6300093F9431CA38915BF606523F4805343F429
:10C640008053A38118BFA38110BDB1F90E1000F073
:10C6500073B900000EB403B5014603AB054853F8A7
:10C66000042B0068019300F0FDFB02B05DF804EBC1
:10C6700003B07047440100202DE9F04107461446FD
:10C680000D4621B9BDE8F0411146DBF74FBE2AB98E
:10C6900000F0A4F925462846BDE8F08100F08EFEA2
:10C6A0008442064602D8B4EB500FF4D821463846EF
:10C6B000DBF73CFE804608B94546ECE7B44222462B
:10C6C000294628BF3246FFF7E3FA2946384600F0EC
:10C6D00085F9F1E72DE9F043344E86460D462846AC
:10C6E00015F8014B375D17F00807F8D12D2C10D144
:10C6F0002C780127851C33F0100015D1302C0DD17A
:10C70000287800F0DF00582808D16C780235102313
:10C710000AE02B2C04BF2C78851CECE7002BF6D10B
:10C72000302C14BF0A2308234FF0FF380026B8FB33
:10C73000F3F803FB08F96FEA09093046A4F1300C5D
:10C74000BCF1090F10D86446A3421EDDB6F1FF3FCD
:10C7500007D0804516D301D1A14513DB00FB034070
:10C76000012615F8014BE9E7A4F1410CBCF1190FC2
:10C7700001D8373CE8E7A4F1610CBCF1190F04D8EB
:10C78000573CE1E74FF0FF36EBE7731C06D122235D
:10C79000CEF80030304632B9BDE8F08307B14042F0
:10C7A000002AF9D006B1691E1160F5E7A926030039
:10C7B000FFF790BF13460A46014602480068FFF79C
:10C7C00089BF00BF4401002010B56AB10139841847
:10C7D00010F8012B11F8013F9A4203D1A04201D079
:10C7E000002AF5D1D01A10BD1046FCE72DE9F04122
:10C7F0004D4A0C460023D0E9000100F0B5FF002AA5
:10C80000BCBF02F5A83202F5C0724FF4616100F5B9
:10C810002F20B2FBF1F301FB13224FF03C01ACBF20
:10C8200000F66C2000F66B20A360B2FBF1F301FB75
:10C83000132263602260C31C072293FBF2F2C2EB57
:10C84000C2029B1A48BF07330028A361B8BFA0F5F6
:10C850000E333649AEBF90FBF1F1A3F52C7393FB79
:10C86000F1F1334B03FB010048F6AC63B0FBF3F38B
:10C87000034440F2B45CB0FBFCF29B1A40F26D172B
:10C880002C4AB0FBF2F264269B1AB3FBF7F2B3FB1F
:10C89000FCF3B2FBF6F5EB1A034407FB12339920C5
:10C8A00003EB8307023703F1010EB7FBF0FC00FB3B
:10C8B0000CF002304FF00508B0FBF8F0AEEB0000D2
:10C8C00040F2F95E77458CBF6FF009070227674495
:10C8D0004FF4C87C0CFB0121012F98BF0131B3F547
:10C8E000997F0CD3A3F59973E361A1F26C710023D6
:10C8F000E060C4E9047123622046BDE8F08112F0D3
:10C90000030F02D106FB15255DB94FF4C875B2FBC4
:10C91000F5F605FB1622B2FA82F252093B331344B4
:10C92000E2E70122FAE700BF80510100B13A0200BC
:10C930004FC5FDFFB03A020038B5064D002304464E
:10C9400008462B6001F0ECF8431C02D12B6803B1C0
:10C95000236038BD944A002038B5074D0446084688
:10C96000114600222A601A4601F002F9431C02D146
:10C970002B6803B1236038BD944A002038B5074DB9
:10C9800004460846114600222A601A4601F0F8F8CB
:10C99000431C02D12B6803B1236038BD944A0020A8
:10C9A00038B5074D04460846114600222A601A464B
:10C9B00001F0EEF8431C02D12B6803B1236038BDAF
:10C9C000944A00200148FFF7FDB800BF914A0020BB
:10C9D0000148FFF7F9B800BF914A002038B5054675
:10C9E000002941D051F8043C0C1F002BB8BFE418BB
:10C9F00000F0D8FC1D4A136833B963601460284600
:10CA0000BDE8384000F0D4BCA34208D92068211802
:10CA10008B4201BF19685B6809182160EDE71A466F
:10CA20005B680BB1A342FAD911685018A0420BD130
:10CA300020680144501883421160E0D118685B6897
:10CA4000536008441060DAE702D90C232B60D6E764
:10CA5000206821188B4204BF19685B68636004BFBB
:10CA6000091821605460CAE738BD00BF9C4A002005
:10CA700038B54B1C144603D14FF0FF35284638BD5E
:10CA8000938923F020039381636B5268CDB28BB1FD
:10CA9000A36B934208DD23685A1E226003F8015CF1
:10CAA000636801336360E9E7214600F08FFC0028EA
:10CAB000F1D0E1E72169236851B1994208D213F816
:10CAC000011CA94204D1013B013223606260D5E719
:10CAD000C4E90F3204F1440363630323A3632346D1
:10CAE00003F8465F23600123DCE710B50C46496B71
:10CAF00069B104F14403994201D0FFF76FFF236C41
:10CB000063600020606313B1E36B236010BD236991
:10CB1000236000236360A38943F02003A3814FF0C7
:10CB2000FF30F3E72DE9F04F0C46ADF5237D0021F2
:10CB3000CDE94411A649A0910DF10408A549A64FDD
:10CB4000CDF818810646A191009392F80090B9F1B2
:10CB5000000F00F0588117F8093013F0080302F1B4
:10CB6000010519D06368002B0FDD23681A78BA5CC1
:10CB7000120701D42A46E8E7459A013245926268D5
:10CB80000133013A62602360ECE7A19B2146304605
:10CB900098470028E9D0EDE7B9F1250F40F08580EE
:10CBA0004193439353782A2B02BF1023951C419342
:10CBB0000A22AA461AF8011BA1F13003092B1ED93B
:10CBC000DFF818B203225846FFF712F838B1419A3D
:10CBD000A0EB0B000123834013434193554615F806
:10CBE000013B782B06D8572B10D8252B5DD057D872
:10CBF000002B75D0032347930A23429388E0439B7D
:10CC000002FB0311303943915546D2E7A3F1580294
:10CC1000202AEFD801A151F822F000BFEFCC02008A
:10CC2000F5CB0200F5CB020049CD0200F5CB0200A6
:10CC3000F5CB0200F5CB0200F5CB0200F5CB0200EC
:10CC4000F5CB0200F5CB02005FCD020045CD02001E
:10CC5000A7CC0200A7CC0200A7CC0200F5CB0200B3
:10CC600001CD0200F5CB0200F5CB0200F5CB0200AE
:10CC7000F5CB02006FCD020009CD0200E7CC020027
:10CC8000F5CB0200F5CB02006BCD0200F5CB020024
:10CC900045CD0200F5CB0200F5CB0200EFCC02003F
:10CCA000453B022BA6D8052331E06368002B0DDD40
:10CCB00023681A784A4540F0A680013362682360F1
:10CCC000459B013A01336260459353E7A19B21469E
:10CCD000304698470028EBD04498002840F08B80DD
:10CCE0004FF0FF308BE0419A42F020024192419A8E
:10CCF00042F40072419210226E2B429202D905E05A
:10CD000000234293032302E0082342930423479322
:10CD10006368002B39DD419B590604D423681A78D7
:10CD2000BA5C120738D4479B022B47DC6B4622467D
:10CD300041A9304600F0AEF9012864D002287FF402
:10CD400019AFC9E70A22D7E72946404600F0F0FAB2
:10CD5000419B43F04003419305460123D7E7419BA4
:10CD600043F0400341930023D1E70223CFE74198EA
:10CD7000C3063FF5FFAE009B459A191D00911B6845
:10CD8000C0074CBF1A801A60F4E6A19B21463046CA
:10CD900098470028BFD09FE7459A013245926268C4
:10CDA000013A002A626002DD01332360B6E7A19BED
:10CDB0002146304698470028B0D08DE7042B0FDC81
:10CDC0006B46224641A9304600F0BEF9B4E700BFE9
:10CDD00071CA0200EBCA0200A92603000FE002009C
:10CDE0000A4B002B3FF4C6AE6B46224641A93046A3
:10CDF000AFF30080A0E7A3895B063FF571AF0DF5A7
:10CE0000237DBDE8F08F4498F9E700BF00000000E3
:10CE10009368013B002B10B4936008DA9469A34235
:10CE200001DB0A2903D15DF8044B00F085BB1368D0
:10CE3000581C1060197008465DF8044B7047F8B52F
:10CE400006460F461446D518AC4201D1002007E033
:10CE500014F8011B3A463046FFF7DAFF431CF3D1C2
:10CE6000F8BD00002DE9F04F0D469DB014469846E0
:10CE7000064618B1036A0BB9FDF71EFF6B6ED907A2
:10CE800005D4AB899A0502D4A86DFEF79BFEAB8949
:10CE90001B0701D52B699BB92946304600F08AFB58
:10CEA00070B16B6EDC0704D54FF0FF301DB0BDE8EC
:10CEB000F08FAB899805F7D4A86DFEF785FEF3E7F0
:10CEC0000023099320238DF82930CDF80C803023DE
:10CED000DFF8AC818DF82A304FF0010923469A46DD
:10CEE00013F8012B0AB1252AF9D1BAEB040B0BD0A8
:10CEF0005B46224629463046FFF7A1FF013000F08D
:10CF0000A780099A5A4409929AF80030002B00F041
:10CF10009F8000234FF0FF32CDE905230AF1010A7B
:10CF2000049307938DF853301A935446052214F84E
:10CF3000011B5348FEF75CFE049AD8B9D10644BFE2
:10CF400020238DF85330130744BF2B238DF8533023
:10CF50009AF800302A2B15D0079A544600204FF03B
:10CF60000A0C214611F8013B303B092B4BD9B0B1DB
:10CF7000079214E0A0EB080309FA03F313430493A8
:10CF8000A246D2E7039B191D1B680391002BBBBF70
:10CF90005B4242F0020207930793B8BF04922378E2
:10CFA0002E2B0AD163782A2B32D1039B1A1D1B68C2
:10CFB000039243EAE37302340593DFF8D4A02178A7
:10CFC00003225046FEF714FE38B1049BA0EB0A0082
:10CFD0004022824013430134049314F8011B294872
:10CFE0008DF828100622FEF703FE00283FD0264BBE
:10CFF0001BBB039B073323F0070308330393099BF1
:10D000003B4409936AE70CFB02320C460120A8E777
:10D0100000230134059319464FF00A0C204610F8FE
:10D02000012B303A092A03D9002BC6D00591C4E759
:10D030000CFB012104460123F0E703AB00932A46D1
:10D04000124B04A93046AFF300800746781CD6D1B6
:10D050006B6ED90705D4AB899A0502D4A86DFEF78B
:10D06000B3FDAB895B063FF51FAF09981EE703AB25
:10D0700000932A46054B04A93046FFF7B1F8E4E7D0
:10D0800009E0020013E00200000000003FCE0200B1
:10D090000FE002002DE9F84315468A6880460C46E9
:10D0A00032B98A69002A14BF4FF0FF3201228A6028
:10D0B0002268DFF89090D1065FBF1A68111D1960D1
:10D0C00016680027A06988B1012807D12B681A7853
:10D0D00063699B5C53B9002F31D022E0022820D134
:10D0E0002B681B7819F803301B071AD42368DA065B
:10D0F0005EBF2B681B7806F8013B2A686B6801321B
:10D100002A60A268013B013A6B600137A26042B11C
:10D11000002BD7DCD4F880312946404698470028B8
:10D12000D0D0236813F0100305D1E2680132E26029
:10D13000A26902B1337023693B4423610020BDE83A
:10D14000F88300BFA92603002DE9F04F9846744BE1
:10D150000C468246164693E8070087B003AB83E887
:10D160000700704BA169704A032908BF1A46A368DB
:10D1700001925A1EB2F5AE7F88BF6FF4AE75274696
:10D1800082BF03EB050940F25D13A36057F81C3B17
:10D1900043F4506398BF4FF0000923603D464FF0C1
:10D1A000000B316803AB097853F82B000222FEF71D
:10D1B0001FFD28B3BBF1010F59D162682AB922685B
:10D1C000082142F4007261602260226822F4A062A9
:10D1D0002260A268511EA16092B13268511C316078
:10D1E000127805F8012B7268013A002A726007DC98
:10D1F000D4F88021314650469047002840F0858081
:10D200000BF1010BBBF1030FCBD163680BB90A2300
:10D210006360636845496069C91A00F089F84FF096
:10D22000000BA3682268002B3DD03168606991F83B
:10D2300000C010F80C00002835D0BCF1300F24D10C
:10D24000100522D50BF1010BB9F1000F03D001330A
:10D2500009F1FF39A3607368013B002B73601BDD8C
:10D26000336801333360A368013BA360D9E7BBF1A6
:10D27000020FAED1226802F4C061B1F5007FBFD1C8
:10D280001021616042F48072A2E722F410622260F1
:10D290000B7805F8013BDEE7D4F880313146504683
:10D2A00098470028DFD02368D9050DD5BD4209D99C
:10D2B00015F8011CD4F87C3132465046984705F1E8
:10D2C000FF394D46BD4228D0226812F0100213D11A
:10D2D0002A706368019E39465046B047D8F800303E
:10D2E00021681A1DC8F8002011F0200F1B680FD00C
:10D2F0001860E3680133E3602369ED1B5D442B4450
:10D300002361002007B0BDE8F08F4FF0000BCAE7A3
:10D31000CA074CBF18801860EBE70120F2E700BF96
:10D32000AC27030035D50200B1C702004CE0020073
:10D3300070B50B7804465E2B0BBF4B784A1C8A1CD9
:10D34000002108BF0121013804F1FF0500F8011F89
:10D35000A842FBD10BB9501E70BD81F00101E15410
:10D360001046024612F8015B2D2D05D05D2D16D01A
:10D37000002DF1D02B46F2E746785D2EFAD0B3426D
:10D38000F8DC02301A4601329642A154FBDCF21A54
:10D39000013A5D1CB342A8BF0022AB18E1E710467A
:10D3A000DAE700000148FEF70DBC00BF924A0020FA
:10D3B0000148FEF709BC00BF924A002051F8043C26
:10D3C000181F002BBCBF0B58C01870472DE9F04147
:10D3D0000C46496B04F1440399421DD14FF480611E
:10D3E000DAF7A4FF18B94FF0FF30BDE8F0814FF431
:10D3F0008063A36394F84630606380F8FF3394F849
:10D40000453080F8FE3394F8443080F8FD3300F264
:10D41000FD3020600020E8E7A66B77003A46FFF772
:10D420002BF905460028DED000EB060801463246FF
:10D430004046FEF72DFCC4E90D57C4F80080E9E72B
:10D44000242B2DE9F0478646904601D8012B06D1C2
:10D45000FEF78CFB162303600020BDE8F0873448FC
:10D460000D462A4615F8014B065D16F00806F8D160
:10D470002D2C10D12C780126951C33F0100215D1DB
:10D48000302C0DD12A7802F0DF02582A08D16C78AE
:10D49000023510230AE02B2C04BF2C78951CECE7F6
:10D4A000002BF6D1302C14BF0A23082306F1004CC0
:10D4B0000CF1FF3C0022BCFBF3F9104603FB19CA38
:10D4C000A4F13007092F0FD83C46A3421BDD571C9F
:10D4D00007D0814514D301D1A24511DB00FB0340E5
:10D4E000012215F8014BEBE7A4F14107192F01D8F0
:10D4F000373CEAE7A4F16107192F04D8573CE4E769
:10D500004FF0FF32EDE7531C08D12223CEF8003054
:10D510006046B8F1000FA0D0691E06E006B1404297
:10D52000B8F1000F99D0002AF6D1C8F8001094E79E
:10D53000A9260300FFF784BFF8B50E46144605463A
:10D5400018B1036A0BB9FDF7B7FBA369A360A38900
:10D550001A0701D5236943B92146284600F02AF865
:10D5600018B14FF0FF373846F8BD23682269981A82
:10D570006369F6B28342374605DC21462846FEF74A
:10D58000D1FF0028EDD1A368013BA36023685A1C9A
:10D5900022601E706269431C9A4204D0A389DB0793
:10D5A000E1D50A2EDFD121462846FEF7BBFF002831
:10D5B000D9D0D6E738B5294B054618680C4618B1BE
:10D5C000036A0BB9FDF778FBB4F90C30190722D4C4
:10D5D000DA0607D409222A6043F04003A3814FF002
:10D5E000FF3033E0580712D5616B41B104F14403B9
:10D5F000994202D02846FFF7F1F900236363A3891B
:10D6000023F02403A3810023636023692360A3899B
:10D6100043F00803A38123694BB9A38903F4207362
:10D62000B3F5007F03D02146284600F03FF8B4F957
:10D630000C3013F001020AD00022A260626952424B
:10D64000A261226942B913F08000C5D138BD9907A3
:10D6500058BF6269A260F4E70020F7E744010020A8
:10D6600070B50C46B1F90E10002996B015461E464D
:10D670000DDAA38913F0800F4FF0000114BF40238F
:10D680004FF48063002031602B6016B070BD6A4695
:10D6900000F048F80028ECDB019901F47041A1F595
:10D6A0000053594259414FF48063EBE78B89F7B53A
:10D6B0009D0706460C4607D504F147032360236106
:10D6C0000123636103B0F0BD01AB6A46FFF7C8FFF9
:10D6D000009F054639463046DAF728FE48B9B4F9C6
:10D6E0000C309A05EED423F0030343F00203A38128
:10D6F000E2E7A389206043F08003A381019BC4E992
:10D7000004075BB1B4F90E10304600F01DF828B1E3
:10D71000A38923F0030343F00103A381A3891D43DD
:10D72000A581CFE738B5074D0023044608461146CA
:10D730002B6000F0FDF9431C02D12B6803B123607C
:10D7400038BD00BF944A002038B5064D002304467A
:10D7500008462B6000F0FCF9431C02D12B6803B192
:10D76000236038BD944A00207BB972B90029BEBF3E
:10D7700000204FF0004106E008BF00281CBF6FF0FA
:10D7800000414FF0FF3000F0C9B9ADF1080C6DE970
:10D7900004CE002909DB002B1ADB00F061F8DDF86C
:10D7A00004E0DDE9022304B07047404261EB41012F
:10D7B000002B1BDB00F054F8DDF804E0DDE9022368
:10D7C00004B0404261EB4101524263EB43037047B6
:10D7D000524263EB430300F043F8DDF804E0DDE977
:10D7E000022304B0404261EB41017047524263EBB7
:10D7F000430300F035F8DDF804E0DDE9022304B06E
:10D80000524263EB4303704753B94AB9002908BF3A
:10D8100000281CBF4FF0FF314FF0FF3000F07EB901
:10D82000ADF1080C6DE904CE00F01AF8DDF804E063
:10D83000DDE9022304B07047430803F05533C01AF2
:10D84000830803F0333300F03330184400EB10103A
:10D8500000F00F3000EB002000EB0040000E70479E
:10D860002DE9F047089D0E4604460F46002B4AD18D
:10D8700094468C45B2FA82F260D942B1C2F12003DB
:10D88000974020FA03F30CFA02FC1F4394404FEA3E
:10D890001C4E1FFA8CF6B7FBFEF1230C0EFB117722
:10D8A00043EA074301FB06F098420AD91CEB030345
:10D8B00001F1FF3780F01581984240F21281023960
:10D8C00063441B1AA4B2B3FBFEF00EFB103344EA10
:10D8D000034400FB06F6A6420AD91CEB040400F13F
:10D8E000FF3380F00081A64240F2FD80644402389C
:10D8F00040EA0140A41B00211DB1D4400023C5E92A
:10D900000043BDE8F0878B4205D90DB1C5E90001A0
:10D9100000210846F5E7B3FA83F1002946D1B34266
:10D9200002D3824200F2F580841A66EB03020120E2
:10D930001746002DE5D0C5E90047E2E7002A40F090
:10D940009380A1EB0C034FEA1C471FFA8CFE0121C8
:10D95000B3FBF7F607FB1630230C43EA00430EFB3C
:10D9600006F0984208D91CEB030306F1FF3802D2F7
:10D97000984200F2D08046461B1AA4B2B3FBF7F0DF
:10D9800007FB103344EA03440EFB00FEA64508D90A
:10D990001CEB040400F1FF3302D2A64500F2B6806E
:10D9A0001846A4EB0E0440EA0640A5E7C1F12007A3
:10D9B0008B4022FA07FC4CEA030C06FA01FE20FA1F
:10D9C00007F426FA07F344EA0E0400FA01F84FEAD6
:10D9D0001C404FEA1449B3FBF0FE1FFA8CF600FB23
:10D9E0001E3349EA03430EFB06F9994502FA01F298
:10D9F0000BD91CEB03030EF1FF3A80F085809945AB
:10DA000040F28280AEF1020E6344A3EB0909A4B296
:10DA1000B9FBF0F300FB139944EA094403FB06F653
:10DA2000A64208D91CEB040403F1FF3068D2A642D9
:10DA300066D9023B644443EA0E40A41BA0FB02E605
:10DA4000B4427346B14652D34FD05DB1B8EB030236
:10DA500064EB090404FA07F722FA01F31F43CC40F0
:10DA6000C5E9007400214CE7C2F1200120FA01F35E
:10DA70000CFA02FC26FA01F1964033434FEA1C47A8
:10DA80001FFA8CFEB1FBF7F007FB1016190C41EAE8
:10DA9000064100FB0EF68E4204FA02F408D91CEB94
:10DAA000010100F1FF382DD28E422BD9023861449A
:10DAB000891B9BB2B1FBF7F607FB161143EA014342
:10DAC00006FB0EF1994208D91CEB030306F1FF385F
:10DAD00014D2994212D9023E63445B1A46EA0041CD
:10DAE00036E73946EDE6184602E7F045ADD2BEEB23
:10DAF000020366EB0C060138B146A6E74646ECE7A2
:10DB0000034698E74046D3E7D6467EE764440238AA
:10DB100047E708460DE7023E63442DE7704700BF24
:10DB2000024B58221A604FF0FF307047944A002091
:10DB3000024B58221A604FF0FF307047944A002081
:10DB4000024B58221A604FF0FF307047944A002071
:10DB5000024B58221A600020704700BF944A0020F0
:10DB6000024B58221A604FF0FF307047944A002051
:10DB7000024B58221A604FF0FF307047944A002041
:10DB8000024B58221A604FF0FF307047944A002031
:10DB9000024B58221A604FF0FF307047944A002021
:10DBA000FEE700BFF8B500BFF8BC08BC9E46704752
:10DBB000F8B500BFF8BC08BC9E467047256C642EC3
:10DBC000256C642E256C6400646973706C617961E6
:10DBD0007070006465626F756E636554696D65721F
:10DBE000006465626F756E636554696D6572436844
:10DBF0006172676500496E66696E6954696D65009A
:10DC00002F626F6E642E6461740050696E65546992
:10DC10006D6500312E32302E3000312E302E300026
:10DC200050494E453634006E6F746966696361749D
:10DC3000696F6E54696D657200100401001004056F
:10DC400000100101001003010062617369635F73DA
:10DC50007472696E673A3A5F4D5F637265617465AD
:10DC6000004E6F7420506C6179696E6700416C657D
:10DC70007274203A204E6F6E6500416C657274209C
:10DC80003A204D696C6400416C657274203A2048FA
:10DC9000696768002F73657474696E67732E6461B9
:10DCA00074002F2E73797374656D2F616C61726DC2
:10DCB0002E64617400416C61726D004D41494E00EB
:10DCC0006D6561737572654261747465727900483F
:10DCD000656172747261746500627574746F6E54FC
:10DCE000696D6572006C6C00626C6500636F006248
:10DCF0006C655F68735F6863695F65765F706F6F9F
:10DD00006C00626C655F6C326361705F7369675F42
:10DD100070726F635F706F6F6C00626C655F6C3206
:10DD20006361705F6368616E5F706F6F6C00626CDF
:10DD3000655F736D5F70726F635F706F6F6C0062B1
:10DD40006C655F6761705F75706461746500626CBB
:10DD5000655F67617474735F636C745F6366675F4C
:10DD6000706F6F6C00626C655F67617474635F7085
:10DD7000726F635F706F6F6C00626C655F68735F7A
:10DD8000636F6E6E5F706F6F6C00626C655F617465
:10DD9000745F7376725F656E7472795F706F6F6CAB
:10DDA00000626C655F6174745F7376725F70726538
:10DDB000705F656E7472795F706F6F6C00626C6516
:10DDC0005F68735F6863695F6672616700307825BA
:10DDD000303468780030782530386C78002530325F
:10DDE000782530327825303278253032782D25303C
:10DDF0003278253032782D25303278253032782D22
:10DE000025303278253032782D2530327825303261
:10DE10007825303278253032782530327825303206
:10DE20007800626C655F6863695F72616D5F636DE6
:10DE3000645F706F6F6C00626C655F6863695F72CE
:10DE4000616D5F6576745F68695F706F6F6C0062AB
:10DE50006C655F6863695F72616D5F6576745F6C46
:10DE60006F5F706F6F6C00626C655F6C6C5F73638B
:10DE7000616E5F6475705F706F6F6C006D73797346
:10DE80005F310049444C4500546D725100546D722D
:10DE900020537663002F002E2E006C6974746C651D
:10DEA0006673005245454E54206D616C6C6F632063
:10DEB000737563636565646564002F566F6C756D7B
:10DEC00065732F646174612F6A656E6B696E732F61
:10DED000776F726B73706163652F474E552D746F4A
:10DEE0006F6C636861696E2F61726D2D31332F73B2
:10DEF00072632F6E65776C69622D63796777696EDF
:10DF00002F6E65776C69622F6C6962632F74696D1F
:10DF1000652F6C636C74696D652E6300545A0047FD
:10DF20004D54002531315B2D2B302D39412D5A6157
:10DF30002D7A5D256E002531315B412D5A612D7A98
:10DF40005D256E004D256875256E2E256875256E3C
:10DF50002E256875256E002F256875256E3A256873
:10DF600075256E3A256875256E002F566F6C756D98
:10DF700065732F646174612F6A656E6B696E732FB0
:10DF8000776F726B73706163652F474E552D746F99
:10DF90006F6C636861696E2F61726D2D31332F7301
:10DFA00072632F6E65776C69622D63796777696E2E
:10DFB0002F6E65776C69622F6C6962632F7374646E
:10DFC0006C69622F72616E6434382E63002C206697
:10DFD000756E6374696F6E3A200061737365727455
:10DFE000696F6E2022257322206661696C65643A30
:10DFF0002066696C6520222573222C206C696E6571
:10E00000202564257325730A00232D302B200068FA
:10E010006C4C006566674546470030313233343515
:10E020003637383941424344454600303132333483
:10E03000353637383961626364656600412D466163
:10E040002D66383930313233343536375D002B2D7B
:10E0500000303000785800FF00FF00FF00FF00FF95
:10E0600000FF00FF00FF00FF00FF00FF00FF00FFB8
:10E0700000FF00FF006602ED04EC05EA07E809E690
:10E080000AE50CE30EE110DF12DE12DD14DB16D917
:10E0900018D71AD51BD41DD30D030ED10D050ECFE5
:10E0A0000E050FCD0F050FCC100510CA110511C8B4
:10E0B000120512C6130513C5130513C4140514C2A3
:10E0C000150515C0170317BE33BC34BB36BA37B8B5
:10E0D00039B63BB43CB33EB140AF09022E0108ADA6
:10E0E00009042C0308AC08062A0507AB0906290613
:10E0F00008A90B0529050AA70D032B030CA54CA3A2
:10E100004DA24FA0519F529D549B559A5798599696
:10E110005B945D935D925F90618E638C658A668986
:10E120006887080259020586070457040584080514
:10E13000550605820906540605810A055505077F1F
:10E140000C045603097D747B7679777978777A7534
:10E150007C737E717F70816E836C856B8669876846
:10E1600089668B648D628F609060915E935C955A36
:10E170000E0771070A580D0B6D0B08570E0C6C0C2F
:10E1800008550F0C6C0B0A53110A6D0B0B529F5064
:10E19000A04FA24DA44BA649A848A8FF00E344AD58
:10E1A00043AE41B040B13EB23EB33CB53AB739B8E8
:10E1B00037B936BB350E0166013C0109330E031534
:10E1C000050E0416150D0311050E04120309310F77
:10E1D0000414060D0416150D0410050E041204098E
:10E1E000300F0414060D0416150D0410060D04124C
:10E1F00004092F100414070C0416150D0410060D45
:10E200000412040A2D110414070C0416041E041031
:10E21000070C0412040B2C110414080B0416041E22
:10E220000410070C0412040C2A120414080B041620
:10E23000041E0410080B0412040D28130414040116
:10E24000040A0416041E04100401030B0412040D36
:10E25000281304140401040A0416041E0410040103
:10E26000040A0412040E26140414040204090416F9
:10E27000041E04100402030A0412040F24150414DB
:10E28000040204090416041E041004020409041202
:10E29000041023150414040304080416041E0410B7
:10E2A00004020409041204112116041404030408CE
:10E2B0000416041E04100403040804120411201799
:10E2C0000414040403080416041E041004030408C0
:10E2D000041204121F170414040404070416041E75
:10E2E000041004040308041204131D180414040584
:10E2F00003070416130F0410040404070412041483
:10E300001B1A031404050406041613100310040555
:10E310000307041303151A1B01150406030604164C
:10E320001311011104050406041401161932040620
:10E3300004050416132304060306042C17330407EC
:10E3400003050416043204060405042D161D0115E8
:10E35000040704040416042001110407030504142F
:10E360000119141D0314040704040416041F0310E8
:10E370000407040404130319121D041404080403FD
:10E380000416041E04100408030404120419121DC8
:10E390000414040804030416041E041004080403EF
:10E3A0000412041A101E0414040903030416041EA4
:10E3B0000410040804030412041B0E1F04140409AF
:10E3C00004020416041E0410040904020412041CAE
:10E3D0000D1F0414040A03020416041E0410040989
:10E3E00004020412041D0B200414040A0401041680
:10E3F000041E0410040A03020412041D0B2004145A
:10E40000040B03010416041E0410040A0401041280
:10E41000041E09210414040B0816041E0410040B26
:10E4200003010412041F07220414040C0716041E1F
:10E430000410040B0812042006220414040C07160E
:10E44000041E0410040C0712042104230414040DF8
:10E450000616041E0410040C0712042103240414DD
:10E46000040D0616041E0410040D061204220224D4
:10E470000414040D0616041E0410040D06120448AC
:10E480000315040E0516041E0311040D0612034A9B
:10E490000166013C01FF00FF00FF00FF00FF00FFDD
:10E4A00000FF00FF0010110F090F0409040D0F8B6E
:10E4B000110F090F0507050D0F8B110F090F050728
:10E4C000050D0F92031903120605060D039E03198D
:10E4D00003120605060D039E031903120605060D19
:10E4E000039E03190312030103030301030D039E9B
:10E4F00003190312030202030202030D039E031910
:10E500000312030203010302030D039E0319031206
:10E51000030203010302030D039E03190312030305
:10E520000503030D0D940319031203030503030DE3
:10E530000D940319031203040304030D0D9403192E
:10E54000031203040304030D039E031903120305BE
:10E550000105030D039E0319031203050105030DB5
:10E56000039E03190312030B030D039E03190312E9
:10E57000030B030D039E03190312030B030D039EEC
:10E5800003190312030B030D039E03190312030B5C
:10E59000030D039E03190312030B030D0F920316C1
:10E5A000090F030B030D0F920316090F030B030D45
:10E5B0000FFF00FF00FF00FF00FF00FF00FF00FF54
:10E5C00000FF00FF00FF00FF00FF00FF00FF00FF53
:10E5D00000FF00FF00FF00FF00FF00FF00FF00FF43
:10E5E00000FF00FF00FF00FF00FF00FF00FF00FF33
:10E5F00000FF00FF00FF00FF00FF00EC0000000034
:10E600000338FDD87047000300020304030006002E
:10E610000004000200018000000000000000000073
:10E620000338FDD87047802EFE00802EF101C82EE1
:10E63000002E802EFC00802EFB00802EFF00802EFE
:10E64000FD00802E42B05039212EB0F01030212E26
:10E6500016F0802EF2015D505B5201423B8041304A
:10E6600001423C80002E01400142212EFFAFB82E16
:10E6700003B7802E1800802E1800802E1800802EE0
:10E680001800802E1800802E1800802E1800802E72
:10E690001800802E1800802E1800802E1800802E62
:10E6A0001800802E1800802E1800802E1800802E52
:10E6B0001800802E1800802E1800802E1800802E42
:10E6C0001800802E18000000000000000401000067
:10E6D0000000010000000000000000000000000039
:10E6E000000000000000000000000000000000002A
:10E6F000000000000000000000000000000000001A
:10E700000000000000000000000000000000000009
:10E7100000000000000000000000000000000000F9
:10E72000000000000000000000000000982E84019E
:10E730002026982EF7001030212E59F0982EAE008A
:10E74000982EABB3982EBAB3002E002ED02E982E52
:10E75000D401012E5A0000B2102F0030212E5A0091
:10E760004150982E00B04150982EF2B04150435283
:10E77000982ED5B341504552982ED5B3982EAE0061
:10E78000E32D012E55F0C02E212E55F030500030D3
:10E7900047560530052CFB7F3EBED2BAB2B96C0B92
:10E7A000530EF92F531A012F4D0EF52FD27F04303F
:10E7B0001F2CE17FC501A303720E032F721A0F2FC6
:10E7C000790F0D2FE16F4F045FB9B1BFFA0BD26F14
:10E7D0009606B12551BFEB7F0600B2252703DB7FEC
:10E7E000CFBF3EBF01B8D2BA41BAB2B9070A6E0B69
:10E7F000C090DF2F4091DD2FFB6FD05FB82E1050FF
:10E80000FB7F2125982E6501FB6F2125F05F1025E8
:10E81000802EB3000031C02E212EBAF0C82EC82E93
:10E82000C82EC82EC82EAA000500AA0005002D017A
:10E83000D47B3B01DB7A04003F7BCD6CC3048509AC
:10E84000C304ECE60C460100270019009600A00066
:10E8500001000C00F03C00010100030001000E006B
:10E8600000004E148800570071007A000040FF7FBE
:10E870000080AF00FF00FFB7000200B00580B1F0DC
:10E8800080005EF0C00059F089F05A0000205C0062
:10E89000500054005B00FFFB52F056F03309330781
:10E8A0000008900100F8000102019401DD03C0ADF1
:10E8B0000B2FC0A8032FC090072F80A6052F40A9BB
:10E8C000122F4091012F00AB0E2FC0AC00304B52E5
:10E8D000072FC0A9032FC091032F80A7012F40A1AC
:10E8E000052FC02E17250625C02EF03F4952B82E01
:10E8F000838601300030944024180600530E4F02E6
:10E90000F92FB82E80A80325102F8090012F410EDB
:10E910000C2FF33F180505305D07150E032F551A10
:10E92000022FCC0F002F58040125B82EB82E5950B5
:10E9300041300240510A014218824D506042703C01
:10E940004F5442426982823243401808020A4042D0
:10E950004280023F014010504A08FB7F11420B31B8
:10E960000B423E8001320142002E012E40F01190F8
:10E97000202F03305350515404350630575255322E
:10E980001D1AE322181A5558E3220430D540B50D5C
:10E99000E1BE6FBB8091A90D0189B52310A1F72FAE
:10E9A000DA0E0435EB2F012E2500701A00302130CD
:10E9B000022C0822303000B2062F212E59F0982E5A
:10E9C000AE00002E002ED02EFB6FF05FB82E6150EF
:10E9D000052E00F05B56D30F0140F433CC080D2F09
:10E9E000F4309408B98802A3042F5F584C0A87A218
:10E9F000052CCB225B544A0AF23BCA083C80272EE6
:10EA000059F001400142B82EC82E1A242600802E4B
:10EA10008300802E1800802E1800802E1800802E73
:10EA20001800802E18007050032E1F01F17F2A2538
:10EA3000B982E07FDB7F0030453032300330043074
:10EA4000F66FF209FC13C2ABB509C72380B3E66FBA
:10EA5000B701002E8B414B42052FC57F0530464044
:10EA6000AE05C56F4642018023BDD3BE03894182F6
:10EA7000DF0C03A2E42FE06F916F1142C3B2A16FCC
:10EA80001142002EB16F0142062F0032032E59F0C1
:10EA9000080A212E59F0062DF13D012E59F00108EA
:10EAA000212E59F0DB6F905FB82E6050C37FD47F6A
:10EAB000E77FF67FB27FA57F3630072E01F0BEBD1F
:10EAC000BEBB635877054156655427410641F8BFE0
:10EAD000BE0BB511D64203895A0EF62F1230252EE1
:10EAE0005A000231252EB8F0D46FC36FE76FB26FB2
:10EAF000A56FF66FA05FC82E7050428ED47FF67F50
:10EB000047251A186752F1006425013039029441F3
:10EB10008141E27FBEBBBD8D02BDB57F8EB5BA0A15
:10EB2000C67FAB7F5125982E4201D56FE26F2A1820
:10EB30006754B2010230C46F7A0312417425D07F4A
:10EB400052BCD3416EBADEB6200BC77F917F982EA0
:10EB50004201F26FD56FCA165518DD18956FEA1885
:10EB6000675A312575010130202539025EBA82BC11
:10EB70008EB6210B982E4201E26FB56F2A18E07F06
:10EB8000F17F04306754F2007C02856FD06F0D175F
:10EB90006818E018906FC46FC518EB6FB2011B4383
:10EBA00002307A03FB6F3D8F0B433EBA12BD52BC5D
:10EBB0006EBBA20A9EB5DEB6300BF77F982E4201DF
:10EBC000F56F3125D16F926FAB6F50434343905F28
:10EBD0004956802E6F011050034019184B561905E5
:10EBE0003625F77F4A175418EC18091701300C071F
:10EBF000E218DE00F26F97024758DC009102BFB8BE
:10EC000021BD8A0AC02E0242F05F092E1D01052E89
:10EC10001D01A3BC44BE90504FB9072E1D014A25CB
:10EC20009FB8398FB2BDF27FBFB9EB7F8A0A3789AF
:10EC30000B30930A8B7FCB430B4380B2D37FC17FD2
:10EC4000902E9DB12025012E560001900E2F695265
:10EC5000012E5300B47FA27F982EA3B10030212E45
:10EC60005600C16FD36FA26FB46F0B30012E1D0120
:10EC700006BC06BB5725012E1D0194B105BCB67F0D
:10EC80000FBB6D5080B30F2F0D2E1D01715EB709A4
:10EC90002D2E1D01735C6B5E9B439B43DB439B43AB
:10ECA0001B42CB430B428B4340B2052F6B50002ECF
:10ECB00016400B40767F8B7FCB0A012E53006952A2
:10ECC0006F5C982EEFB1906F00B20B2FF06F00B217
:10ECD000082F6B586D5012411242213004410442FA
:10ECE000232E5EF0C06F00B2262F746F806F7354B6
:10ECF00088BDC8B84B0A94429142904288BA6B5280
:10ED0000F36F54428542C0904042152F6D52002E41
:10ED100052404140A204410640AA042F40900B2FCC
:10ED2000B16F4A0F082FB26F80B2052F6D5421309A
:10ED300094428042232E5EF0D06F00B2132F012E3A
:10ED40005200092E5B00041A0D2F7550292E520017
:10ED500024424430024002420980002E0442032D26
:10ED60001030212E5600EB6F705FB82E0986475485
:10ED7000E440C3809404C3401305054025058A1769
:10ED8000733073098C17F308E3004C821501B3B597
:10ED900053428B1643B652424C175442554253428B
:10EDA0005242544245426D82775452421050795437
:10EDB0005242FB7F22307B56434244820B30524208
:10EDC0005B427C844B42358290808B420B42358083
:10EDD00004300B42378015306025982EE2B18B83CA
:10EDE000FB6F6542C02E4442F05F058002305182C5
:10EDF0000242133041404B087D543E805114C02ED6
:10EE00000142002E4051D17F122502304243323060
:10EE10008243C67FE57FB47FA37F907F8B7F982E50
:10EE2000EC00C07E00AC012F4950C07E002E906FD8
:10EE3000098AD16F757F4C826341657F117F002EF7
:10EE400064414485527F457F002EA6408040327F3A
:10EE5000828EC26E4541F07F277F027F982E69B077
:10EE6000236FD16FC240F986237F80B2E07E0F2FDF
:10EE7000326F646F8240F27F5082426F506F736FC7
:10EE80008540C34004410640E26E982E69B0E07EA2
:10EE9000F331106F3680E16E0240717F5104023011
:10EEA00040A891044A22891693084A0095B409188B
:10EEB0008E1613309308216F607F4D860280B2005A
:10EEC000414021B5507F437F982ED8B0406F626F8C
:10EED000556F134084400140454142BE1D184C040B
:10EEE000310F048AC06F1130022F002E032C014213
:10EEF00023300342002ED66F44418A87768B00B3BD
:10EF0000537F152F046F7F5E8B8DE701C0A5844171
:10EF1000012F00A1032FC0AD082F00A5062FC6406A
:10EF2000818D07303C05D642042CC442022C0730A8
:10EF300007308686946FD77E0E8D00407489C74057
:10EF400002B2F92945418641BE80214175238240A4
:10EF5000C742457F347F207F982ED8B0316F606FD5
:10EF6000246F22400541434013014386AC0FD16F0B
:10EF7000307F002F4442488A4188E140137F047F5C
:10EF8000F57E982ED8B0116F606F346F4240034009
:10EF90009A0404414382A20E036F002FC242002E46
:10EFA0004140726F982ED8B0256F726F5341930E07
:10EFB000D16F46801B3003300C2F04400091424239
:10EFC000082FF66E446F8641B40E032F0288DB7E55
:10EFD00003430B42468D44414780056F940F767F73
:10EFE000607F022F4589424303434988A56F4091C2
:10EFF000A47F1530E26FD36E032F04308342802E3E
:10F0000093B304402529044283424582946F0485CA
:10F01000C0B2902E7FB315873C8CC440467FC28619
:10F0200007408641F4BF00B30C2F906F1680462531
:10F03000004057250418AE0E1030063075254623C3
:10F04000606F6425C440FA8600B3337F092F936F45
:10F05000D888536F0441C340DC0E13300430DC22E7
:10F06000B32540B3022F3B25C090052F916FD06F81
:10F07000982EE2B14D2C04308D8843408240547F5D
:10F08000DA0F0430082FC1804042C20F022F003037
:10F09000C07E1B2DC07E192DE1BC926F4F04908461
:10F0A00040A8210583404C224B0EB6842130022F0C
:10F0B0001130042CC17EE36FC17EC142002E00409E
:10F0C000814004BD406F982ED8B0506F113002407F
:10F0D0005108C36E038099150B40B16FD06FB67F96
:10F0E0005B7F04304F540330112C1480556F064061
:10F0F000750158BB6A090542C18647405125BE01CA
:10F100005643002E4641F403B66F47435E0EED2F83
:10F11000316F606F424015300282950804425242BE
:10F12000022C444204303E8E916F4F8C024083414A
:10F13000B58D930ED06F012F982EE2B1002EC041F5
:10F140008141C10FC06F012F0442002E706F3C82BD
:10F1500000404140891695084A0004BC91B4010E54
:10F16000E06F072FA16F002E414040B2022FA16F28
:10F1700005424442002E8B6FC05EB82E1050815263
:10F180004350FB7F982EC9B3435245821030504202
:10F190006030FB6FC02E4042F05F105083524550EC
:10F1A000FB7F982EC9B345524582003050427030E3
:10F1B000FB6FC02E4042F05F12301242023012420A
:10F1C0001242124202420380418411420242B82E8E
:10F1D0004884BE8A8440705002412DBB6341428402
:10F1E0004541C27FB57F80B3E67FD07FF37F123089
:10F1F0005E2F312555404191A17F0F2F0130C14233
:10F20000002EC26F13409342002E13409342002EF3
:10F2100000408042BD80C02E0142905FC786013011
:10F22000C540FB864541044143BEC3BBD5BE55BA6C
:10F23000977F0530D115F709C0B3092F0640C740A5
:10F24000B705073080A9FE05B723740F5523E66F75
:10F2500041820180C18643A2EC2FB06FA46F281AAF
:10F26000D16FC36F022F0230182C024305416A2967
:10F27000966F05436E0E102FF46F00B3032F3F8976
:10F280009414252E5EF04125232515419542002E2C
:10F2900015419542002E044184420090092F5040B0
:10F2A000D042002E5040D042002E4040022CC0429E
:10F2B0004242905FB82E802E1800802E1800802EBB
:10F2C0001800802E1800802E1800802E1800802E26
:10F2D0001800802E1800802E1800802E1800802E16
:10F2E0001800802E1800802E1800802E1800802E06
:10F2F0001800802E1800802E1800802E1800802EF6
:10F300001800802E1800802E1800802E1800802EE5
:10F310001800802E1800802E1800802E1800802ED5
:10F320001800802E1800802E1800802E1800802EC5
:10F330001800802E1800802E1800802E1800802EB5
:10F340001800802E1800802E1800802E1800802EA5
:10F350001800802E1800802E1800802E1800802E95
:10F360001800802E1800802E1800802E1800802E85
:10F370001800802E1800802E1800802E1800802E75
:10F380001800802E1800802E1800802E1800802E65
:10F390001800802E1800802E1800802E1800802E55
:10F3A0001800802E1800802E1800802E1800802E45
:10F3B0001800802E1800802E1800802E1800802E35
:10F3C0001800802E1800802E1800802E1800802E25
:10F3D0001800802E1800802E1800802E1800802E15
:10F3E0001800802E1800802E1800802E1800802E05
:10F3F0001800802E1800802E1800802E1800802EF5
:10F400001800802E1800802E1800802E1800802EE4
:10F410001800802E1800802E1800802E1800802ED4
:10F420001800802E1800802E1800802E1800802EC4
:10F430001800802E1800802E1800802E1800802EB4
:10F440001800802E1800802E1800802E1800802EA4
:10F450001800802E1800802E1800802E1800802E94
:10F460001800802E1800802E1800802E1800802E84
:10F470001800802E1800802E1800802E1800802E74
:10F480001800802E1800802E1800802E1800802E64
:10F490001800802E1800802E1800802E1800802E54
:10F4A0001800802E1800802E1800802E1800802E44
:10F4B0001800802E1800802E1800802E1800802E34
:10F4C0001800802E1800802E1800802E1800802E24
:10F4D0001800802E1800802E1800802E1800802E14
:10F4E0001800802E1800802E1800802E1800802E04
:10F4F0001800802E1800802E1800802E1800802EF4
:10F500001800802E1800802E1800802E1800802EE3
:10F510001800802E1800802E1800802E1800802ED3
:10F520001800802E1800802E1800802E1800802EC3
:10F530001800802E1800802E1800802E1800802EB3
:10F540001800802E1800802E1800802E1800802EA3
:10F550001800802E1800802E1800802E1800802E93
:10F560001800802E1800802E1800802E1800802E83
:10F570001800802E1800802E1800802E1800802E73
:10F580001800802E1800802E1800802E1800802E63
:10F590001800802E1800802E1800802E1800802E53
:10F5A0001800802E1800802E1800802E1800802E43
:10F5B0001800802E1800802E1800802E1800802E33
:10F5C0001800802E1800802E1800802E1800802E23
:10F5D0001800802E1800802E1800802E1800802E13
:10F5E0001800802E1800802E1800802E1800802E03
:10F5F0001800802E1800802E1800802E1800802EF3
:10F600001800802E1800802E1800802E1800802EE2
:10F610001800802E1800802E1800802E1800802ED2
:10F620001800802E1800802E1800802E1800802EC2
:10F630001800802E1800802E1800802E1800802EB2
:10F640001800802E1800802E1800802E1800802EA2
:10F650001800802E1800802E1800802E1800802E92
:10F660001800802E1800802E1800802E1800802E82
:10F670001800802E1800802E1800802E1800802E72
:10F680001800802E1800802E1800802E1800802E62
:10F690001800802E1800802E1800802E1800802E52
:10F6A0001800802E1800802E1800802E1800802E42
:10F6B0001800802E1800802E1800802E1800802E32
:10F6C0001800802E1800802E1800802E1800802E22
:10F6D0001800802E1800802E1800802E1800802E12
:10F6E0001800802E1800802E1800802E1800802E02
:10F6F0001800802E1800802E1800802E1800802EF2
:10F700001800802E1800802E1800802E1800802EE1
:10F710001800802E1800802E1800802E1800802ED1
:10F720001800802E1800802E1800802E1800802EC1
:10F730001800802E1800802E1800802E1800802EB1
:10F740001800802E1800802E1800802E1800802EA1
:10F750001800802E1800802E1800802E1800802E91
:10F760001800802E1800802E1800802E1800802E81
:10F770001800802E1800802E1800802E1800802E71
:10F780001800802E1800802E1800802E1800802E61
:10F790001800802E1800802E1800802E1800802E51
:10F7A0001800802E1800802E1800802E1800802E41
:10F7B0001800802E1800802E1800802E1800802E31
:10F7C0001800802E1800802E1800802E1800802E21
:10F7D0001800802E1800802E1800802E1800802E11
:10F7E0001800802E1800802E1800802E1800802E01
:10F7F0001800802E1800802E1800802E1800802EF1
:10F800001800802E1800802E1800802E1800802EE0
:10F810001800802E1800802E1800802E1800802ED0
:10F820001800802E1800802E1800802E1800802EC0
:10F830001800802E1800802E1800802E1800802EB0
:10F840001800802E1800802E1800802E1800802EA0
:10F850001800802E1800802E1800802E1800802E90
:10F860001800802E1800802E1800802E1800802E80
:10F870001800802E1800802E1800802E1800802E70
:10F880001800802E1800802E1800802E1800802E60
:10F890001800802E1800802E1800802E1800802E50
:10F8A0001800802E1800802E1800802E1800802E40
:10F8B0001800802E1800802E1800802E1800802E30
:10F8C0001800802E1800802E1800802E1800802E20
:10F8D0001800802E1800802E1800802E1800802E10
:10F8E0001800802E1800802E1800802E1800802E00
:10F8F0001800802E1800802E1800802E1800802EF0
:10F900001800802E1800802E1800802E1800802EDF
:10F910001800802E1800802E1800802E1800802ECF
:10F920001800802E1800802E1800802E1800802EBF
:10F930001800802E1800802E1800802E1800802EAF
:10F940001800802E1800802E1800802E1800802E9F
:10F950001800802E1800802E1800802E1800802E8F
:10F960001800802E1800802E1800802E1800802E7F
:10F970001800802E1800802E1800802E1800802E6F
:10F980001800802E1800802E1800802E1800802E5F
:10F990001800802E1800802E1800802E1800802E4F
:10F9A0001800802E1800802E1800802E1800802E3F
:10F9B0001800802E1800802E1800802E1800802E2F
:10F9C0001800802E1800802E1800802E1800802E1F
:10F9D0001800802E1800802E1800802E1800802E0F
:10F9E0001800802E1800802E1800802E1800802EFF
:10F9F0001800802E1800802E1800802E1800802EEF
:10FA00001800802E1800802E1800802E1800802EDE
:10FA10001800802E1800802E1800802E1800802ECE
:10FA20001800802E1800802E1800802E1800802EBE
:10FA30001800802E1800802E1800802E1800802EAE
:10FA40001800802E1800802E1800802E1800802E9E
:10FA50001800802E1800802E1800802E1800802E8E
:10FA60001800802E1800802E1800802E1800802E7E
:10FA70001800802E1800802E1800802E1800802E6E
:10FA80001800802E1800802E1800802E1800802E5E
:10FA90001800802E1800802E1800802E1800802E4E
:10FAA0001800802E1800802E1800802E1800802E3E
:10FAB0001800802E1800802E1800802E1800802E2E
:10FAC0001800802E1800802E1800802E1800802E1E
:10FAD0001800802E1800802E1800802E1800802E0E
:10FAE0001800802E1800802E1800802E1800802EFE
:10FAF0001800802E1800802E1800802E1800802EEE
:10FB00001800802E1800802E1800802E1800802EDD
:10FB10001800802E1800802E1800802E1800802ECD
:10FB20001800802E1800802E1800802E1800802EBD
:10FB30001800802E1800802E1800802E1800802EAD
:10FB40001800802E1800802E1800802E1800802E9D
:10FB50001800802E1800802E1800802E1800802E8D
:10FB60001800802E1800802E1800802E1800802E7D
:10FB70001800802E1800802E1800802E1800802E6D
:10FB80001800802E1800802E1800802E1800802E5D
:10FB90001800802E1800802E1800802E1800802E4D
:10FBA0001800802E1800802E1800802E1800802E3D
:10FBB0001800802E1800802E1800802E1800802E2D
:10FBC0001800802E1800802E1800802E1800802E1D
:10FBD0001800802E1800802E1800802E1800802E0D
:10FBE0001800802E1800802E1800802E1800802EFD
:10FBF0001800802E1800802E1800802E1800802EED
:10FC00001800802E1800802E1800802E1800802EDC
:10FC10001800802E1800802E1800802E1800802ECC
:10FC20001800802E1800802E1800802E1800802EBC
:10FC30001800802E1800802E1800802E1800802EAC
:10FC40001800802E1800802E1800802E1800802E9C
:10FC50001800802E1800802E1800802E1800802E8C
:10FC60001800802E1800802E1800802E1800802E7C
:10FC70001800802E1800802E1800802E1800802E6C
:10FC80001800802E1800802E1800802E1800802E5C
:10FC90001800802E1800802E1800802E1800802E4C
:10FCA0001800802E1800802E1800802E1800802E3C
:10FCB0001800802E1800802E1800802E1800802E2C
:10FCC0001800802E1800802E1800802E1800802E1C
:10FCD0001800802E1800802E1800802E1800802E0C
:10FCE0001800802E1800802E1800802E1800802EFC
:10FCF0001800802E1800802E1800802E1800802EEC
:10FD00001800802E1800802E1800802E1800802EDB
:10FD10001800802E1800802E1800802E1800802ECB
:10FD20001800802E1800802E1800802E1800802EBB
:10FD30001800802E1800802E1800802E1800802EAB
:10FD40001800802E1800802E1800802E1800802E9B
:10FD50001800802E1800802E1800802E1800802E8B
:10FD60001800802E1800802E1800802E1800802E7B
:10FD70001800802E1800802E1800802E1800802E6B
:10FD80001800802E1800802E1800802E1800802E5B
:10FD90001800802E1800802E1800802E1800802E4B
:10FDA0001800802E1800802E1800802E1800802E3B
:10FDB0001800802E1800802E1800802E1800802E2B
:10FDC0001800802E1800802E1800802E1800802E1B
:10FDD0001800802E1800802E1800802E1800802E0B
:10FDE0001800802E1800802E1800802E1800802EFB
:10FDF0001800802E1800802E1800802E1800802EEB
:10FE00001800802E1800802E1800802E1800802EDA
:10FE10001800802E1800802E1800802E1800802ECA
:10FE20001800802E1800802EFD00802EFF00C82EA6
:10FE3000002E802EFB00802EDDB0802EFE00802E56
:10FE4000FC00802E0DB15039212EB0F01030212E43
:10FE500016F0802E34B165504F5201423B80413044
:10FE600001423C80002E01400142212EFFAFB82EFE
:10FE70001F7F802E1800802E1800802E1800802EE4
:10FE80001800802E1800802E1800802E1800802E5A
:10FE90001800802E1800802E1800802E1800802E4A
:10FEA0001800802E1800802E1800802E1800802E3A
:10FEB0001800802E1800802E1800802E1800802E2A
:10FEC0001800802E1800FD2D00000000000000002A
:10FED000000000000000000000000000000004011D
:10FEE0000000000001000000000800F80000000011
:10FEF000000000000000000000000000000800F802
:10FF000000000000000000000000000000000100F0
:10FF100000000000000000000000000000000000E1
:10FF200000000000000000000000000000000000D1
:10FF300000000000000000000000000000000000C1
:10FF400000000000000000000000000000000000B1
:10FF500000000000000000000000000000000000A1
:10FF60000000000000000000000000000000000091
:10FF70000000000000000000000000000000000081
:10FF80000000000000000000000000000000000071
:10FF90000000000000000000012E55F0C02E212EB0
:10FFA00055F03050003051560530052CFB7F3EBED9
:10FFB000D2BAB2B96C0B530EF92F531A012F4D0E52
:10FFC000F52FD27F04301F2CE17FC501A303720EF1
:10FFD000032F721A0F2F790F0D2FE16F4F045FB9A6
:10FFE000B1BFFA0BD26F9606B12551BFEB7F060069
:10FFF000B2252703DB7FCFBF3EBF01B8D2BA41BADB
:020000040003F7
:10000000B2B9070A6E0BC090DF2F4091DD2FFB6F56
:10001000D05FB82E0031C02E212EBAF0C82EC82EC7
:10002000C82EC82EC82EAA000500AA0005002D0162
:10003000D47B3B01DB7A04003F7BCD6CC304850994
:10004000C304ECE60C460100270019009600A0004E
:1000500001000C00F03C00010100030001000E0053
:1000600000000600060000004728880054005100E8
:100070009700A00080000040FF7F0080AF00FF00DD
:10008000FFB7000200B00580B1F05EF0C00059F08B
:1000900039F0570089F054000020820059005D00BB
:1000A0008100FFFB52F056F033093307000890013E
:1000B00000F80001020160006A004C04A000E8039F
:1000C00081008200EB07AE07AA007500FF0FDB007E
:1000D000B601706926D39C07BC021F059D00A805C8
:1000E000EE0601F0BC053708BB0637FAB200FF0385
:1000F000982E15B02026982EF700982EC4B01030F8
:10010000212E59F0982EB900982E7AB4982E89B4E1
:10011000002E002ED02E982EA7B0012E580000B22F
:100120001A2F0030212E58004750982E65B0032E0C
:100130001E0147500230982E28B5032E1F0147504C
:100140001230982E28B5012E03F00DBC0FB8009088
:10015000022F4F50212EBCF0012E570000B2252F48
:100160000030212E57004950982E65B04950982EE6
:10017000C1B14950982E34B649504B52982EA4B470
:1001800049504D52982EA4B4012E1E010FBC0FB839
:1001900000904F50082F032E1F019FBC9FB8409026
:1001A000022F212EBCF0022D212EBAF0982EB9007C
:1001B000AF2D1050FB7F2125982EF401FB6F2125D8
:1001C000F05F1025802EBE009401DD03C0AD0B2F23
:1001D000C0A8032FC090072F80A6052F40A9122F7B
:1001E0004091012F00AB0E2FC0AC00305552072FAD
:1001F000C0A9032FC091032F80A7012F40A1052F75
:10020000C02E17250625C02EF03F5352B82E8386E8
:1002100001300030944024180600530E4F02F92F8D
:10022000B82E802E180080A80325102F8090012F53
:10023000410E0C2FF33F180505305D07150E032FF7
:10024000551A022FCC0F002F58040125B82EB82EB6
:10025000635041300240510A0142188257506042B7
:10026000703C595442426982823243401808020A63
:1002700040424280023F014010504A08FB7F114239
:100280000B310B423E8031320142002E012E40F0F4
:100290001390202F03305D505B54143506306152AB
:1002A00055321D1AE322181A5F58E3220430D54054
:1002B000B50DE1BE6FBB8091A90D0189B52310A1D9
:1002C000F72FDA0E1435EB2F012E2500701A0030AF
:1002D0002130022C0822303000B2062F212E59F096
:1002E000982EB900002E002ED02EFB6FF05FB82E96
:1002F0007050032E2201F17F2A25B982E07FDB7F37
:1003000000304530323003300430F66FF209FC1310
:10031000C2ABB509C72380B3E66FB701002E8B418E
:100320004B42052FC57F05304640AE05C56F46429E
:10033000018023BDD3BE03894182DF0C03A2E42FD9
:10034000E06F916F1142C3B2A16F1142002EB16FE5
:100350000142062F0032032E59F0080A212E59F0CF
:10036000062DF13D012E59F00108212E59F0DB6FC9
:10037000905FB82E6950052E00F04F56D30F014004
:10038000F433CC080D2FF4309408B98802A3042F5D
:1003900067584C0A87A2052CCB224F544A0AF23BDD
:1003A000CA083C80272E59F001400142B82E012E88
:1003B000B1F06752010A212EB1F0012E1E010FBCCF
:1003C0000FB800904F50082F032E1F019FBC9FB8FD
:1003D0004090022FC02E212EBCF0C02E212EBAF04C
:1003E0007050F77F002E0F2EB8F0F8BFFFBBC0B3E0
:1003F000232FB27F947FC67FE57FD37FA17F3530E7
:10040000052E01F02EBD2EBB6B586E0547566D5460
:10041000113027410641F8BFBE0BB511D642038902
:100420005A0EF62F232E58004F52232EB8F0B26FDB
:10043000E56FD36FA16F946FC66FF76F905FC82E93
:100440006050C37FD47FE77FF67FB27FA57F3630D1
:10045000072E01F0BEBDBEBB6F58770549567154DB
:1004600027410641F8BFBE0BB511D64203895A0E8B
:10047000F62F1230252E57000231252EB8F0D46FFA
:10048000C36FE76FB26FA56FF66FA05FC82E1A2417
:100490002600802E65017050428ED47FF67F47255E
:1004A0001A187352F10064250130390294418141D8
:1004B000E27FBEBBBD8D02BDB57F8EB5BA0AC67FD9
:1004C000AB7F5125982ED101D56FE26F2A18735456
:1004D000B2010230C46F7A0312417425D07F52BC3E
:1004E000D3416EBADEB6200BC77F917F982ED10123
:1004F000F26FD56FCA165518DD18956FEA18735A42
:10050000312575010130202539025EBA82BC8EB6D4
:10051000210B982ED101E26FB56F2A18E07FF17F91
:1005200004307354F2007C02856FD06F0D17681889
:10053000E018906FC46FC518EB6FB2011B43023017
:100540007A03FB6F3D8F0B433EBA12BD52BC6EBBAC
:10055000A20A9EB5DEB6300BF77F982ED101F56F5B
:100560003125D16F926FAB6F50434343905F535629
:10057000802E00B010500340191855561905362525
:10058000F77F4A175418EC18091701300C07E218C6
:10059000DE00F26F97025158DC009102BFB821BD16
:1005A0008A0AC02E0242F05F092E1D01052E1D0190
:1005B000A3BC44BE90504FB9072E1D014A259FB8D9
:1005C000398FB2BDF27FBFB9EB7F8A0A37890B3012
:1005D000930A8B7FCB430B4380B2D37FC17F902E96
:1005E0006CB22025012E5F0001900E2F7552012E56
:1005F0005C00B47FA27F982E72B20030212E5F0083
:10060000C16FD36FA26FB46F0B30012E1D0106BCFA
:1006100006BB5725012E1D0194B105BCB67F0FBB4B
:10062000795080B30F2F0D2E1D017D5EB7092D2E41
:100630001D017F5C775E9B439B43DB439B431B42D7
:10064000CB430B428B4340B2052F7750002E164010
:100650000B40767F8B7FCB0A012E5C0075527B5C52
:10066000982EBEB2906F00B20B2FF06F00B2082F21
:100670007758795012411242213004410442232E0E
:100680005EF0C06F00B2262F746F806F7F5488BDFC
:10069000C8B84B0A94429142904288BA7752F36F9D
:1006A00054428542C0904042152F7952002E52404C
:1006B0004140A204410640AA042F40900B2FB16F85
:1006C0004A0F082FB26F80B2052F7954213094421F
:1006D0008042232E5EF0D06F00B2132F012E5B00FC
:1006E000092E8100041A0D2F8150292E5B0024420F
:1006F0004430024002420980002E0442032D103093
:10070000212E5F00EB6F705FB82E09865154E440D4
:10071000C3809404C3401305054025058A17733030
:1007200073098C17F308E3004C821501B3B55342EB
:100730008B1643B652424C175442554253425242D2
:10074000544245426D828354524210508554524265
:10075000FB7F22308756434244820B3052425B4239
:100760007C844B42358290808B420B423580043032
:100770000B42378015306025982EB1B28B83FB6F0A
:100780006542C02E4442F05F058002305182024231
:10079000133041404B0889543E805114C02E014211
:1007A000002E4051D17F1225023042433230824325
:1007B000C67FE57FB47FA37F907F8B7F982EC60195
:1007C000C07E00AC012F5350C07E002E906F098A6E
:1007D000D16F757F4C826341657F117F002E64412C
:1007E0004485527F457F002EA6408040327F828E16
:1007F000C26E4541F07F277F027F982E38B1236F6C
:10080000D16FC240F986237F80B2E07E0F2F326F16
:10081000646F8240F27F5082426F506F736F8540E9
:10082000C34004410640E26E982E38B1E07EF331B9
:10083000106F3680E16E0240717F5104023040A893
:1008400091044A22891693084A0095B409188E1615
:1008500013309308216F607F4D860280B2004140C3
:1008600021B5507F437F982EA7B1406F626F556FBF
:10087000134084400140454142BE1D184C04310FD5
:10088000048AC06F1130022F002E032C0142233046
:100890000342002ED66F44418A87768B00B3537F84
:1008A000152F046F8B5E8B8DE701C0A58441012F4E
:1008B00000A1032FC0AD082F00A5062FC640818DD3
:1008C00007303C05D642042CC442022C07300730C6
:1008D0008686946FD77E0E8D00407489C74002B221
:1008E000F92945418641BE80214175238240C74296
:1008F000457F347F207F982EA7B1316F606F246FC2
:1009000022400541434013014386AC0FD16F307F35
:10091000002F4442488A4188E140137F047FF57EDE
:10092000982EA7B1116F606F346F424003409A0454
:1009300004414382A20E036F002FC242002E4140A9
:10094000726F982EA7B1256F726F5341930ED16FBE
:1009500046801B3003300C2F044000914242082F88
:10096000F66E446F8641B40E032F0288DB7E03438C
:100970000B42468D44414780056F940F767F607F20
:10098000022F4589424303434988A56F4091A47FC4
:100990001530E26FD36E032F04308342802E62B491
:1009A00004402529044283424582946F0485C0B2E5
:1009B000902E4EB415873C8CC440467FC2860740BB
:1009C0008641F4BF00B30C2F906F1680462500407F
:1009D00057250418AE0E1030063075254623606F7B
:1009E0006425C440FA8600B3337F092F936FD888FB
:1009F000536F0441C340DC0E13300430DC22B325B6
:100A000040B3022F3B25C090052F916FD06F982ED9
:100A1000B1B24D2C04308D8843408240547FDA0FB0
:100A20000430082FC1804042C20F022F0030C07E28
:100A30001B2DC07E192DE1BC926F4F04908440A8FD
:100A4000210583404C224B0EB6842130022F1130F9
:100A5000042CC17EE36FC17EC142002E0040814064
:100A600004BD406F982EA7B1506F1130024051085D
:100A7000C36E038099150B40B16FD06FB67F5B7F5B
:100A8000043059540330112C1480556F0640750101
:100A900058BB6A090542C18647405125BE015643ED
:100AA000002E4641F403B66F47435E0EED2F316FC3
:100AB000606F424015300282950804425242022C77
:100AC000444204303E8E916F4F8C02408341B58D7D
:100AD000930ED06F012F982EB1B2002EC0418141EC
:100AE000C10FC06F012F0442002E706F3C82004086
:100AF0004140891695084A0004BC91B4010EE06F8C
:100B0000072FA16F002E414040B2022FA16F054276
:100B10004442002E8B6FC05EB82E10508D524B5049
:100B2000FB7F982E98B44B52458210305042603073
:100B3000FB6FC02E4042F05F10508F524D50FB7F34
:100B4000982E98B44D524582003050427030FB6F61
:100B5000C02E4042F05F1230124202301242124266
:100B6000124202420380418411420242B82E48865A
:100B70009050C4404284F27F5A250241A2BF77853B
:100B80000641FFBB874261BF07416FBB867F7FBBCA
:100B9000967FFE8686408091C340D37FE07F1330EE
:100BA000052F866F8091022F966F80B3602F61258D
:100BB0005740C191C17F0F2F01308143002EF26F4A
:100BC00013409342002E13409342002E0040804277
:100BD000BD80C02E0142705F87837A8D45407B8245
:100BE00045410441D5BF43BEC3BAA57F75BAB67FA0
:100BF00005309740C0B3092F06404740B70507307E
:100C000080A9FE05B723740F5D23B66F4182018072
:100C1000560EEE2F4040281AC46FE06FF26F022F7D
:100C20000330192C034305416B29A66F05436E0E53
:100C3000112FD46F00B3032F3F89DC14272E5EF0F1
:100C4000402532251541D542002E1541D542002EB2
:100C50000441C442002E002E41404090092F114013
:100C60009142002E11409142002E0040022C804201
:100C70004342705FB82EB0503A25F5869158C44271
:100C8000153093584D098190647FF27FEB7F022FDE
:100C900040B3902E05B6150B00B3902E05B69A0002
:100CA000E330CB0881404484B1BA4686498E975CD4
:100CB000C27F02840725D37F2B2EA9008440E34105
:100CC000E304C441C3432E18955A8B400B42B50030
:100CD000995AB27F3A8095000540418B0542038ABC
:100CE000A27F438440417B8B857F00B2DC05917FEE
:100CF000042FC36F002EC4400189C4424786664159
:100D0000757F458842823E0F4541342F46403E0E56
:100D1000262F8540C133A90E0130022FC340C0B237
:100D20001B2F8234AA0E312F01417F8243A2023051
:100D3000022F002E0C2C013000B2D06F1130012F89
:100D40000242022D01420130C06F002E02423E815C
:100D5000048602420243C242192DC0338042162D3E
:100D6000A06F2804381E40421130906F2230982E18
:100D700008B60C2C0130A16FA900906F0182BA1C3B
:100D8000424221301230982E08B60130726FD4B131
:100D9000F5BD6BBA9F5A80400518F5BEE30AEBBB60
:100DA0003D0B806FE30004406305A1582C18F5BE8D
:100DB0008342EBBBFD0BB26F5A01DF017D1F154271
:100DC0009A0405405D052C1875BEEBBA2C0BDC04AB
:100DD0009A1C02420480002E004000B2102FC26F05
:100DE000C0338240900E0B2FD16F7E8803813C84EC
:100DF0000B3082864B420B420B438B42CB4221305D
:100E000042B202309D50022241B29B520822F16F41
:100E100040901130062F2230020800B2082F232EF6
:100E20005EF0062D010800B2022F0031212E5EF087
:100E3000EB6F505FB82E0786FC88C6400541311A1B
:100E4000122F8091222FC133290F0A2F0680002EE6
:100E5000004000B2012F44A9032F0030C0420043DC
:100E6000B82EC2420143B82EC133A90E0E2F433C07
:100E7000EB00CCA80A2F0586C280C34002423C8406
:100E8000C18081428284C02E8042002EB82E052E61
:100E90002001113020509108F07F80B2EB7F132F9A
:100EA000012E740001900230A350032F252E7400F0
:100EB000982EADB7F26FA352982E57B600B2062FF8
:100EC0008030212E5EF0032D1030212E7400EB6F48
:100ED000E05FB82E3051428AE17F8388DB7FC57F97
:100EE0001A25052593400640B3011642CB1606404D
:100EF000F3021342540EF52F04401230A22802428E
:100F000088A00030902EA9B76D847388927F707F7F
:100F1000847FA27F7086B57F637F7530A552A7540A
:100F2000BD50AF58B76FF47F517F002ED641D441EA
:100F3000B77FCC177D097501063026034DBED3BAA5
:100F40006C0B280E05222A0F9022D242437F327F5B
:100F5000002EA95AAB58AD5CA956982E38B1916FA6
:100F6000326F5042917FB3301025982EDBB7716FEE
:100F70008828436F806F727F580E516F4482A75448
:100F8000BD507530AF58CD2FB16F4684E16F4E80A4
:100F90008140B27F907F1230982ECCB7B16F7C8A9F
:100FA000A26FB57F4042982EF40195BC0BB9510A4F
:100FB000626FA17F982EF40195BC0BB9110AA16F45
:100FC000491748188816E818D11827251625807F54
:100FD000982EBE00B56FE16F43414B844C8CB07FBF
:100FE000627F4A887E8BC090567F132F457F347F67
:100FF000B330B152B26F982EDBB7716F880E346F79
:10100000456FE16F062F34251B30106F226FDB42D6
:10101000D042C2420230006F00A89005136F8623B1
:10102000C0A8D305DF23B705B35E370F4D8C07305B
:10103000192F447F002E246FB35EA70E446F073034
:10104000112FC75EDF00C15E5F0E022F002E0B2C3A
:101050000730C9560300C356430E022F002E032C3F
:101060000730824317304186C0910E2FC040019057
:10107000092F804114300428804306A0032FC88024
:10108000BB58C2420442662C0030906F002E0040D4
:1010900000A800305E2F004100B200305A2F498274
:1010A000B26F437FB57F947FB3304140982EDBB75A
:1010B000716F880FB56FE16F023000304A2F806F7B
:1010C000C5580400BF58440E022F002E432C003098
:1010D000A06FB558840E00303C2FB754216FB57FF8
:1010E000982ECCB71025B3302125982EDBB7026F90
:1010F000A07FB3301225982EDBB7126F807FB330FC
:101100001225982EDBB7816F88288752982ECCB78E
:10111000A16F880FB56FE16F023000301A2F446F56
:10112000002E004100B20F2F646F106F0441840E37
:1011300000300F2F546F206F0441840F0030092FAF
:10114000946F1030072C02430887B950D0421030FA
:101150000043C2420B304B437A8BC46F0689524323
:1011600052436C0EFB2F7885002E8240021A022F0C
:10117000002E022C40420030002EDB6FD05EB82ED5
:101180000882023012420886C288875A12430543F9
:10119000028B7C8D42431430BE8B04424581424316
:1011A00002423580B95EA55AC74284435243124277
:1011B0005243124252435243410EF72FB82E0A0CAB
:1011C000555603090A0400B3072F880C930880B210
:1011D000032F5350C02E40AC0322B82EFF8810308E
:1011E0004A0D0A1804154C165FB97908535A950030
:1011F00034094090022F0091002F0030D800C0B277
:101200000B2FD0A0032FF086BB11072CCE17013176
:101210004B0479143312FB11810BCE16C02E7B1AAE
:101220001622802E1800802E1800802E1800802E86
:101230001800802E1800802E1800802E1800802E96
:101240001800802E1800802E1800802E1800802E86
:101250001800802E1800802E1800802E1800802E76
:101260001800802E1800802E1800802E1800802E66
:101270001800802E1800802E1800802E1800802E56
:101280001800802E1800802E1800802E1800802E46
:101290001800802E1800802E1800802E1800802E36
:1012A0001800802E1800802E1800802E1800802E26
:1012B0001800802E1800802E1800802E1800802E16
:1012C0001800802E1800802E1800802E1800802E06
:1012D0001800802E1800802E1800802E1800802EF6
:1012E0001800802E1800802E1800802E1800802EE6
:1012F0001800802E1800802E1800802E1800802ED6
:101300001800802E1800802E1800802E1800802EC5
:101310001800802E1800802E1800802E1800802EB5
:101320001800802E1800802E1800802E1800802EA5
:101330001800802E1800802E1800802E1800802E95
:101340001800802E1800802E1800802E1800802E85
:101350001800802E1800802E1800802E1800802E75
:101360001800802E1800802E1800802E1800802E65
:101370001800802E1800802E1800802E1800802E55
:101380001800802E1800802E1800802E1800802E45
:101390001800802E1800802E1800802E1800802E35
:1013A0001800802E1800802E1800802E1800802E25
:1013B0001800802E1800802E1800802E1800802E15
:1013C0001800802E1800802E1800802E1800802E05
:1013D0001800802E1800802E1800802E1800802EF5
:1013E0001800802E1800802E1800802E1800802EE5
:1013F0001800802E1800802E1800802E1800802ED5
:101400001800802E1800802E1800802E1800802EC4
:101410001800802E1800802E1800802E1800802EB4
:101420001800802E1800802E1800802E1800802EA4
:101430001800802E1800802E1800802E1800802E94
:101440001800802E1800802E1800802E1800802E84
:101450001800802E1800802E1800802E1800802E74
:101460001800802E1800802E1800802E1800802E64
:101470001800802E1800802E1800802E1800802E54
:101480001800802E1800802E1800802E1800802E44
:101490001800802E1800802E1800802E1800802E34
:1014A0001800802E1800802E1800802E1800802E24
:1014B0001800802E1800802E1800802E1800802E14
:1014C0001800802E1800802E1800802E1800802E04
:1014D0001800802E1800802E1800802E1800802EF4
:1014E0001800802E1800802E1800802E1800802EE4
:1014F0001800802E1800802E1800802E1800802ED4
:101500001800802E1800802E1800802E1800802EC3
:101510001800802E1800802E1800802E1800802EB3
:101520001800802E1800802E1800802E1800802EA3
:101530001800802E1800802E1800802E1800802E93
:101540001800802E1800802E1800802E1800802E83
:101550001800802E1800802E1800802E1800802E73
:101560001800802E1800802E1800802E1800802E63
:101570001800802E1800802E1800802E1800802E53
:101580001800802E1800802E1800802E1800802E43
:101590001800802E1800802E1800802E1800802E33
:1015A0001800802E1800802E1800802E1800802E23
:1015B0001800802E1800802E1800802E1800802E13
:1015C0001800802E1800802E1800802E1800802E03
:1015D0001800802E1800802E1800802E1800802EF3
:1015E0001800802E1800802E1800802E1800802EE3
:1015F0001800802E1800802E1800802E1800802ED3
:101600001800802E1800802E1800802E1800802EC2
:101610001800802E1800802E1800802E1800802EB2
:101620001800802E180001000600000002000500CE
:1016300001080000AC0D0000200E03008B0E160008
:10164000C00E30008B0F4F00541064000101018068
:10165000D042193A3B43238EFE48FC780100060035
:1016600080D042193A3B43238EFE48FC78000006A6
:10167000000010000D188023D1BCEA5F782315DE2E
:10168000EF121230150000000ADC02001EDC02001E
:1016900013DC02001ADC0200F5DB020020DC020091
:1016A0001000282A1000272A1000262A1000252AB8
:1016B0001000242A1000292A10000A180000000037
:1016C00000000000B5BD000010002B2A1000051816
:1016D00000000000000000009DBF00001000442A30
:1016E0001000452A1000462A1000482A1000472AF8
:1016F000100011188023D1BCEA5F782315DEEF12A9
:1017000012341500008023D1BCEA5F782315DEEF88
:101710001212311500008023D1BCEA5F782315DE58
:10172000EF1212321500000077C295F360D2EF7FFE
:101730003552500F2CB6798010000F2A10002B2A3A
:101740001000051880D042193A3B43238EFE48FC16
:101750007801000200001000462A1000111880D005
:1017600042193A3B43238EFE48FC780C000000806F
:10177000D042193A3B43238EFE48FC780B00000010
:1017800080D042193A3B43238EFE48FC780A000081
:101790000080D042193A3B43238EFE48FC78090072
:1017A000000080D042193A3B43238EFE48FC780863
:1017B00000000080D042193A3B43238EFE48FC785B
:1017C0000700000080D042193A3B43238EFE48FCBC
:1017D000780600000080D042193A3B43238EFE4831
:1017E000FC780500000080D042193A3B43238EFE6E
:1017F00048FC780400000080D042193A3B43238E15
:10180000FE48FC780300000080D042193A3B432395
:101810008EFE48FC780200000080D042193A3B431B
:10182000238EFE48FC780100000080D042193A3B2C
:1018300043238EFE48FC780000000080D042193A15
:101840003B43238EFE48FC780000050080D04219FF
:101850003A3B43238EFE48FC78010005000010004F
:10186000192A10000F1880726566736E61725465D4
:101870006C69460002AFAD80726566736E6172542A
:10188000656C69460001AFAD1000BBFE6DDC020067
:101890007ADC020087DC02001000062A1000021821
:1018A00080D042193A3B43238EFE48FC7804000165
:1018B0000080D042193A3B43238EFE48FC78030057
:1018C000010080D042193A3B43238EFE48FC780247
:1018D00000010080D042193A3B43238EFE48FC7839
:1018E0000100010080D042193A3B43238EFE48FCA0
:1018F0007800000100001000372A80D042193A3BDE
:1019000043238EFE48FC780200030080D042193A3F
:101910003B43238EFE48FC780100030080D042192F
:101920003A3B43238EFE48FC780000030000000091
:101930000900000010270000983A00000000000095
:1019400000000B0B0300010001000000000000007C
:1019500000000000960000000300000000000000EE
:1019600001070000000000000000000003700500F7
:1019700000000000D7D4223B536D223C4CF9B53C0B
:1019800013D1203DF766793D76EEB13D0C92EF3DE7
:10199000B4801A3EF2C5403E60376A3EC7358B3E82
:1019A0000379A23E33AABA3ECB8BD33E7DDEEC3E1A
:1019B000EE30033F7FEA0F3F917B1C3F2CC4283F52
:1019C0000EA5343F0000403F1DB84A3F1FB2543FB0
:1019D000A5D45D3F7008663FA3386D3FF352733F57
:1019E000D947783FB90A7C3F02927E3F44D77F3F78
:1019F00005040203010000000000070600000000CB
:101A0000C5090100AF0701008D0801007908010038
:101A100065080100510801000000000000000000FE
:101A2000000000002F0901003D0701002907010007
:101A3000E9060100470A01004B0A01004F0A0100B4
:101A4000570A01003F0A0100430A0100000000009C
:101A5000000000000000000000000000530A010028
:101A60003E000000C906010013000000D308010079
:101A700005000000A1080100080000001507010092
:101A8000300000000107010010000000ED06010019
:101A900000000000E50C010000000000EF0B010059
:101AA00000000000EF0B0100EF0B0100EF0B010045
:101AB00000000000EF0B010000000000EF0B010030
:101AC00000000000EF0B010000000000EF0B010020
:101AD00000000000EF0B01003D0D0100F90C0100BA
:101AE000EF0B0100EF0B0100EF0B0100EF0B01000A
:101AF000EF0B0100EF0B0100EF0B01000101010AE8
:101B00000200000009240100D5140100C9140100DD
:101B1000A5140100031601002D1401001F1401007B
:101B20007116010055130100392E0100C92F010063
:101B30000000000099190100071E0100C91E0100E4
:101B4000D9240100BD150100651B0100E11B010046
:101B50005B1C0100D11C01004F1D0100E7260100A4
:101B6000DD2E01008D3001004D1201000000030048
:101B7000030004030004020202000200000000004F
:101B80000204030004000002000200040200040337
:101B90000302000300000000000304020004100020
:101BA000032800000C000000CD5E01000D000000C5
:101BB000E15D01000C0000003D5E01000D00000031
:101BC000655D010007000000D1540100090000001C
:101BD0001357010003000000475B010003000000F1
:101BE000D558010004000000555801000500000010
:101BF000E157010008000000A75B0100030000009E
:101C0000575A010004000000ED59010005000000D2
:101C1000C95A0100080000007D590100A35F0100BE
:101C20009F530100DF5301001F5401006154010064
:101C30007B540100AD540100C7540100F55401006C
:101C4000FF5401006F5F01002F5F0100E75E01009C
:101C5000ED5D0100A955010000000000D15F010009
:101C60003B590100B158010031580100BD57010036
:101C70006B5701000000000000000000EF5601005B
:101C800000000000000000001B5E0100215D01005B
:101C9000000000009D5F0100A9530100E95301000D
:101CA000295401006B5401007F540100B754010016
:101CB000CB540100F954010003550100695F010094
:101CC0002B5F0100A35E0100435D0100BF590100CD
:101CD0001000032810000228100000280000000057
:101CE0000000EF8DE2164FEC430DBF5BDD34C053B7
:101CF0001EB8010003020000000000000100000007
:101D0000818C010002000000A76F010003000000A9
:101D1000A78C010004000000857001000500000090
:101D2000398D0100060000009571010007000000D8
:101D3000178E010008000000657301000900000013
:101D40009F8E01000A000000E17401000B000000FA
:101D50003B8F01000C0000005D7501000D000000CC
:101D6000778F01000E000000D77501000F00000002
:101D7000858F0100100000007D7601001100000039
:101D8000D58F0100120000006178010013000000EF
:101D90009190010016000000497901001700000031
:101DA000F390010018000000A97A0100190000005A
:101DB000579101001B000000E17B01001D000000A5
:101DC0001D7C01001E000000DF9101005200000098
:101DD000F5780100CE0150002C00D0020B0701164F
:101DE0000C00000108080000050108171702000098
:101DF00008080202040201002201012A080F030060
:101E0000F401FA00960064004B0032001E0014003A
:101E10002000000000400000000000000000282218
:101E2000000000000000000000F7FFFF0F000000AE
:101E30000030F80F000080070000000000000000E4
:101E40000000000000000000000000000000000092
:101E500000000000A03400201606021B110602112B
:101E600003040309050403050406080A0C0E1012F6
:101E70001416181C1E20222426282A2C2E30323418
:101E800036383A3C3E40424446484A4C4E021A508C
:101E900001000000D00000200000000080000020B1
:101EA0000000000000000000000000000000000032
:101EB000010000002801002000000000F4000020C4
:101EC0000000000000000000000000000000000012
:101ED0006C888391AAF5A53860370BDB5A6083BE06
:101EE0003F49F6D4A3C55F3874C9B3E3D2103F505D
:101EF0004AFF607BEB40B7995899B8A6CD3C1ABD14
:101F000008200001FFFFFFFFFFFFFFFFFFFFFFFFB4
:101F100000000000000000000000000001000000C0
:101F2000FFFFFFFF512563FCC2CAB9F3849E17A7C8
:101F3000ADFAE6BCFFFFFFFFFFFFFFFF0000000060
:101F4000FFFFFFFF96C298D84539A1F4A033EB2DCF
:101F5000817D0377F240A463E5E6BCF847422CE1BB
:101F6000F2D1176BF551BF376840B6CBCE5E316BFF
:101F70005733CE2B169E0F7C4AEBE78E9B7F1AFEC3
:101F8000E242E34F4B60D2273E3CCE3BF6B053CC0F
:101F9000B0061D65BC86987655BDEBB3E7933AAAAB
:101FA000D835C65A793E0200CB3F0200453B0200BD
:101FB0000062746C6500000000000000000000007A
:101FC0000000000000000000000000000000000011
:101FD0000000000000000000000000000000000001
:101FE0000000000100637C777BF26B6FC5300167F6
:101FF0002BFED7AB76CA82C97DFA5947F0ADD4A281
:10200000AF9CA472C0B7FD9326363FF7CC34A5E54C
:10201000F171D8311504C723C31896059A071280A9
:10202000E2EB27B27509832C1A1B6E5AA0523BD6DD
:10203000B329E32F8453D100ED20FCB15B6ACBBE02
:10204000394A4C58CFD0EFAAFB434D338545F902AE
:102050007F503C9FA851A3408F929D38F5BCB6DAC3
:102060002110FFF3D2CD0C13EC5F974417C4A77E69
:102070003D645D197360814FDC222A908846EEB87A
:1020800014DE5E0BDBE0323A0A4906245CC2D3ACB4
:10209000629195E479E7C8376D8DD54EA96C56F4F9
:1020A000EA657AAE08BA78252E1CA6B4C6E8DD74B7
:1020B0001F4BBD8B8A703EB5664803F60E613557DF
:1020C000B986C11D9EE1F8981169D98E949B1E872F
:1020D000E9CE5528DF8CA1890DBFE6426841992DD4
:1020E0000FB054BB1600000000000000000000010B
:1020F00000000002000000040000000800000010C2
:102100000000002000000040000000800000001BD4
:102110000000003608200001FFFFFFFFFFFFFFFF68
:10212000FFFFFFFF000000000000000000000000B3
:1021300001000000FFFFFFFF512563FCC2CAB9F395
:10214000849E17A7ADFAE6BCFFFFFFFFFFFFFFFF6E
:1021500000000000FFFFFFFF96C298D84539A1F4A8
:10216000A033EB2D817D0377F240A463E5E6BCF854
:1021700047422CE1F2D1176BF551BF376840B6CB1F
:10218000CE5E316B5733CE2B169E0F7C4AEBE78E1B
:102190009B7F1AFEE242E34F4B60D2273E3CCE3B90
:1021A000F6B053CCB0061D65BC86987655BDEBB332
:1021B000E7933AAAD835C65A793E0200CB3F0200CF
:1021C000453B02000000000000000000000000008D
:1021D000FFFFFFFFFFFFFFFF000000006410B71DBF
:1021E000C8206E3BAC30D9269041DC76F4516B6B45
:1021F0005861B24D3C7105502083B8ED44930FF007
:10220000E8A3D6D68CB361CBB0C2649BD4D2D386BC
:1022100078E20AA01CF2BDBD000FC93F000F494083
:1022200000CB9640000FC9400053FB4000CB164145
:1022300000ED2F41000F49410031624100537B41C5
:10224000003A8A4100CB9641005CA34100EDAF41CA
:10225000007EBC41000FC94100A0D5410031E241E0
:1022600000C2EE410053FB4100F20342003A0A4231
:102270000083104200CB164200141D42005C234232
:1022800000A5294200ED2F4200363642007E3C4236
:1022900000C74242000F4942A2000000F9000000BE
:1022A000830000006E0000004E00000044000000AB
:1022B0001500000029000000FC00000027000000BD
:1022C00057000000D1000000F500000034000000BD
:1022D000DD000000C0000000DB0000006200000024
:1022E00095000000990000003C0000004300000041
:1022F0009000000041000000FE00000051000000BE
:1023000063000000AB000000DE000000BB00000026
:10231000C500000061000000B700000024000000BC
:102320006E0000003A000000420000004D00000076
:10233000D2000000E000000006000000490000009C
:102340002E000000EA00000009000000D10000009B
:10235000920000001C000000FE0000001D000000B4
:10236000EB0000001C000000B1000000290000008C
:10237000A70000003E000000E8000000820000000E
:1023800035000000F50000002E000000BB0000003A
:102390004400000084000000E90000009C000000F0
:1023A0007000000026000000B40000005F00000084
:1023B0007E00000041000000390000009100000094
:1023C000D600000039000000830000005300000028
:1023D00039000000F40000009C00000084000000B0
:1023E0005F0000008B000000BD000000F90000004D
:1023F000280000003B0000001F000000F800000063
:1024000097000000FF000000DE0000000500000053
:10241000980000000F000000EF0000002F000000F7
:10242000110000008B0000005A0000000A000000AC
:102430006D0000001F0000006D000000360000006D
:102440007E000000CF00000027000000CB0000004D
:1024500009000000B70000004F0000004600000027
:102460003F000000660000009E0000005F000000CA
:10247000EA0000002D0000007500000027000000A9
:10248000BA000000C7000000EB000000E5000000FB
:10249000F10000007B0000003D000000070000008C
:1024A00039000000F70000008A0000005200000020
:1024B00092000000EA0000006B000000FB0000003A
:1024C0005F000000B10000001F0000008D00000050
:1024D0005D0000000800000056000000030000003E
:1024E0003000000046000000FC0000007B000000FF
:1024F0006B000000AB000000F0000000CF00000007
:10250000BC000000200000009A000000F400000061
:10251000360000001D000000A9000000E3000000DC
:1025200091000000610000005E000000E600000075
:102530001B0000000800000065000000990000007A
:10254000850000005F00000014000000A0000000F3
:1025500068000000400000008D000000FF00000047
:10256000D8000000800000004D0000007300000053
:1025700027000000310000000600000006000000F7
:102580001500000056000000CA00000073000000A3
:10259000A8000000C900000060000000E200000088
:1025A0007B000000C00000008C0000006B000000F9
:1025B0000000C93F0000F0390000DA370000A23304
:1025C0000000842E0000502B0000C2270000D02203
:1025D0000000C41F0000C61B0000441704000000D8
:1025E0000700000009000000000000001F000000BC
:1025F0003B0000005A000000780000009700000037
:10260000B5000000D4000000F3000000110100003C
:10261000300100004E0100001F0000001C000000FF
:102620001F0000001E0000001F0000001E00000030
:102630001F0000001F0000001E0000001F0000001F
:102640001E0000001F0000001F0000001C00000012
:102650001F0000001E0000001F0000001E00000000
:102660001F0000001F0000001E0000001F000000EF
:102670001E0000001F0000001F0000001D000000E1
:102680001F0000001E0000001F0000001E000000D0
:102690001F0000001F0000001E0000001F000000BF
:1026A0001E0000001F00000000202020202020200D
:1026B00020202828282828202020202020202020F2
:1026C0002020202020202020208810101010101002
:1026D000101010101010101010040404040404044E
:1026E00004040410101010101010414141414141E8
:1026F00001010101010101010101010101010101CA
:1027000001010101101010101010424242424242D9
:102710000202020202020202020202020202020299
:102720000202020210101010200000000000000041
:102730000000000000000000000000000000000099
:102740000000000000000000000000000000000089
:102750000000000000000000000000000000000079
:102760000000000000000000000000000000000069
:102770000000000000000000000000000000000059
:102780000000000000000000000000000000000049
:102790000000000000000000000000000000000039
:1027A0000000000000000000000000004EE00200F9
:1027B00051E0020054E002001000000000000000A0
:1027C000017A5200027C0E011B0C0D003800000043
:1027D000180000001C94FFFF9E00000000510E1026
:1027E00084048503860287015BC7C6C5C40E004CFE
:1027F0000A420B0A420B0E108404850386028701ED
:1028000051C7C6C5C40E0000100000000000000043
:10281000017A5200027C0E011B0C0D00100000001A
:1028200018000000A894FFFF100000000000000046
:1028300000000000785AFD7F010000000000000049
:10284000302E302E30000000000000000400000098
:10285000FF000000000000006400000010000229DA
:102860001000032810000228100001281000002882
:102870000000000000000000000E07030000000040
:102880000000000000000000000000000000000048
:102890000000000000000000FB349B5F800000800F
:1028A0000010000000000000010000000000000017
:1028B000700000200000000078000020CC00002004
:1028C000452E020000000000000000000200000091
:1028D00000000000C8000020452E0200000000009B
:1028E00000000000020000000000000000000000E6
:1028F00000000000000000000000000000000000D8
:10290000000000001000012A1000002A100000182A
:102910006E696D626C650000000000000000000040
:1029200000000000000000000000000000000000A7
:1029300024010020012F0200000000000000000020
:1029400020000000524700200000000000000000AE
:102950000000000000000000000000000000000077
:102960001000052A100001180090D003000000009C
:1029700003000000304900201FDF02001FDF0200BB
:102980004801002000000000304900209849002044
:10299000004A0020000000000000000000000000CD
:1029A0000000000000000000000000000000000027
:1029B0000000000000000000000000000000000017
:1029C0000000000000000000000000000000000007
:1029D0000000000001000000000000004A000000AC
:1029E00000000000000000000000000000000000E7
:1029F00000000000000000000000000000000000D7
:102A0000000000004A00000000000000000000007C
:102A100000000000000000000000000000000000B6
:102A2000000000000000000000000000984A0020A4
:102A300089820000358B0000618200000769280050
:102A40001000200054C269A24ABC0191F6469D03C1
:102A5000DF6F841BAD5B7BCA747EEA2D73E10107D7
:042A60002A2F809801
:00000001FF
